0.029979175850884807	0.00033356565178693613	0.311106429507988	0.5234226179429177	0.9999947658441838
3.0274868155925745	0.00033372144662917384	0.3117494868488643	0.5240323159030209	0.9994713932528523
6.023594351286736	0.00033387748017305285	0.31239262739760404	0.5246415073608292	0.9989482088605037
9.018300949845617	0.0003340337523950372	0.3130358486045496	0.5252501913963976	0.9984252133352152
12.011605782565061	0.00033419026327112327	0.3136791479238766	0.5258583670971159	0.9979024073422519
15.003508025123562	0.0003343470127768407	0.3143225228136234	0.5264660335546402	0.9973797915444715
17.994006857581347	0.0003345040008872554	0.3149659707357187	0.5270731898733951	0.996857366601224
20.983101464379395	0.000334661227576969	0.31560948915600906	0.5276798351631967	0.996335133169311
23.97079103433847	0.00033481869282012047	0.3162530755442859	0.5282859685393254	0.9958130919029793
26.95707476065799	0.0003349763965903887	0.3168967273743141	0.5288915891225289	0.995291243453924
29.94195184091494	0.0003351343388609917	0.3175404421238583	0.529496696039022	0.9947695884712905
32.92542147706263	0.0003352925196046894	0.31818421727470964	0.5301012884204869	0.9942481276016764
35.907482875429615	0.0003354509387937851	0.318828050312714	0.5307053654040756	0.9937268614891366
38.88813524671826	0.000335609596400125	0.3194719387277971	0.5313089261324067	0.9932057907751817
41.867377806003525	0.0003357684923951012	0.3201158800139919	0.5319119697535674	0.9926849160987853
44.8452097727316	0.0003359276267496528	0.3207598716694649	0.5325144954211108	0.9921642380963839
47.82163037071838	0.0003360869994342658	0.32140391119654177	0.5331165022940556	0.9916437574018794
50.79663882814816	0.00033624661041897573	0.32204799610173424	0.5337179895368838	0.9911234746466436
53.77023437757201	0.000336406459673369	0.3226921238957649	0.5343189563195383	0.9906033904595221
56.74241625590619	0.00033656654716658293	0.3233362920935936	0.5349194018174215	0.9900835054668321
59.713183704430605	0.00033672687286730835	0.32398049821444247	0.5355193252113967	0.989563820292371
62.68253596878709	0.0003368874367437904	0.3246247397818216	0.5361187256931311	0.989044335556417
65.65047229897772	0.0003370482387638293	0.32526901432355393	0.536717602602824	0.988525051850053
68.61699194936308	0.0003372092788947825	0.32591331937180024	0.5373159549525106	0.9880059698240932
71.5820941786604	0.0003373705571035653	0.3265576524630836	0.5379137819430123	0.9874870900926056
74.54577824994166	0.00033753207335665255	0.3272020111383147	0.5385110827865893	0.9869684132660342
77.50804343063196	0.0003376938276200799	0.32784639294281576	0.5391078567006519	0.9864499399523751
80.46888899250712	0.00033785581985944473	0.3284907954263452	0.5397041029077464	0.9859316707571794
83.42831421169207	0.0003380180500399079	0.32913521614312075	0.5402998206355607	0.9854136062835553
86.38631836865865	0.0003381805181261946	0.3297796526518446	0.5408950091169293	0.98489574713217
89.34290074822361	0.0003383432240825965	0.3304241025157267	0.5414896675898399	0.9843780939012509
92.29806063954607	0.00033850616787297103	0.3310685633025075	0.542083795297434	0.9838606471865824
95.25179733612609	0.0003386693494607458	0.3317130325844826	0.542677391488015	0.983343407581515
98.2041101358018	0.00033883276880891693	0.3323575079385257	0.5432704554150488	0.9828263756769609
101.1549983407472	0.0003389964258800521	0.3330019869461105	0.5438629863371681	0.9823095520613977
104.10446125747019	0.000339160320636291	0.33364646719333496	0.5444549835181746	0.9817929373208696
107.05249819680994	0.0003393244530393472	0.3342909462709432	0.5450464462270411	0.9812765320389896
109.99910847393446	0.0003394888230505094	0.33493542177434876	0.5456373737379141	0.9807603367969409
112.94429140833816	0.000339653430630642	0.335579891303656	0.5462277653301142	0.9802443521734778
115.88804632383942	0.00033981827574018685	0.3362243524636825	0.5468176202881372	0.979728578744928
118.83037254857815	0.0003399833583391655	0.33686880286398196	0.5474069379016561	0.9792130170851971
121.77126941501274	0.00034014867838717843	0.33751324011886463	0.5479957174655192	0.9786976677657657
124.71073625991797	0.0003403142358434085	0.33815766184741997	0.548583958279752	0.9781825313556964
127.64877242438202	0.0003404800306666207	0.338802065673538	0.5491716596495555	0.9776676084216329
130.58537725380384	0.0003406460628151646	0.33944644922593037	0.5497588208853063	0.9771528995278029
133.52055009789018	0.0003408123322469744	0.3400908101381507	0.5503454413025244	0.9766384052360274
136.45429031065308	0.0003409788389195715	0.34073514604861777	0.5509315202162337	0.9761241261069694
139.386597250407	0.0003411455827900648	0.3413794546006339	0.5515170571998821	0.9756100626429063
142.31747027976533	0.00034131256381515247	0.3420237334424065	0.5521020513230176	0.9750962154562932
145.24690876563838	0.0003414797819511238	0.34266798022706924	0.5526865019029376	0.9745825851034844
148.1749120792296	0.0003416472371538593	0.34331219261270096	0.5532704082844079	0.9740691721335002
151.10147959603307	0.0003418149293788326	0.34395636826234666	0.5538537698172682	0.9735559770929849
154.02661069582996	0.00034198285858111235	0.3446005048440371	0.5544365858563394	0.9730430005262258
156.9503047626858	0.00034215102471536204	0.3452446000308086	0.5550188557614243	0.9725302429751571
159.87256118494713	0.00034231942773584316	0.34588865150072257	0.5556005788973104	0.9720177049793604
162.79337935523836	0.00034248806759641496	0.34653265693688495	0.5561817546337691	0.971505387076067
165.7127586704586	0.00034265694425053697	0.34717661402746547	0.5567623823455564	0.9709932898001579
168.6306985317779	0.0003428260576512683	0.34782052046571604	0.5573424614124127	0.9704814136841671
171.54719834463472	0.00034299540775127227	0.34846437394999125	0.5579219912190629	0.9699697592582842
174.462257518732	0.00034316499450281427	0.3491081721837651	0.5585009711552145	0.9694583270503544
177.37587546803377	0.0003433348178577654	0.34975191287565083	0.5590794006155574	0.9689471175858818
180.28805161076198	0.00034350487776760275	0.35039559373941903	0.5596572789997633	0.9684361313880305
183.19878536939257	0.00034367517418341047	0.3510392124940148	0.5602346057124811	0.9679253689776272
186.1080761706524	0.0003438457070558822	0.35168276686357813	0.5608113801633383	0.9674148308731643
189.01592344551537	0.0003440164763353214	0.35232625457745886	0.5613876017669366	0.9669045175908001
191.92232662919926	0.00034418748197164286	0.35296967337023677	0.5619632699428501	0.9663944296443635
194.8272851611611	0.00034435872391437437	0.35361302098173714	0.5625383841156213	0.9658845675453546
197.73079848509454	0.00034453020211265757	0.3542562951570496	0.5631129437147596	0.9653749318029478
200.63286604892545	0.00034470191651524927	0.3548994936465445	0.5636869481747365	0.9648655229239935
203.53348730480843	0.0003448738670705234	0.3555426142058897	0.564260396934982	0.9643563414130232
206.432661709123	0.0003450460537264715	0.3561856545960682	0.5648332894398805	0.9638473877722482
209.33038872246954	0.0003452184764307043	0.35682861258339416	0.5654056251387318	0.963338662501577
212.22666780966563	0.0003453911351304538	0.35747148593952915	0.5659774035255883	0.9628301660867222
215.1214984397418	0.00034556402977257294	0.3581142724414994	0.5665486241764687	0.9623218989881474
218.01488008593813	0.00034573716030353866	0.35875696987171124	0.5671192863669469	0.9618138617551272
220.90681222569953	0.00034591052666945154	0.3593995760179664	0.567689389568807	0.9613060548775008
223.7972943406723	0.0003460841288160388	0.36004208867347975	0.568258933258651	0.9607984788428415
226.68632591669956	0.00034625796668865446	0.36068450563689264	0.5688279169178694	0.9602911341364647
229.57390644381744	0.0003464320402322807	0.3613268247122901	0.5693963400326383	0.9597840212414324
232.46003541625106	0.0003466063493915298	0.3619690437092157	0.5699642020939156	0.9592771406385515
235.34471233240967	0.0003467808941106449	0.3626111604426855	0.5705315025974392	0.958770492806379
238.22793669488323	0.00034695567433350166	0.36325317273320434	0.5710982410437231	0.9582640782212222
241.10970801043743	0.0003471306900036088	0.3638950784067811	0.5716644169380537	0.9577578973571419
243.99002579000992	0.00034730594106411076	0.3645368752949411	0.5722300297904869	0.9572519506859535
246.86888954870602	0.00034748142745778793	0.3651785612347427	0.5727950791158444	0.9567462386772319
249.74629880579334	0.00034765714912705795	0.3658201340687904	0.5733595644337072	0.9562407617983084
252.62225308469866	0.0003478331060139777	0.3664615916452494	0.5739234852684145	0.955735520514279
255.4967519130024	0.00034800929806024395	0.3671029318178594	0.5744868411490556	0.955230515288003
258.36979482243555	0.0003481857252071951	0.36774415244594866	0.575049631609468	0.9547257465801073
261.24138134887295	0.00034836238739581243	0.36838525139444683	0.5756118561882302	0.9542212148489878
264.1115110323312	0.00034853928456672113	0.36902622653389955	0.5761735144286568	0.9537169205508131
266.980183416962	0.0003487164166601916	0.3696670757404809	0.5767346058787937	0.9532128641395264
269.84739805104886	0.00034889378361614134	0.3703077968960066	0.5772951300914111	0.9527090460668488
272.7131544870016	0.0003490713853741353	0.37094838788794704	0.5778550866239975	0.9522054667822796
275.5774522813523	0.00034924922187338814	0.3715888466094406	0.5784144750387556	0.9517021267331046
278.4402909947501	0.0003494272930527652	0.37222917095930536	0.5789732949025927	0.951199026364393
281.3016701919566	0.0003496055988507828	0.3728693588420519	0.5795315457871162	0.9506961661190036
284.16158944184104	0.00034978413920561135	0.3735094081678965	0.5800892272686302	0.9501935464375852
287.02004831737537	0.00034996291405507566	0.3741493168527714	0.5806463389276725	0.9496911677588044
289.8770463956297	0.0003501419233366557	0.37478908281833834	0.581202880469788	0.9491890304600511
292.7325832577667	0.00035032116698748906	0.37542870399200023	0.5817588513683497	0.9486871350328865
295.58665848903803	0.00035050064494437157	0.3760681783069117	0.5823142511953803	0.9481854819204234
298.43927167877746	0.00035068035714375855	0.3767075037019921	0.5828690795523189	0.9476840715514194
301.2904224203972	0.0003508603035217664	0.37734667812193534	0.583423336045113	0.9471829043525145
304.1401103113827	0.00035104048401417374	0.3779856995172223	0.5839770202842648	0.9466819807482059
306.98833495328716	0.0003512208985564225	0.3786245658441308	0.5845301318848303	0.9461813011608499
309.8350959517271	0.0003514015470836202	0.3792632750647476	0.5850826704664085	0.9456808660106658
312.68039291637615	0.00035158242953053947	0.3799018251469781	0.5856346356531376	0.9451806757157343
315.52422546096074	0.0003517635458316209	0.3805402140645565	0.5861860270736858	0.9446807306920031
318.36659320325515	0.0003519448959209739	0.38117843979705784	0.5867368443612486	0.9441810313532891
321.2074957650751	0.00035212647973237744	0.3818165003299071	0.5872870871535378	0.9436815781112791
324.0469327722737	0.0003523082971992823	0.3824543936543889	0.5878367550927771	0.9431823713755335
326.8849038547352	0.0003524903482548112	0.3830921177676578	0.588385847825692	0.9426834115534883
329.72140864637066	0.00035267263283176117	0.3837296706727489	0.588934365003506	0.9421846990504584
332.55644678511175	0.0003528551508626043	0.3843670503785859	0.5894823062819293	0.9416862342696396
335.3900179129057	0.00035303790227948924	0.38500425489999124	0.5900296713211532	0.9411880176121118
338.2221216757098	0.00035322088701424185	0.3856412822576956	0.5905764597858412	0.9406900494768407
341.0527577234858	0.0003534041049983677	0.38627813047834675	0.591122671345121	0.940192330260683
343.88192571019516	0.00035358755616305164	0.38691479759451824	0.5916683056725769	0.9396948603583862
346.7096252937927	0.00035377124043916154	0.387551281644719	0.5922133624462406	0.9391976401625934
349.53585613622124	0.00035395515775724665	0.38818758067340076	0.5927578413485824	0.9387006700638474
352.3606179034066	0.00035413930804754115	0.388823692730968	0.5933017420665039	0.9382039504505901
355.18391026525126	0.00035432369123996455	0.3894596158737849	0.5938450642913273	0.9377074817091694
358.0057328956288	0.00035450830726412247	0.39009534816418406	0.5943878077187873	0.9372112642238394
360.82608547237925	0.0003546931560493096	0.39073088767047576	0.5949299720490223	0.9367152983767675
363.6449676773021	0.0003548782375245085	0.3913662324669533	0.5954715569865444	0.9362195845480508
366.46237919615135	0.0003550635516183934	0.3920013806339029	0.5960125623028915	0.9357241230551586
369.2783197186292	0.0003552490982593295	0.39263633025760986	0.5965529876500311	0.9352289143334159
372.0927889383813	0.00035543487737537554	0.3932710794303676	0.597092832733895	0.9347339587679784
374.90578655299004	0.00035562088889428447	0.3939056262504835	0.5976320972773647	0.934239256729747
377.7173122639691	0.00035580713274350475	0.39453996882228604	0.598170781007615	0.9337448085876051
380.5273657767568	0.00035599360885018124	0.39517410525613245	0.5987088836561193	0.9332506147084112
383.3359468007121	0.00035618031714115795	0.3958080336684162	0.5992464049586373	0.9327566754570029
386.1430550491067	0.0003563672575429775	0.3964417521815714	0.5997833446552081	0.9322629911961969
388.94869023912037	0.0003565544299818834	0.3970752589240819	0.6003197024901401	0.9317695622867945
391.7528520918342	0.00035674183438382125	0.3977085520304857	0.6008554782120007	0.9312763890875795
394.55554033222523	0.00035692947067443977	0.39834162964138226	0.6013906715736086	0.9307834719553253
397.35675468916	0.0003571173387790912	0.39897448990343815	0.6019252823320215	0.9302908112447948
400.1564948953894	0.0003573054386228354	0.3996071309693942	0.6024593102485307	0.9297984073087457
402.95476068754056	0.0003574937701304372	0.4002395509980682	0.6029927550886449	0.9293062604979289
405.7515518061134	0.0003576823332263712	0.40087174815436455	0.6035256166220875	0.9288143711610968
408.54686799547295	0.00035787112783482037	0.40150372060927686	0.6040578946227803	0.9283227396450014
411.3407090038428	0.00035806015387967896	0.4021354665398943	0.6045895888688361	0.9278313662943996
414.13307458330064	0.00035824941128455355	0.40276698412940765	0.6051206991425495	0.9273402514520562
416.9239644897704	0.0003584388999727629	0.4033982715671125	0.605651225230384	0.926849395458746
419.7133784830167	0.0003586286198673413	0.4040293270484152	0.6061811669229634	0.926358798653257
422.5013163266394	0.0003588185708910385	0.40466014877483897	0.6067105240150609	0.9258684613723938
425.28777778806545	0.00035900875296632055	0.4052907349540258	0.6072392963055879	0.9253783839509806
428.0727626385448	0.00035919916601537293	0.405921083799743	0.6077674835975838	0.9248885667218658
430.85627065314196	0.00035938980996009975	0.4065511935318873	0.6082950856982047	0.9243990100159211
433.63830161073184	0.00035958068472212603	0.40718106237648855	0.6088221024187138	0.92390971416205
436.41885529399116	0.00035977179022279876	0.4078106885657136	0.6093485335744684	0.9234206794871876
439.197931489394	0.0003599631263831883	0.4084400703378714	0.6098743789849032	0.9229319063163258
441.9755299872044	0.00036015469312408954	0.4090692059374156	0.6103996384776292	0.9224433949619265
444.7516505814698	0.00036034649036602247	0.4096980936149491	0.6109243118931459	0.9219551457118891
447.52629307001564	0.00036053851802923494	0.4103267316272271	0.6114483990427843	0.9214671589376452
450.2994572544368	0.00036073077603370195	0.41095511823716024	0.6119718997626102	0.9209794349552698
453.07114294009426	0.00036092326429912856	0.4115832517138192	0.6124948138925507	0.9204919740793348
455.84134993610513	0.0003611159827449505	0.4122111303324357	0.6130171412765351	0.9200047766225008
458.61007805533916	0.00036130893129033485	0.41283875237440765	0.6135388817624904	0.9195178428955212
461.37732711440987	0.0003615021098541823	0.41346611612730083	0.614060035202326	0.9190311732072416
464.14309693366897	0.0003616955183551275	0.41409321988485126	0.6145806014519246	0.918544767864603
466.9073873372001	0.00036188915671154067	0.41472006194696925	0.6151005803711299	0.9180586271726463
469.6701981528119	0.00036208302484152946	0.4153466406197408	0.6156199718237364	0.917572751434514
472.4315292120305	0.0003622771226629383	0.41597295421542924	0.6161387756774739	0.917087140951453
475.1913803500944	0.00036247145009335165	0.41659900105247955	0.6166569918040009	0.9166017960228187
477.94975140594653	0.00036266600705009487	0.4172247794555186	0.6171746200788908	0.916116716946078
480.70664222222825	0.00036286079345023353	0.4178502877553575	0.6176916603816179	0.9156319040168105
483.46205264527214	0.0003630558092105774	0.41847552428899387	0.6182081125955496	0.915147357528715
486.2159825250958	0.0003632510542476796	0.4191004873996133	0.618723976607932	0.9146630777736098
488.9684317153945	0.00036344652847783887	0.4197251754365907	0.6192392523098784	0.9141790650414378
491.71940007353487	0.0003636422318171002	0.4203495867554916	0.6197539395963582	0.9136953196202686
494.46888746054793	0.00036383816418125654	0.4209737197180743	0.6202680383661837	0.9132118417963032
497.21689374112213	0.00036403432548584976	0.42159757269228976	0.6207815485219998	0.9127286318538761
499.96341878359675	0.00036423071564617166	0.422221144052284	0.6212944699702703	0.9122456900754592
502.7084624599544	0.0003644273345772653	0.42284443217839746	0.6218068026212655	0.9117630167416646
505.452024645815	0.0003646241821939269	0.42346743545716775	0.6223185463890535	0.911280612131251
508.1941052204292	0.00036482125841070574	0.4240901522813283	0.6228297011914828	0.9107984765211233
510.93470406666955	0.00036501856314190653	0.4247125810498101	0.6233402669501746	0.9103166101863387
513.6738210710253	0.00036521609630158945	0.42533472016774193	0.6238502435905084	0.9098350134001083
516.4114561235953	0.0003654138578035725	0.4259565680464506	0.6243596310416089	0.9093536864337994
519.1476091180801	0.0003656118475614325	0.4265781231034609	0.6248684292363771	0.9088726295572811
521.8822799517759	0.00036581006548850546	0.4271993837624956	0.6253766381083209	0.9083918430126592
524.6154685255668	0.0003660085114978881	0.4278203484534761	0.6258842576007684	0.9079113270908851
527.3471747439185	0.0003662071855024401	0.4284410156125213	0.6263912876582008	0.9074310820601417
530.0773985148708	0.0003664060874147838	0.42906138368194807	0.6268977282282475	0.9069511081823254
532.8061397500306	0.000366605217147306	0.4296814511102701	0.6274035792622122	0.906471405717538
535.5333983645643	0.00036680457461215943	0.43030121635219803	0.6279088407150611	0.9059919749240795
538.2591742771917	0.00036700415972126316	0.4309206778686376	0.6284135125454098	0.9055128160584534
540.9834674101796	0.00036720397238630486	0.43153983412669106	0.6289175947155113	0.9050339293753709
543.7062776893315	0.0003674040125187413	0.4321586835996541	0.6294210871912431	0.9045553151277537
546.4276050439839	0.00036760428002979915	0.4327772247670157	0.6299239899420929	0.9040769735667357
549.1474494069963	0.000367804774830477	0.43339545611445646	0.6304263029411488	0.9035989049416698
551.8658107147477	0.00036800549683154614	0.43401337613384916	0.6309280261650851	0.9031211095001288
554.5826889071245	0.0003682064459435516	0.43463098332325417	0.6314291595941495	0.9026435874879113
557.2980839275183	0.0003684076220768136	0.4352482761869214	0.6319297032121504	0.9021663391490445
560.0119957228147	0.0003686090251414285	0.43586525323528624	0.6324296570064453	0.9016893647257875
562.7244242433887	0.00036881065504726997	0.43648191298496963	0.6329290209679275	0.9012126644586365
565.4353694430955	0.0003690125117039901	0.43709825395877383	0.6334277950910117	0.9007362385863255
568.1448312792654	0.00036921459502102115	0.43771427468568336	0.633925979373624	0.9002600873458345
570.8528097126932	0.0003694169049075753	0.43832997370086046	0.6344235738171871	0.8997842109723893
573.5593047076362	0.00036961944127264837	0.43894534954564546	0.6349205784266101	0.8993086096994698
576.2643162318009	0.00036982220402501765	0.43956040076755193	0.6354169932102725	0.898833283758809
578.9678442563393	0.00037002519307324544	0.4401751259202658	0.635912818179992	0.8983582333803742
581.6698887558414	0.0003702284083256796	0.44078952356364226	0.636408053344915	0.8978834587846044
584.3704497083259	0.00037043184969045445	0.44140359226370396	0.636902698725013	0.8974089601996138
587.0695270952361	0.0003706355170754925	0.44201733059263826	0.6373967543494722	0.8969347378591712
589.7671209014283	0.0003708394103885043	0.4426307371287919	0.6378902202436596	0.8964607919861194
592.4632311151685	0.00037104352953699123	0.44324381045667277	0.6383830964363131	0.8959871228015475
595.1578577281213	0.000371247874428245	0.44385654916694167	0.6388753829595637	0.8955137305248432
597.8510007353464	0.0003714524449693505	0.4444689518564137	0.6393670798489258	0.8950406153736986
600.5426601352875	0.00037165724106718613	0.4450810171280524	0.6398581871432816	0.8945677775641123
603.2328359297672	0.00037186226262842393	0.4456927435909671	0.6403487048848682	0.8940952173103903
605.9215281239785	0.0003720675095595326	0.44630412986040885	0.6408386331192654	0.8936229348251559
608.6087367264784	0.0003722729817667768	0.4469151745577687	0.6413279718953813	0.8931509303193471
611.2944617491784	0.00037247867915622045	0.44752587631057217	0.6418167212654404	0.8926792040022253
613.9787032073392	0.000372684601633725	0.4481362337524754	0.6423048812849697	0.8922077560813755
616.6614611195625	0.00037289074910495365	0.44874624552326425	0.6427924520127851	0.8917365867627116
619.3427355077818	0.0003730971214753694	0.4493559102688453	0.6432794335109786	0.8912656962504797
622.0225263972586	0.00037330371865023916	0.44996522664124755	0.6437658258449073	0.8907950847472648
624.7008338165704	0.0003735105405346326	0.45057419329861276	0.6442516290831765	0.8903247524539893
627.3776577976071	0.000373717587033424	0.451182808905196	0.6447368432976287	0.889854699569921
630.0529983755602	0.00037392485805129384	0.4517910721313578	0.6452214685633306	0.8893849262926762
632.7268555889179	0.00037413235349272956	0.4523989816535612	0.6457055049585599	0.888915432818222
635.3992294794558	0.0003743400732620261	0.45300653615436787	0.6461889525647925	0.8884462193408833
638.0701200922306	0.0003745480172632879	0.45361373432243157	0.646671811466688	0.8879772860533439
640.7395274755709	0.0003747561854004298	0.45422057485249545	0.647154081752055	0.8875086331466361
643.40745168107	0.00037496457757717726	0.4548270564453853	0.6476357634960535	0.8870402607997442
646.0738927635808	0.0003751731936970693	0.45543317780800646	0.6481168568048492	0.8865721692083871
648.7388507812042	0.00037538203366345685	0.45603893765333753	0.6485973617834035	0.8861043585637981
651.4023257952841	0.00037559109737950717	0.4566443347004255	0.649077278531701	0.8856368290502545
654.0643178703991	0.00037580038474820224	0.45724936767438135	0.6495566071528789	0.8851695808504481
656.7248270743548	0.000376009895672341	0.4578540353063733	0.6500353477531905	0.8847026141454729
659.383853478176	0.0003762196300545404	0.4584583363336232	0.6505135004419893	0.8842359291148304
662.041397156099	0.0003764295877972363	0.4590622694993992	0.6509910653317164	0.8837695259364297
664.6974581855645	0.0003766397688026844	0.4596658335530114	0.6514680425378869	0.8833034047865951
667.352036647209	0.00037685017297296193	0.46026902724980573	0.6519444321790775	0.8828375658400672
670.0051326248577	0.00037706080020996754	0.46087184935115894	0.652420234376911	0.8823720092700076
672.6567462055168	0.00037727165041542463	0.46147429862447154	0.6528954492560448	0.8819067352480044
675.306877479366	0.00037748272349087946	0.46207637384316275	0.6533700769441559	0.881441743944072
677.9555265397498	0.00037769401933770486	0.46267807378666476	0.6538441175719296	0.8809770355266592
680.6026934831706	0.00037790553785709897	0.4632793972404148	0.6543175712730429	0.88051261016265
683.2483784092813	0.0003781172789500887	0.4638803429958516	0.6547904381841542	0.8800484680173689
685.8925814208756	0.0003783292425175289	0.4644809098504073	0.655262718444889	0.8795846092545853
688.5353026238836	0.0003785414284601043	0.4650810966075015	0.6557344121978267	0.8791210340365155
691.17654212736	0.00037875383667833	0.4656809020765349	0.6562055195884859	0.8786577425238284
693.8163000434805	0.00037896646707255365	0.46628032507288336	0.6566760407653145	0.8781947348756503
696.4545764875306	0.00037917931954295524	0.46687936441789	0.657145975879673	0.8777320112495643
699.0913715778996	0.00037939239398954893	0.46747801893885993	0.6576153250858231	0.8772695718016207
701.7266854360718	0.00037960569031218343	0.46807628746905205	0.6580840885407898	0.8768074166862834
704.3605181866212	0.00037981920841054424	0.4686741688476739	0.658552266387853	0.8763455460496496
706.992869957199	0.000380032948184153	0.469271661919873	0.6590198587918594	0.875883960043997
709.6237408785303	0.00038024690953237004	0.4698687655367309	0.6594868659393001	0.8754226588278142
712.2531310844054	0.00038046109235439487	0.4704654785552564	0.6599532879983224	0.8749616425493544
714.8810407116691	0.0003806754965492669	0.4710617998383768	0.6604191251397787	0.8745009113553092
717.5074699002156	0.0003808901220158667	0.4716577282549322	0.6608843775373626	0.8740404653908778
720.1324187929807	0.00038110496865291775	0.47225326267966755	0.6613490453675951	0.8735803047997664
722.7558875359329	0.00038132003635898574	0.47284840199322586	0.6618131288098101	0.8731204297241952
725.3778762780653	0.0003815353250324818	0.47344314508213947	0.6622766280461405	0.8726608403049005
727.9983851713897	0.0003817508345716616	0.4740374908388232	0.6627395432615057	0.8722015366811393
730.6174143709259	0.00038196656487462735	0.4746314381615672	0.6632018746435963	0.8717425189906914
733.2349640346968	0.0003821825158393291	0.47522498595452906	0.663663622382862	0.871283787369866
735.8510343237181	0.00038239868736356493	0.47581813312772514	0.6641247866724984	0.8708253419535031
738.4656254019914	0.00038261507934498175	0.47641087859702336	0.6645853677084298	0.8703671828749774
741.078737436497	0.0003828316916810785	0.4770032212841362	0.6650453656893021	0.8699093102662044
743.6903705971847	0.0003830485242692038	0.4775951601166097	0.6655047808164625	0.869451724257642
746.3005250569684	0.00038326557700656003	0.47818669402782016	0.6659636132939525	0.8689944249782959
748.9092009917135	0.00038348284979020255	0.4787778219569617	0.6664218633284897	0.8685374125557221
751.516398580234	0.00038370034251704083	0.47936854284903946	0.6668795311294567	0.8680806871160314
754.1221180042826	0.00038391805508384056	0.47995885565486235	0.6673366169088882	0.8676242487838949
756.7263594485421	0.00038413598738722333	0.48054875933103364	0.6677931208814567	0.8671680976825442
759.3291231006176	0.00038435413932366854	0.4811382528399426	0.6682490432644603	0.8667122339337796
761.9304091510304	0.00038457251078951384	0.4817273351497559	0.6687043842777977	0.866256657657968
764.5302177932082	0.0003847911016809564	0.48231600523440976	0.6691591441448058	0.8658013689743022
767.1285492234789	0.00038500991189405404	0.4829042620736015	0.6696133230510194	0.8653463679884869
769.7254036410588	0.0003852289413247254	0.4834921046527784	0.6700669212615091	0.8648916548278105
772.3207812480515	0.0003854481898687526	0.48407953196313275	0.6705199390152795	0.8644372296095878
774.9146822494329	0.00038566765742178034	0.4846665430015903	0.6709723765444054	0.8639830924468911
777.5071068530484	0.000385887343879318	0.4852531367708021	0.6714242340835306	0.8635292434513988
780.0980552696009	0.00038610724913673984	0.48583931227913535	0.6718755118698561	0.863075682733397
782.687527712647	0.0003863273730892876	0.4864250685406655	0.6723262101431308	0.8626224104017894
785.275524398586	0.00038654771563206895	0.48701040457516526	0.6727763291456326	0.8621694265640947
787.8620455466539	0.0003867682766600608	0.4875953194080976	0.6732258691221595	0.8617167313264547
790.4470913789129	0.00038698905606810943	0.4881798120706045	0.6736748303200127	0.8612643247936363
793.0306621202462	0.0003872100537509302	0.48876388159949913	0.6741232129889839	0.8608122070690344
795.61275799835	0.0003874312696031112	0.4893475270372566	0.674571017381343	0.8603603782546787
798.193379243723	0.00038765270351911107	0.4899307474320026	0.675018243751822	0.8599088384512333
800.7725260896607	0.0003878743553932629	0.49051354183750673	0.6754648923576047	0.8594575877580042
803.3501987722466	0.0003880962251197731	0.4910959093131709	0.6759109634583107	0.859006626272942
805.9263975303451	0.0003883183125927232	0.49167784892402133	0.676356457315984	0.8585559540926437
808.5011226055922	0.0003885406177060709	0.4922593597406971	0.6768013741950782	0.85810557131236
811.0743742423889	0.0003887631403536508	0.4928404408394422	0.6772457143624446	0.8576554780259967
813.6461526878918	0.00038898588042917494	0.4934210913020943	0.6776894780873183	0.8572056743261198
816.216458192007	0.00038920883782623465	0.4940013102160769	0.6781326656413055	0.8567561603039575
818.7852910073814	0.00038943201243830055	0.4945810966743878	0.6785752772983699	0.8563069360494074
821.3526513893931	0.0003896554041587244	0.49516044977558943	0.6790173133348205	0.8558580016510372
823.9185395961467	0.00038987901288073954	0.4957393686237997	0.6794587740292938	0.8554093571960891
826.4829558884619	0.00039010283849746127	0.49631785232868086	0.6798996596631861	0.8549610027705918
829.0459005298678	0.00039032688090188906	0.49689590000543066	0.680339970484605	0.854512938450594
831.6073737865954	0.00039055113998690623	0.4974735107747712	0.6807797068059466	0.8540651643259269
834.1673759275673	0.0003907756156452818	0.49805068376293943	0.6812188689306206	0.8536176804823631
836.7259072243918	0.00039100030776967115	0.49862741810167716	0.6816574571480992	0.8531704870004237
839.2829679513535	0.00039122521625261633	0.4992037129282185	0.6820954717500683	0.8527235839593197
841.8385583854083	0.0003914503409865481	0.49977956738528423	0.6825329130304953	0.8522769714369745
844.3926788061699	0.0003916756818637853	0.5003549806210655	0.6829697812856124	0.8518306495100256
846.9453294959086	0.00039190123877653793	0.5009299517892187	0.6834060768139072	0.851384618253832
849.4965107395375	0.0003921270116169057	0.5015044800488511	0.6838417999161063	0.8509388777424752
852.046222824608	0.0003923530002768809	0.5020785645645134	0.6842769508951637	0.8504934280487644
854.5944660413015	0.00039257920464834764	0.5026522045061864	0.6847115300562467	0.8500482692442388
857.1412406824209	0.00039280562462308446	0.5032253990492729	0.6851455377067228	0.8496034013991727
859.686547043381	0.0003930322600927637	0.5037981473745848	0.685578974156147	0.8491588245825795
862.2303854222044	0.00039325911094895334	0.5043704486683339	0.6860118397162477	0.8487145388622127
864.7727561195104	0.0003934861770831175	0.5049423021221199	0.6864441347009154	0.8482705443045743
867.3136594385074	0.0003937134583866172	0.5055137069329214	0.6868758594261873	0.8478268409749132
869.8530956849877	0.00039394095475071193	0.5060846623030831	0.687307014210238	0.8473834289372342
872.3910651673156	0.00039416866606656006	0.5066551674403067	0.6877375993733627	0.8469403082542983
874.9275681964216	0.0003943965922252191	0.5072252215576376	0.6881676152379672	0.8464974789876275
877.4626050857955	0.0003946247331176481	0.5077948238734565	0.6885970621285548	0.8460549411975088
879.9961761514771	0.0003948530886347073	0.5083639736114669	0.6890259403717124	0.8456126949429988
882.5282817120467	0.00039508165866715877	0.508932670000684	0.6894542502960991	0.8451707402819252
885.0589220886219	0.0003953104431056691	0.5095009122754246	0.689881992232434	0.8447290772708937
887.5880976048436	0.0003955394418408081	0.5100686996752942	0.6903091665134823	0.8442877059652892
890.1158085868736	0.0003957686547630511	0.5106360314451778	0.6907357734693698	0.8438466264183165
892.6420553633833	0.000395998081762779	0.5112029068352268	0.6911618134042862	0.8434058386762059
895.1668382655472	0.00039622772273028	0.51176932510085	0.6915872867020533	0.8429653427999889
897.6901576270345	0.00039645757755574906	0.5123352855026997	0.6920121937022403	0.8425251388399483
900.2120137840012	0.0003966876461292908	0.5129007873066614	0.692436534747087	0.8420852268453083
902.7324070750832	0.0003969179283409182	0.5134658297838437	0.6928603101808208	0.8416456068640995
905.2513378413855	0.0003971484240805547	0.5140304122105648	0.6932835203496611	0.8412062789431664
907.7688064264793	0.0003973791332380356	0.5145945338683423	0.6937061656018071	0.8407672431281709
910.2848131763891	0.00039761005570310674	0.5151581940438809	0.6941282462874249	0.840328499463597
912.7993584395872	0.00039784119136542797	0.5157213920290619	0.6945497627586339	0.8398900479927524
915.3124425669868	0.000398072540114572	0.5162841271209306	0.6949707153694962	0.8394518887577739
917.8240659119314	0.00039830410184002625	0.5168463986216855	0.6953911044760017	0.8390140217996309
920.3342288301889	0.00039853587643119324	0.5174082058386651	0.6958109304360572	0.8385764471581292
922.8429316799431	0.0003987678637773918	0.5179695480843386	0.6962301936094744	0.8381391648719136
925.3501748217874	0.0003990000637678578	0.518530424676292	0.6966488943579555	0.8377021749784737
927.8559586187137	0.0003992324762917447	0.5190908349372175	0.6970670330450832	0.8372654775141455
930.360283436107	0.0003994651012381247	0.519650778194902	0.6974846100363074	0.836829072514116
932.8631496417373	0.000399697938495989	0.520210253782214	0.6979016256989328	0.8363929600124278
935.3645576057511	0.0003999309879542501	0.5207692610370924	0.6983180804021081	0.8359571400419815
937.8645077006644	0.00040016424950174034	0.5213277993025354	0.6987339745168129	0.8355216126345405
940.3630003013537	0.00040039772302721496	0.521885867926587	0.6991493084158458	0.8350863778207345
942.8600357850494	0.00040063140841935154	0.5224434662623264	0.6995640824738135	0.8346514356300625
945.3556145313258	0.00040086530556675075	0.5230005936678548	0.6999782970671139	0.8342167860908966
947.8497369220979	0.0004010994143579385	0.5235572495062855	0.7003919525734763	0.8337824292304106
950.3424033416072	0.000401333734681365	0.5241134331457286	0.7008050493352224	0.8333483650683792
952.8336141764204	0.00040156826642540695	0.5246691439592822	0.7012175877779951	0.8329145936372438
955.3233698154164	0.0004018030094783681	0.5252243813250187	0.7016295682859043	0.8324811149610157
957.8116706497806	0.0004020379637284785	0.5257791446259714	0.7020409912435294	0.832047929062386
960.2985170729982	0.0004022731290638982	0.5263334332501255	0.7024518570372067	0.8316150359629485
962.7839094808451	0.00040250850537271524	0.5268872465904039	0.7028621660550198	0.8311824356832007
965.2678482713792	0.00040274409254294804	0.5274405840446541	0.7032719186867896	0.8307501282425516
967.7503338449347	0.00040297989046254575	0.5279934450156377	0.7036811153240619	0.8303181136593227
970.2313666041131	0.00040321589901938867	0.528545828911018	0.7040897563600947	0.8298863919507533
972.7109469537766	0.00040345211810129046	0.5290977351433472	0.7044978421898473	0.8294549631330029
975.1890753010376	0.0004036885475959966	0.5296491631300535	0.704905373209966	0.8290238272211544
977.6657520552546	0.0004039251873911873	0.5302001122934298	0.705312349818775	0.8285929842292198
980.140977628022	0.00040416203737447684	0.5307505820606209	0.7057187724162617	0.8281624341701429
982.6147524331625	0.0004043990974334157	0.5313005718636112	0.7061246414040677	0.8277321770558009
985.0870768867214	0.0004046363674554898	0.5318500811392122	0.7065299571854747	0.8273022128970104
987.5579514069551	0.0004048738473281224	0.5323991093290492	0.7069347201653945	0.8268725417035314
990.0273764143277	0.0004051115369386745	0.5329476558795514	0.7073389307503566	0.8264431634840694
992.4953523315007	0.00040534943617444584	0.5334957202419366	0.7077425893484969	0.8260140782462793
994.9618795833252	0.00040558754492267475	0.5340433018721997	0.7081456963695459	0.8255852859967695
997.4269585968354	0.00040582586307054007	0.5345904002311007	0.7085482522248181	0.8251567867411056
999.8905898012406	0.0004060643905051614	0.5351370147841517	0.7089502573271997	0.8247285804838134
1002.3527736279165	0.00040630312711360003	0.5356831450016043	0.709351712091141	0.8243006672283838
1004.8135105103993	0.0004065420727828593	0.5362287903584367	0.709752616932517	0.8238730469772586
1007.2728008843761	0.0004067812273998857	0.5367739503343427	0.7101529722493207	0.8234457197292011
1009.730645187679	0.00040702059085156956	0.537318624413716	0.710552778460052	0.8230186854845435
1012.1870438602755	0.00040726016302474523	0.5378628120856408	0.7109520360129934	0.82259194424645
1014.6419973442627	0.0004074999438061931	0.538406512843877	0.7113507453293891	0.8221654960131707
1017.0955060838596	0.00040773993308263964	0.5389497261868491	0.7117489068321733	0.8217393407819704
1019.5475705253973	0.0004079801307407572	0.5394924516176313	0.7121465209457983	0.8213134785491073
1021.9981911173141	0.0004082205366671664	0.5400346886439373	0.7125435880962242	0.8208879093098376
1024.4473683101453	0.0004084611507484358	0.5405764367781055	0.7129401087109082	0.8204626330584198
1026.8951025565186	0.000408701972871083	0.541117695537088	0.7133360832187927	0.8200376497881192
1029.341394311144	0.0004089430029215752	0.5416584644424361	0.7137315120502934	0.8196129594912083
1031.7862440308068	0.00040918424078633026	0.5421987430202888	0.7141263956372876	0.8191885621589727
1034.2296521743604	0.00040942568635171655	0.5427385308013595	0.714520734413104	0.8187644577817148
1036.6716192027181	0.0004096673395040551	0.5432778273209227	0.7149145288125094	0.8183406463487548
1039.1121455788482	0.0004099092001296191	0.543816632118803	0.7153077792717005	0.8179171278484382
1041.5512317677603	0.000410151268114635	0.5443549447393597	0.7157004862282892	0.817493902268135
1043.9888782365063	0.0004103935433452834	0.5448927647314759	0.7160926501212946	0.8170709695942462
1046.4250854541642	0.0004106360257076993	0.5454300916485444	0.7164842713911299	0.8166483298122067
1048.8598538918372	0.00041087871508797407	0.5459669250484558	0.7168753504795922	0.8162259829064885
1051.2931840226415	0.00041112161137215356	0.5465032644935846	0.717265887829851	0.8158039288606022
1053.7250763217037	0.00041136471444624175	0.5470391095507774	0.7176558838864391	0.815382167657106
1056.1555312661465	0.0004116080241961999	0.5475744597913388	0.71804533909524	0.8149606992776028
1058.584549335089	0.00041185154050794734	0.5481093147910205	0.7184342539034784	0.8145395237027487
1061.012131009633	0.00041209526326736236	0.5486436741300046	0.7188226287597093	0.8141186409122532
1063.4382767728596	0.0004123391923602829	0.5491775373928948	0.719210464113753	0.8136980508848788
1065.8629871098162	0.00041258332767250697	0.5497109041687004	0.7195977603938727	0.8132777535959068
1068.2862625075184	0.00041282766908979404	0.5502437740508261	0.7199845180580847	0.8128577490228527
1070.708103454931	0.00041307221649786435	0.550776146637055	0.7203707375846814	0.812438037144404
1073.1285104429724	0.000413316969782402	0.5513080215295406	0.7207564194283382	0.8120186179355564
1075.547483964496	0.00041356192882905296	0.5518393983347892	0.7211415640447196	0.8115994913703469
1077.9650245142905	0.0004138070935234269	0.5523702766636504	0.7215261718907906	0.8111806574218997
1080.3811325890708	0.00041405246375109854	0.5529006561313009	0.7219102434247964	0.8107621160624233
1082.7958086874685	0.0004142980393976075	0.5534305363572354	0.7222937791062537	0.8103438672632182
1085.2090533100245	0.00041454382034845813	0.5539599169652487	0.7226767793959387	0.8099259109946758
1087.6208669591858	0.000414789806489123	0.5544887975834272	0.723059244755876	0.8095082472262867
1090.0312501392925	0.0004150359977050403	0.5550171778441331	0.7234411756493287	0.8090908759266412
1092.4402033565757	0.0004152823938816167	0.5555450573839924	0.7238225725407877	0.8086737970634335
1094.8477271191439	0.00041552899490422674	0.5560724358438811	0.7242034358959597	0.8082570106034634
1097.2538219369833	0.00041577580065821454	0.5565993128689127	0.7245837661817581	0.8078405165126421
1099.6584883219439	0.00041602281102889356	0.5571256881084259	0.7249635638662925	0.8074243147559952
1102.0617267877344	0.0004162700259015475	0.5576515612159691	0.725342829418856	0.8070084052976638
1104.4635378499167	0.0004165174451614316	0.5581769318492901	0.7257215633099188	0.8065927881009118
1106.8639220258967	0.00041676506869377233	0.5587017996703209	0.7260997660111144	0.8061774631281252
1109.2628798349167	0.0004170128963837689	0.5592261643451659	0.7264774379952312	0.8057624303408184
1111.6604117980487	0.00041726092811659283	0.559750025544088	0.7268545797362016	0.8053476896996354
1114.0565184381876	0.00041750916377739	0.5602733829414964	0.7272311917090922	0.8049332411643557
1116.451200280043	0.0004177576032512798	0.560796236215932	0.7276072743900941	0.8045190846938947
1118.8444578501321	0.000418006246423357	0.5613185850500562	0.7279828282565112	0.8041052202463097
1121.2362916767745	0.00041825509317869173	0.5618404291306357	0.7283578537868294	0.8036916477788093
1123.6267022900806	0.0004185041434023301	0.5623617681485312	0.7287323514547175	0.8032783672471824
1126.0156902219494	0.0004187533969792952	0.5628826017986835	0.7291063217102064	0.8028653786040016
1128.403256006056	0.00041900285379458735	0.5634029297800999	0.7294797650783523	0.8024526818080815
1130.7894001778502	0.0004192525137331853	0.5639227517958418	0.7298526820414182	0.8020402768131887
1133.1741232745442	0.0004195023766800456	0.564442067553012	0.7302250730825773	0.801628163572235
1135.5574258351078	0.00041975244252010516	0.5649608767627401	0.7305969386860812	0.8012163420373022
1137.9393084002616	0.00042000271113827993	0.5654791791401699	0.7309682793372485	0.8008048121596404
1140.3197715124686	0.0004202531824194668	0.5659969744044479	0.7313390955224564	0.8003935738896759
1142.698815715927	0.00042050385624854307	0.5665142622787073	0.7317093877291309	0.7999826271770106
1145.0764415565645	0.00042075473251036895	0.5670310424900575	0.7320791564457356	0.7995719719704285
1147.4526495820305	0.00042100581108978606	0.5675473147695698	0.732448402161762	0.7991616082178957
1149.8274403416865	0.00042125709187161884	0.5680630788522631	0.7328171253677198	0.7987515358665669
1152.200814386605	0.0004215085747406763	0.5685783344770938	0.7331853265551274	0.7983417548627866
1154.572772269555	0.0004217602595817509	0.5690930813869401	0.733553006216501	0.7979322651520926
1156.9433145449989	0.0004220121462796191	0.5696073193285895	0.7339201648453453	0.7975230666792196
1159.3124417690879	0.0004222642347190443	0.5701210480527257	0.7342868029361442	0.7971141593881025
1161.680154499649	0.00042251652478477467	0.5706342673139163	0.7346529209843513	0.7967055432218796
1164.0464532961819	0.00042276901636154534	0.5711469768705981	0.7350185194863793	0.7962972181228951
1166.4113387198506	0.0004230217093340781	0.5716591764850663	0.7353835989395915	0.7958891840327034
1168.7748113334771	0.0004232746035870828	0.5721708659234582	0.7357481598422916	0.7954814408920714
1171.1368717015355	0.0004235276990052581	0.5726820449557435	0.7361122026937166	0.7950739886409837
1173.4975203901404	0.00042378099547329067	0.5731927133557084	0.7364757279940235	0.7946668272186422
1175.8567579670444	0.0004240344928758567	0.5737028709009443	0.7368387362442834	0.7942599565634723
1178.214585001631	0.0004242881910976229	0.5742125173728344	0.7372012279464738	0.7938533766131256
1180.5710020649037	0.00042454209002324627	0.5747216525565394	0.7375632036033472	0.7934470873044721
1182.9260097294834	0.00042479618953737464	0.5752302762409854	0.7379246637052597	0.7930410885724544
1185.2796085695998	0.0004250504895246484	0.5757383882188518	0.7382856087434471	0.7926353803512527
1187.6317991610822	0.0004253049898696997	0.5762459882865564	0.7386460392577732	0.7922299625784552
1189.9825820813567	0.0004255596904571537	0.5767530762442425	0.7390059557534021	0.791824835187784
1192.3319579094366	0.00042581459117162885	0.5772596518957671	0.7393653587369797	0.7914199981122634
1194.6799272259161	0.0004260696918977377	0.5777657150486878	0.7397242487160103	0.7910154512841666
1197.026490612962	0.00042632499252008745	0.5782712655142476	0.7400826261988604	0.7906111946350204
1199.37164865431	0.00042658049292328045	0.578776303107364	0.7404404916947506	0.7902072280956097
1201.7154019352558	0.00042683619299191465	0.5792808276466164	0.7407978457137439	0.7898035515959793
1204.0577510426472	0.0004270920926105839	0.5797848389542299	0.7411546887667371	0.7894001650654366
1206.3986965648803	0.00042734819166387973	0.5802883368560666	0.7415110213654531	0.788997068432556
1208.7382390918874	0.00042760449003638966	0.5807913211816081	0.7418668440224293	0.7885942616251813
1211.0763792151376	0.00042786098761270013	0.5812937917639465	0.7422221572510108	0.788191744570429
1213.4131175276239	0.0004281176842773959	0.5817957484397688	0.742576961565341	0.7877895171946914
1215.7484546238575	0.0004283745799150603	0.5822971910493447	0.7429312574803506	0.7873875794236386
1218.0823910998638	0.0004286316744102762	0.5827981194365145	0.743285045511751	0.7869859311822234
1220.4149275531731	0.0004288889676476269	0.5832985334486742	0.7436383261760254	0.7865845723946832
1222.7460645828135	0.00042914645951169555	0.5837984329367636	0.7439910999904178	0.786183502984543
1225.0758027893055	0.00042940414988706704	0.5842978177552542	0.7443433674729277	0.7857827228746186
1227.4041427746567	0.00042966203865832804	0.5847966877621357	0.7446951291422996	0.7853822319870221
1229.7310851423504	0.0004299201257100667	0.5852950428189009	0.7450463855180137	0.7849820302431598
1232.0566304973418	0.0004301784109268741	0.585792882790536	0.7453971371202782	0.7845821175637382
1234.3807794460545	0.0004304368941933449	0.5862902075455069	0.7457473844700226	0.78418249386877
1236.7035325963654	0.0004306955753940768	0.5867870169557435	0.7460971280888848	0.7837831590775706
1239.0248905576075	0.0004309544544136724	0.5872833108966318	0.7464463684992455	0.7833841131087691
1241.3448539405565	0.0004312135311367387	0.587779089246996	0.7467951062205437	0.7829853558800401
1243.663423357426	0.00043147280544788793	0.5882743518890887	0.7471433417365193	0.7825868873056978
1245.9805994218634	0.0004317322772317386	0.5887690987085774	0.7474910756236671	0.7821887073061472
1248.2963827489384	0.00043199194637291493	0.5892633295945311	0.7478383084055074	0.7817908157971654
1250.6107739551403	0.00043225181275604815	0.5897570444394074	0.7481850406071473	0.781393212693924
1252.923773658371	0.00043251187626577707	0.590250243139041	0.7485312727543855	0.7809958979109243
1255.2353824779354	0.00043277213678674783	0.5907429255926291	0.7488770053736963	0.7805988713619992
1257.5456010345385	0.0004330325942036153	0.5912350917027197	0.7492222389922228	0.7802021329603182
1259.854429950278	0.00043329324840104275	0.5917267413751985	0.7495669741377691	0.7798056826183896
1262.1618698486348	0.00043355409926370365	0.5922178745192763	0.74991121133879	0.7794095202480625
1264.4679213544687	0.0004338151466762798	0.5927084910474759	0.7502549511243841	0.77901364576053
1266.7725850940153	0.0004340763905234649	0.5931985908756198	0.7505981940242856	0.7786180590663343
1269.075861694871	0.0004343378306899622	0.5936881739228166	0.7509409405688532	0.7782227600753653
1271.3777517859949	0.00043459946706048727	0.5941772401114496	0.7512831912890655	0.7778277486968687
1273.678255997697	0.00043486129951976634	0.5946657893671623	0.7516249467165103	0.7774330248394437
1275.9773749616354	0.0004351233279525389	0.595153821618848	0.7519662073833774	0.7770385884110501
1278.2751093108056	0.0004353855522435562	0.5956413367986347	0.7523069738224503	0.7766444393190087
1280.5714596795383	0.0004356479722775842	0.596128334841875	0.7526472465670988	0.7762505774700059
1282.86642670349	0.00043591058793940047	0.5966148156871304	0.752987026151269	0.775857002770094
1285.1600110196377	0.00043617339911379875	0.5971007792761612	0.7533263131094785	0.7754637151246973
1287.452213266272	0.0004364364056855858	0.5975862255539123	0.753665107976805	0.7750707144386124
1289.7430340829924	0.0004366996075395851	0.598071154468502	0.7540034112888825	0.7746780006160132
1292.0324741106979	0.00043696300456063416	0.5985555659712085	0.7543412235818896	0.774285573560451
1294.3205339915846	0.0004372265966335877	0.5990394600164575	0.7546785453925455	0.7738934331748606
1296.6072143691333	0.000437490383643316	0.5995228365618083	0.7550153772580983	0.7735015793615603
1298.89251588811	0.0004377543654747074	0.6000056955679443	0.7553517197163211	0.7731100120222568
1301.1764391945546	0.00043801854201266666	0.6004880369986572	0.7556875733055142	0.7727187310580468
1303.4589849357778	0.000438282913142117	0.6009698608208377	0.7560229385355495	0.7723277363679893
1305.7401537603525	0.00043854747874799997	0.6014511670044599	0.7563578159539684	0.77193702785238
1308.0199463181075	0.00043881223871527564	0.60193195552257	0.7566922061290614	0.7715466054119146
1310.2983632601217	0.00043907719292892355	0.6024122263512747	0.7570261096007209	0.7711564689452595
1312.5754052387217	0.00043934234127394314	0.6028919794697285	0.7573595269090672	0.7707666183504744
1314.8510729074665	0.0004396076836353533	0.6033712148601196	0.757692458594722	0.7703770535250266
1317.125366921151	0.0004398732198981947	0.603849932507659	0.758024905198804	0.7699877743657964
1319.3982879357939	0.00044013894994752794	0.6043281324005684	0.7583568672629181	0.7695987807690771
1321.6698366086327	0.0004404048736684361	0.6048058145300672	0.7586883453291496	0.7692100726305804
1323.9400135981177	0.0004406709909460227	0.6052829788903591	0.759019339940056	0.7688216498454372
1326.2088195639064	0.00044093730166541554	0.605759625478622	0.7593498516386588	0.7684335123082018
1328.476255166856	0.0004412038057117637	0.606235754294993	0.7596798809684364	0.7680456599128523
1330.7423210690206	0.00044147050297024067	0.6067113653425598	0.7600094284733174	0.7676580925527973
1333.007017933637	0.0004417373933260422	0.6071864586273432	0.76033849469767	0.7672708101208736
1335.2703464251297	0.00044200447666438984	0.6076610341582902	0.7606670801862998	0.7668838125093536
1337.5323072090957	0.0004422717528705284	0.6081350919472587	0.760995185484437	0.7664970996099458
1339.792900952303	0.00044253922182972813	0.6086086320090044	0.7613228111377318	0.7661106713137961
1342.0521283226822	0.0004428068834272848	0.6090816543611719	0.7616499576922476	0.765724527511493
1344.3099899893218	0.0004430747375485194	0.6095541590242798	0.7619766256944526	0.7653386680930699
1346.5664866224638	0.00044334278407877993	0.6100261460217095	0.7623028156912134	0.7649530929480064
1348.821618893491	0.0004436110229034405	0.6104976153796919	0.7626285282297869	0.7645678019652323
1351.0753874749287	0.00044387945390790236	0.6109685671272979	0.7629537638578147	0.7641827950331295
1353.3277930404358	0.00044414807697759466	0.6114390012964237	0.7632785231233152	0.7637980720395355
1355.5788362647966	0.0004444168919979736	0.6119089179217791	0.7636028065746765	0.7634136328717447
1357.8285178239166	0.0004446858988545245	0.612378317040877	0.7639266147606503	0.7630294774165122
1360.0768383948177	0.0004449550974327612	0.6128471986940193	0.7642499482303402	0.7626456055600564
1362.3237986556312	0.00044522448761822616	0.6133155629242862	0.7645728075332991	0.7622620171880643
1364.569399285589	0.0004454940692964917	0.6137834097775237	0.7648951931933107	0.7618787121850323
1366.813640965024	0.0004457638423531607	0.614250739302332	0.7652171057601546	0.7614956904355767
1369.0565243753565	0.00044603380667386516	0.6147175515500518	0.7655385458190638	0.7611129518246689
1371.2980501990949	0.00044630396214426855	0.6151838465747557	0.7658595139199021	0.760730496235859
1373.5382191198253	0.0004465743086500651	0.6156496244332321	0.7661800106131557	0.7603483235521822
1375.7770318222101	0.00044684484607698143	0.6161148851849777	0.7665000364496342	0.7599664336561579
1378.0144889919748	0.0004471155743107747	0.6165796288921812	0.7668195919804794	0.7595848264297874
1380.2505913159089	0.000447386493237235	0.6170438556197145	0.7671386777571608	0.7592035017545611
1382.48533948186	0.00044765760274218544	0.61750756543512	0.7674572943314675	0.7588224595114599
1384.7187341787226	0.00044792890271148217	0.617970758408598	0.7677754422554998	0.7584416995809566
1386.9507760964354	0.00044820039303101415	0.6184334346129967	0.7680931220816635	0.7580612218430185
1389.181465925977	0.0004484720735867045	0.6188955941237972	0.7684103343626625	0.7576810261771119
1391.410804359357	0.00044874394426451097	0.6193572370191054	0.7687270796514931	0.7573011124622009
1393.6387920896138	0.00044901600495042543	0.6198183633796388	0.7690433585014363	0.7569214805767563
1395.8654298108045	0.0004492882555304748	0.6202789732887126	0.7693591714660505	0.7565421303987508
1398.0907182180013	0.0004495606958907215	0.6207390668322311	0.7696745190991663	0.7561630618056654
1400.3146580072878	0.0004498333259172636	0.6211986440986755	0.7699894019548792	0.7557842746744935
1402.5372498757497	0.00045010614549623564	0.6216577051790908	0.7703038205875425	0.7554057688817398
1404.75849452147	0.00045037915451380756	0.6221162501670743	0.7706177755517616	0.7550275443034237
1406.9783926435246	0.00045065235285618726	0.6225742791587655	0.7709312674023875	0.7546496008150845
1409.1969449419776	0.00045092574040961954	0.6230317922528337	0.7712442966945103	0.7542719382917805
1411.414152117871	0.00045119931706038646	0.6234887895504656	0.7715568639834528	0.7538945566080935
1413.6300148732225	0.00045147308269480855	0.6239452711553547	0.771868969824764	0.7535174556381304
1415.8445339110197	0.00045174703719924364	0.6244012371736893	0.7721806147742118	0.7531406352555255
1418.0577099352145	0.00045202118046008935	0.6248566877141419	0.7724917993877806	0.7527640953334448
1420.269543650717	0.00045229551236378195	0.625311622887857	0.7728025242216615	0.752387835744586
1422.4800357633876	0.00045257003279679687	0.6257660428084383	0.7731127898322809	0.7520118563611835
1424.6891869800354	0.000452844741645649	0.6262199475919402	0.7734225967750181	0.7516361570549905
1426.8969980084119	0.00045311963879689427	0.6266733373568542	0.7737319455684958	0.7512607376967884
1429.1034695572002	0.0004533947241371278	0.6271262122240973	0.7740408368095998	0.7508855981579866
1431.3086023360174	0.00045366999755298636	0.627578572317003	0.774349271061316	0.7505107383090656
1433.5123970554055	0.0004539454589311479	0.6280304177613072	0.7746572488804537	0.7501361580199649
1435.7148544268207	0.0004542211081583307	0.6284817486851382	0.7749647708239898	0.7497618571601739
1437.9159751626385	0.00045449694512129636	0.6289325652190059	0.7752718374490899	0.749387835598735
1440.115759976138	0.0004547729697068476	0.629382867495789	0.7755784493130958	0.7490140932042448
1442.3142095815028	0.00045504918180182984	0.6298326556507252	0.7758846069735215	0.7486406298448588
1444.511324693813	0.0004553255812931316	0.6302819298213992	0.7761903109880458	0.7482674453882916
1446.7071060290423	0.0004556021680676844	0.6307306901477321	0.7764955619145073	0.7478945397018197
1448.901554304045	0.0004558789420124628	0.6311789367719686	0.776800360310897	0.7475219126522857
1451.0946702365611	0.00045615590301448586	0.6316266698386683	0.7771047067353539	0.7471495641060975
1453.2864545452046	0.00045643305096081674	0.6320738894946932	0.7774086017461576	0.7467774939292334
1455.4769079494577	0.00045671038573856244	0.6325205958891957	0.7777120459017226	0.7464057019872438
1457.6660311696696	0.0004569879072348757	0.6329667891736103	0.7780150397605938	0.7460341881452522
1459.8538249270448	0.0004572656153369535	0.6334124695016385	0.7783175838814385	0.7456629522679592
1462.0402899436444	0.0004575435099320386	0.6338576370292421	0.7786196788230424	0.7452919942196448
1464.2254269423754	0.00045782159090741964	0.6343022919146285	0.7789213251443016	0.7449213138641683
1466.4092366469897	0.00045809985815043126	0.6347464343182423	0.7792225234042212	0.7445509110649741
1468.5917197820766	0.00045837831154845485	0.6351900644027534	0.7795232741619051	0.7441807856850926
1470.7728770730557	0.0004586569509889182	0.6356331823330454	0.7798235779765532	0.7438109375871413
1472.952709246174	0.00045893577635929553	0.636075788276206	0.7801234354074539	0.7434413666333284
1475.1312170285019	0.00045921478754711	0.6365178824015143	0.7804228470139807	0.7430720726854547
1477.3084011479245	0.00045949398443993083	0.636959464880433	0.7807218133555853	0.7427030556049166
1479.4842623331374	0.00045977336692537606	0.6374005358865938	0.7810203349917927	0.7423343152527073
1481.658801313643	0.00046005293489111214	0.637841095595789	0.7813184124821945	0.7419658514894203
1483.8320188197451	0.0004603326882248537	0.6382811441859609	0.7816160463864743	0.7415976641752505
1486.00391558254	0.00046061262681436414	0.6387206818371893	0.7819132372641862	0.7412297531699931
1488.1744923339177	0.00046089275054745683	0.6391597087316825	0.7822099856484723	0.7408621183323651
1490.3437498065487	0.0004611730593119934	0.6395982250537646	0.7825062921252491	0.7404947595220558
1492.5116887338872	0.0004614535529958864	0.6400362309898673	0.7828021572593142	0.7401276765978185
1494.6783098501608	0.0004617342314870986	0.6404737267285181	0.7830975816102743	0.7397608694178847
1496.843613890364	0.00046201509467364205	0.6409107124603282	0.7833925657377172	0.7393943378400981
1499.0076015902584	0.00046229614244358	0.6413471883779844	0.783687110201278	0.7390280817219225
1501.170273686365	0.00046257737468502746	0.6417831546762373	0.7839812155606263	0.7386621009204405
1503.3316309159559	0.0004628587912861493	0.6422186115518901	0.7842748823754634	0.7382963952923582
1505.4916740170543	0.0004631403921351632	0.6426535592037897	0.784568111205516	0.7379309646940067
1507.6504037284258	0.0004634221771203379	0.6430879978328145	0.784860902610532	0.7375658089813416
1509.8078207895755	0.00046370414612999466	0.6435219276418649	0.785153257150274	0.7372009280099502
1511.9639259407438	0.0004639862990525069	0.6439553488358529	0.785445175384516	0.7368363216350499
1514.1187199228957	0.0004642686357763014	0.6443882616216913	0.7857366578730367	0.7364719897114919
1516.2722034777225	0.0004645511561898567	0.6448206662082833	0.7860277051756154	0.7361079320937619
1518.4243773476337	0.00046483386018170614	0.6452525628065124	0.7863183178520267	0.7357441486359851
1520.5752422757516	0.0004651167476404353	0.6456839516292316	0.786608496462035	0.7353806391919251
1522.7247990059088	0.00046539981845468447	0.646114832891254	0.7868982415653915	0.7350174036149885
1524.8730482826388	0.0004656830725131472	0.6465452068093408	0.7871875537218262	0.7346544417582251
1527.019990851175	0.0004659665097045724	0.6469750736021933	0.7874764334910463	0.7342917534743318
1529.165627457444	0.00046625012991776245	0.6474044334904403	0.7877648814327294	0.7339293386156543
1531.3099588480627	0.00046653393304157606	0.6478332866966305	0.7880528981065198	0.733567197034188
1533.4529857703285	0.0004668179189649258	0.6482616334452189	0.7883404840720226	0.7332053285815807
1535.5947089722206	0.00046710208757678074	0.6486894739625606	0.7886276398888011	0.732843733109137
1537.7351292023911	0.0004673864387661647	0.6491168084768972	0.7889143661163697	0.7324824104678159
1539.874247210162	0.0004676709724221581	0.6495436372183487	0.7892006633141914	0.7321213605082375
1542.0120637455154	0.00046795568843389733	0.6499699604189025	0.7894865320416712	0.731760583080681
1544.1485795591	0.0004682405866905758	0.6503957783124049	0.7897719728581567	0.7314000780350918
1546.2837954022116	0.00046852566708144295	0.6508210911345477	0.7900569863227476	0.731039845221072
1548.4177120268002	0.00046881092949580585	0.6512458991228626	0.7903415729847441	0.730679884487661
1550.5503301854587	0.0004690963738230281	0.651670202516707	0.7906257333899721	0.7303201956834844
1552.68165063142	0.00046938199995253174	0.6520940015572574	0.7909094681259043	0.7299607786578424
1554.8116741185545	0.00046966780777379637	0.6525172964874981	0.7911927777511016	0.7296016332590161
1556.94040140136	0.0004699537971763591	0.6529400875522104	0.7914756628240751	0.7292427593349621
1559.067833234961	0.00047023996804981534	0.6533623749979637	0.7917581239032704	0.7288841567333145
1561.1939703751043	0.00047052632028382	0.6537841590731066	0.7920401615470546	0.7285258253013908
1563.318813578149	0.0004708128537680855	0.6542054400277545	0.7923217763137068	0.7281677648861861
1565.4423636010722	0.0004710995683923845	0.6546262181137829	0.7926029687614208	0.7278099753343822
1567.5646212014515	0.00047138646404654795	0.6550464935848155	0.7928837394482948	0.7274524564923478
1569.6855871374692	0.0004716735406204669	0.6554662666962147	0.7931640889323293	0.7270952082061365
1571.8052621679055	0.00047196079800409195	0.6558855377050727	0.7934440177714228	0.7267382303214953
1573.9236470521312	0.00047224823608743355	0.6563043068702007	0.7937235265233664	0.7263815226838605
1576.040742550108	0.00047253585476056284	0.6567225744521213	0.794002615745842	0.7260250851383645
1578.156549422378	0.0004728236539136109	0.6571403407130559	0.7942812859964139	0.7256689175298343
1580.2710684300635	0.00047311163343676974	0.6575576059169174	0.7945595378325285	0.7253130197027953
1582.3843003348625	0.00047339979322029245	0.6579743703293	0.7948373718115094	0.7249573915014734
1584.4962458990399	0.0004736881331544934	0.6583906342174697	0.7951147884905501	0.7246020327697956
1586.6069058854268	0.0004739766531297479	0.6588063978503537	0.7953917884267137	0.7242469433513927
1588.716281057413	0.00047426535303649286	0.6592216614985325	0.7956683721769265	0.7238921230896012
1590.8243721789484	0.00047455423276522796	0.6596364254342303	0.7959445402979765	0.7235375718274668
1592.9311800145306	0.00047484329220651405	0.6600506899313037	0.7962202933465055	0.7231832894077427
1595.0367053292025	0.0004751325312509744	0.6604644552652348	0.7964956318790082	0.7228292756728945
1597.1409488885538	0.000475421949789295	0.6608777217131194	0.7967705564518273	0.7224755304651013
1599.2439114587082	0.00047571154771222505	0.6612904895536607	0.7970450676211501	0.7221220536262578
1601.3455938063255	0.00047600132491057613	0.6617027590671563	0.7973191659430034	0.7217688449979757
1603.4459966985912	0.0004762912812752232	0.6621145305354919	0.7975928519732511	0.7214159044215858
1605.5451209032162	0.00047658141669710424	0.6625258042421291	0.797866126267598	0.7210632317381395
1607.6429671884323	0.00047687173106722165	0.6629365804721008	0.7981389893813757	0.7207108267884148
1609.7395363229855	0.00047716222427664115	0.663346859511996	0.798411441855794	0.720358689413132
1611.834829076133	0.00047745289621649263	0.6637566416499558	0.7986834842103209	0.7200068194530731
1613.92884621764	0.0004777437467779707	0.6641659271756616	0.7989551170592488	0.7196552167472687
1616.0215885177686	0.0004780347758523334	0.6645747163803253	0.7992263409567605	0.7193038811354135
1618.1130567472853	0.00047832598333090437	0.6649830095566831	0.7994971564568032	0.718952812456935
1620.2032516774473	0.0004786173691050724	0.6653908069989837	0.79976756411316	0.7186020105509964
1622.2921740799989	0.0004789089330662903	0.6657981090029804	0.8000375644794444	0.7182514752564934
1624.3798247271707	0.0004792006751060773	0.6662049158659206	0.8003071581090989	0.7179012064120612
1626.4662043916737	0.0004794925951160171	0.6666112278865403	0.8005763455553899	0.7175512038560733
1628.5513138466954	0.0004797846929877603	0.6670170453650516	0.8008451273714027	0.7172014674266445
1630.6351538658923	0.00048007696861302243	0.6674223686031344	0.8011135041100386	0.7168519969616317
1632.7177252233919	0.0004803694218835857	0.66782719790393	0.8013814763240109	0.7165027922986378
1634.7990286937813	0.00048066205269129845	0.6682315335720286	0.8016490445658399	0.7161538532750102
1636.879065052108	0.0004809548609280756	0.6686353759134618	0.801916209387849	0.7158051797278463
1638.9578350738761	0.0004812478464858991	0.6690387252356965	0.8021829713421635	0.715456771493993
1641.035339535035	0.000481541009256817	0.6694415818476209	0.8024493309807017	0.7151086284100487
1643.1115792119854	0.0004818343491329455	0.66984394605954	0.8027152888551765	0.714760750312366
1645.1865548815667	0.0004821278660064673	0.6702458181831653	0.8029808455170875	0.7144131370370523
1647.2602673210563	0.0004824215597696331	0.6706471985316053	0.8032460015177193	0.7140657884199725
1649.3327173081661	0.00048271543031476065	0.6710480874193584	0.8035107574081372	0.7137187042967503
1651.4039056210352	0.00048300947753423645	0.6714484851623025	0.8037751137391832	0.7133718845027707
1653.473833038231	0.00048330370132051444	0.6718483920776881	0.8040390710614732	0.71302532887318
1655.542500338739	0.00048359810156611713	0.6722478084841285	0.8043026299253929	0.7126790372428904
1657.6099083019615	0.00048389267816363477	0.6726467347015903	0.804565790881093	0.7123330094465772
1659.6760577077162	0.0004841874310057276	0.673045171051389	0.8048285544784883	0.7119872453186878
1661.7409493362259	0.00048448235998512315	0.6734431178561745	0.8050909212672517	0.7116417446934351
1663.804583968121	0.00048477746499461896	0.6738405754399268	0.8053528917968118	0.7112965074048047
1665.8669623844296	0.0004850727459270812	0.674237544127946	0.8056144666163497	0.7109515332865549
1667.928085366577	0.0004853682026754457	0.6746340242468454	0.8058756462747944	0.7106068221722192
1669.987953696382	0.0004856638351327173	0.6750300161245396	0.8061364313208204	0.7102623738951058
1672.0465681560484	0.0004859596431919716	0.6754255200902396	0.806396822302844	0.7099181882883029
1674.1039295281685	0.00048625562674635284	0.6758205364744435	0.8066568197690213	0.7095742651846775
1676.16003859571	0.00048655178568907543	0.6762150656089259	0.8069164242672409	0.7092306044168767
1678.2148961420214	0.0004868481199134252	0.6766091078267341	0.8071756363451262	0.7088872058173334
1680.268502950818	0.00048714462931275686	0.6770026634621743	0.8074344565500254	0.7085440692182627
1682.320859806189	0.0004874413137804972	0.677395732850809	0.8076928854290376	0.7082011944516673
1684.3719674925821	0.0004877381732101418	0.6777883163294426	0.8079509235299676	0.707858581349277
1686.4218267948097	0.0004880352074952589	0.6781804142361195	0.8082085713380646	0.7075162297462215
1688.4704384980375	0.0004883324165294868	0.6785720269101105	0.8084658294361854	0.7071741394717469
1690.5178033877842	0.000488629800206535	0.6789631546919095	0.8087226984034976	0.7068323103550949
1692.5639222499176	0.0004889273584201854	0.6793537979232199	0.8089791787852036	0.7064907422272513
1694.6087958706476	0.0004892250910642896	0.679743956946952	0.809235271126122	0.7061494349190046
1696.6524250365287	0.0004895229980327733	0.6801336321072118	0.8094909759707765	0.7058083882609407
1698.6948105344475	0.0004898210792196318	0.6805228237492917	0.8097462938634085	0.705467602083443
1700.7359531516274	0.0004901193345189339	0.680911532219667	0.8100012253479785	0.7051270762166962
1702.7758536756169	0.00049041776382482	0.6812997578659832	0.8102557709681597	0.7047868104906859
1704.8145128942936	0.0004907163670315026	0.681687501037051	0.8105099312673358	0.7044468047352009
1706.8519315958522	0.0004910151440332671	0.6820747620828369	0.8107637067885978	0.704107058779835
1708.8881105688088	0.0004913140947244719	0.682461541354456	0.8110170980747408	0.7037675724539891
1710.923050601988	0.0004916132189995469	0.6828478392041633	0.8112701056682594	0.7034283455868707
1712.956752484528	0.0004919125167529957	0.6832336559853466	0.8115227301113472	0.7030893780074982
1714.9892170058736	0.0004922119878793961	0.6836189920525196	0.8117749719458928	0.7027506695447013
1717.020444955771	0.000492511632273398	0.6840038477613112	0.8120268317134748	0.7024122200271224
1719.0504371242625	0.0004928114498297235	0.6843882234684598	0.8122783099553599	0.7020740292832177
1721.079194301685	0.0004931114404431704	0.6847721195318056	0.812529407212502	0.70173609714126
1723.1067172786709	0.0004934116040086095	0.6851555363102824	0.8127801240255357	0.7013984234293398
1725.1330068461364	0.0004937119404209847	0.6855384741639095	0.8130304609347765	0.7010610079753669
1727.1580637952814	0.000494012449575315	0.6859209334537845	0.8132804184802149	0.7007238506070712
1729.1818889175859	0.0004943131313666922	0.686302914542076	0.813529997201516	0.7003869511520057
1731.2044830048067	0.0004946139856902836	0.6866844177920151	0.8137791976380148	0.7000503094375461
1733.2258468489724	0.0004949150124413307	0.6870654435678885	0.8140280203287156	0.6997139252908952
1735.2459812423815	0.0004952162115151485	0.68744599223503	0.8142764658122855	0.6993777985390808
1737.2648869775944	0.0004955175828071278	0.6878260641598144	0.8145245346270554	0.6990419290089607
1739.2825648474368	0.0004958191262127337	0.6882056597096483	0.8147722273110157	0.698706316527221
1741.2990156449905	0.0004961208416275066	0.6885847792529649	0.8150195444018131	0.6983709609203814
1743.314240163592	0.0004964227289470613	0.6889634231592138	0.8152664864367479	0.698035862014793
1745.3282391968278	0.0004967247880670882	0.6893415917988543	0.8155130539527715	0.6977010196366411
1747.3410135385318	0.0004970270188833537	0.6897192855433509	0.8157592474864863	0.6973664336119486
1749.3525639827822	0.0004973294212916984	0.6900965047651609	0.8160050675741372	0.697032103766575
1751.3628913238947	0.0004976319951880395	0.6904732498377313	0.8162505147516154	0.6966980299262181
1753.3719963564256	0.0004979347404683697	0.6908495211354899	0.8164955895544516	0.6963642119164176
1755.3798798751607	0.0004982376570287573	0.6912253190338371	0.816740292517815	0.6960306495625541
1757.3865426751142	0.0004985407447653465	0.691600643909139	0.8169846241765139	0.6956973426898507
1759.3919855515283	0.0004988440035743584	0.691975496138722	0.8172285850649752	0.6953642911233787
1761.3962092998688	0.0004991474333520897	0.6923498761008631	0.8174721757002413	0.6950314946896968
1763.3992147158162	0.000499451033994913	0.6927237841747839	0.8177153965737898	0.694698953217639
1765.4010025952696	0.0004997548053992787	0.6930972207406436	0.8179582482886896	0.6943666665250827
1767.401573734338	0.0005000587474617127	0.6934701861795313	0.8182007313752706	0.6940346344367448
1769.4009289293406	0.000500362860078818	0.6938426808734586	0.8184428463655916	0.6937028567769915
1771.3990689767988	0.0005006671431472747	0.6942147052053534	0.8186845937913916	0.6933713333700351
1773.3959946734385	0.0005009715965638394	0.6945862595590526	0.8189259741840385	0.6930400640399415
1775.3917068161816	0.0005012762202253456	0.6949573443192936	0.81916698807453	0.6927090486106321
1777.3862062021462	0.0005015810140287055	0.6953279598717101	0.8194076359934918	0.6923782869058848
1779.379493628639	0.0005018859778709062	0.6956981066028223	0.8196479184711716	0.6920477787493342
1781.3715698931583	0.0005021911116490145	0.6960677849000313	0.8198878360374405	0.6917175239644753
1783.3624357933834	0.0005024964152601735	0.6964369951516124	0.8201273892217885	0.6913875223746621
1785.352092127177	0.0005028018886016042	0.6968057377467068	0.8203665785533216	0.6910577738031108
1787.3405396925784	0.0005031075315706055	0.6971740130753171	0.8206054045607615	0.6907282780729028
1789.3277792878011	0.0005034133440645538	0.6975418215282974	0.8208438677724402	0.690399035006982
1791.313811711232	0.0005037193259809042	0.6979091634973487	0.8210819687163006	0.6900700444281597
1793.2986377614225	0.0005040254772171889	0.698276039375011	0.8213197079198913	0.6897413061591139
1795.2822582370914	0.0005043317976710198	0.6986424495546576	0.8215570859103681	0.6894128200223932
1797.2646739371155	0.0005046382872400855	0.6990083944304872	0.8217941032144866	0.6890845858404147
1799.2458856605326	0.0005049449458221536	0.6993738743975166	0.8220307603586037	0.6887566034354682
1801.2258942065334	0.0005052517733150708	0.6997388898515765	0.8222670578686745	0.6884288726297159
1803.2047003744597	0.0005055587696167609	0.7001034411893019	0.8225029962702493	0.688101393245195
1805.1823049638037	0.0005058659346252286	0.700467528808128	0.8227385760884721	0.687774165103819
1807.1587087742	0.0005061732682385558	0.7008311531062813	0.822973797848078	0.6874471880273777
1809.1339126054247	0.000506480770354904	0.7011943144827744	0.8232086620733904	0.6871204618375386
1811.1079172573945	0.0005067884408725132	0.7015570133373982	0.8234431692883207	0.6867939863558519
1813.0807235301595	0.0005070962796897029	0.7019192500707178	0.8236773200163647	0.6864677614037458
1815.0523322239035	0.000507404286704872	0.7022810250840623	0.823911114780601	0.6861417868025335
1817.0227441389382	0.0005077124618164986	0.7026423387795225	0.8241445541036875	0.6858160623734104
1818.991960075701	0.0005080208049231395	0.70300319155994	0.8243776385078623	0.6854905879374579
1820.9599808347507	0.0005083293159234322	0.7033635838289035	0.824610368514938	0.6851653633156435
1822.9268072167667	0.0005086379947160925	0.7037235159907425	0.8248427446463036	0.6848403883288227
1824.892440022546	0.0005089468411999173	0.7040829884505191	0.825074767422919	0.6845156627977396
1826.856880052997	0.0005092558552737823	0.7044420016140237	0.8253064373653146	0.6841911865430298
1828.8201281091376	0.0005095650368366435	0.7048005558877666	0.8255377549935903	0.6838669593852199
1830.7821849920945	0.0005098743857875361	0.7051586516789727	0.8257687208274115	0.6835429811447292
1832.743051503096	0.0005101839020255768	0.7055162893955755	0.8259993353860154	0.683219251641871
1834.7027284434746	0.0005104935854499613	0.7058734694462104	0.8262295991882668	0.6828957706968493
1836.6612166146554	0.0005108034359599655	0.7062301922402076	0.8264595127495571	0.6825725381300078
1838.6185168181635	0.0005111134534549465	0.7065864581875875	0.8266890765373445	0.6822495537654095
1840.5746298556119	0.0005114236378343409	0.7069422676990538	0.8269182911268388	0.6819268174183094
1842.5295565287033	0.0005117339889976662	0.7072976211859858	0.8271471570366216	0.6816043289083867
1844.4832976392279	0.0005120445068445207	0.707652519060435	0.8273756747829029	0.681282088055378
1846.4358539890545	0.0005123551912745826	0.7080069617351172	0.8276038448814795	0.6809600946789193
1848.3872263801352	0.0005126660421876117	0.7083609496234057	0.8278316678477128	0.6806383485985509
1850.3374156144953	0.000512977059483448	0.7087144831393273	0.828059144196521	0.6803168496337161
1852.2864224942373	0.0005132882430620131	0.7090675626975546	0.8282862744423807	0.6799955976037654
1854.2342478215296	0.0005135995928233078	0.7094201887134004	0.8285130590993223	0.679674592327956
1856.1808923986143	0.0005139111086674167	0.7097723616028121	0.8287394986809327	0.6793538336254539
1858.126357027792	0.0005142227904945033	0.7101240817823645	0.8289655937003467	0.6790333213153331
1860.070642511431	0.0005145346382048136	0.7104753496692557	0.829191344670252	0.6787130552165805
1862.0137496519517	0.0005148466516986737	0.710826165681299	0.829416752102882	0.6783930351480927
1863.9556792518367	0.0005151588308764922	0.7111765302369194	0.8296418165100181	0.6780732609286817
1865.896432113618	0.0005154711756387582	0.7115264437551442	0.8298665384029844	0.6777537323770725
1867.836009039881	0.0005157836858860435	0.7118759066556019	0.8300909182926498	0.6774344493119064
1869.7744108332527	0.0005160963615190001	0.7122249193585112	0.8303149566894207	0.6771154115517407
1871.7116382964093	0.0005164092024383624	0.712573482284679	0.8305386541032461	0.6767966189150512
1873.6476922320694	0.0005167222085449467	0.7129215958554931	0.8307620110436111	0.6764780712202336
1875.582573442984	0.0005170353797396502	0.7132692604929162	0.8309850280195358	0.6761597682856023
1877.516282731947	0.0005173487159234533	0.7136164766194809	0.8312077055395757	0.675841709929395
1879.4488209017816	0.0005176622169974169	0.7139632446582826	0.8314300441118181	0.6755238959697706
1881.380188755343	0.0005179758828626854	0.7143095650329763	0.8316520442438821	0.6752063262248131
1883.3103870955097	0.0005182897134204831	0.7146554381677673	0.8318737064429139	0.6748890005125302
1885.2394167251907	0.0005186037085721189	0.715000864487409	0.8320950312155905	0.6745719186508571
1887.1672784473121	0.0005189178682189823	0.7153458444171955	0.8323160190681121	0.6742550804576555
1889.0939730648213	0.0005192321922625454	0.7156903783829558	0.8325366705062054	0.6739384857507157
1891.0195013806822	0.0005195466806043631	0.716034466811049	0.8327569860351188	0.6736221343477579
1892.943864197871	0.0005198613331460716	0.7163781101283581	0.8329769661596238	0.6733060260664328
1894.867062319376	0.000520176149789391	0.7167213087622851	0.83319661138401	0.6729901607243227
1896.7890965481927	0.0005204911304361228	0.7170640631407451	0.8334159222120877	0.6726745381389438
1898.7099676873206	0.0005208062749881511	0.7174063736921598	0.833634899147182	0.672359158127745
1900.6296765397656	0.0005211215833474436	0.7177482408454545	0.833853542692136	0.6720440205081119
1902.548223908529	0.0005214370554160492	0.7180896650300495	0.8340718533493043	0.6717291250973653
1904.465610596613	0.0005217526910961008	0.7184306466758577	0.8342898316205571	0.6714144717127637
1906.3818374070129	0.0005220684902898136	0.7187711862132766	0.8345074780072747	0.6711000601715045
1908.296905142715	0.0005223844528994855	0.7191112840731846	0.8347247930103496	0.6707858902907244
1910.210814606697	0.0005227005788274976	0.7194509406869355	0.8349417771301758	0.6704719618875009
1912.1235666019222	0.000523016867976314	0.7197901564863524	0.8351584308648803	0.6701582747788881
1914.0351619313346	0.0005233333202484813	0.7201289319037212	0.8353747546810749	0.6698448287824743
1915.945601397866	0.0005236499355466294	0.7204672673717893	0.8355907491119956	0.6695316237145092
1917.854885804421	0.0005239667137734722	0.7208051633237563	0.8358064146603259	0.6692186593917622
1919.7630159538844	0.0005242836548318052	0.7211426201932706	0.8360217518238561	0.6689059356310322
1921.66999264911	0.0005246007586245081	0.7214796384144233	0.8362367610997865	0.6685934522490682
1923.57581669293	0.0005249180250545441	0.7218162184217449	0.8364514429848254	0.6682812090625675
1925.4804888881345	0.0005252354540249587	0.7221523606501966	0.8366657979751837	0.6679692058881738
1927.3840100374896	0.0005255530454388818	0.7224880655351692	0.8368798265665798	0.6676574425424847
1929.2863809437176	0.0005258707991995261	0.7228233335124747	0.8370935292542342	0.6673459188420466
1931.1876024095063	0.0005261887152101884	0.7231581650183433	0.837306906532868	0.6670346346033585
1933.0876752374957	0.0005265067933742476	0.7234925604894166	0.8375199588967027	0.6667235896428725
1934.9866002302879	0.0005268250335951684	0.723826520362744	0.8377326868394609	0.6664127837769952
1936.8843781904338	0.0005271434357764966	0.7241600450757765	0.8379450908543605	0.6661022168220887
1938.781009920437	0.0005274619998218635	0.7244931350663626	0.8381571714341178	0.6657918885944708
1940.6764962227471	0.0005277807256349836	0.7248257907727428	0.8383689290709443	0.6654817989104175
1942.5708378997624	0.0005280996131196545	0.7251580126335441	0.8385803642565443	0.6651719475861617
1944.464035753821	0.0005284186621797584	0.7254898010877763	0.8387914774821165	0.6648623344378967
1946.3560905872034	0.0005287378727192607	0.7258211565748256	0.8390022692383506	0.6645529592817758
1948.247003202128	0.0005290572446422111	0.7261520795344513	0.839212740015428	0.664243821933914
1950.1367744007491	0.000529376777852743	0.726482570406779	0.8394228903030175	0.6639349222103874
1952.0254049851549	0.0005296964722550738	0.7268126296322973	0.839632720590278	0.6636262599272368
1953.9128957573623	0.0005300163277535046	0.7271422576518521	0.8398422313658555	0.6633178349004664
1955.7992475193178	0.0005303363442524206	0.7274714549066418	0.8400514231178811	0.6630096469460458
1957.6844610728956	0.0005306565216562915	0.7278002218382136	0.8402602963339716	0.6627016958799107
1959.5685372198918	0.000530976859869671	0.7281285588884561	0.8404688515012277	0.6623939815179642
1961.4514767620237	0.0005312973587971959	0.7284564664995975	0.8406770891062326	0.6620865036760774
1963.333280500927	0.000531618018343588	0.7287839451141991	0.8408850096350515	0.6617792621700899
1965.2139492381564	0.0005319388384136537	0.7291109951751514	0.8410926135732307	0.661472256815813
1967.0934837751795	0.0005322598189122831	0.7294376171256683	0.841299901405796	0.6611654874290268
1968.971884913373	0.0005325809597444502	0.7297638114092829	0.8415068736172516	0.6608589538254845
1970.8491534540274	0.0005329022608152137	0.7300895784698438	0.8417135306915795	0.6605526558209123
1972.7252901983377	0.0005332237220297167	0.7304149187515094	0.8419198731122397	0.6602465932310099
1974.6002959474033	0.0005335453432931864	0.7307398326987431	0.8421259013621665	0.6599407658714513
1976.4741715022283	0.0005338671245109349	0.7310643207563096	0.8423316159237693	0.6596351735578869
1978.3469176637175	0.0005341890655883579	0.7313883833692698	0.8425370172789327	0.6593298161059433
1980.218535232668	0.0005345111664309358	0.7317120209829752	0.8427421059090124	0.6590246933312244
1982.0890250097782	0.0005348334269442337	0.7320352340430656	0.842946882294837	0.6587198050493122
1983.958387795638	0.0005351558470339013	0.7323580229954632	0.8431513469167072	0.6584151510757694
1985.826624390729	0.0005354784266056727	0.7326803882863675	0.8433555002543996	0.6581107312261364
1987.69373559542	0.000535801165565366	0.7330023303622525	0.8435593427859808	0.6578065453160962
1989.5597222099684	0.0005361240638188848	0.7333238496698605	0.8437628749598269	0.6575025931652791
1991.424585034513	0.0005364471212722163	0.733644946656199	0.843966097286981	0.6571988745846984
1993.2883248690787	0.0005367703378314332	0.7339656217685351	0.8441690102471333	0.6568953893895474
1995.1509425135678	0.0005370937134026927	0.7342858754543928	0.8443716143172085	0.6565921373953085
1997.012438767759	0.0005374172478922358	0.7346057081615465	0.8445739099735937	0.6562891184174493
1998.8728144313095	0.0005377409412063895	0.7349251203380176	0.8447758976921519	0.6559863322714227
2000.7320703037474	0.0005380647932515644	0.7352441124320712	0.8449775779482138	0.6556837787726673
2002.5902071844744	0.0005383888039342569	0.73556268489221	0.8451789512165806	0.6553814577366108
2004.4472258727578	0.0005387129731610468	0.7358808381671709	0.8453800179715196	0.655079368978667
2006.303127167735	0.0005390373008385995	0.7361985727059209	0.8455807786867665	0.6547775123142395
2008.1579118684056	0.0005393617868736656	0.7365158889576521	0.8457812338355217	0.654475887558723
2010.0115807736336	0.0005396864311730796	0.7368327873717783	0.8459813838904513	0.6541744945275008
2011.8641346821398	0.0005400112336437616	0.7371492683979299	0.8461812293236859	0.6538733330359497
2013.7155743925068	0.0005403361941927159	0.737465332485951	0.8463807706068195	0.6535724028994381
2015.5659007031725	0.0005406613127270321	0.737780980085893	0.8465800082109094	0.653271703933328
2017.4151144124285	0.0005409865891538846	0.7380962116480131	0.8467789426064742	0.6529712359529756
2019.2632163184173	0.0005413120233805326	0.7384110276227683	0.8469775742634947	0.6526709987737321
2021.1102072191336	0.0005416376153143202	0.7387254284608125	0.8471759036514114	0.6523709922109449
2022.9560879124153	0.0005419633648626763	0.7390394146129897	0.8473739312391247	0.6520712160799571
2024.8008591959508	0.0005422892719331155	0.7393529865303348	0.8475716574949953	0.6517716701961103
2026.64452186727	0.0005426153364332364	0.739666144664064	0.8477690828868399	0.6514723543747443
2028.4870767237444	0.0005429415582707232	0.7399788894655758	0.8479662078819356	0.6511732684311985
2030.3285245625832	0.0005432679373533445	0.7402912213864427	0.8481630329470148	0.6508744121808112
2032.1688661808369	0.0005435944735889543	0.7406031408784095	0.848359558548266	0.6505757854389215
2034.0081023753878	0.0005439211668854922	0.74091464839339	0.8485557851513348	0.650277388020872
2035.8462339429534	0.0005442480171509813	0.7412257443834607	0.8487517132213204	0.6499792197420053
2037.6832616800812	0.0005445750242935309	0.7415364293008582	0.848947343222777	0.6496812804176694
2039.5191863831494	0.0005449021882213348	0.7418467035979752	0.8491426756197126	0.649383569863214
2041.3540088483628	0.0005452295088426724	0.7421565677273569	0.849337710875588	0.6490860878939959
2043.1877298717523	0.0005455569860659078	0.742466022141697	0.8495324494533171	0.6487888343253767
2045.0203502491702	0.0005458846197994898	0.7427750672938315	0.8497268918152636	0.6484918089727227
2046.8518707762955	0.0005462124099519533	0.7430837036367398	0.8499210384232464	0.6481950116514105
2048.682292248617	0.000546540356431917	0.7433919316235358	0.8501148897385314	0.6478984421768224
2050.5116154614507	0.0005468684591480854	0.7436997517074668	0.8503084462218364	0.6476021003643494
2052.339841209924	0.0005471967180092486	0.7440071643419095	0.8505017083333289	0.6473059860293936
2054.1669702889762	0.0005475251329242803	0.7443141699803645	0.8506946765326246	0.647010098987366
2055.9930034933627	0.0005478537038021409	0.7446207690764559	0.8508873512787888	0.6467144390536885
2057.817941617645	0.0005481824305518748	0.7449269620839243	0.8510797330303341	0.6464190060437957
2059.6417854561923	0.0005485113130826118	0.7452327494566232	0.851271822245222	0.6461237997731331
2061.4645358031826	0.0005488403513035671	0.7455381316485187	0.8514636193807494	0.6458288200572103
2063.2861934525968	0.0005491695451240408	0.7458431091136813	0.8516551248893178	0.6455340667135004
2065.106759198217	0.0005494988944534182	0.7461476823062864	0.8518463391970378	0.6452395395710341
2066.926233833625	0.0005498283992011691	0.7464518516806061	0.8520372627984464	0.6449452384278922
2068.7446181522055	0.0005501580592768495	0.7467556176910111	0.8522278961485187	0.6446511630996947
2070.561912947134	0.0005504878745901002	0.7470589807919618	0.8524182397016529	0.644357313402089
2072.3781190113837	0.0005508178450506463	0.7473619414380079	0.8526082939117282	0.6440636891507212
2074.193237137721	0.0005511479705682986	0.7476645000837829	0.8527980592320763	0.6437702901612533
2076.007268118701	0.0005514782510529532	0.7479666571840029	0.8529875361154776	0.6434771162493637
2077.820212746672	0.0005518086864145915	0.7482684131934606	0.8531767250141615	0.643184167230747
2079.6320718137667	0.000552139276563279	0.7485697685670244	0.8533656263798057	0.6428914429211167
2081.4428461119023	0.0005524700214091673	0.7488707237596302	0.8535542406635351	0.6425989431362034
2083.2525364327826	0.0005528009208624926	0.7491712792262845	0.8537425683159232	0.6423066676917584
2085.061143567893	0.0005531319748335765	0.7494714354220552	0.8539306097869894	0.6420146164035515
2086.8686683084975	0.0005534631832328253	0.7497711928020713	0.8541183655262004	0.6417227890873746
2088.6751114456406	0.0005537945459707313	0.7500705518215183	0.8543058359824673	0.6414311855590404
2090.4804737701406	0.0005541260629578702	0.7503695129356346	0.8544930216041484	0.6411398056343834
2092.284756072594	0.0005544577341049047	0.7506680765997091	0.8546799228390469	0.6408486491292626
2094.0879591433686	0.0005547895593225813	0.7509662432690775	0.8548665401344095	0.6405577158595593
2095.890083772603	0.0005551215385217319	0.7512640133991174	0.8550528739369277	0.6402670056411791
2097.6911307502064	0.0005554536716132737	0.7515613874452476	0.8552389246927378	0.6399765182900541
2099.491100865857	0.0005557859585082089	0.7518583658629219	0.8554246928474175	0.6396862536221413
2101.2899949089965	0.0005561183991176243	0.7521549491076279	0.8556101788459892	0.6393962114534242
2103.0878136688348	0.0005564509933526924	0.7524511376348838	0.8557953831329176	0.639106391599914
2104.88455793434	0.0005567837411246705	0.7527469319002329	0.8559803061521092	0.63881679387765
2106.6802284942455	0.0005571166423449001	0.7530423323592422	0.8561649483469121	0.6385274181026998
2108.4748261370414	0.0005574496969248093	0.7533373394674993	0.8563493101601171	0.6382382640911606
2110.2683516509765	0.00055778290477591	0.7536319536806076	0.8565333920339552	0.6379493316591596
2112.060805824056	0.0005581162658097991	0.7539261754541849	0.8567171944100987	0.6376606206228554
2113.8521894440405	0.0005584497799381596	0.754220005243859	0.8569007177296607	0.6373721307984372
2115.6425032984384	0.0005587834470727579	0.7545134435052641	0.8570839624331934	0.6370838620021272
2117.4317481745175	0.0005591172671254469	0.7548064906940402	0.8572669289606905	0.6367958140501799
2119.219924859286	0.0005594512400081635	0.7550991472658259	0.8574496177515837	0.6365079867588839
2121.0070341395053	0.0005597853656329292	0.7553914136762582	0.8576320292447444	0.6362203799445604
2122.7930768016818	0.0005601196439118516	0.7556832903809699	0.857814163878484	0.635932993423568
2124.5780536320676	0.0005604540747571222	0.7559747778355831	0.8579960220905513	0.6356458270122988
2126.361965416655	0.0005607886580810177	0.7562658764957101	0.8581776043181337	0.6353588805271819
2128.144812941179	0.0005611233937959	0.7565565868169477	0.858358910997858	0.6350721537846837
2129.9265969911157	0.0005614582818142153	0.7568469092548746	0.8585399425657876	0.6347856466013073
2131.7073183516777	0.0005617933220484953	0.7571368442650489	0.8587206994574242	0.6344993587935945
2133.486977807813	0.000562128514411356	0.7574263923030056	0.8589011821077065	0.6342132901781254
2135.2655761442093	0.0005624638588154986	0.7577155538242517	0.859081390951011	0.6339274405715203
2137.0431141452805	0.0005627993551737082	0.7580043292842644	0.8592613264211507	0.6336418097904389
2138.819592595179	0.0005631350033988562	0.7582927191384894	0.8594409889513756	0.6333563976515821
2140.595012277785	0.0005634708034038975	0.7585807238423349	0.8596203789743714	0.633071203971692
2142.369373976705	0.0005638067551018722	0.7588683438511714	0.8597994969222621	0.632786228567553
2144.1426784752784	0.0005641428584059054	0.7591555796203279	0.8599783432266058	0.6325014712559913
2145.9149265565616	0.000564479113229206	0.759442431605087	0.8601569183183969	0.632216931853877
2147.6861190033464	0.0005648155194850691	0.759728900260687	0.8603352226280677	0.6319326101781247
2149.4562565981373	0.0005651520770868728	0.7600149860423122	0.860513256585483	0.631648506045692
2151.2253401231646	0.0005654887859480807	0.7603006894050965	0.860691020619945	0.6313646192735825
2152.9933703603792	0.0005658256459822416	0.7605860108041169	0.8608685151601911	0.6310809496788458
2154.7603480914454	0.0005661626571029877	0.7608709506943907	0.8610457406343931	0.6307974970785769
2156.5262740977473	0.0005664998192240362	0.7611555095308737	0.8612226974701576	0.6305142612899183
2158.291149160388	0.0005668371322591893	0.7614396877684582	0.8613993860945274	0.6302312421300601
2160.0549740601764	0.0005671745961223337	0.7617234858619676	0.8615758069339723	0.6299484394162463
2161.81774957764	0.0005675122107274409	0.7620069042661571	0.8617519604142874	0.6296658529658586
2163.5794764930106	0.0005678499759885644	0.7622899434357063	0.8619278469567107	0.6293834825995817
2165.3401555862397	0.0005681878918198464	0.7625726038252226	0.8621034669693133	0.6291013281484156
2167.0997876369743	0.00056852595813551	0.7628548858892321	0.8622788208985166	0.6288193894116733
2168.8583734245753	0.0005688641748498645	0.7631367900821807	0.8624539091685304	0.6285376662063873
2170.6159137281084	0.0005692025418773029	0.7634183168584318	0.8626287322023829	0.6282561583501449
2172.3724093263395	0.000569541059132303	0.7636994666722603	0.8628032904225208	0.6279748656605966
2174.1278609977403	0.000569879726529427	0.7639802399778539	0.8629775842508264	0.6276937879554454
2175.8822695204826	0.0005702185439833211	0.7642606372293075	0.8631516141086175	0.6274129250524454
2177.635635672434	0.0005705575114087155	0.764540658880621	0.8633253804166475	0.6271322767694029
2179.3879602311654	0.0005708966287204259	0.7648203053856989	0.8634988835951053	0.6268518429241784
2181.1392439739393	0.000571235895833351	0.7650995771983449	0.8636721240636145	0.626571623334685
2182.889487677715	0.0005715753126624739	0.7653784747722597	0.8638451022412332	0.6262916178188895
2184.6386921191497	0.0005719148791228627	0.7656569985610416	0.8640178185464565	0.6260118261948151
2186.3868580745852	0.0005722545951296685	0.7659351490181793	0.8641902733972128	0.625732248280539
2188.1339863200624	0.0005725944605981283	0.7662129265970524	0.8643624672108673	0.625452883894195
2189.880077631307	0.0005729344754435611	0.7664903317509281	0.8645344004042186	0.6251737328539727
2191.625132783733	0.0005732746395813715	0.7667673649329583	0.8647060733935006	0.6248947949781195
2193.369152552444	0.0005736149529270472	0.7670440265961773	0.8648774865943829	0.6246160700849392
2195.1121377122276	0.0005739554153961608	0.7673203171934998	0.8650486404219694	0.6243375579927948
2196.854089037557	0.0005742960269043685	0.7675962371777176	0.8652195352907988	0.6240592585201074
2198.5950073025883	0.0005746367873674103	0.7678717870014986	0.8653901716148459	0.6237811714853576
2200.3348932811564	0.00057497769670111	0.7681469671173804	0.865560549807518	0.6235032967070854
2202.073747746781	0.0005753187548213758	0.7684217779777743	0.86573067028166	0.6232256340038907
2203.8115714726578	0.0005756599616441996	0.7686962200349582	0.8659005334495501	0.6229481831944355
2205.5483652316634	0.0005760013170856576	0.7689702937410733	0.8660701397229024	0.6226709440974416
2207.284129796345	0.0005763428210619082	0.7692439995481257	0.8662394895128641	0.6223939165316932
2209.0188659389355	0.0005766844734891959	0.7695173379079827	0.8664085832300207	0.6221171003160381
2210.752574431329	0.0005770262742838466	0.7697903092723672	0.8665774212843892	0.6218404952693842
2212.4852560451022	0.0005773682233622719	0.7700629140928603	0.8667460040854243	0.6215641012107057
2214.216911551499	0.0005777103206409655	0.7703351528208949	0.8669143320420141	0.6212879179590388
2215.947541721436	0.0005780525660365069	0.7706070259077569	0.8670824055624836	0.6210119453334856
2217.6771473254958	0.0005783949594655565	0.7708785338045786	0.8672502250545916	0.6207361831532116
2219.405729133929	0.0005787375008448597	0.7711496769623406	0.8674177909255323	0.6204606312374485
2221.1332879166553	0.0005790801900912456	0.771420455831867	0.8675851035819359	0.6201852894054943
2222.8598244432587	0.0005794230271216268	0.7716908708638248	0.8677521634298683	0.6199101574767129
2224.5853394829846	0.0005797660118529985	0.7719609225087191	0.8679189708748296	0.619635235270535
2226.309833804747	0.0005801091442024409	0.7722306112168936	0.8680855263217572	0.6193605226064592
2228.033308177114	0.0005804524240871153	0.7724999374385271	0.8682518301750226	0.6190860193040519
2229.755763368321	0.000580795851424269	0.7727689016236308	0.8684178828384344	0.6188117251829474
2231.477200146258	0.000581139426131231	0.7730375042220472	0.8685836847152363	0.61853764006285
2233.197619278473	0.0005814831481254136	0.7733057456834471	0.8687492362081074	0.6182637637635314
2234.9170215321797	0.0005818270173243132	0.7735736264573284	0.8689145377191656	0.6179900961048359
2236.635407674231	0.0005821710336455083	0.773841146993012	0.8690795896499615	0.6177166369066751
2238.352778471151	0.0005825151970066626	0.7741083077396427	0.8692443924014849	0.6174433859890343
2240.0691346891067	0.0005828595073255202	0.774375109146183	0.8694089463741606	0.6171703431719674
2241.7844770939205	0.00058320396451991	0.7746415516614146	0.8695732519678497	0.6168975082756016
2243.4988064510667	0.0005835485685077444	0.7749076357339351	0.8697373095818519	0.6166248811201364
2245.212123525667	0.0005838933192070173	0.7751733618121545	0.8699011196149011	0.6163524615258428
2246.9244290824954	0.0005842382165358067	0.7754387303442956	0.8700646824651709	0.6160802493130659
2248.635723885972	0.0005845832604122737	0.7757037417783901	0.8702279985302704	0.6158082443022239
2250.34600870016	0.0005849284507546609	0.7759683965622763	0.8703910682072461	0.6155364463138088
2252.0552842887755	0.0005852737874812956	0.7762326951435996	0.870553891892583	0.6152648551683877
2253.763551415168	0.0005856192705105867	0.7764966379698062	0.8707164699822028	0.6149934706866019
2255.4708108423406	0.0005859648997610262	0.7767602254881453	0.8708788028714651	0.6147222926891682
2257.1770633329343	0.0005863106751511892	0.7770234581456655	0.871040890955168	0.61445132099688
2258.8823096492306	0.0005866565965997332	0.7772863363892116	0.8712027346275479	0.6141805554306056
2260.58655055315	0.0005870026640253982	0.777548860665424	0.8713643342822799	0.6139099958112871
2262.289786806254	0.0005873488773470076	0.777811031420736	0.8715256903124996	0.613639641959899
2263.9920191697424	0.0005876952364834663	0.7780728491013735	0.8716868031088643	0.6133694937016575
2265.6932484044487	0.0005880417413537626	0.7783343141533501	0.8718476730633595	0.6130995508577382
2267.3934752708424	0.0005883883918769668	0.7785954270224671	0.872008300569606	0.6128298132446336
2269.0927005290296	0.0005887351879722317	0.7788561881543122	0.8721686860184132	0.6125602806838112
2270.790924938748	0.0005890821295587935	0.7791165979942559	0.8723288298000789	0.612290952996713
2272.4881492593677	0.0005894292165559688	0.77937665698745	0.8724887323043402	0.6120218300048542
2274.184374249895	0.0005897764488831591	0.7796363655788274	0.8726483939203784	0.611752911529831
2275.879600668957	0.0005901238264598457	0.7798957242130967	0.8728078150368113	0.6114841973933179
2277.573829274819	0.0005904713492055936	0.7801547333347452	0.8729669960416999	0.6112156874170702
2279.2670608253684	0.0005908190170400492	0.7804133933880313	0.8731259373225442	0.6109473814229238
2280.9592960781233	0.0005911668298829422	0.7806717048169876	0.8732846392662874	0.6106792792327967
2282.650535790228	0.0005915147876540835	0.7809296680654175	0.8734431022593121	0.6104113806686879
2284.3407807184494	0.0005918628902733658	0.7811872835768912	0.8736013266874426	0.6101436855526776
2286.0300316191824	0.000592211137660765	0.7814445517947477	0.8737593129359463	0.6098761937069292
2287.7182892484407	0.0005925595297363378	0.7817014731620894	0.8739170613895321	0.6096089049536896
2289.4055543618656	0.0005929080664202238	0.7819580481217833	0.87407457243235	0.6093418191152874
2291.0918277147116	0.0005932567476326433	0.7822142771164557	0.8742318464479931	0.6090749360141349
2292.777110061864	0.0005936055732939	0.7824701605884959	0.8743888838194985	0.6088082554727299
2294.4614021578186	0.0005939545433243778	0.7827256989800483	0.874545684929345	0.6085417773136529
2296.144704756691	0.0005943036576445432	0.7829808927330135	0.874702250159454	0.6082755013595695
2297.8270186122195	0.0005946529161749446	0.7832357422890489	0.8748585798911928	0.6080094274332308
2299.508344477754	0.0005950023188362117	0.7834902480895628	0.8750146745053707	0.6077435553574739
2301.1886831062584	0.0005953518655490556	0.7837444105757139	0.8751705343822413	0.6074778849552201
2302.868035250317	0.0005957015562342695	0.7839982301884127	0.8753261599015036	0.6072124160494786
2304.5464016621227	0.0005960513908127276	0.7842517073683156	0.8754815514423004	0.6069471484633444
2306.223783093481	0.0005964013692053855	0.7845048425558239	0.8756367093832192	0.6066820820199995
2307.9001802958137	0.0005967514913332811	0.7847576361910861	0.8757916341022937	0.6064172165427136
2309.5755940201484	0.000597101757117533	0.7850100887139912	0.8759463259770028	0.6061525518548442
2311.2500250171256	0.0005974521664793409	0.7852622005641701	0.8761007853842706	0.6058880877798364
2312.923474036992	0.0005978027193399864	0.7855139721809922	0.8762550127004679	0.6056238241412238
2314.595941829604	0.0005981534156208312	0.7857654040035656	0.8764090083014117	0.6053597607626289
2316.267429144425	0.0005985042552433197	0.7860164964707338	0.8765627725623663	0.605095897467764
2317.9379367305264	0.0005988552381289765	0.7862672500210759	0.8767163058580425	0.6048322340804303
2319.60746533658	0.0005992063641994072	0.7865176650929026	0.8768696085625983	0.6045687704245188
2321.2760157108664	0.0005995576333762989	0.7867677421242569	0.8770226810496399	0.6043055063240106
2322.9435886012675	0.0005999090455814194	0.7870174815529115	0.8771755236922216	0.6040424416029784
2324.6101847552713	0.0006002606007366172	0.7872668838163674	0.877328136862846	0.6037795760855844
2326.2758049199633	0.000600612298763822	0.7875159493518519	0.8774805209334641	0.6035169095960841
2327.9404498420317	0.0006009641395850448	0.7877646785963175	0.8776326762754796	0.6032544419588292
2329.6041202677657	0.0006013161231223762	0.7880130719864411	0.8777846032606015	0.6029921729998114
2331.2668169430513	0.0006016682492979878	0.7882611299586213	0.8779363022590512	0.6027301025434206
2332.928540613375	0.0006020205180341332	0.7885088529489768	0.8780877736396102	0.6024682304125304
2334.58929202382	0.0006023729292531447	0.7887562413933461	0.8782390177714874	0.6022065564318738
2336.249071919066	0.0006027254828774363	0.7890032957272854	0.8783900350233429	0.6019450804262776
2337.9078810433916	0.0006030781788295027	0.7892500163860671	0.8785408257632874	0.6016838022206612
2339.565720140664	0.0006034310170319183	0.7894964038046777	0.8786913903588823	0.6014227216400378
2341.222589954349	0.000603783997407338	0.7897424584178174	0.8788417291771407	0.6011618385095135
2342.8784912275064	0.0006041371198784975	0.789988180659899	0.8789918425845274	0.6009011526542892
2344.533424702788	0.0006044903843682128	0.7902335709650441	0.87914173094696	0.6006406638996601
2346.1873911224334	0.0006048437907993796	0.7904786297670845	0.8792913946298071	0.6003803720710152
2347.8403912282793	0.0006051973390949742	0.7907233574995591	0.8794408339978921	0.6001202769938394
2349.492425761749	0.0006055510291780531	0.790967754595714	0.8795900494154903	0.5998603784937125
2351.1434954638535	0.0006059048609717522	0.7912118214884978	0.8797390412463302	0.5996006763963098
2352.793601075197	0.0006062588343992888	0.7914555586105647	0.879887809853596	0.5993411705274022
2354.442743335968	0.000606612949383959	0.7916989663942706	0.8800363555999257	0.5990818607128581
2356.0909229859435	0.0006069672058491388	0.7919420452716707	0.8801846788474104	0.5988227467786408
2357.738140764486	0.0006073216037182854	0.7921847956745214	0.8803327799575992	0.5985638285508115
2359.3843974105425	0.0006076761429149333	0.7924272180342745	0.8804806592914939	0.598305105855528
2361.029693662648	0.0006080308233626997	0.7926693127820817	0.8806283172095547	0.5980465785190463
2362.674030258919	0.0006083856449852797	0.7929110803487881	0.8807757540716962	0.5977882463677192
2364.3174079370547	0.0006087406077064482	0.7931525211649321	0.8809229702372912	0.5975301092279982
2365.959827434337	0.0006090957114500605	0.793393635660747	0.8810699660651683	0.597272166926433
2367.6012894876326	0.0006094509561400503	0.7936344242661557	0.8812167419136149	0.5970144192896718
2369.2417948333828	0.0006098063417004317	0.7938748874107716	0.8813632981403756	0.5967568661444625
2370.881344207615	0.0006101618680552979	0.7941150255238977	0.881509635102653	0.5964995073176506
2372.5199383459335	0.0006105175351288212	0.7943548390345238	0.8816557531571096	0.5962423426361834
2374.1575779835225	0.0006108733428452538	0.7945943283713263	0.8818016526598659	0.5959853719271055
2375.794263855144	0.0006112292911289272	0.7948334939626671	0.8819473339665038	0.5957285950175644
2377.429996695133	0.000611585379904251	0.7950723362365906	0.8820927974320614	0.5954720117348047
2379.064777237411	0.0006119416090957149	0.7953108556208256	0.8822380434110421	0.5952156219061754
2380.698606215466	0.0006122979786278875	0.7955490525427812	0.8823830722574062	0.5949594253591234
2382.331484362363	0.000612654488425417	0.7957869274295469	0.882527884324578	0.5947034219211982
2383.963412410745	0.0006130111384130291	0.796024480707891	0.8826724799654407	0.5944476114200503
2385.5943910928263	0.0006133679285155295	0.79626171280426	0.8828168595323425	0.5941919936834327
2387.224421140395	0.0006137248586578028	0.7964986241447765	0.8829610233770921	0.5939365685391995
2388.853503284812	0.0006140819287648125	0.7967352151552399	0.8831049718509626	0.5936813358153086
2390.481638257007	0.0006144391387615994	0.7969714862611211	0.8832487053046884	0.5934262953398178
2392.108826787488	0.0006147964885732853	0.7972074378875676	0.8833922240884652	0.5931714469408874
2393.7350696063218	0.0006151539781250686	0.7974430704593958	0.8835355285518922	0.5929167904467377
2395.3603674431592	0.0006155116073422272	0.7976783844010952	0.8836786190474444	0.592662325688071
2396.9847210272083	0.0006158693761501181	0.7979133801368237	0.8838214959212304	0.5924080524916254
2398.608131087249	0.000616227284474175	0.7981480580904075	0.8839641595200739	0.592153970685116
2400.230598351634	0.0006165853322399119	0.798382418685342	0.8841066101915356	0.5919000800972471
2401.852123548275	0.0006169435193729191	0.7986164623447874	0.8842488482826303	0.5916463805568212
2403.472707404656	0.0006173018457988674	0.7988501894915692	0.8843908741398397	0.5913928718927433
2405.0923506478257	0.0006176603114435047	0.7990836005481785	0.8845326881091127	0.5911395539340237
2406.711054004396	0.0006180189162326563	0.7993166959367672	0.8846742905358628	0.5908864265097757
2408.328818200546	0.0006183776600922275	0.7995494760791522	0.8848156817649737	0.5906334894492202
2409.9456439620158	0.0006187365429481993	0.7997819413968078	0.8849568621407956	0.5903807425816803
2411.561532014113	0.0006190955647266328	0.8000140923108724	0.8850978320071488	0.5901281857365869
2413.176483081705	0.0006194547253536662	0.8002459292421397	0.8852385917073206	0.5898758187434749
2414.7904978892193	0.0006198140247555145	0.800477452611063	0.8853791415840693	0.5896236414319861
2416.4035771606505	0.0006201734628584727	0.8007086628377518	0.8855194819796228	0.5893716536318675
2418.0157216195503	0.0006205330395889115	0.800939560341972	0.8856596132356787	0.5891198551729738
2419.626931989032	0.0006208927548732805	0.8011701455431439	0.885799535693407	0.5888682458852654
2421.237208991765	0.0006212526086381058	0.8014004188603416	0.885939249693448	0.588616825598809
2422.846553349984	0.0006216126008099926	0.8016303807122923	0.8860787555759141	0.5883655941437801
2424.4549657854795	0.000621972731315622	0.8018600315173745	0.8862180536803904	0.5881145513504599
2426.0624470195967	0.0006223330000817542	0.8020893716936182	0.8863571443459348	0.5878636970492382
2427.6689977732435	0.0006226934070352251	0.8023184016587026	0.886496027911078	0.5876130310706122
2429.2746187668804	0.0006230539521029485	0.8025471218299558	0.8866347047138248	0.587362553245187
2430.879310720525	0.0006234146352119157	0.8027755326243547	0.8867731750916553	0.5871122634036763
2432.4830743537573	0.000623775456289196	0.8030036344585231	0.8869114393815236	0.5868621613769023
2434.085910385701	0.0006241364152619339	0.8032314277487297	0.8870494979198589	0.5866122469957955
2435.687819535041	0.0006244975120573521	0.803458912910889	0.8871873510425664	0.5863625200913957
2437.2888025200164	0.0006248587466027503	0.8036860903605606	0.8873249990850277	0.5861129804948516
2438.888860058417	0.0006252201188255052	0.8039129605129464	0.887462442382102	0.5858636280374216
2440.487992867589	0.0006255816286530698	0.8041395237828903	0.8875996812681249	0.5856144625504738
2442.086201664426	0.0006259432760129742	0.8043657805848795	0.8877367160769096	0.5853654838654854
2443.683487165381	0.0006263050608328259	0.8045917313330403	0.8878735471417488	0.5851166918140446
2445.2798500864487	0.0006266669830403083	0.8048173764411393	0.888010174795413	0.5848680862278484
2446.8752911431834	0.0006270290425631813	0.8050427163225807	0.8881465993701526	0.5846196669387062
2448.4698110506833	0.0006273912393292818	0.8052677513904094	0.8882828211976973	0.5843714337785366
2450.0634105236018	0.0006277535732665239	0.8054924820573056	0.8884188406092579	0.5841233865793692
2451.656090276136	0.0006281160443028963	0.8057169087355852	0.8885546579355256	0.5838755251733457
2453.247851022034	0.0006284786523664652	0.8059410318372009	0.8886902735066735	0.5836278493927178
2454.838693474593	0.0006288413973853733	0.8061648517737391	0.8888256876523556	0.583380359069849
2456.4286183466606	0.0006292042792878393	0.8063883689564215	0.8889609007017095	0.5831330540372153
2458.017626350626	0.0006295672980021584	0.8066115837961005	0.8890959129833522	0.582885934127403
2459.6057181984265	0.000629930453456701	0.8068344967032628	0.8892307248265159	0.5826389991735881
2461.192894601548	0.0006302937455799143	0.8070571080880249	0.8893653365633644	0.5823922490105192
2462.77915627102	0.0006306571743003212	0.8072794183601338	0.8894997485145116	0.5821456834683861
2464.364503917417	0.0006310207395465207	0.8075014279289681	0.8896339610066056	0.5818993023802643
2465.94893825086	0.0006313844412471877	0.8077231372035332	0.8897679743657286	0.5816531055793199
2467.532459981017	0.000631748279331073	0.8079445465924637	0.8899017889174443	0.5814070928988314
2469.115069817089	0.000632112253727002	0.8081656565040215	0.890035404986801	0.5811612641721886
2470.696768467835	0.000632476364363878	0.8083864673460956	0.8901688228983348	0.580915619232895
2472.2775566415453	0.0006328406111706777	0.8086069795262	0.8903020429760667	0.5806701579145673
2473.8574350460585	0.0006332049940764547	0.8088271934514748	0.8904350655435058	0.580424880050935
2475.4364043887535	0.0006335695130103375	0.8090471095286835	0.8905678909236482	0.5801797854758415
2477.014465376549	0.0006339341679015293	0.8092667281642134	0.8907005194389783	0.5799348740232431
2478.5916187159096	0.0006342989586793111	0.809486049764076	0.8908329514114699	0.5796901455272112
2480.167865112835	0.0006346638852730363	0.8097050747339037	0.8909651871625857	0.5794455998219307
2481.7432052728686	0.0006350289476121354	0.8099238034789509	0.891097227013278	0.5792012367417004
2483.317639901092	0.0006353941456261128	0.8101422364040921	0.8912290712839894	0.578957056120934
2484.891169702127	0.0006357594792445495	0.8103603739138239	0.8913607202946551	0.5787130577941594
2486.4637953801343	0.0006361249483970997	0.8105782164122599	0.8914921743646991	0.5784692415960194
2488.0355176388134	0.0006364905530134945	0.8107957643031339	0.8916234338130399	0.5782256073612724
2489.6063371813984	0.0006368562930235379	0.8110130179897971	0.891754498958087	0.5779821549247907
2491.1762547106655	0.0006372221683571102	0.8112299778752181	0.891885370117744	0.5777388841215625
2492.7452709289264	0.0006375881789441661	0.8114466443619832	0.8920160476094088	0.5774957947866921
2494.3133865380278	0.0006379543247147344	0.8116630178522928	0.8921465317499713	0.5772528867553982
2495.880602239356	0.0006383206055989188	0.8118790987479645	0.8922768228558184	0.5770101598630161
2497.446918733833	0.0006386870215268988	0.81209488745043	0.8924069212428326	0.5767676139449971
2499.012336721914	0.0006390535724289265	0.8123103843607353	0.8925368272263909	0.5765252488369086
2500.576856903588	0.0006394202582353295	0.8125255898795384	0.8926665411213672	0.5762830643744334
2502.1404799783845	0.0006397870788765093	0.8127405044071129	0.8927960632421336	0.5760410603933723
2503.7032066453608	0.0006401540342829417	0.8129551283433412	0.8929253939025578	0.5757992367296411
2505.2650376031156	0.0006405211243851776	0.8131694620877211	0.8930545334160086	0.5755575932192738
2506.8259735497745	0.0006408883491138414	0.8133835060393589	0.8931834820953515	0.5753161296984204
2508.3860151829986	0.0006412557083996308	0.8135972605969717	0.8933122402529514	0.5750748460033484
2509.945163199985	0.0006416232021733191	0.8138107261588867	0.8934408082006746	0.5748337419704423
2511.5034182974587	0.0006419908303657523	0.8140239031230405	0.8935691862498865	0.5745928174362048
2513.0607811716773	0.0006423585929078513	0.8142367918869772	0.8936973747114535	0.5743520722372544
2514.6172525184334	0.0006427264897306096	0.8144493928478505	0.8938253738957447	0.574111506210329
2516.1728330330475	0.0006430945207650958	0.8146617064024214	0.8939531841126312	0.5738711191922838
2517.7275234103754	0.0006434626859424513	0.8148737329470563	0.894080805671486	0.5736309110200914
2519.2813243448018	0.0006438309851938916	0.8150854728777304	0.8942082388811863	0.5733908815308442
2520.8342365302333	0.0006441994184507054	0.8152969265900213	0.8943354840501113	0.5731510305617497
2522.3862606601224	0.0006445679856442551	0.8155080944791159	0.8944625414861286	0.5729113579501314
2523.937397427439	0.0006449366867059767	0.8157189769398028	0.8945894114963521	0.5726718635333501
2525.487647524686	0.0006453055215673784	0.8159295743664761	0.894716094396117	0.5724325471515733
2527.0370116438958	0.0006456744901600438	0.8161398871531331	0.8948425904841347	0.5721934086401116
2528.58549047663	0.000646043592415628	0.8163499156933753	0.8949689000650268	0.5719544478363717
2530.1330847139766	0.0006464128282658596	0.8165596603804051	0.8950950234442219	0.5717156645782799
2531.679795046551	0.0006467821976425408	0.8167691216070286	0.8952209609266876	0.571477058703891
2533.2256221645002	0.0006471517004775465	0.8169782997656525	0.8953467128168993	0.5712386300513794
2534.7705667574955	0.0006475213367028249	0.817187195248286	0.8954722794188408	0.571000378459038
2536.314629514733	0.0006478911062503959	0.8173958084465363	0.8955976610360044	0.5707623037652799
2537.857811124942	0.0006482610090523539	0.8176041397516138	0.8957228579713915	0.5705244058086374
2539.4001122763707	0.0006486310450408644	0.817812189554327	0.8958478705275121	0.5702866844277611
2540.9415336568	0.0006490012141481672	0.8180199582450834	0.8959726990063871	0.5700491394614225
2542.4820759535323	0.0006493715163065735	0.8182274462138905	0.8960973437095484	0.5698117707485132
2544.0217398533955	0.0006497419514484673	0.8184346538503524	0.896221804938039	0.5695745781280427
2545.560526042745	0.0006501125195063059	0.8186415815436724	0.8963460829924127	0.5693375614391423
2547.098435207458	0.0006504832204126174	0.8188482296826504	0.8964701781727373	0.5691007205210626
2548.6354680329396	0.0006508540541000035	0.8190545986556834	0.896594090778593	0.5688640552131748
2550.1716252041183	0.0006512250205011383	0.8192606888507653	0.8967178211090739	0.5686275653549705
2551.706907405446	0.0006515961195487672	0.8194665006554861	0.896841369462789	0.5683912507860619
2553.2413153208963	0.0006519673511757086	0.8196720344570305	0.8969647361378612	0.5681551113461814
2554.7748496339677	0.0006523387153148515	0.8198772906421782	0.8970879214319285	0.5679191468751819
2556.3075110276855	0.0006527102118991593	0.8200822695973059	0.8972109256421471	0.5676833572130381
2557.8393001845907	0.000653081840861665	0.8202869717083824	0.8973337490651886	0.5674477421998453
2559.3702177867535	0.000653453602135475	0.8204913973609713	0.8974563919972415	0.5672123016758195
2560.900264515763	0.0006538254956537663	0.8206955469402301	0.897578854734013	0.5669770354812984
2562.4294410527295	0.0006541975213497889	0.8208994208309088	0.8977011375707292	0.566741943456741
2563.9577480782887	0.0006545696791568635	0.8211030194173505	0.8978232408021343	0.5665070254427271
2565.4851862725964	0.0006549419690083826	0.821306343083491	0.897945164722493	0.5662722812799594
2567.0117563153262	0.0006553143908378104	0.8215093922128572	0.8980669096255901	0.5660377108092607
2568.5374588856757	0.000655686944578682	0.8217121671885687	0.8981884758047312	0.565803313871576
2570.0622946623685	0.0006560596301646054	0.8219146683933364	0.8983098635527449	0.565569090307974
2571.5862643236346	0.0006564324475292574	0.82211689620946	0.8984310731619783	0.565335039959642
2573.109368547242	0.0006568053966063886	0.8223188510188338	0.8985521049243066	0.5651011626678925
2574.6316080104643	0.0006571784773298191	0.8225205332029377	0.8986729591311237	0.5648674582741585
2576.1529833901004	0.0006575516896334406	0.8227219431428446	0.8987936360733499	0.5646339266199962
2577.6734953624714	0.0006579250334512159	0.8229230812192159	0.8989141360414297	0.5644005675470833
2579.1931446034146	0.000658298508717179	0.8231239478123025	0.8990344593253327	0.564167380897221
2580.711931788286	0.0006586721153654338	0.8233245433019429	0.8991546062145536	0.5639343665123319
2582.229857591959	0.0006590458533301563	0.8235248680675655	0.8992745769981147	0.5637015242344618
2583.746922688834	0.0006594197225455928	0.8237249224881869	0.8993943719645647	0.5634688539057806
2585.2631277528185	0.0006597937229460596	0.8239247069424105	0.8995139914019799	0.5632363553685789
2586.778473457347	0.0006601678544659447	0.824124221808428	0.8996334355979572	0.5630040284652698
2588.2929604753667	0.0006605421170397056	0.8243234674640183	0.8997527048394874	0.5627718730383551
2589.8065894793467	0.0006609165106018711	0.8245224442865475	0.8998717994201021	0.5625398889322204
2591.319361141268	0.0006612910350870401	0.824721152652967	0.8999907196219814	0.5623080759886405
2592.831276132636	0.000661665690429882	0.8249195929398164	0.9001094657271395	0.5620764340495922
2594.3423351244683	0.0006620404765651359	0.82511776552322	0.900228038020944	0.561844962958134
2595.8525387873	0.0006624153934276114	0.8253156707788886	0.9003464367882342	0.5616136625574343
2597.3618877911867	0.0006627904409521888	0.8255133090821182	0.9004646623133764	0.561382532690783
2598.870382805695	0.0006631656190738176	0.8257106808077899	0.9005827148802671	0.5611515732015934
2600.378024499913	0.0006635409277275179	0.8259077863303702	0.9007005947723344	0.5609207839334011
2601.8848135424396	0.0006639163668483789	0.82610462602391	0.9008183022725402	0.5606901647298665
2603.3907506013966	0.000664291936371561	0.8263012002620447	0.9009358376633806	0.5604597154347735
2604.8958363444153	0.000664667636232293	0.8264975094179935	0.9010532012268849	0.5602294358920287
2606.400071438646	0.0006650434663658744	0.8266935538645607	0.9011703932446177	0.5599993259456638
2607.9034565507536	0.0006654194267076733	0.8268893339741322	0.9012874139976788	0.5597693854398329
2609.405992346919	0.0006657955171931288	0.8270848501186797	0.9014042637667045	0.5595396142188153
2610.9076794928365	0.0006661717377577482	0.8272801026697564	0.901520942831867	0.5593100121270136
2612.408518653716	0.0006665480883371083	0.827475091998499	0.9016374514728769	0.5590805790089546
2613.9085104942847	0.0006669245688668568	0.8276698184756269	0.9017537899689829	0.5588513147092896
2615.4076556787804	0.0006673011792827085	0.8278642824714431	0.9018699585989711	0.558622219072794
2616.9059548709597	0.0006676779195204487	0.8280584843558306	0.9019859576411678	0.5583932919443667
2618.403408734089	0.0006680547895159319	0.8282524244982568	0.9021017873734394	0.5581645331690327
2619.90001793095	0.0006684317892050812	0.8284461032677689	0.9022174480731914	0.5579359425919397
2621.3957831238426	0.0006688089185238888	0.828639521032998	0.9023329400173719	0.5577075200583615
2622.890704974573	0.0006691861774084158	0.8288326781621544	0.9024482634824699	0.5574792654136952
2624.384784144471	0.0006695635657947929	0.8290255750230321	0.9025634187445178	0.5572511785034636
2625.878021294368	0.0006699410836192181	0.8292182119830032	0.9026784060790897	0.557023259173314
2627.3704170846204	0.0006703187308179598	0.8294105894090233	0.9027932257613047	0.5567955072690182
2628.8619721750883	0.0006706965073273531	0.8296027076676274	0.9029078780658244	0.556567922636473
2630.3526872251514	0.0006710744130838036	0.8297945671249316	0.9030223632668567	0.5563405051217003
2631.8425628937016	0.0006714524480237853	0.8299861681466322	0.9031366816381555	0.5561132545708474
2633.331599839137	0.0006718306120838386	0.8301775110980052	0.9032508334530185	0.5558861708301857
2634.81979871938	0.0006722089052005743	0.8303685963439071	0.9033648189842935	0.5556592537461131
2636.307160191853	0.0006725873273106711	0.8305594242487743	0.9034786385043726	0.5554325031651517
2637.7936849135003	0.0006729658783508748	0.8307499951766218	0.9035922922851973	0.5552059189339491
2639.279373540777	0.0006733445582580012	0.8309403094910469	0.9037057805982583	0.5549795008992788
2640.764226729644	0.0006737233669689327	0.8311303675552227	0.9038191037145937	0.5547532489080388
2642.2482451355827	0.0006741023044206198	0.8313201697319043	0.9039322619047944	0.5545271628072533
2643.73142941358	0.000674481370550082	0.831509716383424	0.9040452554389988	0.5543012424440723
2645.213780218138	0.0006748605652944061	0.8316990078716944	0.9041580845868985	0.5540754876657702
2646.695298203271	0.000675239888590746	0.8318880445582064	0.9042707496177358	0.5538498983197477
2648.1759840225022	0.0006756193403763246	0.8320768268040302	0.9043832508003063	0.5536244742535318
2649.6558383288693	0.0006759989205884316	0.8322653549698127	0.9044955884029571	0.5533992153147744
2651.134861774921	0.0006763786291644246	0.8324536294157823	0.90460776269359	0.5531741213512533
2652.613055012713	0.0006767584660417286	0.8326416505017421	0.9047197739396569	0.5529491922108718
2654.090418693818	0.0006771384311578358	0.8328294185870762	0.9048316224141618	0.5527244277429512
2655.5669534693156	0.0006775185244503066	0.8330169340307461	0.9049433083800995	0.5524998277948763
2657.0426599898015	0.0006778987458567679	0.8332041971912904	0.9050548321003601	0.5522753922142319
2658.5175389053766	0.000678279095314914	0.8333912084268268	0.9051661938406397	0.5520511208494302
2659.991590865655	0.0006786595727625069	0.8335779680950499	0.9052773938662175	0.5518270135490135
2661.464816519762	0.0006790401781373749	0.833764476553232	0.9053884324419299	0.5516030701616518
2662.937216516334	0.0006794209113774137	0.8339507341582242	0.9054993098321683	0.551379290536139
2664.408791503515	0.0006798017724205862	0.8341367412664534	0.9056100263008832	0.5511556745213964
2665.879542128967	0.0006801827612049225	0.8343224982339258	0.9057205821115843	0.5509322219664708
2667.3494690398506	0.0006805638776685179	0.8345080054162226	0.9058309775273381	0.5507089327205344
2668.8185728828466	0.000680945121749536	0.8346932631685045	0.9059412128107738	0.5504858066328866
2670.2868543041445	0.000681326493386207	0.8348782718455089	0.9060512882240811	0.5502628435529529
2671.754313949438	0.0006817079925168261	0.835063031801548	0.9061612040290075	0.5500400433302833
2673.220952463939	0.0006820896190797577	0.8352475433905145	0.9062709604868671	0.5498174058145567
2674.6867704923607	0.0006824713730134295	0.8354318069658762	0.9063805578585331	0.549594930855576
2676.15176867894	0.000682853254256339	0.8356158228806788	0.9064899964044442	0.5493726183032718
2677.615947667407	0.0006832352627470475	0.8357995914875435	0.9065992763846007	0.5491504680077004
2679.0793081010133	0.000683617398424183	0.8359831131386696	0.9067083980585694	0.5489284798190447
2680.5418506225155	0.0006839996612264404	0.8361663881858323	0.9068173616854798	0.5487066535876143
2682.0035758741815	0.0006843820510925802	0.8363494169803843	0.9069261675240297	0.5484849891638446
2683.4644844977906	0.0006847645679614298	0.8365321998732548	0.9070348158324816	0.5482634863982985
2684.9245771346277	0.0006851472117718803	0.8367147372149492	0.9071433068686646	0.5480421451416644
2686.3838544254877	0.0006855299824628911	0.83689702935555	0.9072516408899766	0.5478209652447578
2687.842317010681	0.0006859128799734868	0.8370790766447163	0.907359818153384	0.5475999465585213
2689.299965530018	0.0006862959042427565	0.8372608794316834	0.9074678389154192	0.547379088934023
2690.75680062283	0.0006866790552098571	0.8374424380652638	0.9075757034321886	0.5471583922224588
2692.2128229279474	0.0006870623328140092	0.8376237528938457	0.9076834119593646	0.546937856275151
2693.6680330837153	0.0006874457369944998	0.8378048242653942	0.9077909647521925	0.5467174809435479
2695.122431727987	0.0006878292676906817	0.8379856525274516	0.9078983620654886	0.5464972660792259
2696.576019498125	0.000688212924841972	0.8381662380271352	0.9080056041536402	0.5462772115338872
2698.0287970309996	0.0006885967083878544	0.8383465811111398	0.9081126912706095	0.5460573171593607
2699.480764962997	0.000688980618267877	0.8385266821257372	0.9082196236699297	0.5458375828076032
2700.9319239300034	0.0006893646544216536	0.8387065414167743	0.9083264016047092	0.5456180083306976
2702.382274567418	0.0006897488167888623	0.8388861593296748	0.9084330253276295	0.5453985935808539
2703.8318175101526	0.0006901331053092468	0.8390655362094399	0.9085394950909489	0.5451793384104089
2705.2805533926226	0.0006905175199226168	0.8392446724006464	0.9086458111465009	0.5449602426718263
2706.728482848755	0.0006909020605688446	0.8394235682474475	0.9087519737456947	0.5447413062176975
2708.175606511989	0.000691286727187869	0.8396022240935737	0.9088579831395175	0.54452252890074
2709.6219250152662	0.000691671519719693	0.8397806402823312	0.9089638395785323	0.544303910573798
2711.067438991043	0.0006920564381043854	0.8399588171566038	0.9090695433128748	0.5440854510898436
2712.512149071281	0.0006924414822820773	0.8401367550588497	0.9091750945921931	0.5438671503019603
2713.9560558874564	0.0006928266521929666	0.8403144543311074	0.9092804936691373	0.543649008064005
2715.399160070547	0.0006932119477773144	0.8404919153149878	0.909385740794231	0.5434310242296381
2716.841462251047	0.000693597368975447	0.8406691383516823	0.909490836210125	0.5432131986512477
2718.2829630589526	0.0006939829157277541	0.8408461237819563	0.9095957801649862	0.5429955311824642
2719.723663123773	0.0006943685879746903	0.8410228719461531	0.9097005729064835	0.542778021677031
2721.1635630745277	0.0006947543856567741	0.8411993831841923	0.9098052146818644	0.5425606699888169
2722.602663539742	0.0006951403087145893	0.8413756578355711	0.90990970573796	0.542343475971819
2724.0409651474524	0.0006955263570887816	0.8415516962393632	0.910014046321182	0.54212643948016
2725.4784685252052	0.0006959125307200622	0.8417274987342194	0.9101182366775276	0.5419095603680908
2726.9151743000507	0.0006962988295492063	0.8419030656583669	0.9102222770525762	0.5416928384899881
2728.3510830985556	0.0006966852535170518	0.8420783973496104	0.9103261676914922	0.5414762737003564
2729.78619554679	0.0006970718025645016	0.8422534941453321	0.9104299088390267	0.5412598658538276
2731.220512270334	0.0006974584766325208	0.8424283563824905	0.9105335007395134	0.5410436148051587
2732.6540338942814	0.0006978452756621408	0.8426029843976218	0.9106369436368758	0.5408275204092363
2734.086761043228	0.0006982321995944534	0.8427773785268406	0.9107402377746227	0.5406115825210726
2735.5186943412846	0.0006986192483706153	0.8429515391058362	0.9108433833958504	0.5403958009958064
2736.949834412068	0.0006990064219318477	0.8431254664698783	0.9109463807432441	0.5401801756887046
2738.380181878704	0.000699393720219433	0.8432991609538123	0.9110492300590781	0.5399647064551608
2739.809737363831	0.0006997811431747187	0.8434726228920618	0.9111519315852166	0.5397493931506958
2741.2385014895935	0.0007001686907391144	0.8436458526186279	0.9112544855631126	0.5395342356309574
2742.666474877644	0.000700556362854093	0.8438188504670904	0.9113568922338112	0.5393192337517202
2744.093658149151	0.0007009441594611915	0.8439916167706056	0.9114591518379492	0.5391043873688861
2745.520051924784	0.0007013320805020083	0.8441641518619093	0.9115612646157552	0.5388896963384852
2746.945656824724	0.0007017201259182056	0.844336456073313	0.9116632308070494	0.5386751605166723
2748.370473468669	0.0007021082956515086	0.8445085297367091	0.9117650506512468	0.5384607797597317
2749.794502475813	0.0007024965896437044	0.844680373183566	0.9118667243873556	0.5382465539240731
2751.217744464873	0.0007028850078366441	0.8448519867449331	0.9119682522539801	0.5380324828662348
2752.6402000540656	0.0007032735501722405	0.8450233707514352	0.9120696344893182	0.5378185664428813
2754.0618698611224	0.0007036622165924692	0.8451945255332777	0.9121708713311635	0.5376048045108044
2755.482754503282	0.0007040510070393681	0.8453654514202441	0.9122719630169075	0.5373911969269229
2756.9028545972947	0.0007044399214550385	0.8455361487416971	0.9123729097835385	0.5371777435482834
2758.3221707594175	0.0007048289597816425	0.8457066178265769	0.9124737118676413	0.5369644442320586
2759.74070360542	0.0007052181219614056	0.8458768590034051	0.9125743695054007	0.5367512988355492
2761.158453750581	0.0007056074079366157	0.8460468726002806	0.9126748829326	0.5365383072161825
2762.5754218096877	0.0007059968176496215	0.8462166589448814	0.9127752523846209	0.5363254692315133
2763.991608397038	0.0007063863510428351	0.8463862183644664	0.912875478096447	0.5361127847392231
2765.4070141264424	0.0007067760080587308	0.8465555511858738	0.9129755603026626	0.535900253597121
2766.8216396112166	0.0007071657886398428	0.8467246577355201	0.9130754992374521	0.535687875663143
2768.2354854641853	0.0007075556927287692	0.8468935383394012	0.9131752951346026	0.5354756507953516
2769.648552297694	0.0007079457202681697	0.8470621933230967	0.9132749482275047	0.5352635788519378
2771.0608407235864	0.0007083358712007656	0.8472306230117623	0.9133744587491498	0.535051659691218
2772.472351353223	0.0007087261454693387	0.8473988277301358	0.9134738269321963	0.534839893171647
2773.8830847974696	0.0007091165430167328	0.8475668078025337	0.913573053011388	0.5346282791522172
2775.29304166671	0.0007095070637858547	0.8477345635528553	0.9136721372216666	0.5344168174921469
2776.7022225708297	0.0007098977077196711	0.8479020953045789	0.9137710797877979	0.5342055080491588
2778.1106281192315	0.0007102884747612109	0.8480694033807643	0.9138698809409123	0.533994350682224
2779.518258920826	0.0007106793648535637	0.8482364881040517	0.9139685409116877	0.5337833452504313
2780.9251155840357	0.000711070377939881	0.8484033497966638	0.9140670599304002	0.5335724916129942
2782.331198716791	0.0007114615139633744	0.8485699887804012	0.9141654382269289	0.5333617896292525
2783.736508926535	0.0007118527728673178	0.8487364053766503	0.9142636760307644	0.533151239158674
2785.141046820224	0.0007122441545950455	0.8489025999063756	0.9143617735710025	0.532940840060852
2786.5448130043205	0.0007126356590899531	0.8490685726901259	0.9144597310763501	0.5327305921955077
2787.947808084802	0.0007130272862954963	0.8492343240480292	0.9145575487751219	0.5325204954224875
2789.3500326671547	0.0007134190361551923	0.849399854299798	0.9146552268952437	0.5323105496017662
2790.751487356378	0.0007138109086126198	0.8495651637647259	0.9147527656642523	0.5321007545934449
2792.152172756982	0.0007142029036114162	0.8497302527616893	0.9148501653092944	0.5318911102577512
2793.5520894729866	0.0007145950210952808	0.8498951216091456	0.9149474260571302	0.531681616455038
2794.9512381079257	0.000714987261007974	0.8500597706251386	0.9150445481341329	0.531472273045788
2796.349619264841	0.0007153796232933151	0.8502242001272903	0.9151415317662863	0.5312630798906083
2797.747233546293	0.0007157721078951855	0.8503884104328103	0.915238377179192	0.5310540368502332
2799.1440815543447	0.0007161647147575247	0.8505524018584876	0.9153350845980619	0.5308451437855234
2800.5401638905782	0.0007165574438243345	0.8507161747206982	0.9154316542477265	0.5306364005574671
2801.9354811560866	0.000716950295039677	0.8508797293353996	0.9155280863526307	0.5304278070271783
2803.3300339514685	0.0007173432683476727	0.851043066018133	0.915624381136835	0.5302193630558975
2804.7238228768474	0.0007177363636925035	0.8512061850840252	0.9157205388240183	0.5300110685049929
2806.116848531843	0.0007181295810184103	0.851369086847786	0.9158165596374752	0.5298029232359576
2807.5091115155997	0.0007185229202696946	0.8515317716237096	0.9159124438001207	0.5295949271104128
2808.9006124267717	0.0007189163813907183	0.8516942397256757	0.9160081915344868	0.5293870799901049
2810.291351863522	0.000719309964325902	0.8518564914671488	0.9161038030627265	0.5291793817369081
2811.681330423529	0.0007197036690197258	0.852018527161177	0.9161992786066109	0.5289718322128217
2813.070548703986	0.0007200974954167309	0.852180347120395	0.916294618387534	0.5287644312799729
2814.4590073015956	0.000720491443461517	0.8523419516570235	0.9163898226265094	0.5285571788006147
2815.846706812573	0.0007208855130987432	0.8525033410828674	0.916484891544173	0.5283500746371254
2817.233647832651	0.0007212797042731283	0.8526645157093174	0.9165798253607833	0.5281431186520114
2818.6198309570705	0.0007216740169294506	0.8528254758473517	0.9166746242962217	0.5279363107079045
2820.0052567805883	0.0007220684510125482	0.8529862218075333	0.916769288569994	0.5277296506675636
2821.3899258974784	0.0007224630064673167	0.8531467539000136	0.9168638184012291	0.527523138393873
2822.7738389015217	0.0007228576832387135	0.8533070724345289	0.9169582140086824	0.5273167737498442
2824.156996386013	0.0007232524812717516	0.8534671777204021	0.9170524756107324	0.527110556598613
2825.5393989437666	0.0007236474005115056	0.8536270700665448	0.917146603425386	0.5269044868034446
2826.9210471671086	0.0007240424409031093	0.8537867497814565	0.9172405976702762	0.5266985642277275
2828.301941647877	0.0007244376023917536	0.8539462171732219	0.9173344585626627	0.5264927887349783
2829.6820829774238	0.0007248328849226895	0.8541054725495147	0.9174281863194333	0.5262871601888386
2831.0614717466196	0.0007252282884412259	0.8542645162175981	0.9175217811571053	0.5260816784530769
2832.4401085458453	0.0007256238128927309	0.8544233484843211	0.9176152432918148	0.5258763433915855
2833.8179939649985	0.0007260194582226313	0.854581969656123	0.9177085729435932	0.5256711548690068
2835.1951285934924	0.0007264152243764124	0.8547403800390311	0.9178017703280864	0.5254661127495212
2836.5715130202507	0.000726811111299617	0.8548985799386617	0.9178948356548094	0.5252612168965943
2837.947147833717	0.0007272071189378484	0.855056569660221	0.917987769138643	0.5250564671746561
2839.322033621846	0.0007276032472367651	0.8552143495085032	0.9180805709939476	0.5248518634482389
2840.696170972112	0.0007279994961420871	0.8553719197878937	0.9181732414346977	0.5246474055819998
2842.0695604715	0.0007283958655995902	0.8555292808023671	0.9182657806744986	0.5244430934407204
2843.442202706517	0.0007287923555551106	0.8556864328554894	0.9183581889265897	0.524238926889308
2844.8140982631767	0.0007291889659545399	0.8558433762504148	0.9184504664038404	0.5240349057927952
2846.185247727016	0.0007295856967438298	0.85600011128989	0.9185426133187569	0.5238310300163413
2847.555651683084	0.000729982547868988	0.8561566382762512	0.9186346298834784	0.5236272994252301
2848.92531071595	0.0007303795192760826	0.8563129575114279	0.9187265163097805	0.5234237138848714
2850.2942254096956	0.0007307766109112377	0.8564690692969391	0.9188182728090737	0.5232202732608006
2851.6623963479187	0.0007311738227206348	0.8566249739338961	0.9189098995924044	0.5230169774186776
2853.0298241137334	0.0007315711546505137	0.8567806717230021	0.9190013968704567	0.522813826224289
2854.39650928978	0.0007319686066471733	0.8569361629645538	0.9190927648535537	0.5226108195435467
2855.7624524581993	0.0007323661786569663	0.8570914479584372	0.9191840037516525	0.5224079572424861
2857.1276542006603	0.0007327638706263065	0.8572465270041345	0.9192751137743533	0.5222052391872706
2858.492115098348	0.0007331616825016634	0.857401400400719	0.9193660951308928	0.522002665244187
2859.855835731962	0.0007335596142295636	0.8575560684468572	0.91945694803015	0.5218002352796479
2861.2188166817205	0.0007339576657565916	0.8577105314408099	0.9195476726806423	0.5215979491601914
2862.5810585273593	0.0007343558370293886	0.8578647896804312	0.9196382692905294	0.52139580675248
2863.942561848133	0.0007347541279946533	0.8580188434631697	0.9197287380676125	0.5211938079233022
2865.3033272228113	0.0007351525385991411	0.8581726930860675	0.919819079219335	0.5209919525395708
2866.663355229687	0.0007355510687896646	0.8583263388457623	0.9199092929527845	0.5207902404683247
2868.022646446566	0.0007359497185130931	0.8584797810384854	0.9199993794746898	0.5205886715767265
2869.381201450774	0.000736348487716353	0.8586330199600648	0.9200893389914259	0.5203872457320643
2870.7390208191578	0.000736747376346427	0.8587860559059227	0.9201791717090111	0.520185962801752
2872.096105128079	0.0007371463843503551	0.8589388891710772	0.9202688778331105	0.519984822653327
2873.452454953421	0.000737545511675233	0.8590915200501424	0.9203584575690333	0.5197838251544518
2874.8080708705884	0.0007379447582682142	0.8592439488373298	0.9204479111217376	0.5195829701729153
2876.162953454498	0.0007383441240765078	0.8593961758264451	0.9205372386958266	0.519382257576629
2877.517103279593	0.0007387436090473794	0.8595482013108929	0.9206264404955509	0.5191816872336301
2878.8705209198315	0.0007391432131281514	0.8597000255836738	0.9207155167248113	0.5189812590120804
2880.2232069486936	0.0007395429362662019	0.8598516489373864	0.9208044675871557	0.5187809727802662
2881.5751619391804	0.0007399427784089658	0.8600030716642262	0.9208932932857831	0.5185808284065991
2882.92638646381	0.0007403427395039332	0.8601542940559874	0.9209819940235402	0.5183808257596142
2884.276881094623	0.0007407428194986522	0.8603053164040622	0.9210705700029268	0.5181809647079716
2885.6266464031823	0.000741143018340725	0.8604561389994418	0.9211590214260931	0.5179812451204561
2886.9756829605635	0.0007415433359778102	0.8606067621327143	0.921247348494839	0.5177816668659759
2888.3239913373754	0.0007419437723576227	0.86075718609407	0.9213355514106204	0.517582229813565
2889.6715721037367	0.0007423443274279335	0.8609074111732959	0.9214236303745468	0.5173829338323812
2891.018425829291	0.000742745001136568	0.8610574376597802	0.9215115855874174	0.517183778791711
2892.3645530832077	0.0007431457934314089	0.8612072658425103	0.9215994172498175	0.5169847645609833
2893.7099544341704	0.0007435467042603937	0.861356896010075	0.9216871255689746	0.5167858910106644
2895.054630450387	0.0007439477335715145	0.8615063284506623	0.9217747107380349	0.5165871580095468
2896.398581699592	0.000744348881312822	0.8616555634520626	0.9218621729547471	0.5163885654271964
2897.741808749037	0.0007447501474324182	0.8618046013016663	0.9219495124181895	0.5161901131335209
2899.084312165495	0.0007451515318784637	0.8619534422864656	0.9220367293270992	0.5159918009985524
2900.4260925152653	0.000745553034599173	0.8621020866930552	0.9221238238798687	0.5157936288924468
2901.767150364168	0.000745954655542815	0.862250534807631	0.9222107962745448	0.515595596685483
2903.107486277546	0.0007463563946577162	0.8623987869159919	0.922297646708833	0.5153977042480646
2904.4471008202636	0.0007467582518922557	0.8625468433035396	0.922384375380096	0.5151999514507173
2905.785994556713	0.0007471602271948693	0.8626947042552788	0.9224709824853566	0.5150023381640915
2907.1241680508033	0.0007475623205140462	0.8628423700558169	0.9225574682212948	0.5148048642589609
2908.4616218659758	0.0007479645317983322	0.862989840989366	0.9226438327842523	0.5146075296062224
2909.798356565186	0.0007483668609963273	0.8631371173397424	0.9227300763702312	0.5144103340768968
2911.1343727109224	0.0007487693080566847	0.863284199390365	0.922816199174893	0.5142132775421276
2912.469670865189	0.000749171872928115	0.8634310874242583	0.9229022013935619	0.5140163598731818
2913.8042515895204	0.0007495745555593813	0.8635777817240529	0.9229880832212254	0.5138195809414503
2915.1381154449746	0.000749977355899302	0.8637242825719824	0.9230738448525315	0.5136229406184464
2916.471262992132	0.0007503802738967505	0.8638705902498883	0.9231594864817935	0.5134264387758067
2917.8036947911014	0.0007507833095006535	0.864016705039216	0.923245008302987	0.5132300752852913
2919.135411401514	0.000751186462659993	0.8641626272210189	0.9233304105097545	0.5130338500187831
2920.4664133825286	0.0007515897333238051	0.8643083570759557	0.9234156932954003	0.512837762848288
2921.796701292827	0.0007519931214411794	0.8644538948842923	0.9235008568528977	0.5126418136459345
2923.12627569062	0.0007523966269612617	0.8645992409259017	0.9235859013748836	0.5124460022839747
2924.455137133642	0.0007528002498332478	0.8647443954802647	0.9236708270536631	0.5122503286347833
2925.783286179154	0.0007532039900063923	0.8648893588264703	0.9237556340812086	0.512054792570857
2927.110723383944	0.0007536078474300008	0.8650341312432147	0.92384032264916	0.5118593939648162
2928.437449304327	0.0007540118220534341	0.8651787130088033	0.9239248929488261	0.5116641326894038
2929.763464496145	0.0007544159138261056	0.8653231044011505	0.9240093451711846	0.5114690086174847
2931.088769514764	0.000754820122697484	0.8654673056977795	0.9240936795068829	0.5112740216220475
2932.4133649150817	0.0007552244486170902	0.8656113171758221	0.924177896146238	0.5110791715762014
2933.737251251521	0.0007556288915344996	0.8657551391120224	0.9242619952792394	0.5108844583531805
2935.0604290780298	0.0007560334513993409	0.865898771782732	0.9243459770955458	0.5106898818263387
2936.382898948092	0.000756438128161297	0.8660422154639155	0.9244298417844902	0.5104954418691549
2937.704661414709	0.0007568429217701026	0.8661854704311455	0.9245135895350749	0.5103011383552273
2939.02571703042	0.0007572478321755479	0.8663285369596081	0.9245972205359781	0.510106971158279
2940.3460663472874	0.0007576528593274747	0.8664714153241008	0.924680734975551	0.5099129401521539
2941.665709916903	0.0007580580031757786	0.866614105799031	0.9247641330418177	0.509719045210818
2942.9846482903877	0.0007584632636704086	0.866756608658421	0.9248474149224782	0.5095252862083595
2944.302882018395	0.0007588686407613664	0.8668989241759031	0.9249305808049074	0.5093316630189889
2945.620411651104	0.0007592741343987073	0.8670410526247248	0.9250136308761564	0.5091381755170381
2946.937237738221	0.0007596797445325392	0.8671829942777443	0.9250965653229518	0.5089448235769609
2948.253360828991	0.0007600854711130227	0.8673247494074361	0.9251793843316959	0.508751607073333
2949.5687814721787	0.0007604913140903717	0.8674663182858865	0.9252620880884534	0.5085585258808498
2950.8835002160877	0.0007608972734148526	0.8676077011847971	0.9253446767789728	0.5083655798743292
2952.1975176085475	0.0007613033490367853	0.8677488983754842	0.9254271505925622	0.5081727689291805
2953.5108341969194	0.000761709540906541	0.8678899101288783	0.9255095097151418	0.5079800929205638
2954.823450528096	0.0007621158489745443	0.8680307367155259	0.9255917543260026	0.5077875517229943
2956.135367148499	0.000762522273191272	0.8681713784055884	0.9256738846097123	0.5075951452117883
2957.446584604087	0.0007629288135072542	0.8683118354688448	0.9257559007504833	0.5074028732623792
2958.757103440343	0.0007633354698730723	0.868452108174688	0.925837802932191	0.5072107357503186
2960.066924202289	0.0007637422422393609	0.8685921967921303	0.9259195913383941	0.5070187325512816
2961.37604743447	0.0007641491305568053	0.8687321015897981	0.9260012661523289	0.5068268635410603
2962.6844736809776	0.0007645561347761459	0.8688718228359388	0.926082827556918	0.5066351285955719
2963.9922034854185	0.0007649632548481724	0.8690113607984143	0.9261642757347621	0.5064435275908519
2965.2992373909474	0.0007653704907237283	0.8691507157447069	0.9262456108681483	0.5062520604030577
2966.6055759402443	0.0007657778423537084	0.8692898879419159	0.9263268331390456	0.5060607269084669
2967.911219675523	0.0007661853096890595	0.8694288776567599	0.9264079427291076	0.5058695269834781
2969.216169138531	0.0007665928926807792	0.8695676851555765	0.926488939819672	0.5056784605046105
2970.520424870553	0.0007670005912799205	0.8697063107043249	0.9265698245917645	0.5054875273485047
2971.823987412404	0.0007674084054375842	0.8698447545685808	0.9266505972260923	0.50529672739192
2973.1268573044345	0.0007678163351049243	0.8699830170135424	0.9267312579030528	0.5051060605117378
2974.4290350865285	0.0007682243802331469	0.8701210983040275	0.9268118068027282	0.5049155265849588
2975.7305212981078	0.0007686325407735091	0.8702589987044765	0.9268922441048895	0.5047251254887051
2977.0313164781237	0.0007690408166773195	0.8703967184789492	0.9269725699889946	0.5045348571002178
2978.331421165067	0.0007694492078959387	0.870534257891128	0.9270527846341906	0.5043447212968593
2979.630835896963	0.0007698577143807776	0.8706716172043178	0.9271328882193136	0.5041547179561117
2980.9295612113738	0.0007702663360833	0.8708087966814457	0.92721288092289	0.503964846955577
2982.227597645394	0.0007706750729550188	0.8709457965850607	0.9272927629231349	0.5037751081729772
2983.5249457356567	0.0007710839249475004	0.8710826171773363	0.9273725343979558	0.5035855014861543
2984.8216060183336	0.0007714928920123606	0.8712192587200691	0.9274521955249513	0.5033960267730707
2986.1175790291277	0.000771901974101267	0.871355721474679	0.9275317464814105	0.5032066839118078
2987.412865303283	0.0007723111711659382	0.8714920057022114	0.9276111874443165	0.5030174727805665
2988.7074653755794	0.0007727204831581441	0.8716281116633352	0.9276905185903445	0.5028283932576688
2990.001379780333	0.0007731299100297035	0.8717640396183449	0.9277697400958625	0.5026394452215546
2991.2946090514015	0.0007735394517324893	0.8718997898271603	0.9278488521369347	0.5024506285507844
2992.5871537221747	0.0007739491082184224	0.8720353625493276	0.927927854889318	0.5022619431240377
2993.8790143255833	0.0007743588794394751	0.872170758044017	0.928006748528464	0.5020733888201134
2995.170191394102	0.0007747687653476716	0.8723059765700285	0.9280855332295226	0.5018849655179304
2996.460685459731	0.0007751787658950839	0.8724410183857856	0.9281642091673362	0.5016966730965251
2997.7504970540226	0.0007755888810338374	0.8725758837493418	0.9282427765164466	0.5015085114350553
2999.0396267080628	0.0007759991107161067	0.8727105729183764	0.9283212354510925	0.5013204804127962
3000.328074952472	0.0007764094548941167	0.8728450861501981	0.9283995861452089	0.5011325799091428
3001.6158423174193	0.000776819913520142	0.8729794237017423	0.9284778287724303	0.5009448098036083
3002.9029293326075	0.000777230486546509	0.8731135858295749	0.9285559635060894	0.5007571699758265
3004.189336527284	0.0007776411739255931	0.8732475727898906	0.928633990519219	0.5005696603055477
3005.475064430231	0.0007780519756098199	0.8733813848385115	0.9287119099845506	0.5003822806726427
3006.760113569777	0.0007784628915516662	0.873515022230893	0.9287897220745175	0.5001950309571006
3008.0444844737867	0.0007788739217036562	0.8736484852221179	0.9288674269612505	0.5000079110390276
3009.3281776696704	0.0007792850660183673	0.8737817740669015	0.9289450248165702	0.49982092079864926
3010.611193684376	0.0007796963244484245	0.873914889019589	0.9290225158133659	0.4996340601164635
3011.8935330443956	0.0007801076969465035	0.874047830334158	0.9290999001276882	0.49944732887348103
3013.1751962757603	0.0007805191834653291	0.8741805982642161	0.9291771779235426	0.4992607269494923
3014.456183904047	0.0007809307839576768	0.8743131930630055	0.9292543493717483	0.4990742542252169
3015.736496454374	0.0007813424983763703	0.8744456149833991	0.9293314146426574	0.49888791058147225
3017.016134451401	0.0007817543266742851	0.8745778642779036	0.9294083739063508	0.4987016958991973
3018.295098419329	0.000782166268804343	0.8747099411986581	0.9294852273326162	0.4985156100594485
3019.5733888819104	0.0007825783247195188	0.874841845997437	0.9295619750909496	0.4983296529434016
3020.8510063624285	0.0007829904943728335	0.8749735789256474	0.9296386173505492	0.49814382443234856
3022.1279513837226	0.0007834027777173599	0.8751051402343313	0.9297151542803206	0.4979581244077003
3023.404224468168	0.0007838151747062179	0.8752365301741655	0.9297915860488748	0.4977725527509843
3024.6798261376844	0.0007842276852925783	0.8753677489954613	0.9298679128245297	0.49758710934384603
3025.954756913744	0.0007846403094296599	0.8754987969481677	0.9299441347753118	0.4974017940680491
3027.2290173173537	0.0007850530470707322	0.8756296742818676	0.9300202520689546	0.49721660680547297
3028.5026078690757	0.000785465898169112	0.8757603812457819	0.9300962648729003	0.4970315474381164
3029.7755290890027	0.0007858788626781642	0.8758909180887657	0.9301721733542978	0.4968466158480932
3031.0477814967912	0.0007862919405513059	0.8760212850593152	0.9302479776800098	0.49666181191763636
3032.3193656116323	0.0007867051317420006	0.8761514824055606	0.9303236780166058	0.4964771355290945
3033.5902819522607	0.0007871184362037598	0.8762815103752712	0.9303992745303652	0.4962925865649339
3034.860531036969	0.0007875318538901468	0.8764113692158559	0.9304747673872815	0.4961081649077379
3036.1301133835855	0.0007879453847547704	0.8765410591743609	0.9305501567530571	0.49592387044020636
3037.3990295094914	0.0007883590287512896	0.8766705804974709	0.9306254427931068	0.49573970304515613
3038.6672799316134	0.000788772785833412	0.8767999334315123	0.9307006256725596	0.49555566260552086
3039.9348651664254	0.0007891866559548928	0.8769291182224501	0.930775705556256	0.49537174900435044
3041.201785729953	0.0007896006390695366	0.8770581351158891	0.9308506826087504	0.49518796212481214
3042.468042137759	0.0007900147351311945	0.8771869843570751	0.9309255569943106	0.4950043018501883
3043.7336349049674	0.0007904289440937686	0.877315666190896	0.9310003288769205	0.4948207680638791
3044.998564546244	0.0007908432659112068	0.8774441808618791	0.9310749984202771	0.4946373606494003
3046.2628315758056	0.0007912577005375069	0.8775725286141964	0.9311495657877963	0.4944540794903845
3047.5264365074163	0.0007916722479267134	0.8777007096916599	0.9312240311426061	0.49427092447057935
3048.7893798543896	0.0007920869080329195	0.8778287243377239	0.9312983946475535	0.4940878954738499
3050.0516621295897	0.0007925016808102662	0.8779565727954873	0.931372656465202	0.4939049923841762
3051.3132838454326	0.0007929165662129431	0.8780842553076927	0.9314468167578336	0.4937222150856551
3052.574245513881	0.0007933315641951865	0.8782117721167243	0.9315208756874463	0.49353956346249883
3053.834547646449	0.0007937466747112809	0.8783391234646126	0.9315948334157591	0.4933570373990352
3055.094190754204	0.0007941618977155594	0.8784663095930318	0.9316686901042088	0.49317463677970813
3056.353175347763	0.0007945772331624018	0.8785933307433011	0.9317424459139523	0.49299236148907727
3057.6115019372915	0.0007949926810062356	0.8787201871563854	0.9318161010058655	0.492810211411817
3058.869171032509	0.0007954082412015355	0.878846879072895	0.9318896555405468	0.49262818643271833
3060.1261831426887	0.0007958239137028254	0.8789734067330872	0.9319631096783145	0.4924462864366869
3061.382538776655	0.0007962396984646747	0.8790997703768647	0.9320364635792083	0.4922645113087435
3062.638238442782	0.0007966555954417006	0.8792259702437779	0.932109717402991	0.4920828609340252
3063.893282648998	0.0007970716045885687	0.8793520065730249	0.9321828713091495	0.4919013351977831
3065.1476719027887	0.000797487725859991	0.8794778796034513	0.9322559254569249	0.49171993398538744
3066.4014067111852	0.0007979039592107262	0.8796035895735499	0.9323288800053785	0.491538657182333
3067.6544875807767	0.0007983203045955808	0.8797291367214634	0.9324017351181775	0.4913575046747324
3068.9069150177093	0.0007987367619694091	0.8798545212849833	0.9324744909493086	0.49117647634784406
3070.1586895276737	0.00079915333128711	0.8799797435015493	0.9325471476554786	0.4909955720873502
3071.409811615927	0.0007995700125036328	0.8801048036082533	0.9326197053945589	0.4908147917791956
3072.6602817872727	0.0007999868055739707	0.8802297018418349	0.9326921643241401	0.49063413530943933
3073.9101005460707	0.0008004037104531651	0.8803544384386844	0.9327645246015339	0.49045360256425397
3075.159268396238	0.0008008207270963039	0.8804790136348454	0.9328367863837783	0.49027319342992676
3076.407785841244	0.0008012378554585217	0.8806034276660103	0.9329089498276366	0.4900929077928588
3077.6556533841217	0.0008016550954950007	0.880727680767525	0.9329810150896007	0.48991274553956604
3078.9028715274494	0.0008020724471609676	0.8808517731743869	0.9330529823258886	0.489732706556677
3080.149440773368	0.0008024899104116969	0.8809757051212446	0.9331248516924475	0.48955279073093627
3081.395361623579	0.0008029074852025108	0.8810994768424036	0.9331966233449546	0.48937299794920125
3082.64063457933	0.0008033251714887757	0.8812230885718181	0.9332682974388127	0.48919332809844274
3083.885260141436	0.0008037429692259061	0.8813465405430998	0.9333398741291575	0.48901378106574644
3085.129238810264	0.0008041608783693609	0.8814698329895114	0.9334113535708536	0.48883435673831094
3086.37257108574	0.0008045788988746473	0.8815929661439731	0.9334827359184961	0.48865505500344836
3087.61525746735	0.0008049970306973175	0.8817159402390582	0.9335540213264116	0.48847587574858525
3088.8572984541374	0.0008054152737929704	0.8818387555069965	0.9336252099486579	0.48829681886126053
3090.098694544704	0.0008058336281172502	0.881961412179673	0.9336963019390254	0.488117884229127
3091.339446237207	0.0008062520936258483	0.8820839104886283	0.9337672974510364	0.48793907173995094
3092.579554029371	0.0008066706702745	0.8822062506650609	0.9338381966379464	0.4877603812816111
3093.819018418474	0.0008070893580189898	0.8823284329398258	0.933908999652746	0.48758181274210016
3095.057839901356	0.0008075081568151448	0.8824504575434354	0.9339797066481572	0.48740336600952355
3096.2960189744163	0.00080792706661884	0.8825723247060596	0.9340503177766384	0.4872250409720991
3097.533556133615	0.0008083460873859943	0.8826940346575267	0.9341208331903817	0.4870468375181584
3098.770451874472	0.0008087652190725737	0.8828155876273229	0.9341912530413159	0.4868687555361449
3100.0067066920733	0.0008091844616345899	0.8829369838445963	0.9342615774811054	0.48669079491461575
3101.2423210810575	0.0008096038150280993	0.8830582235381502	0.93433180666115	0.4865129555422397
3102.477295535634	0.0008100232792092037	0.8831793069364517	0.9344019407325881	0.486335237307799
3103.7116305495674	0.0008104428541340517	0.8833002342676254	0.9344719798462944	0.48615764010018764
3104.9453266161872	0.0008108625397588356	0.8834210057594573	0.9345419241528802	0.4859801638084118
3106.178384228384	0.0008112823360397941	0.8835416216393951	0.9346117738026983	0.48580280832159084
3107.4108038786167	0.0008117022429332108	0.8836620821345474	0.9346815289458376	0.48562557352895547
3108.6425860588984	0.0008121222603954145	0.8837823874716849	0.9347511897321269	0.4854484593198491
3109.873731260809	0.0008125423883827786	0.8839025378772393	0.9348207563111347	0.48527146558372614
3111.1042399754997	0.0008129626268517228	0.8840225335773079	0.9348902288321712	0.4850945922101547
3112.334112693675	0.000813382975758712	0.8841423747976487	0.9349596074442852	0.48491783908881325
3113.5633499056075	0.0008138034350602534	0.884262061763683	0.9350288922962668	0.4847412061094923
3114.791952101137	0.0008142240047129029	0.8843815947004983	0.9350980835366499	0.48456469316209466
3116.0199197696666	0.0008146446846732578	0.8845009738328433	0.9351671813137076	0.4843883001366337
3117.247253400162	0.000815065474897963	0.8846201993851341	0.935236185775457	0.4842120269232355
3118.4739534811574	0.0008154863753437057	0.8847392715814506	0.9353050970696581	0.48403587341213666
3119.7000205007525	0.0008159073859672207	0.8848581906455387	0.9353739153438194	0.48385983949368594
3120.9254549466104	0.0008163285067252838	0.8849769568008091	0.9354426407451906	0.4836839250583431
3122.150257305966	0.0008167497375747189	0.8850955702703408	0.9355112734204887	0.4835081299966542
3123.374428065614	0.0008171710784723918	0.8852140312768781	0.9355798135219932	0.4833324541997971
3124.597967711923	0.0008175925293752146	0.8853323400428326	0.9356482611919645	0.4831568975581865
3125.820876730824	0.0008180140902401422	0.8854504967902843	0.9357166165750036	0.48298145996258035
3127.043155607815	0.0008184357610241749	0.8855685017409797	0.9357848798171053	0.482806141303995
3128.264804827969	0.0008188575416843582	0.8856863551163355	0.9358530510640178	0.4826309414735584
3129.4858248759174	0.0008192794321777794	0.8858040571374357	0.9359211304612346	0.4824558603625087
3130.706216235867	0.0008197014324615713	0.8859216080250338	0.9359891181539954	0.4822808978621945
3131.925979391593	0.000820123542492911	0.8860390079995542	0.9360570142872899	0.48210605386407496
3133.145114826435	0.0008205457622290201	0.8861562572810893	0.936124819005853	0.48193132825972
3134.363623023307	0.0008209680916271629	0.8862733560894026	0.9361925324541684	0.4817567209408086
3135.5815044646874	0.0008213905306446482	0.88639030464393	0.9362601547764688	0.4815822317991311
3136.798759632632	0.0008218130792388299	0.886507103163776	0.9363276861167363	0.4814078607265876
3138.015389008762	0.0008222357373671035	0.886623751867719	0.9363951266187022	0.48123360761518763
3139.2313930742694	0.0008226585049869103	0.8867402509742084	0.9364624764258481	0.48105947235705104
3140.4467723099174	0.0008230813820557342	0.8868566007013657	0.9365297356814054	0.4808854548444078
3141.6615271960413	0.0008235043685311032	0.8869728012669863	0.9365969045283579	0.4807115549695969
3142.875658212545	0.0008239274643705884	0.8870888528885377	0.9366639831094384	0.4805377726250671
3144.0891658389105	0.0008243506695318055	0.8872047557831619	0.9367309715671348	0.4803641077033772
3145.302050554186	0.0008247739839724126	0.8873205101676754	0.9367978700436851	0.48019056009719485
3146.514312836995	0.0008251974076501123	0.8874361162585682	0.9368646786810805	0.48001712969929794
3147.7259531655327	0.0008256209405226497	0.8875515742720056	0.9369313976210659	0.47984381640257245
3148.936972017565	0.0008260445825478133	0.887666884423828	0.936998027005139	0.47967062010001427
3150.1473698704394	0.0008264683336834357	0.8877820469295523	0.9370645669745532	0.47949754068472855
3151.3571472010635	0.000826892193887392	0.8878970620043704	0.9371310176703141	0.47932457804992873
3152.5663044859334	0.0008273161631176008	0.8880119298631515	0.9371973792331852	0.4791517320889381
3153.7748422011127	0.0008277402413320238	0.8881266507204422	0.9372636518036838	0.4789790026951883
3154.982760822237	0.0008281644284886658	0.8882412247904657	0.9373298355220828	0.47880638976221956
3156.190060824518	0.0008285887245455737	0.8883556522871221	0.9373959305284125	0.4786338931836809
3157.396742682748	0.000829013129460839	0.888469933423992	0.9374619369624599	0.4784615128533302
3158.602806871289	0.0008294376431925951	0.8885840684143326	0.9375278549637679	0.4782892486650337
3159.808253864083	0.0008298622656990186	0.8886980574710811	0.9375936846716398	0.47811710051276557
3161.013084134642	0.0008302869969383284	0.8888119008068535	0.9376594262251341	0.47794506829060907
3162.217298156058	0.0008307118368687854	0.8889255986339456	0.9377250797630693	0.47777315189275477
3163.4208964010068	0.0008311367854486971	0.8890391511643353	0.9377906454240243	0.47760135121350294
3164.6238793417265	0.0008315618426364085	0.8891525586096777	0.9378561233463345	0.47742966614725973
3165.8262474500466	0.0008319870083903098	0.8892658211813121	0.9379215136680978	0.47725809658854135
3167.028001197363	0.0008324122826688338	0.8893789390902572	0.9379868165271706	0.4770866424319702
3168.2291410546595	0.0008328376654304551	0.8894919125472145	0.9380520320611715	0.47691530357227746
3169.4296674924904	0.000833263156633691	0.8896047417625679	0.9381171604074798	0.47674407990430157
3170.6295809809912	0.0008336887562371009	0.8897174269463826	0.9381822017032353	0.4765729713229886
3171.828881989881	0.0008341144641992874	0.8898299683084098	0.9382471560853426	0.47640197772339293
3173.0275709884486	0.000834540280478894	0.8899423660580809	0.9383120236904663	0.4762310990006752
3174.225648445571	0.0008349662050346067	0.8900546204045124	0.9383768046550349	0.47606033505010376
3175.423114829701	0.0008353922378251552	0.8901667315565065	0.9384414991152443	0.47588968576705487
3176.6199706088714	0.0008358183788093094	0.890278699722548	0.9385061072070411	0.47571915104701046
3177.816216250699	0.0008362446279458822	0.8903905251108087	0.9385706290659707	0.4755487307855464
3179.0118522223734	0.0008366709851937279	0.8905022079291438	0.9386350648332975	0.47537842487883586
3180.2068789906752	0.0008370974505117433	0.8906137483850964	0.9386994146391008	0.47520823322225614
3181.4012970219605	0.0008375240238588665	0.8907251466858953	0.9387636786175012	0.4750381557116439
3182.5951067821675	0.0008379507051940782	0.8908364030384557	0.9388278569032094	0.4748681922430109
3183.788308736819	0.0008383774944764	0.8909475176493801	0.938891949630803	0.47469834271248357
3184.9809033510146	0.0008388043916648957	0.891058490724958	0.9389559569346221	0.47452860701629435
3186.172891089446	0.0008392313967186711	0.8911693224711691	0.939019878948774	0.4743589850507825
3187.3642724163774	0.0008396585095968723	0.891280013093679	0.9390837158071308	0.47418947671239287
3188.555047795664	0.000840085730258689	0.8913905627978433	0.9391474676433336	0.4740200818976774
3189.74521769074	0.0008405130586633503	0.8915009717887061	0.9392111345907891	0.4738508005032929
3190.934782564626	0.0008409404947701277	0.8916112402710019	0.939274716782674	0.4736816324260034
3192.123742879928	0.0008413680385383352	0.8917213684491553	0.9393382143519347	0.4735125775626785
3193.31209909883	0.0008417956899273253	0.8918313565272801	0.9394016274312835	0.47334363581029326
3194.4998516831083	0.000842223448896495	0.8919412047091819	0.9394649561532051	0.47317480706592846
3195.6870010941225	0.0008426513154052805	0.8920509131983576	0.9395282006499532	0.47300609122677123
3196.873547792814	0.0008430792894131595	0.892160482197995	0.9395913610535515	0.47283748819011373
3198.0594922397145	0.0008435073708796513	0.8922699119109752	0.9396544374957947	0.4726689978533538
3199.244834894938	0.0008439355597643157	0.8923792025398701	0.9397174301082494	0.47250062011399435
3200.42957621819	0.0008443638560267545	0.8924883542869465	0.9397803390222536	0.47233235486964426
3201.6137166687577	0.0008447922596266092	0.8925973673541626	0.9398431643689165	0.47216420201801707
3202.7972567055162	0.0008452207705235632	0.8927062419431706	0.9399059062791207	0.4719961614569314
3203.9801967869316	0.0008456493886773406	0.8928149782553182	0.9399685648835221	0.4718282330843111
3205.162537371053	0.0008460781140477055	0.8929235764916457	0.9400311403125483	0.47166041679818504
3206.344278915519	0.0008465069465944634	0.8930320368528897	0.9400936326964027	0.4714927124966869
3207.52542187756	0.0008469358862774611	0.8931403595394812	0.9401560421650615	0.4713251200780548
3208.705966713991	0.0008473649330565855	0.8932485447515481	0.9402183688482766	0.47115763944063244
3209.885913881215	0.0008477940868917634	0.8933565926889125	0.9402806128755725	0.4709902704828666
3211.06526383523	0.0008482233477429635	0.893464503551095	0.9403427743762527	0.4708230131033101
3212.244017031616	0.0008486527155701931	0.8935722775373115	0.9404048534793936	0.4706558672006187
3213.4221739255495	0.0008490821903335025	0.8936799148464766	0.9404668503138495	0.4704888326735541
3214.599734971794	0.0008495117719929805	0.8937874156772015	0.9405287650082506	0.47032190942098057
3215.7767006247045	0.000849941460508757	0.8938947802277963	0.9405905976910043	0.47015509734186783
3216.953071338225	0.0008503712558410013	0.8940020086962698	0.9406523484902959	0.46998839633528855
3218.1288475658957	0.0008508011579499247	0.8941091012803284	0.9407140175340879	0.4698218063004203
3219.3040297608395	0.0008512311667957772	0.8942160581773796	0.9407756049501221	0.469655327136544
3220.4786183757797	0.0008516612823388487	0.8943228795845292	0.9408371108659175	0.4694889587430441
3221.652613863026	0.0008520915045394706	0.8944295656985841	0.9408985354087741	0.4693227010194094
3222.826016674487	0.0008525218333580134	0.8945361167160518	0.9409598787057702	0.46915655386523164
3223.9988272616556	0.0008529522687548877	0.8946425328331399	0.9410211408837635	0.4689905171802065
3225.171046075624	0.0008533828106905441	0.8947488142457583	0.9410823220693938	0.4688245908641326
3226.3426735670755	0.0008538134591254731	0.8948549611495177	0.9411434223890804	0.4686587748169123
3227.513710186288	0.000854244214020205	0.8949609737397323	0.9412044419690239	0.4684930689385509
3228.6841563831326	0.0008546750753353097	0.8950668522114177	0.9412653809352066	0.4683274731291572
3229.854012607075	0.0008551060430313977	0.8951725967592927	0.9413262394133926	0.46816198728894237
3231.0232793071755	0.0008555371170691176	0.8952782075777805	0.9413870175291247	0.4679966113182206
3232.1919569320908	0.0008559682974091594	0.8953836848610068	0.9414477154077237	0.4678313451174089
3233.3600459300683	0.0008563995840122502	0.8954890288028016	0.9415083331750921	0.46766618858709574
3234.527546748959	0.0008568309768391601	0.8955942395967007	0.9415688709601389	0.46750114162825446
3235.694459836202	0.0008572624758506959	0.8956993174359439	0.9416293288825062	0.46733620414117055
3236.8607856388358	0.0008576940810077044	0.8958042625134757	0.941689707066462	0.46717137602665415
3238.026524603498	0.0008581257922710732	0.8959090750219485	0.9417500056362229	0.4670066571856334
3239.1916771764168	0.0008585576096017264	0.8960137551537195	0.9418102247158441	0.46684204751914177
3240.3562438034264	0.0008589895329606306	0.896118303100852	0.9418703644291694	0.466677546928317
3241.5202249299496	0.0008594215623087895	0.8962227190551175	0.9419304248998247	0.4665131553143972
3242.683621001013	0.0008598536976072465	0.8963270032079951	0.9419904062512242	0.4663488725787234
3243.8464324612396	0.0008602859388170844	0.8964311557506692	0.9420503086065652	0.46618469862273787
3245.0086597548498	0.0008607182858994247	0.8965351768740359	0.9421101320888347	0.46602063334798527
3246.170303325664	0.0008611507388154275	0.8966390667686972	0.9421698768208033	0.4658566766561113
3247.3313636171038	0.000861583297526294	0.8967428256249665	0.9422295429250322	0.46569282844886406
3248.491841072183	0.000862015961993261	0.896846453632864	0.9422891305238676	0.46552908862809256
3249.6517361335236	0.0008624487321776067	0.8969499509821212	0.9423486397394447	0.4653654570957468
3250.8110492433425	0.0008628816080406469	0.8970533178621793	0.9424080706936877	0.4652019337538793
3251.969780843466	0.0008633145895437378	0.8971565544621922	0.9424674235083105	0.4650385185046435
3253.127931375303	0.0008637476766482718	0.8972596609710204	0.9425266983048122	0.4648752112502928
3254.2855012798814	0.0008641808693156817	0.89736263757724	0.9425858952044872	0.46471201189318295
3255.442490997821	0.0008646141675074388	0.897465484469137	0.9426450143284156	0.46454892033577055
3256.598900969345	0.0008650475711850519	0.8975682018347095	0.94270405579747	0.4643859364806126
3257.7547316342843	0.0008654810803100709	0.8976707898616699	0.942763019732314	0.4642230602303669
3258.9099834320614	0.0008659146948440799	0.8977732487374404	0.9428219062534007	0.46406029148779226
3260.064656801712	0.0008663484147487058	0.8978755786491603	0.9428807154809768	0.46389763015574775
3261.218752181868	0.0008667822399856114	0.8979777797836798	0.9429394475350792	0.4637350761371933
3262.372270010766	0.0008672161705164978	0.8980798523275649	0.9429981025355388	0.46357262933518917
3263.5252107262468	0.0008676502063031053	0.898181796467095	0.9430566806019776	0.4634102896528953
3264.677574765759	0.0008680843473072126	0.898283612388266	0.943115181853813	0.46324805699357297
3265.8293625663478	0.0008685185934906352	0.8983853002767883	0.9431736064102535	0.4630859312605828
3266.980574564669	0.0008689529448152284	0.8984868603180878	0.9432319543903029	0.4629239123573858
3268.1312111969805	0.0008693874012428836	0.8985882926973069	0.943290225912759	0.4627620001875425
3269.281272899147	0.0008698219627355326	0.8986895975993043	0.9433484210962146	0.4626001946547139
3270.4307601066394	0.000870256629255143	0.898790775208657	0.9434065400590568	0.46243849566266054
3271.579673254528	0.0008706914007637224	0.8988918257096574	0.9434645829194688	0.4622769031152422
3272.7280127775043	0.0008711262772233142	0.8989927492863178	0.9435225497954303	0.46211541691641933
3273.8757791098446	0.0008715612585960005	0.899093546122365	0.9435804408047141	0.46195403697025017
3275.022972685453	0.000871996344843902	0.8991942164012496	0.943638256064894	0.46179276318089446
3276.169593937828	0.0008724315359291758	0.8992947603061366	0.9436959956933376	0.4616315954526093
3277.315643300078	0.0008728668318140177	0.8993951780199124	0.9437536598072102	0.4614705336897523
3278.461121204924	0.0008733022324606599	0.8994954697251833	0.9438112485234764	0.46130957779677956
3279.6060280846896	0.0008737377378313744	0.8995956356042745	0.943868761958897	0.4611487276782465
3280.750364371309	0.0008741733478884681	0.8996956758392333	0.9439262002300326	0.4609879832388075
3281.8941304963278	0.0008746090625942879	0.8997955906118262	0.9439835634532423	0.4608273443832156
3283.0373268908925	0.0008750448819112152	0.8998953801035425	0.9440408517446829	0.4606668110163224
3284.179953985773	0.0008754808058016721	0.8999950444955928	0.9440980652203136	0.4605063830430792
3285.3220122113303	0.0008759168342281151	0.9000945839689083	0.9441552039958935	0.4603460603685346
3286.4635019975517	0.0008763529671530402	0.900193998704145	0.9442122681869777	0.4601858428978361
3287.6044237740302	0.0008767892045389798	0.900293288881681	0.9442692579087797	0.4600257305362165
3288.744777969966	0.0008772255463485033	0.9003924546816165	0.9443261732792796	0.45986572318928426
3289.8845650141698	0.0008776619925442166	0.9004914962837766	0.9443830144130203	0.4597058207624425
3291.0237853350714	0.0008780985430887649	0.9005904138677102	0.9444397814220192	0.45954602316097415
3292.162439360706	0.0008785351979448286	0.9006892076126908	0.944496474420937	0.4593863302905273
3293.3005275187193	0.000878971957075125	0.9007878776977155	0.9445530935241515	0.45922674205683944
3294.4380502363747	0.0008794088204424097	0.9008864243015087	0.9446096388458501	0.45906725836574647
3295.575007940545	0.0008798457880094741	0.9009848476025188	0.9446661105000229	0.45890787912318187
3296.711401057718	0.0008802828597391476	0.9010831477789211	0.9447225086004659	0.45874860423517805
3297.8472300139897	0.0008807200355942943	0.9011813250086158	0.9447788332607748	0.4585894336078628
3298.9824952350796	0.0008811573155378178	0.9012793794692324	0.9448350845943534	0.45843036714746377
3300.117197146307	0.0008815946995326557	0.901377311338125	0.9448912627144052	0.4582714047603035
3301.251336172621	0.0008820321875417854	0.9014751207923771	0.9449473677339422	0.4581125463528038
3302.3849127385743	0.0008824697795282177	0.9015728080087995	0.9450033997657791	0.45795379183148227
3303.5179272683376	0.0008829074754550027	0.9016703731639308	0.9450593589225365	0.45779514110295433
3304.6503801856993	0.0008833452752852245	0.9017678164340391	0.9451152453166407	0.4576365940739317
3305.7822719140595	0.0008837831789820059	0.9018651379951215	0.9451710590603242	0.45747815065122416
3306.9136028764365	0.0008842211865085051	0.901962338022904	0.9452268002656259	0.45731981074173683
3308.0443734954647	0.0008846592978279164	0.9020594166928433	0.9452824690443905	0.45716157425247245
3309.174584193394	0.0008850975129034714	0.9021563741801255	0.9453380655082712	0.4570034410905298
3310.304235392093	0.0008855358316984377	0.9022532106596689	0.945393589768728	0.45684541116310495
3311.4333275130425	0.0008859742541761175	0.9023499263061202	0.9454490419370286	0.45668748437748935
3312.56186097735	0.0008864127802998528	0.9024465212938605	0.9455044221242492	0.4565296606410719
3313.689836205732	0.0008868514100330181	0.9025429957970006	0.9455597304412744	0.4563719398613367
3314.8172536185257	0.0008872901433390264	0.9026393499893844	0.9456149669987978	0.4562143219458644
3315.944113635688	0.000887728980181325	0.902735584044588	0.9456701319073215	0.45605680680233207
3317.0704166767964	0.0008881679205233982	0.9028316981359215	0.9457252252771594	0.4558993943385122
3318.1961631610448	0.0008886069643287672	0.9029276924364262	0.9457802472184327	0.4557420844622733
3319.321353507244	0.0008890461115609876	0.9030235671188795	0.9458351978410746	0.4555848770815798
3320.4459881338325	0.0008894853621836515	0.9031193223557921	0.9458900772548283	0.45542777210449187
3321.5700674588547	0.0008899247161603856	0.9032149583194077	0.9459448855692478	0.45527076943916456
3322.6935918999957	0.0008903641734548556	0.9033104751817074	0.9459996228937	0.45511386899384976
3323.8165618745425	0.0008908037340307593	0.9034058731144058	0.9460542893373614	0.45495707067689306
3324.9389777994147	0.0008912433978518321	0.9035011522889541	0.9461088850092219	0.45480037439673726
3326.0608400911447	0.0008916831648818452	0.9035963128765387	0.9461634100180835	0.45464378006191847
3327.182149165899	0.0008921230350846051	0.9036913550480836	0.9462178644725615	0.45448728758106965
3328.3029054394515	0.0008925630084239529	0.903786278974248	0.9462722484810834	0.4543308968629176
3329.4231093272087	0.0008930030848637666	0.9038810848254294	0.9463265621518897	0.4541746078162844
3330.542761244195	0.0008934432643679586	0.9039757727717628	0.9463808055930373	0.45401842035008744
3331.6618616050573	0.0008938835469004783	0.9040703429831213	0.9464349789123944	0.4538623343733382
3332.7804108240753	0.0008943239324253081	0.9041647956291157	0.9464890822176462	0.45370634979514357
3333.8984093151357	0.0008947644209064677	0.9042591308790947	0.9465431156162893	0.4535504665247038
3335.015857491762	0.0008952050123080115	0.9043533489021491	0.9465970792156396	0.4533946844713152
3336.132755767096	0.0008956457065940281	0.9044474498671051	0.9466509731228245	0.4532390035443671
3337.24910455391	0.0008960865037286438	0.9045414339425327	0.9467047974447914	0.45308342365334414
3338.3649042645934	0.000896527403676018	0.9046353012967399	0.946758552288301	0.45292794470782466
3339.480155311169	0.0008969684064003447	0.9047290520977745	0.9468122377599303	0.45277256661748116
3340.5948581052767	0.0008974095118658552	0.9048226865134281	0.9468658539660719	0.4526172892920802
3341.7090130581896	0.0008978507200368139	0.9049162047112307	0.9469194010129998	0.4524621126414866
3342.822620580801	0.0008982920308775207	0.9050096068584552	0.9469728790069283	0.4523070365756684
3343.9356810836366	0.000898733444352312	0.9051028931221187	0.9470262880570568	0.4521520610049222
3345.048194976844	0.0008991749604255557	0.9051960636689763	0.9470796282651983	0.451997185839104
3346.160162670202	0.0008996165790616581	0.9052891186655303	0.9471328997367781	0.4518424109884453
3347.2715845731127	0.0009000583002250575	0.9053820582780235	0.9471861025771072	0.4516877363632753
3348.382461094607	0.0009005001238802287	0.9054748826724439	0.9472392368913202	0.45153316187401715
3349.492792643348	0.0009009420499916803	0.9055675920145215	0.9472923027843733	0.45137868743118736
3350.6025796276244	0.0009013840785239572	0.905660186469734	0.9473453003610438	0.45122431294539633
3351.711822455352	0.0009018262094416353	0.9057526662032997	0.9473982297259252	0.4510700383273462
3352.8205215340768	0.0009022684427093299	0.9058450313801854	0.9474510909834354	0.45091586348783336
3353.928677270977	0.0009027107782916857	0.9059372821651023	0.94750388423781	0.45076178833774616
3355.036290072857	0.000903153216153387	0.9060294187225065	0.9475566095931063	0.450607812788067
3356.143360346151	0.0009035957562591484	0.9061214412166013	0.9476092671532033	0.45045393674986933
3357.2498884969277	0.0009040383985737208	0.9062133498113365	0.947661857021801	0.4503001601343207
3358.355874930882	0.0009044811430618895	0.9063051446704089	0.947714379302421	0.4501464828526801
3359.461320053344	0.0009049239896884739	0.9063968259572627	0.9477668340984087	0.44999290481630005
3360.56622426927	0.0009053669384183266	0.9064883938350886	0.9478192215129294	0.44983942593662446
3361.670587983253	0.0009058099892163353	0.9065798484668275	0.9478715416489739	0.44968604612519
3362.774411599513	0.0009062531420474233	0.9066711900151677	0.9479237946093553	0.44953276529362557
3363.8776955219114	0.0009066963968765458	0.906762418642546	0.9479759804967097	0.44937958335365213
3364.9804401539277	0.0009071397536686921	0.9068535345111486	0.9480280994134967	0.449226500217082
3366.0826458986876	0.0009075832123888871	0.9069445377829116	0.9480801514620019	0.4490735157958203
3367.184313158946	0.0009080267730021895	0.9070354286195216	0.9481321367443348	0.44892063000186383
3368.2854423370864	0.0009084704354736901	0.907126207182413	0.9481840553624274	0.4487678427473002
3369.3860338351337	0.0009089141997685157	0.9072168736327747	0.9482359074180408	0.44861515394430995
3370.486088054742	0.0009093580658518256	0.9073074281315434	0.9482876930127584	0.4484625635051643
3371.5856053972025	0.0009098020336888139	0.9073978708394087	0.9483394122479909	0.44831007134222584
3372.6845862634395	0.0009102461032447079	0.9074882019168116	0.9483910652249753	0.44815767736794965
3373.7830310540126	0.0009106902744847685	0.907578421523946	0.9484426520447744	0.44800538149488045
3374.880940169121	0.0009111345473742907	0.9076685298207569	0.948494172808278	0.44785318363565535
3375.9783140085947	0.0009115789218786036	0.9077585269669437	0.9485456276162034	0.4477010837030023
3377.0751529719	0.0009120233979630686	0.9078484131219581	0.9485970165690952	0.44754908160973994
3378.171457458143	0.0009124679755930809	0.9079381884450058	0.9486483397673244	0.4473971772687778
3379.267227866063	0.0009129126547340702	0.9080278530950456	0.9486995973110922	0.44724537059311653
3380.3624645940417	0.0009133574353514998	0.9081174072307928	0.9487507893004279	0.4470936614958475
3381.457168040092	0.000913802317410865	0.9082068510107151	0.9488019158351877	0.4469420498901526
3382.55133860187	0.0009142473008776952	0.908296184593037	0.9488529770150589	0.44679053568930416
3383.64497667666	0.000914692385717553	0.9083854081357363	0.9489039729395559	0.4466391188066647
3384.738082661404	0.0009151375718960352	0.90847452179655	0.948954903708026	0.4464877991556883
3385.8306569526603	0.0009155828593787705	0.9085635257329678	0.9490057694196433	0.44633657664991777
3386.9226999466428	0.0009160282481314219	0.9086524201022382	0.949056570173414	0.4461854512029873
3388.0142120391956	0.000916473738119685	0.9087412050613655	0.9491073060681746	0.4460344227286202
3389.105193625806	0.0009169193293092887	0.9088298807671115	0.9491579772025924	0.44588349114063053
3390.195645101599	0.0009173650216659943	0.9089184473759959	0.9492085836751597	0.44573265635292164
3391.2855668613456	0.0009178108151555971	0.9090069050442957	0.9492591255842093	0.44558191827948745
3392.3749592994523	0.0009182567097439266	0.9090952539280489	0.9493096030284112	0.44543127683442824
3393.4638228099657	0.0009187027053968414	0.9091834941830474	0.9493600161080992	0.44528073193199574
3394.5521577865793	0.0009191488020802369	0.9092716259648469	0.9494103649182811	0.4451302834863574
3395.6399646226196	0.0009195949997600387	0.9093596494287585	0.9494606495562851	0.4449799314118537
3396.727243711065	0.0009200412984022075	0.9094475647298571	0.9495108701195925	0.4448296756229255
3397.8139954445282	0.0009204876979727349	0.9095353720229752	0.9495610267055492	0.44467951603410444
3398.9002202152674	0.0009209341984376458	0.9096230714627055	0.9496111194113299	0.44452945256001
3399.9859184151856	0.000921380799762999	0.9097106632034035	0.9496611483339433	0.44437948511535225
3401.0710904358284	0.0009218275019148846	0.9097981473991852	0.949711113570232	0.4442296136149292
3402.155736668379	0.0009222743048594249	0.9098855242039264	0.9497610152168708	0.444079837973628
3403.2398575036723	0.0009227212085627768	0.9099727937712677	0.9498108533703715	0.4439301581064249
3404.3234533321834	0.000923168212991127	0.9100599562546098	0.9498606281270797	0.44378057392838444
3405.4065245440343	0.0009236153181106976	0.9101470118071177	0.9499103395831765	0.4436310853546603
3406.4890715289825	0.0009240625238877407	0.9102339605817175	0.9499599878346767	0.4434816923004938
3407.571094676451	0.000924509830288543	0.9103208027311014	0.9500095729774346	0.44333239468121616
3408.6525943754855	0.0009249572372794213	0.9104075384077225	0.9500590951071368	0.4431831924122455
3409.733571014788	0.0009254047448267265	0.9104941677637997	0.9501085543193084	0.44303408540908923
3410.81402498271	0.0009258523528968411	0.9105806909513159	0.9501579507093106	0.4428850735873425
3411.893956667243	0.0009263000614561795	0.910667108122019	0.9502072843723408	0.4427361568626883
3412.9733664560263	0.0009267478704711887	0.910753419427421	0.9502565554034352	0.44258733515089826
3414.0522547363485	0.0009271957799083482	0.9108396250188009	0.950305763897467	0.44243860836783144
3415.1306218951445	0.0009276437897341694	0.9109257250472031	0.9503549099491471	0.4422899764294349
3416.2084683189983	0.0009280918999151957	0.9110117196634379	0.9504039936530242	0.44214143925174365
3417.285794394136	0.0009285401104180018	0.9110976090180818	0.9504530151034865	0.44199299675087983
3418.3626005064393	0.0009289884212091955	0.9111833932614788	0.9505019743947604	0.4418446488430538
3419.438887041435	0.0009294368322554159	0.9112690725437409	0.9505508716209115	0.44169639544456235
3420.5146543842993	0.0009298853435233351	0.9113546470147463	0.9505997068758452	0.4415482364717913
3421.5899029198545	0.0009303339549796552	0.9114401168241415	0.9506484802533054	0.4414001718412116
3422.6646330325793	0.0009307826665911116	0.9115254821213424	0.9506971918468773	0.4412522014693835
3423.738845106598	0.0009312314783244715	0.9116107430555325	0.950745841749987	0.44110432527295323
3424.812539525684	0.0009316803901465329	0.9116958997756643	0.9507944300558986	0.4409565431686543
3425.8857166732614	0.0009321294020241254	0.91178095243046	0.9508429568577192	0.4408088550733066
3426.95837693241	0.0009325785139241121	0.9118659011684122	0.9508914222483967	0.4406612609038178
3428.0305206858543	0.0009330277258133859	0.9119507461377823	0.950939826320721	0.44051376057718195
3429.1021483159757	0.0009334770376588725	0.9120354874866032	0.9509881691673224	0.44036635401047985
3430.1732602048005	0.0009339264494275272	0.9121201253626773	0.9510364508806738	0.44021904112087795
3431.243856734015	0.0009343759610863395	0.9122046599135798	0.9510846715530917	0.4400718218256308
3432.3139382849517	0.0009348255726023286	0.9122890912866563	0.9511328312767335	0.4399246960420782
3433.383505238602	0.0009352752839425459	0.9123734196290243	0.9511809301436011	0.43977766368764654
3434.4525579755996	0.0009357250950740723	0.9124576450875731	0.9512289682455378	0.4396307246798485
3435.5210968762462	0.0009361750059640236	0.912541767808966	0.951276945674233	0.43948387893628277
3436.5891223204835	0.000936625016579544	0.9126257879396371	0.9513248625212172	0.43933712637463446
3437.6566346879167	0.0009370751268878095	0.9127097056257961	0.9513727188778672	0.4391904669126739
3438.7236343577993	0.0009375253368560288	0.9127935210134237	0.951420514835403	0.4390439004682582
3439.7901217090434	0.0009379756464514389	0.9128772342482757	0.9514682504848788	0.4388974269593291
3440.856097120217	0.0009384260556413122	0.9129608454758837	0.9515159259172635	0.43875104630391687
3441.921560969533	0.000938876564392947	0.9130443548415504	0.9515635412238675	0.4386047584201497
3442.9865136348717	0.000939327172673677	0.913127762490356	0.9516110964974951	0.4384585632262879
3444.050955493767	0.0009397778804508652	0.9132110685671557	0.9516585918252561	0.4383124606405243
3445.114886923407	0.0009402286876919057	0.91329427321658	0.9517060272977039	0.438166450581236
3446.17830830063	0.0009406795943642225	0.9133773765830341	0.9517534030049835	0.43802053296687804
3447.2412200019457	0.0009411306004352735	0.9134603788107023	0.9518007190370914	0.43787470771599163
3448.303622403507	0.0009415817058725433	0.9135432800435423	0.951847975483871	0.4377289747472019
3449.3655158811316	0.0009420329106435513	0.9136260804252923	0.9518951724350172	0.4375833339792203
3450.4269008102906	0.0009424842147158452	0.9137087800994638	0.9519423099800682	0.43743778533084177
3451.4877775661216	0.0009429356180570042	0.9137913792093498	0.9519893882084131	0.4372923287209474
3452.548146523409	0.0009433871206346383	0.9138738778980184	0.9520364072092861	0.437146964068502
3453.6080080566053	0.000943838722416388	0.9139562763083183	0.9520833670717714	0.43700169129255534
3454.6673625398153	0.0009442904233699247	0.9140385745828746	0.9521302678847996	0.4368565103122419
3455.726210346805	0.000944742223462949	0.9141207728640934	0.9521771097371513	0.43671142104678
3456.784551851004	0.0009451941226631951	0.9142028712941589	0.9522238927174561	0.43656642341547325
3457.8423874254977	0.0009456461209384248	0.914284870015036	0.9522706169141926	0.4364215173377086
3458.899717443033	0.0009460982182564311	0.9143667691684688	0.9523172824156879	0.436276702732958
3459.956542276015	0.0009465504145850385	0.9144485688959819	0.9523638893101203	0.4361319795207768
3461.012862296513	0.0009470027098921006	0.914530269338881	0.9524104376855167	0.4359873476208043
3462.068677876261	0.0009474551041455029	0.9146118706382527	0.9524569276297568	0.435842806952765
3463.123989386642	0.0009479075973131591	0.9146933729349651	0.9525033592305682	0.4356983574364653
3464.1787971987123	0.0009483601893630144	0.9147747763696666	0.9525497325755294	0.4355539989917968
3465.233101683187	0.0009488128802630444	0.9148560810827908	0.9525960477520735	0.435409731538734
3466.286903210442	0.000949265669981255	0.91493728721455	0.9526423048474805	0.4352655549973357
3467.3402021505162	0.0009497185584856812	0.9150183949049422	0.9526885039488857	0.43512146928774315
3468.3929988731147	0.0009501715457443895	0.9150994042937468	0.9527346451432743	0.43497747433018186
3469.4452937476026	0.0009506246317254747	0.9151803155205268	0.9527807285174845	0.4348335700449603
3470.497087143008	0.000951077816397064	0.9152611287246292	0.9528267541582076	0.43468975635246987
3471.5483794280267	0.0009515310997273135	0.9153418440451853	0.9528727221519864	0.43454603317318613
3472.5991709710147	0.0009519844816844071	0.91542246162111	0.9529186325852177	0.4344024004276658
3473.6494621399975	0.0009524379622365627	0.9155029815911039	0.9529644855441519	0.43425885803655107
3474.699253302661	0.0009528915413520254	0.9155834040936521	0.9530102811148929	0.43411540592056463
3475.7485448263574	0.0009533452189990707	0.9156637292670248	0.9530560193833979	0.4339720440005134
3476.797337078107	0.0009537989951460045	0.9157439572492793	0.953101700435479	0.4338287721972867
3477.845630424591	0.0009542528697611619	0.9158240881782568	0.9531473243568025	0.4336855904318561
3478.8934252321624	0.0009547068428129071	0.9159041221915861	0.9531928912328889	0.43354249862527566
3479.9407218668352	0.0009551609142696352	0.915984059426683	0.9532384011491143	0.43339949669868233
3480.9875206942934	0.0009556150840997705	0.9160639000207498	0.9532838541907108	0.4332565845732954
3482.0338220798885	0.0009560693522717672	0.9161436441107762	0.9533292504427647	0.43311376217041586
3483.0796263886377	0.0009565237187541086	0.9162232918335399	0.9533745899902187	0.43297102941142745
3484.124933985228	0.0009569781835153076	0.9163028433256066	0.9534198729178719	0.43282838621779574
3485.1697452340113	0.0009574327465239076	0.9163822987233293	0.9534650993103795	0.43268583251106824
3486.2140604990063	0.0009578874077484794	0.9164616581628517	0.9535102692522529	0.4325433682128744
3487.2578801439113	0.0009583421671576255	0.9165409217801043	0.9535553828278603	0.4324009932449256
3488.3012045320793	0.0009587970247199762	0.9166200897108083	0.953600440121428	0.43225870752901496
3489.344034026539	0.0009592519804041919	0.9166991620904746	0.9536454412170553	0.43211651098701886
3490.3863689899918	0.0009597070341789625	0.9167781390544034	0.953690386198647	0.43197440354088984
3491.4282097848054	0.000960162186013007	0.916857020737686	0.953735275151363	0.4318323851128245
3492.4695567730114	0.0009606174358750728	0.9169358072752024	0.9537801081579265	0.43169045562483255
3493.51041031633	0.0009610727837339381	0.9170144988016276	0.9538248853012603	0.4315486149990455
3494.55077077613	0.0009615282295584084	0.9170930954514229	0.9538696066647734	0.4314068631577488
3495.590638513462	0.00096198377331732	0.9171715973588438	0.9539142723317061	0.43126520002330593
3496.630013889057	0.0009624394149795378	0.917250004657939	0.9539588823851598	0.43112362551816247
3497.6688972633	0.0009628951545139553	0.9173283174825474	0.9540034369080919	0.4309821395648436
3498.7072889962583	0.0009633509918894947	0.9174065359662995	0.95404793598332	0.4308407420859553
3499.745189447673	0.0009638069270751095	0.9174846602426229	0.9540923796935246	0.4306994330041857
3500.7825989769494	0.0009642629600397792	0.9175626904447342	0.9541367681212426	0.43055821224230206
3501.8195179431727	0.0009647190907525134	0.9176406267056448	0.9541811013488732	0.43041707972315346
3502.8559467051	0.0009651753191823514	0.9177184691581608	0.9542253794586757	0.43027603536966846
3503.891885621163	0.0009656316452983608	0.9177962179348829	0.9542696025327717	0.4301350791048571
3504.9273350494577	0.0009660880690696358	0.9178738731682029	0.954313770653141	0.42999421085180867
3505.9622953477724	0.000966544590465304	0.9179514349903126	0.9543578839016282	0.4298534305336936
3506.996766873552	0.000967001209454518	0.9180289035331946	0.9544019423599367	0.4297127380737622
3508.030749983927	0.0009674579260064599	0.918106278928629	0.954445946109634	0.42957213339534456
3509.0642450356972	0.0009679147400903412	0.9181835613081913	0.9544898952321484	0.4294316164218512
3510.0972523853434	0.0009683716516754016	0.9182607508032531	0.9545337898087712	0.4292911870767722
3511.1297723890148	0.0009688286607309088	0.9183378475449819	0.9545776299206562	0.42915084528367786
3512.1618054025425	0.0009692857672261605	0.9184148516643428	0.9546214156488207	0.4290105909662181
3513.1933517814336	0.0009697429711304815	0.918491763292098	0.9546651470741454	0.4288704240481223
3514.2244118808653	0.0009702002724132257	0.918568582558805	0.9547088242773722	0.42873034445319924
3515.254986055702	0.0009706576710437752	0.9186453095948227	0.9547524473391101	0.4285903521053383
3516.2850746604736	0.0009711151669915405	0.9187219445303042	0.9547960163398291	0.4284504469285064
3517.3146780493976	0.0009715727602259618	0.9187984874952037	0.9548395313598661	0.4283106288467517
3518.3437965763655	0.0009720304507165047	0.9188749386192723	0.9548829924794199	0.4281708977842001
3519.3724305949427	0.0009724882384326664	0.9189512980320609	0.9549263997785559	0.42803125366505795
3520.400580458382	0.0009729461233439698	0.9190275658629192	0.9549697533372039	0.4278916964136094
3521.4282465196084	0.0009734041054199675	0.9191037422409971	0.9550130532351588	0.4277522259542189
3522.455429131222	0.0009738621846302391	0.9191798272952433	0.9550562995520804	0.4276128422113281
3523.482128645515	0.0009743203609443945	0.9192558211544085	0.9550994923674965	0.42747354510945945
3524.508345414448	0.0009747786343320689	0.9193317239470414	0.9551426317607976	0.4273343345732128
3525.534079789661	0.0009752370047629267	0.9194075358014936	0.9551857178112425	0.42719521052726644
3526.5593321224874	0.0009756954722066622	0.9194832568459173	0.9552287505979574	0.42705617289637876
3527.584102763925	0.0009761540366329948	0.9195588872082661	0.9552717301999331	0.426917221605385
3528.6083920646615	0.000976612698011674	0.9196344270162939	0.9553146566960271	0.42677835657919927
3529.632200375066	0.0009770714563124754	0.9197098763975596	0.9553575301649675	0.4266395777428149
3530.6555280451826	0.0009775303115052048	0.9197852354794221	0.9554003506853459	0.42650088502130207
3531.678375424745	0.0009779892635596939	0.9198605043890444	0.9554431183356242	0.42636227833981016
3532.700742863163	0.0009784483124458017	0.9199356832533904	0.9554858331941312	0.4262237576235657
3533.7226307095284	0.0009789074581334181	0.9200107721992298	0.9555284953390636	0.42608532279787414
3534.7440393126276	0.000979366700592459	0.9200857713531357	0.9555711048484885	0.4259469737881183
3535.7649690209078	0.0009798260397928657	0.9201606808414823	0.9556136618003382	0.42580871051975855
3536.78542018252	0.0009802854757046116	0.920235500790451	0.9556561662724181	0.4256705329183337
3537.8053931452882	0.0009807450082976942	0.9203102313260271	0.9556986183423983	0.4255324409094595
3538.8248882567214	0.00098120463754214	0.9203848725739991	0.955741018087822	0.42539443441882957
3539.843905864018	0.0009816643634080041	0.9204594246599638	0.9557833655866543	0.4252565133723436
3540.8624463140536	0.0009821241858653667	0.9205338877093199	0.9558256609163652	0.42511867769589406
3541.880509953393	0.0009825841048843379	0.9206082618472742	0.9558679041531889	0.424980927315193
3542.8980971282836	0.0009830441204350538	0.920682547198839	0.955910095374218	0.4248432621562607
3543.9152081846573	0.000983504232487678	0.920756743888832	0.9559522346563502	0.42470568214517795
3544.93184346814	0.0009839644410124027	0.9208308520418798	0.9559943220763535	0.4245681872081033
3545.948003324031	0.0009844247459794466	0.9209048717824135	0.9560363577108663	0.424430777271272
3546.963688097327	0.000984885147359055	0.9209788032346735	0.9560783416363993	0.4242934522609959
3547.9788981327015	0.0009853456451215023	0.9210526465227058	0.9561202739293341	0.4241562121036642
3548.993633774521	0.0009858062392370888	0.9211264017703663	0.9561621546659248	0.4240190567257423
3550.007895366838	0.0009862669296761425	0.9212000691013176	0.9562039839222961	0.42388198605377275
3551.02168325339	0.0009867277164090178	0.9212736486390309	0.956245761774446	0.42374500001437415
3552.0349977776095	0.000987188599406098	0.921347140506788	0.9562874882982448	0.42360809853424175
3553.0478392826035	0.0009876495786377917	0.9214205448276769	0.9563291635694344	0.42347128154014696
3554.0602081111847	0.0009881106540745369	0.9214938617245977	0.9563707876636316	0.42333454895893824
3555.072104605835	0.0009885718256867951	0.9215670913202582	0.9564123606563235	0.4231979007175389
3556.0835291087433	0.0009890330934450584	0.9216402337371772	0.9564538826228731	0.4230613367429499
3557.0944819617744	0.000989494457319843	0.9217132890976837	0.956495353638515	0.4229248569622465
3558.104963506491	0.0009899559172816953	0.9217862575239172	0.9565367737783596	0.422788461302582
3559.1149740841406	0.0009904174733011855	0.9218591391378278	0.9565781431173894	0.4226521496911837
3560.124514035664	0.000990879125348912	0.9219319340611772	0.9566194617304628	0.42251592205535604
3561.1335837016923	0.0009913408733955012	0.922004642415539	0.9566607296923116	0.4223797783224781
3562.1421834225384	0.0009918027174116032	0.9220772643222966	0.9567019470775421	0.422243718420005
3563.1503135382236	0.000992264657367899	0.9221497999026486	0.9567431139606378	0.42210774227546866
3564.157974388446	0.0009927266932350915	0.9222222492776032	0.9567842304159536	0.42197184981647373
3565.165166312598	0.0009931888249839157	0.9222946125679827	0.9568252965177236	0.42183604097070276
3566.171889649767	0.0009936510525851289	0.9223668898944214	0.9568663123400551	0.4217003156659124
3567.178144738732	0.0009941133760095178	0.9224390813773691	0.956907277956933	0.42156467382993484
3568.183931917963	0.000994575795227894	0.9225111871370857	0.9569481934422164	0.4214291153906776
3569.1892515256236	0.0009950383102110966	0.9225832072936483	0.9569890588696425	0.4212936402761226
3570.1941038995697	0.0009955009209299905	0.9226551419669455	0.957029874312824	0.4211582484143273
3571.1984893773515	0.0009959636273554682	0.922726991276682	0.9570706398452505	0.4210229397334241
3572.2024082962103	0.000996426429458448	0.9227987553423772	0.9571113555402896	0.4208877141616197
3573.2058609930855	0.0009968893272098748	0.9228704342833645	0.9571520214711857	0.4207525716271965
3574.2088478046053	0.0009973523205807197	0.9229420282187926	0.9571926377110584	0.42061751205850983
3575.2113690671	0.0009978154095419802	0.9230135372676281	0.9572332043329099	0.420482535383992
3576.213425116588	0.0009982785940646805	0.9230849615486505	0.9572737214096154	0.42034764153214776
3577.215016288784	0.0009987418741198707	0.923156301180457	0.9573141890139306	0.42021283043155677
3578.216142919101	0.000999205249678628	0.9232275562814616	0.9573546072184901	0.420078102010874
3579.216805342642	0.0009996687207120547	0.9232987269698938	0.957394976095805	0.4199434561988271
3580.217003894214	0.0010001322871912798	0.9233698133638016	0.9574352957182679	0.4198088929242197
3581.216738908315	0.0010005959490874592	0.9234408155810496	0.9574755661581481	0.41967441211592793
3582.2160107191357	0.0010010597063717732	0.92351173373932	0.9575157874875955	0.41954001370290217
3583.2148196605767	0.0010015235590154303	0.9235825679561135	0.9575559597786388	0.4194056976141681
3584.21316606622	0.001001987506989664	0.923653318348748	0.9575960831031867	0.41927146377882335
3585.2110502693567	0.001002451550265734	0.9237239850343613	0.9576361575330321	0.41913731212604066
3586.2084726029693	0.0010029156888149253	0.9237945681299087	0.9576761831398373	0.4190032425850665
3587.2054333997385	0.0010033799226085497	0.9238650677521649	0.9577161599950036	0.41886925508521883
3588.2019329920513	0.0010038442516179457	0.9239354840177254	0.9577560881721052	0.41873534955589775
3589.1979717119793	0.001004308675814476	0.9240058170430031	0.9577959677423584	0.4186015259265692
3590.1935498913062	0.0010047731951695294	0.9240760669442318	0.9578357987747346	0.4184677841267666
3591.1886678615065	0.001005237809654523	0.9241462338374665	0.9578755813403151	0.418334124086104
3592.1833259537575	0.001005702519240896	0.9242163178385813	0.9579153155100641	0.41820054573426707
3593.1775244989353	0.0010061673239001167	0.9242863190632719	0.957955001354833	0.41806704900101577
3594.1712638276185	0.0010066322236036774	0.9243562376270554	0.9579946389453532	0.4179336338161831
3595.1645442700824	0.0010070972183230953	0.9244260736452685	0.9580342283522373	0.41780030010967384
3596.157366156306	0.0010075623080299163	0.9244958272330727	0.9580737696459817	0.4176670478114674
3597.1497298159643	0.0010080274926957092	0.924565498505448	0.958113262896963	0.4175338768516144
3598.141635578438	0.0010084927722920688	0.9246350875771983	0.9581527081754413	0.41740078716023915
3599.1330837728124	0.0010089581467906173	0.9247045945629507	0.9581921055515592	0.4172677786675384
3600.124074727863	0.0010094236161629995	0.9247740195771538	0.9582314550953419	0.41713485130378103
3601.1146087720804	0.0010098891803808896	0.9248433627340797	0.9582707568766984	0.4170020049993094
3602.104686233649	0.0010103548394159833	0.9249126241478246	0.9583100109654198	0.41686923968453693
3603.0943074404577	0.0010108205932400042	0.9249818039323071	0.9583492174311814	0.41673655528995096
3604.0834727200986	0.0010112864418247002	0.9250509022012697	0.9583883763435418	0.4166039517461093
3605.072182399874	0.0010117523851418465	0.9251199190682813	0.9584274877719453	0.4164714289836437
3606.060436806774	0.0010122184231632413	0.9251888546467321	0.9584665517857166	0.41633898693325655
3607.0482362675098	0.0010126845558607095	0.9252577090498401	0.9585055684540698	0.4162066255257235
3608.0355811084814	0.0010131507832061	0.9253264823906452	0.9585445378460982	0.4160743446918911
3609.0224716558027	0.0010136171051712889	0.9253951747820148	0.9585834600307839	0.41594214436267796
3610.008908235296	0.0010140835217281768	0.9254637863366425	0.9586223350769929	0.41581002446907517
3610.9948911724714	0.001014550032848688	0.9255323171670451	0.9586611630534746	0.41567798494214453
3611.980420792562	0.0010150166385047743	0.9256007673855677	0.958699944028867	0.4155460257130204
3612.965497420499	0.0010154833386684116	0.9256691371043817	0.9587386780716918	0.4154141467129082
3613.950121380918	0.0010159501333115999	0.925737426435484	0.9587773652503562	0.4152823478730846
3614.934292998162	0.0010164170224063662	0.9258056354906989	0.9588160056331543	0.41515062912489825
3615.9180125962844	0.0010168840059247616	0.9258737643816797	0.958854599288267	0.4150189903997685
3616.9012804990357	0.0010173510838388617	0.925941813219904	0.9588931462837599	0.41488743162918623
3617.8840970298866	0.001017818256120768	0.9260097821166801	0.9589316466875876	0.4147559527447137
3618.8664625120027	0.001018285522742607	0.926077671183143	0.9589701005675898	0.4146245536779836
3619.8483772682607	0.0010187528836765288	0.9261454805302559	0.9590085079914937	0.4144932343607006
3620.8298416212506	0.0010192203388947093	0.9262132102688115	0.959046869026914	0.414361994724639
3621.8108558932636	0.001019687888369351	0.9262808605094309	0.9590851837413535	0.41423083470164546
3622.791420406303	0.001020155532072677	0.9263484313625638	0.959123452202202	0.4140997542236356
3623.7715354820784	0.00102062326997694	0.9264159229384913	0.9591616744767376	0.4139687532225975
3624.751201442007	0.0010210911020544133	0.9264833353473205	0.9591998506321255	0.41383783163058846
3625.730418607225	0.0010215590282773984	0.9265506686989938	0.9592379807354219	0.41370698937973754
3626.7091872985648	0.0010220270486182188	0.9266179231032785	0.9592760648535679	0.4135762264022429
3627.6875078365756	0.0010224951630492247	0.9266850986697767	0.9593141030533975	0.4134455426303746
3628.6653805415167	0.0010229633715427887	0.9267521955079181	0.9593520954016292	0.41331493799647145
3629.6428057333515	0.0010234316740713105	0.9268192137269652	0.9593900419648744	0.41318441243294346
3630.619783731767	0.0010239000706072138	0.9268861534360122	0.9594279428096326	0.41305396587227083
3631.596314856148	0.0010243685611229447	0.9269530147439832	0.9594657980022919	0.4129235982470031
3632.5723994255945	0.0010248371455909761	0.9270197977596355	0.9595036076091317	0.41279330948976056
3633.54803775892	0.0010253058239838048	0.9270865025915583	0.9595413716963196	0.4126630995332323
3634.523230174649	0.001025774596273952	0.9271531293481732	0.9595790903299203	0.4125329683101797
3635.497976991021	0.0010262434624339638	0.927219678137735	0.9596167635758825	0.4124029157534315
3636.4722785259773	0.001026712422436409	0.92728614906833	0.9596543915007535	0.41227294179596885
3637.446135097184	0.0010271814762538827	0.9273525422478789	0.959691974170103	0.4121430463707423
3638.4195470220116	0.001027650623859003	0.9274188577841356	0.9597295116488432	0.412013229410707
3639.3925146175507	0.0010281198652244137	0.9274850957846882	0.9597670040025469	0.411883490848978
3640.3650382005985	0.001028589200322782	0.9275512563569579	0.9598044512966217	0.4117538306187329
3641.3371180876693	0.001029058629126799	0.9276173396082011	0.9598418535963676	0.41162424865321817
3642.308754594992	0.0010295281516091805	0.9276833456455078	0.9598792109669763	0.41149474488574983
3643.279948038509	0.001029997767742667	0.927749274575804	0.9599165234735324	0.4113653192497138
3644.250698733873	0.0010304674775000215	0.9278151265058497	0.9599537911810112	0.41123597167856324
3645.2210069964585	0.001030937280854033	0.9278809015422408	0.9599910141542816	0.4111067021058223
3646.1908731413528	0.0010314071777775137	0.9279465997914089	0.9600281924581051	0.4109775104650829
3647.160297483356	0.0010318771682432993	0.9280122213596211	0.9600653261571349	0.4108483966900059
3648.1292803369874	0.0010323472522242511	0.9280777663529811	0.960102415315917	0.4107193607143213
3649.0978220164784	0.0010328174296932537	0.9281432348774291	0.9601394599988922	0.41059040247182715
3650.0659228357786	0.0010332877006232147	0.9282086270387403	0.9601764602703922	0.41046152189639074
3651.0335831085563	0.0010337580649870664	0.9282739429425291	0.960213416194644	0.4103327189219474
3652.0008031481916	0.0010342285227577651	0.928339182694246	0.9602503278357669	0.410203993482501
3652.967583267784	0.0010346990739082914	0.9284043463991789	0.9602871952577758	0.410075345512124
3653.9339237801532	0.001035169718411649	0.9284694341624541	0.9603240185245786	0.4099467749449575
3654.8998249978304	0.0010356404562408654	0.9285344460890346	0.9603607976999767	0.40981828171520934
3655.8652872330704	0.0010361112873689925	0.9285993822837225	0.960397532847667	0.40968986575715716
3656.8303107978436	0.0010365822117691058	0.9286642428511587	0.9604342240312415	0.4095615270051458
3657.79489600384	0.0010370532294143042	0.9287290278958229	0.9604708713141862	0.40943326539358865
3658.7590431624603	0.00103752434027771	0.9287937375220314	0.9605074747598812	0.4093050808569658
3659.72275258484	0.0010379955443324703	0.9288583718339437	0.9605440344316042	0.4091769733298271
3660.6860245818193	0.001038466841551755	0.928922930935556	0.9605805503925268	0.4090489427467884
3661.6488594639663	0.0010389382319087577	0.9289874149307049	0.9606170227057163	0.4089209890425344
3662.611257541564	0.0010394097153766965	0.9290518239230678	0.9606534514341362	0.4087931121518163
3663.5732191246184	0.001039881291928811	0.9291161580161613	0.9606898366406451	0.4086653120094541
3664.5347445228545	0.0010403529615383663	0.9291804173133432	0.9607261783879993	0.40853758855033445
3665.4958340457183	0.0010408247241786503	0.9292446019178122	0.9607624767388503	0.4084099417094114
3666.4564880023786	0.0010412965798229745	0.929308711932608	0.9607987317557469	0.4082823714217074
3667.416706701719	0.0010417685284446723	0.9293727474606104	0.9608349435011334	0.40815487762231
3668.376490452352	0.001042240570017104	0.9294367086045435	0.960871112037353	0.40802746024637615
3669.3358395626087	0.0010427127045136502	0.9295005954669708	0.9609072374266444	0.40790011922912844
3670.2947543405407	0.0010431849319077157	0.9295644081502981	0.960943319731144	0.407772854505857
3671.253235093924	0.0010436572521727292	0.9296281467567754	0.9609793590128869	0.4076456660119192
3672.2112821302558	0.0010441296652821419	0.9296918113884924	0.9610153553338037	0.4075185536827386
3673.168895756758	0.0010446021712094283	0.9297554021473848	0.9610513087557246	0.407391517453806
3674.126076280373	0.0010450747699280872	0.929818919135229	0.9610872193403776	0.40726455726067884
3675.0828240077703	0.0010455474614116404	0.929882362453646	0.9611230871493894	0.4071376730389816
3676.0391392453353	0.0010460202456336301	0.9299457322040994	0.9611589122442825	0.4070108647244038
3676.995022299185	0.0010464931225676259	0.9300090284878976	0.9611946946864819	0.4068841322527036
3677.9504734751613	0.0010469660921872189	0.9300722514061929	0.961230434537309	0.4067574755597045
3678.9054930788197	0.00104743915446602	0.930135401059981	0.9612661318579844	0.4066308945812956
3679.8600814154547	0.0010479123093776691	0.9301984775501047	0.9613017867096275	0.4065043892534343
3680.814238790076	0.0010483855568958252	0.9302614809772484	0.9613373991532611	0.4063779595121421
3681.767965507421	0.0010488588969941707	0.9303244114419438	0.9613729692498453	0.40625160529350296
3682.7212618719527	0.0010493323296464116	0.9303872690445675	0.9614084970598493	0.4061253265337087
3683.6741281878612	0.001049805854826277	0.9304500538853409	0.9614439826492014	0.40599912316843156
3684.6265647590612	0.001050279472507518	0.9305127660643321	0.9614794260809516	0.4058729951337028
3685.5785718891957	0.0010507531826639109	0.9305754056814556	0.9615148274069669	0.40574694236678527
3686.5301498816284	0.0010512269852692505	0.9306379728364712	0.9615501866881426	0.40562096480404697
3687.481299039459	0.0010517008802973604	0.9307004676289865	0.9615855039847113	0.4054950623819805
3688.432019665506	0.0010521748677220812	0.9307628901584545	0.9616207793569442	0.4053692350371304
3689.382312062319	0.0010526489475172797	0.9308252405241765	0.9616560128650067	0.4052434827061064
3690.332176532177	0.0010531231196568452	0.9308875188253007	0.9616912045689614	0.405117805325585
3691.281613377082	0.0010535973841146878	0.9309497251608225	0.9617263545287714	0.40499220283230764
3692.2306228987663	0.0010540717408647415	0.9310118596295855	0.9617614628043006	0.4048666751630815
3693.1792053986965	0.0010545461898809644	0.9310739223302823	0.9617965294553142	0.40474122225477915
3694.127361178056	0.0010550207311373345	0.9311359133614513	0.9618315545414767	0.40461584404433804
3695.07509053777	0.0010554953646078557	0.931197832821483	0.9618665381223566	0.4044905404687613
3696.0223937784845	0.0010559700902665504	0.9312596808086138	0.9619014802574204	0.40436531146511745
3696.969271200577	0.001056444908087467	0.9313214574209298	0.9619363810060382	0.4042401569705389
3697.9157231041554	0.0010569198180446749	0.9313831627563677	0.9619712404274807	0.4041150769222242
3698.861749789057	0.0010573948201122656	0.9314447969127113	0.9620060585809215	0.40399007125743636
3699.8073515548504	0.0010578699142643547	0.9315063599875969	0.9620408355254348	0.40386513991350304
3700.752528700834	0.001058345100475078	0.9315678520785091	0.9620755713199988	0.4037402828278172
3701.697281526038	0.0010588203787185964	0.9316292732827832	0.9621102660234928	0.40361549993783624
3702.6416103292227	0.0010592957489690912	0.9316906236976058	0.9621449196947	0.4034907911810823
3703.5855154088777	0.0010597712112007658	0.9317519034200118	0.9621795323923036	0.4033661564951411
3704.5289970632307	0.0010602467653878474	0.9318131125468901	0.9622141041748941	0.40324159581766433
3705.472055590233	0.0010607224115045844	0.9318742511749789	0.9622486351009613	0.4031171090863675
3706.4146912875763	0.0010611981495252487	0.931935319400869	0.9622831252289012	0.4029926962390302
3707.356904452679	0.0010616739794241331	0.9319963173210019	0.9623175746170117	0.4028683572134962
3708.298695382692	0.0010621499011755529	0.9320572450316718	0.9623519833234945	0.402744091947674
3709.240064374507	0.0010626259147538462	0.9321181026290247	0.9623863514064559	0.4026199003795356
3710.1810117247346	0.0010631020201333728	0.932178890209059	0.9624206789239059	0.4024957824471176
3711.1215377297367	0.0010635782172885148	0.9322396078676264	0.9624549659337598	0.4023717380885204
3712.061642685593	0.0010640545061936766	0.9323002557004306	0.9624892124938357	0.40224776724190797
3713.0013268881253	0.0010645308868232838	0.9323608338030286	0.9625234186618572	0.40212386984550796
3713.940590632887	0.0010650073591517853	0.9324213422708311	0.9625575844954528	0.4020000458376128
3714.8794342151746	0.001065483923153651	0.9324817811991029	0.9625917100521566	0.4018762951565774
3715.817857930001	0.001065960578803373	0.9325421506829612	0.9626257953894066	0.401752617740821
3716.7558620721356	0.0010664373260754671	0.9326024508173794	0.9626598405645479	0.40162901352882635
3717.6934469360626	0.0010669141649444665	0.932662681697182	0.9626938456348288	0.40150548245913875
3718.630612816024	0.0010673910953849328	0.9327228434170525	0.9627278106574064	0.4013820244703684
3719.567360005974	0.0010678681173714435	0.9327829360715248	0.962761735689341	0.40125863950118756
3720.5036887996216	0.0010683452308786017	0.9328429597549905	0.9627956207876003	0.40113532749033204
3721.439599490404	0.0010688224358810304	0.9329029145616957	0.9628294660090587	0.40101208837660113
3722.375092371496	0.001069299732353376	0.932962800585742	0.9628632714104959	0.40088892209885707
3723.310167735807	0.001069777120270305	0.9330226179210865	0.9628970370485996	0.40076582859602483
3724.24482587599	0.001070254599606507	0.9330823666615429	0.9629307629799636	0.4006428078070929
3725.179067084431	0.0010707321703366927	0.9331420469007805	0.9629644492610886	0.40051985967111214
3726.1128916532493	0.001071209832435594	0.9332016587323246	0.9629980959483819	0.4003969841271959
3727.046299874313	0.0010716875858779657	0.9332612022495591	0.9630317030981584	0.4002741811145218
3727.9792920392215	0.0010721654306385837	0.9333206775457223	0.9630652707666487	0.40015145057232776
3728.9118684393106	0.0010726433666922459	0.9333800847139117	0.9630987990100155	0.4000287924399121
3729.8440293656618	0.00107312139401377	0.9334394238470807	0.963132287883844	0.3999062066566911
3730.775775109089	0.0010735995125779974	0.9334986950380407	0.9631657374494619	0.39978369316147033
3731.7071059601476	0.00107407772235979	0.9335578983794611	0.9631991477647002	0.3996612518935105
3732.6380222091343	0.0010745560233340315	0.9336170339638695	0.963232518877546	0.3995388827932625
3733.568524146084	0.0010750344154756273	0.9336761018836517	0.9632658508437605	0.39941658580032957
3734.4986120607723	0.001075512898759504	0.9337351022310516	0.9632991437188473	0.39929436085439624
3735.4282862427112	0.0010759914731606089	0.9337940350981718	0.9633323975583412	0.39917220789519514
3736.357546981163	0.001076470138653913	0.9338529005769753	0.9633656124176707	0.39905012686252345
3737.2863945651184	0.0010769488952144047	0.9339116987592818	0.9633987883521696	0.39892811769623915
3738.214829283319	0.001077427742817099	0.9339704297367726	0.9634319254170838	0.3988061803362633
3739.1428514242407	0.001077906681437027	0.9340290936009872	0.9634650236675667	0.39868431472257815
3740.0704612761047	0.001078385711049245	0.9340876904433256	0.963498083158682	0.3985625207952282
3740.9976591268764	0.0010788648316288286	0.9341462203550487	0.9635311039454032	0.3984407984943192
3741.9244452642574	0.0010793440431508755	0.9342046834272761	0.9635640860826128	0.39831914776001914
3742.8508199756975	0.0010798233455905036	0.9342630797509893	0.9635970296251034	0.398197568532557
3743.77678354838	0.0010803027389228526	0.9343214094170295	0.9636299346275777	0.39807606075222335
3744.702336269244	0.0010807822231230849	0.9343796725160999	0.9636628011446489	0.3979546243593708
3745.6274784249613	0.001081261798166381	0.9344378691387638	0.9636956292308406	0.39783325929441277
3746.552210301954	0.0010817414640279452	0.9344959993754481	0.9637284189405871	0.39771196549782384
3747.4765321863774	0.001082221220683	0.9345540633164373	0.9637611703282318	0.39759074291014
3748.4004443641447	0.0010827010681067934	0.9346120610518829	0.9637938834480325	0.3974695914719591
3749.3239471209026	0.0010831810062745888	0.9346699926717945	0.9638265583541546	0.397348511123939
3750.24704074205	0.0010836610351616768	0.9347278582660468	0.9638591951006775	0.3972275018067991
3751.1697255127183	0.0010841411547433634	0.9347856579243741	0.9638917937415891	0.39710656346131945
3752.092001717799	0.0010846213649949794	0.9348433917363768	0.9639243543307924	0.39698569602834166
3753.013869641919	0.001085101665891874	0.934901059791516	0.9639568769220996	0.3968648994487675
3753.9353295694527	0.001085582057409419	0.9349586621791167	0.9639893615692356	0.39674417366355985
3754.856381784521	0.001086062539523007	0.935016198988368	0.9640218083258382	0.3966235186137418
3755.77702657099	0.0010865431122080505	0.9350736703083218	0.9640542172454561	0.3965029342403975
3756.6972642124724	0.0010870237754399832	0.9351310762278936	0.9640865883815509	0.3963824204846715
3757.6170949923276	0.0010875045291942594	0.9351884168358647	0.9641189217874977	0.39626197728776863
3758.536519193658	0.0010879853734463555	0.9352456922208789	0.9641512175165837	0.3961416045909542
3759.4555370993194	0.001088466308171767	0.9353029024714452	0.9641834756220087	0.3960213023355542
3760.3741489919094	0.001088947333346011	0.9353600476759386	0.9642156961568866	0.3959010704629544
3761.2923551537765	0.0010894284489446245	0.9354171279225969	0.9642478791742434	0.3957809089146008
3762.2101558670142	0.0010899096549431668	0.9354741432995244	0.9642800247270195	0.39566081763199995
3763.127551413466	0.0010903909513172163	0.9355310938946911	0.9643121328680684	0.3955407965567178
3764.04454207472	0.0010908723380423728	0.9355879797959324	0.9643442036501579	0.395420845630381
3764.96112813212	0.0010913538150942564	0.9356448010909486	0.9643762371259686	0.3953009647946753
3765.8773098667493	0.0010918353824485077	0.935701557867307	0.9644082333480967	0.3951811539913469
3766.793087559446	0.0010923170400807878	0.935758250212442	0.9644401923690514	0.39506141316220167
3767.7084614907953	0.0010927987879667796	0.9358148782136522	0.9644721142412574	0.39494174224910494
3768.623431941137	0.0010932806260821847	0.9358714419581057	0.9645039990170535	0.3948221411939822
3769.5379991905497	0.0010937625544027258	0.9359279415328355	0.9645358467486926	0.3947026099388175
3770.452163518872	0.0010942445729041467	0.9359843770247428	0.9645676574883437	0.39458314842565567
3771.3659252056877	0.0010947266815622106	0.9360407485205953	0.9645994312880894	0.39446375659659966
3772.279284530333	0.0010952088803527025	0.9360970561070296	0.9646311681999299	0.3943444343938135
3773.192241771891	0.001095691169251426	0.9361532998705486	0.9646628682757783	0.3942251817595181
3774.1047972092038	0.0010961735482342067	0.9362094798975256	0.9646945315674628	0.3941059986359963
3775.0169511208555	0.0010966560172768897	0.9362655962741985	0.9647261581267297	0.39398688496558815
3775.9287037851873	0.0010971385763553399	0.936321649086677	0.9647577480053148	0.39386784069068353
3776.840055480291	0.0010976212254454434	0.9363776384209378	0.9647893012542719	0.3937488657538099
3777.751006484009	0.0010981039645231068	0.9364335643628269	0.9648208179306538	0.39362996009676143
3778.6615570739355	0.001098586793564256	0.9364894269980599	0.9648522980844475	0.3935111236623006
3779.571707527421	0.001099069712544837	0.9365452264122207	0.9648837417626115	0.393392356393631
3780.4814581215614	0.001099552721440817	0.936600962690763	0.9649151490165119	0.3932736582334303
3781.3908091332146	0.0011000358202281834	0.9366566359190108	0.9649465198972844	0.39315502912445516
3782.2997608389837	0.001100519008882942	0.9367122461821579	0.9649778544560317	0.3930364690095126
3783.208313515229	0.0011010022873811204	0.9367677935652672	0.9650091527437674	0.39291797783147087
3784.116467438066	0.0011014856556987667	0.9368232781532745	0.9650404148114229	0.39279955553325546
3785.02422288336	0.0011019691138119466	0.9368787000309828	0.9650716407098446	0.3926812020578508
3785.9315801267335	0.001102452661696748	0.9369340592830686	0.9651028304897986	0.3925629173483
3786.8385394435595	0.0011029362993292783	0.9369893559940778	0.9651339842019667	0.3924447013477037
3787.745101108972	0.0011034200266856645	0.937044590248428	0.9651651018969494	0.3923265539992213
3788.6512653978552	0.0011039038437420544	0.9370997621304094	0.9651961836252648	0.39220847524607094
3789.5570325848475	0.0011043877504746142	0.9371548717241818	0.9652272294373478	0.39209046503152745
3790.4624029443466	0.0011048717468595322	0.937209919113778	0.9652582393835538	0.39197252329892524
3791.367376750501	0.0011053558328730138	0.9372649043831025	0.9652892135141532	0.39185464999165553
3792.2719542772224	0.0011058400084912867	0.937319827615932	0.9653201518793372	0.391736845053168
3793.1761357981704	0.0011063242736905985	0.9373746888959167	0.9653510545292161	0.39161910842697056
3794.079921586767	0.0011068086284472141	0.937429488306578	0.9653819215138156	0.391501440056628
3794.9833119161863	0.001107293072737421	0.9374842259313108	0.9654127528830837	0.3913838398857638
3795.886307059361	0.0011077776065375245	0.9375389018533827	0.9654435486868855	0.39126630785805827
3796.788907288982	0.0011082622298238503	0.9375935161559353	0.9654743089750051	0.3911488439172495
3797.6911128774955	0.0011087469425727441	0.9376480689219836	0.9655050337971474	0.3910314480071337
3798.592924097107	0.0011092317447605716	0.9377025602344152	0.9655357232029353	0.3909141200715637
3799.4943412197804	0.001109716636363716	0.9377569901759926	0.9655663772419116	0.39079686005445013
3800.395364517232	0.001110201617358584	0.9378113588293524	0.9655969959635399	0.39067966789976105
3801.295994260947	0.0011106866877215993	0.9378656662770058	0.9656275794172033	0.390562543551522
3802.1962307221565	0.001111171847429204	0.9379199126013373	0.9656581276522029	0.3904454869538147
3803.096074171863	0.001111657096457864	0.9379740978846077	0.9656886407177636	0.3903284980507792
3803.9955248808146	0.0011121424347840599	0.9380282222089507	0.9657191186630277	0.39021157678661184
3804.8945831195288	0.0011126278623842948	0.9380822856563766	0.9657495615370586	0.3900947231055661
3805.7932491582815	0.001113113379235091	0.9381362883087712	0.9657799693888414	0.3899779369519526
3806.691523267104	0.0011135989853129898	0.9381902302478953	0.9658103422672818	0.3898612182701388
3807.58940571579	0.0011140846805945525	0.9382441115553852	0.9658406802212055	0.38974456700454885
3808.486896773895	0.0011145704650563587	0.9382979323127534	0.9658709832993597	0.3896279830996637
3809.3839967107297	0.0011150563386750074	0.9383516926013885	0.9659012515504136	0.38951146650002055
3810.28070579537	0.0011155423014271191	0.9384053925025555	0.9659314850229563	0.3893950171502139
3811.1770242966513	0.0011160283532893318	0.9384590320973963	0.9659616837655001	0.38927863499489457
3812.072952483174	0.0011165144942383032	0.9385126114669287	0.9659918478264781	0.3891623199787694
3812.9684906232915	0.00111700072425071	0.9385661306920474	0.9660219772542448	0.3890460720466021
3813.8636389851267	0.0011174870433032496	0.9386195898535257	0.9660520720970774	0.3889298911432128
3814.758397836559	0.0011179734513726365	0.9386729890320126	0.9660821324031756	0.38881377721347754
3815.652767445237	0.0011184599484356066	0.9387263283080359	0.9661121582206608	0.38869773020232895
3816.546748078559	0.0011189465344689127	0.9387796077619994	0.966142149597575	0.38858175005475515
3817.440340003702	0.0011194332094493302	0.9388328274741872	0.9661721065818873	0.38846583671580126
3818.333543487593	0.0011199199733536505	0.9388859875247602	0.9662020292214853	0.38834999013056787
3819.226358796927	0.0011204068261586849	0.9389390879937564	0.9662319175641807	0.38823421024421156
3820.1187861981625	0.0011208937678412643	0.9389921289610945	0.9662617716577092	0.3881184970019448
3821.01082595752	0.001121380798378239	0.9390451105065711	0.9662915915497304	0.3880028503490354
3821.9024783409845	0.0011218679177464777	0.9390980327098617	0.9663213772877947	0.38788727023081415
3822.793743614308	0.0011223551259228685	0.9391508956505206	0.9663511289195751	0.3877717565926268
3823.684622043003	0.0011228424228843191	0.939203699407982	0.9663808464922659	0.38765630937995604
3824.575113892347	0.0011233298086077547	0.9392564440615591	0.9664105300599489	0.38754092853694144
3825.4652194273826	0.0011238172830701219	0.9393091296904454	0.9664401796641787	0.3874256140102793
3826.3549389129143	0.0011243048462483821	0.9393617563737129	0.9664697953506549	0.3873103657458725
3827.2442726135223	0.001124792498119521	0.9394143241903163	0.9664993771665586	0.3871951836893673
3828.1332207935407	0.0011252802386605395	0.9394668332190884	0.9665289251589516	0.3870800677864735
3829.02178371707	0.0011257680678484574	0.939519283538742	0.9665584393748219	0.38696501798295513
3829.909961647985	0.0011262559856603164	0.9395716752278725	0.966587919861086	0.3868500342246319
3830.79775484992	0.001126743992073173	0.939624008364956	0.966617366664583	0.38673511645737874
3831.6851635862786	0.0011272320870641067	0.9396762830283482	0.9666467798320758	0.3866202646271252
3832.5721881202257	0.0011277202706102126	0.939728499296287	0.9666761594102539	0.38650547867985624
3833.4588287147017	0.0011282085426886051	0.9397806572468919	0.9667055054457295	0.3863907585616116
3834.345085632404	0.0011286969032764185	0.939832756958163	0.9667348179850412	0.3862761042184858
3835.2309591358094	0.0011291853523508059	0.939884798507984	0.9667640970746532	0.38616151559662926
3836.1164494871523	0.0011296738898889382	0.9399367819741193	0.9667933427609533	0.38604699264224596
3837.001556948437	0.001130162515868005	0.9399887074342161	0.9668225550902558	0.3859325353015948
3837.886281781437	0.001130651230265215	0.9400405749658025	0.9668517341087997	0.3858181435209901
3838.7706242476943	0.001131140033057795	0.9400923846462923	0.9668808798627513	0.38570381724680036
3839.654584608521	0.0011316289242229926	0.9401441365529793	0.9669099923982014	0.38558955642544857
3840.5381631249943	0.0011321179037380702	0.9401958307630419	0.9669390717611671	0.3854753610034118
3841.4213600579596	0.0011326069715803112	0.9402474673535396	0.9669681179975904	0.38536123092722224
3842.3041756680377	0.0011330961277270185	0.940299046401418	0.9669971311533423	0.3852471661434663
3843.186610215613	0.0011335853721555112	0.9403505679835046	0.967026111274218	0.3851331665987846
3844.0686639608416	0.0011340747048431284	0.9404020321765113	0.9670550584059397	0.3850192322398718
3844.950337163648	0.0011345641257672265	0.9404534390570332	0.9670839725941563	0.38490536301347705
3845.831630083732	0.0011350536349051825	0.9405047887015504	0.9671128538844436	0.3847915588664035
3846.7125429805524	0.0011355432322343894	0.940556081186426	0.9671417023223039	0.38467781974550774
3847.593076113353	0.0011360329177322601	0.9406073165879099	0.9671705179531673	0.38456414559770163
3848.473229741137	0.0011365226913762252	0.9406584949821335	0.9671993008223898	0.38445053636994986
3849.3530041226854	0.0011370125531437352	0.9407096164451167	0.9672280509752573	0.38433699200927174
3850.2323995165443	0.0011375025030122552	0.9407606810527608	0.9672567684569792	0.384223512462739
3851.111416181039	0.0011379925409592737	0.9408116888808552	0.9672854533126958	0.3841100976774793
3851.990054374261	0.0011384826669622948	0.9408626400050742	0.9673141055874748	0.3839967476006725
3852.8683143540734	0.0011389728809988397	0.9409135345009756	0.967342725326309	0.3838834621795514
3853.7461963781143	0.0011394631830464502	0.940964372444006	0.9673713125741229	0.38377024136140436
3854.6237007037935	0.001139953573082685	0.9410151539094957	0.9673998673757668	0.3836570850935717
3855.5008275882915	0.0011404440510851225	0.9410658789726629	0.9674283897760195	0.38354399332344774
3856.3775772885647	0.0011409346170313573	0.9411165477086106	0.9674568798195892	0.3834309659984799
3857.2539500613393	0.001141425270899003	0.9411671601923294	0.9674853375511111	0.3833180030661695
3858.1299461631174	0.001141916012665692	0.9412177164986959	0.9675137630151502	0.3832051044740701
3859.0055658501715	0.0011424068423090748	0.9412682167024746	0.9675421562562	0.38309227016978925
3859.8808093785533	0.0011428977598068187	0.9413186608783165	0.9675705173186833	0.38297950010098736
3860.755677004085	0.0011433887651366105	0.9413690491007597	0.9675988462469508	0.382866794215378
3861.6301689823576	0.0011438798582761541	0.9414193814442291	0.967627143085283	0.38275415246072714
3862.5042855687507	0.0011443710392031725	0.9414696579830404	0.9676554078778913	0.3826415747848554
3863.3780270184016	0.0011448623078954062	0.9415198787913924	0.9676836406689131	0.38252906113563373
3864.251393586236	0.0011453536643306129	0.9415700439433758	0.967711841502418	0.3824166114609879
3865.1243855269486	0.0011458451084865697	0.9416201535129675	0.9677400104224048	0.38230422570889566
3865.997003095008	0.0011463366403410703	0.9416702075740334	0.9677681474728023	0.3821919038273874
3866.8692465446634	0.001146828259871928	0.9417202062003283	0.9677962526974642	0.3820796457645474
3867.741116129936	0.0011473199670569729	0.9417701494654946	0.9678243261401993	0.3819674514685059
3868.612612104623	0.0011478117618740527	0.9418200374430652	0.9678523678447026	0.381855320887458
3869.483734722302	0.0011483036443010338	0.9418698702064606	0.9678803778542211	0.3817432539697606
3870.3544842363212	0.0011487956143158	0.9419196478289913	0.9679083562172593	0.38163125066227865
3871.224860899807	0.001149287671896253	0.9419693703838575	0.9679363029793897	0.381519310912761
3872.094864965669	0.0011497798170203132	0.9420190379441488	0.9679642181765713	0.3814074346717755
3872.964496686584	0.0011502720496659163	0.9420686505828438	0.9679921018523703	0.38129562188771515
3873.8337563150153	0.0011507643698110196	0.942118208372813	0.9680199540501058	0.38118387250907737
3874.702644103194	0.0011512567774335939	0.9421677113868148	0.9680477748130262	0.38107218648441143
3875.57116030314	0.0011517492725116316	0.9422171596975	0.9680755641843227	0.38096056376231613
3876.4393051666434	0.0011522418550231398	0.9422665533774087	0.9681033222071131	0.38084900429144264
3877.3070789452754	0.0011527345249461457	0.9423158924989719	0.9681310489244481	0.38073750802049466
3878.174481890387	0.0011532272822586931	0.9423651771345123	0.9681587443793088	0.380626074898228
3879.0415142531	0.0011537201269388414	0.9424144073562412	0.968186408614608	0.38051470487344863
3879.908176284328	0.0011542130589646715	0.9424635832362649	0.9682140416731896	0.38040339789501676
3880.7744682347507	0.001154706078314279	0.9425127048465783	0.9682416435978299	0.3802921539118429
3881.640390354842	0.0011551991849657797	0.9425617722590693	0.9682692144312369	0.3801809728728897
3882.5059428948393	0.0011556923788973031	0.9426107855455158	0.9682967542160488	0.38006985472717103
3883.3711261047683	0.001156185660087	0.9426597447775901	0.9683242629948386	0.37995879942375316
3884.2359402344377	0.0011566790285130366	0.9427086500268551	0.9683517408101094	0.37984780691175335
3885.1003855334284	0.001157172484153598	0.9427575013647657	0.9683791877042971	0.3797368771403401
3885.9644622511096	0.0011576660269868849	0.9428062988626708	0.9684066037197706	0.3796260100587341
3886.8281706366224	0.0011581596569911177	0.9428550425918106	0.96843398889883	0.3795152056162065
3887.6915109388983	0.0011586533741445321	0.9429037326233185	0.968461343283709	0.3794044637620808
3888.5544834066445	0.001159147178425383	0.9429523690282209	0.9684886669165749	0.3792937844457306
3889.4170882883523	0.0011596410698119421	0.9430009518774384	0.9685159598395258	0.37918316761658155
3890.279325832287	0.0011601350482824972	0.9430494812417818	0.9685432220945941	0.3790726132241097
3891.1411962865072	0.0011606291138153556	0.9430979571919598	0.9685704537237456	0.37896212121784284
3892.0026998988446	0.00116112326638884	0.9431463797985712	0.968597654768878	0.3788516915473594
3892.863836916918	0.0011616175059812922	0.943194749132111	0.9686248252718238	0.3787413241622888
3893.724607588128	0.0011621118325710704	0.9432430652629669	0.968651965274349	0.3786310190123113
3894.5850121596545	0.0011626062461365496	0.9432913282614209	0.9686790748181517	0.3785207760471583
3895.4450508784635	0.0011631007466561224	0.9433395381976505	0.9687061539448653	0.37841059521661113
3896.3047239913017	0.001163595334108199	0.9433876951417254	0.9687332026960556	0.37830047647050263
3897.1640317447045	0.0011640900084712064	0.9434357991636129	0.968760221113224	0.37819041975871626
3898.022974384986	0.00116458476972359	0.9434838503331741	0.9687872092378057	0.37808042503118605
3898.8815521582424	0.0011650796178438105	0.9435318487201633	0.968814167111169	0.3779704922378957
3899.7397653103576	0.0011655745528103458	0.9435797943942332	0.9688410947746163	0.3778606213288802
3900.5976140870025	0.0011660695746016935	0.94362768742493	0.9688679922693872	0.37775081225422513
3901.4550987336233	0.0011665646831963655	0.9436755278816952	0.9688948596366532	0.3776410649640659
3902.312219495456	0.001167059878572891	0.9437233158338673	0.9689216969175204	0.3775313794085883
3903.1689766175264	0.0011675551607098187	0.9437710513506798	0.9689485041530326	0.37742175553802876
3904.0253703446374	0.0011680505295857122	0.9438187345012632	0.9689752813841654	0.3773121933026732
3904.8814009213784	0.0011685459851791525	0.9438663653546424	0.9690020286518302	0.37720269265285816
3905.7370685921314	0.0011690415274687384	0.9439139439797414	0.9690287459968752	0.37709325353897033
3906.5923736010554	0.0011695371564330842	0.9439614704453787	0.9690554334600826	0.3769838759114461
3907.4473161921023	0.001170032872050822	0.9440089448202702	0.9690820910821694	0.37687455972077194
3908.3018966090003	0.001170528674300602	0.9440563671730288	0.9691087189037892	0.37676530491748395
3909.1561150952716	0.0011710245631610888	0.9441037375721635	0.9691353169655305	0.37665611145216854
3910.009971894229	0.0011715205386109663	0.9441510560860829	0.9691618853079187	0.3765469792754614
3910.863467248962	0.0011720166006289343	0.944198322783091	0.969188423971414	0.3764379083380485
3911.7166014023555	0.0011725127491937094	0.9442455377313902	0.9692149329964127	0.376328898590665
3912.5693745970752	0.001173008984284025	0.9442927009990804	0.9692414124232481	0.37621994998409575
3913.421787075576	0.0011735053058786313	0.9443398126541592	0.9692678622921884	0.3761110624691751
3914.2738390801046	0.0011740017139562958	0.9443868727645233	0.9692942826434393	0.3760022359967872
3915.1255308526906	0.0011744982084958017	0.9444338813979658	0.9693206735171418	0.37589347051786554
3915.976862635156	0.0011749947894759516	0.9444808386221814	0.9693470349533757	0.37578476598339267
3916.8278346691045	0.0011754914568755611	0.9445277445047586	0.9693733669921539	0.37567612234440045
3917.6784471959336	0.0011759882106734654	0.9445745991131895	0.9693996696734292	0.37556753955197036
3918.5287004568318	0.001176485050848515	0.9446214025148626	0.9694259430370905	0.3754590175572332
3919.378594692767	0.0011769819773795778	0.944668154777065	0.9694521871229629	0.3753505563113682
3920.2281301445064	0.0011774789902455377	0.9447148559669851	0.9694784019708094	0.3752421557656043
3921.077307052602	0.0011779760894252962	0.944761506151709	0.9695045876203301	0.3751338158712193
3921.9261256573946	0.0011784732748977703	0.9448081053982229	0.9695307441111627	0.37502553657953985
3922.774586199016	0.0011789705466418953	0.9448546537734132	0.9695568714828818	0.3749173178419417
3923.622688917389	0.0011794679046366198	0.9449011513440649	0.9695829697749999	0.3748091596098492
3924.470434052224	0.0011799653488609133	0.9449475981768649	0.9696090390269678	0.3747010618347359
3925.3178218430253	0.0011804628792937589	0.9449939943383991	0.9696350792781736	0.3745930244681239
3926.1648525290793	0.0011809604959141559	0.945040339895153	0.9696610905679418	0.3744850474615836
3927.0115263494795	0.0011814581987011235	0.9450866349135155	0.9696870729355387	0.3743771307667349
3927.857843543095	0.001181955987633694	0.9451328794597732	0.969713026420165	0.37426927433524537
3928.7038043485923	0.001182453862690917	0.9451790736001145	0.9697389510609622	0.37416147811883155
3929.549409004427	0.0011829518238518587	0.9452252174006299	0.9697648468970071	0.3740537420692592
3930.3946577488555	0.0011834498710956035	0.9452713109273104	0.9697907139673172	0.3739460661383419
3931.2395508199106	0.0011839480044012489	0.9453173542460475	0.9698165523108968	0.37383845027792195
3932.084088455427	0.0011844462237479104	0.9453633474226345	0.9698423619663069	0.3737308944400396
3932.928270893033	0.001184944529114722	0.9454092905227679	0.9698681429760101	0.3736233985752373
3933.7720983701465	0.001185442920480831	0.9454551836120451	0.9698938953837263	0.373515962633592
3934.6155711239758	0.0011859413978254011	0.9455010267559641	0.9699196192196192	0.373408586570495
3935.458689391523	0.001186439961127614	0.9455468200199267	0.9699453145221322	0.37330127033813015
3936.30145340959	0.0011869386103666682	0.9455925634692377	0.969970981329712	0.3731940138887045
3937.1438634147617	0.001187437345521775	0.9456382571691014	0.9699966196809524	0.37308681717439013
3937.9859196434213	0.0011879361665721661	0.9456839011846279	0.9700222296143266	0.37297968014743216
3938.8276223317525	0.0011884350734970867	0.9457294955808283	0.9700478111682577	0.37287260276011946
3939.66897171572	0.0011889340662758	0.9457750404226172	0.9700733643811055	0.37276558496478907
3940.509968031092	0.0011894331448875843	0.9458205357748123	0.970098889291172	0.3726586267138259
3941.350611513428	0.0011899323093117332	0.9458659817021338	0.9701243859366965	0.37255172795966185
3942.190902398082	0.001190431559527559	0.9459113782692068	0.9701498543558605	0.3724448886547777
3943.0308409202025	0.0011909308955143879	0.9459567255405584	0.9701752945867834	0.37233810875170137
3943.8704273147328	0.0011914303172515634	0.9460020235806205	0.9702007066675262	0.37223138820300783
3944.709661816418	0.0011919298247184448	0.9460472724537288	0.9702260906360897	0.3721247269613203
3945.548544659787	0.0011924294178944077	0.9460924722241222	0.9702514465304152	0.37201812497930936
3946.3870760791697	0.0011929290967588428	0.9461376229559447	0.9702767743883834	0.37191158220969284
3947.225256308695	0.0011934288612911578	0.9461827247132436	0.9703020742478164	0.3718050986052358
3948.0630855822883	0.001193928711470778	0.946227777559973	0.970327346146478	0.3716986741187511
3948.9005641336594	0.0011944286472771399	0.9462727815599885	0.97035259012207	0.3715923087030982
3949.7376921963314	0.001194928668689702	0.9463177367770528	0.9703778062122376	0.37148600231118417
3950.5744700036103	0.001195428775687933	0.9463626432748323	0.9704029944545651	0.3713797548959633
3951.41089778861	0.001195928968251323	0.9464075011168998	0.9704281548865799	0.37127356641043674
3952.246975784228	0.0011964292463593742	0.946452310366732	0.9704532875457486	0.37116743680765263
3953.082704223174	0.0011969296099916045	0.9464970710877115	0.9704783924694801	0.3710613660407062
3953.9180833379455	0.0011974300591275529	0.9465417833431277	0.9705034696951249	0.37095535406274005
3954.7531133608386	0.0011979305937467666	0.9465864471961739	0.9705285192599736	0.370849400826943
3955.58779452395	0.0011984312138288147	0.9466310627099492	0.97055354120126	0.37074350628655045
3956.4221270591784	0.0011989319193532804	0.9466756299474616	0.970578535556159	0.3706376703948457
3957.25611119821	0.001199432710299762	0.9467201489716223	0.9706035023617877	0.37053189310515783
3958.0897471725348	0.0011999335866478733	0.946764619845249	0.9706284416552036	0.3704261743708627
3958.923035213446	0.0012004345483772449	0.9468090426310679	0.970653353473408	0.3703205141453832
3959.7559755520283	0.001200935595467523	0.9468534173917104	0.970678237853343	0.3702149123821883
3960.5885684191703	0.0012014367278983696	0.9468977441897148	0.9707030948318939	0.37010936903479363
3961.420814045558	0.0012019379456494617	0.9469420230875262	0.9707279244458878	0.37000388405676127
3962.2527126616806	0.0012024392487004938	0.9469862541474978	0.9707527267320945	0.3698984574016999
3963.084264497816	0.0012029406370311735	0.9470304374318892	0.9707775017272261	0.369793089023264
3963.915469784057	0.001203442110621226	0.9470745730028669	0.9708022494679369	0.36968777887515486
3964.7463287502874	0.0012039436694503923	0.9471186609225067	0.9708269699908254	0.36958252691111976
3965.5768416261885	0.0012044453134984264	0.9471627012527901	0.9708516633324307	0.3694773330849521
3966.4070086412535	0.001204947042745103	0.9472066940556083	0.9708763295292372	0.36937219735049165
3967.2368300247635	0.0012054488571702066	0.9472506393927588	0.9709009686176707	0.36926711966162384
3968.0663060058127	0.0012059507567535415	0.9472945373259485	0.9709255806341011	0.36916209997228067
3968.8954368132845	0.0012064527414749253	0.9473383879167916	0.9709501656148403	0.36905713823643943
3969.724222675873	0.0012069548113141928	0.9473821912268119	0.9709747235961448	0.36895223440812414
3970.5526638220676	0.001207456966251193	0.9474259473174409	0.9709992546142141	0.3688473884414037
3971.380760480162	0.0012079592062657896	0.947469656250019	0.9710237587051914	0.36874260029039346
3972.20851287825	0.0012084615313378648	0.9475133180857952	0.9710482359051625	0.3686378699092543
3973.035921244235	0.0012089639414473144	0.9475569328859293	0.9710726862501591	0.3685331972521934
3973.8629858058116	0.0012094664365740492	0.9476005007114869	0.9710971097761539	0.3684285822734622
3974.6897067904856	0.001209969016697997	0.9476440216234474	0.971121506519067	0.36832402492735933
3975.5160844255597	0.0012104716817990995	0.9476874956826954	0.9711458765147591	0.3682195251682276
3976.342118938141	0.0012109744318573139	0.9477309229500273	0.9711702197990371	0.3681150829504565
3977.1678105551428	0.0012114772668526143	0.9477743034861494	0.9711945364076516	0.36801069822848
3977.9931595032776	0.0012119801867649888	0.947817637351677	0.9712188263762976	0.36790637095677775
3978.818166009066	0.0012124831915744413	0.9478609246071367	0.9712430897406148	0.3678021010898748
3979.642830298826	0.0012129862812609907	0.9479041653129634	0.9712673265361864	0.3676978885823416
3980.467152598686	0.0012134894558046728	0.9479473595295045	0.971291536798542	0.36759373338879386
3981.291133134572	0.001213992715185536	0.9479905073170163	0.9713157205631542	0.3674896354638921
3982.114772132218	0.0012144960593836447	0.9480336087356658	0.9713398778654407	0.3673855947623416
3982.938069817167	0.0012149994883790816	0.948076663845533	0.9713640087407659	0.3672816112388941
3983.7610264147593	0.0012155030021519409	0.948119672706606	0.9713881132244373	0.36717768484834534
3984.5836421501385	0.0012160066006823337	0.948162635378785	0.9714121913517076	0.36707381554553553
3985.4059172482657	0.0012165102839503863	0.9482055519218823	0.9714362431577763	0.3669700032853513
3986.2278519338884	0.0012170140519362391	0.9482484223956192	0.9714602686777857	0.3668662480227224
3987.0494464315775	0.0012175179046200488	0.948291246859632	0.9714842679468261	0.3667625497126248
3987.8707009657037	0.0012180218419819892	0.9483340253734664	0.9715082409999332	0.36665890831007913
3988.6916157604337	0.001218525864002244	0.9483767579965796	0.971532187872085	0.36655532377014927
3989.5121910397556	0.0012190299706610164	0.9484194447883421	0.9715561085982091	0.3664517960479454
3990.3324270274543	0.0012195341619385233	0.9484620858080351	0.9715800032131768	0.36634832509862136
3991.152323947124	0.0012200384378149977	0.9485046811148533	0.9716038717518071	0.3662449108773754
3991.971882022166	0.001220542798270686	0.9485472307679029	0.9716277142488595	0.3661415533394548
3992.791101475785	0.0012210472432858496	0.9485897348262036	0.9716515307390541	0.3660382524401365
3993.6099825309966	0.0012215517728407668	0.9486321933486858	0.9716753212570685	0.3659350081347275
3994.428525410623	0.0012220563869157297	0.9486746063941947	0.9716990858370878	0.3658318203790608
3995.2467303372896	0.0012225610854910455	0.9487169740214877	0.9717228245173305	0.3657286891245539
3996.064597533437	0.0012230658685470363	0.9487592962892348	0.9717465373327796	0.36562561432614177
3996.8821272213063	0.0012235707360640396	0.94880157325602	0.9717702243134619	0.36552259594415215
3997.699319622953	0.0012240756880224082	0.9488438049803407	0.9717938854941389	0.3654196339337306
3998.5161749602335	0.0012245807244025079	0.9488859915206065	0.9718175209091201	0.3653167282505014
3999.3326934548163	0.001225085845184721	0.9489281329351419	0.9718411305926881	0.3652138788501043
4000.1488753281865	0.0012255910503494462	0.9489702292821853	0.9718647145790836	0.3651110856882139
4000.964720801618	0.0012260963398770931	0.9490122806198876	0.9718882729024867	0.36500834872055177
4001.7802300962153	0.00122660171374809	0.9490542870063154	0.9719118055970288	0.3649056679028841
4002.5954034328797	0.001227107171942878	0.949096248499449	0.9719353126967866	0.3648030431910197
4003.4102410323258	0.0012276127144419135	0.949138165157182	0.9719587942357839	0.3647004745408122
4004.224743115071	0.0012281183412256663	0.9491800370373227	0.9719822502479923	0.36459796190815846
4005.038909901453	0.0012286240522746243	0.9492218641975959	0.9720056807673311	0.3644955052489993
4005.852741611614	0.0012291298475692878	0.9492636466956395	0.9720290858276671	0.36439310451931967
4006.666238465506	0.0012296357270901721	0.9493053845890062	0.9720524654628144	0.3642907596751475
4007.4794006828934	0.0012301416908178078	0.9493470779351644	0.9720758197065347	0.36418847067255505
4008.2922284833485	0.0012306477387327404	0.9493887267914974	0.9720991485925381	0.3640862374676575
4009.104722086253	0.0012311538708155278	0.9494303312153032	0.9721224521544816	0.36398406001661376
4009.9168817108034	0.0012316600870467456	0.949471891263796	0.972145730425971	0.3638819382756261
4010.7287075760087	0.0012321663874069835	0.9495134069941055	0.97216898344056	0.3637798722009408
4011.5401999006835	0.0012326727718768448	0.949554878463277	0.9721922112317505	0.363677861748847
4012.3513589034587	0.0012331792404369488	0.9495963057282722	0.9722154138329929	0.36357590687567737
4013.162184802772	0.0012336857930679266	0.9496376888459669	0.9722385912776851	0.3634740075378072
4013.9726778168747	0.001234192429750427	0.9496790278731548	0.9722617435991739	0.36337216369165576
4014.7828381638346	0.0012346991504651123	0.9497203228665455	0.9722848708307554	0.3632703752936855
4015.5926660615264	0.0012352059551926594	0.9497615738827646	0.9723079730056728	0.3631686423004015
4016.4021617276376	0.0012357128439137593	0.9498027809783546	0.9723310501571192	0.3630669646683521
4017.21132537967	0.001236219816609118	0.9498439442097738	0.9723541023182363	0.3629653423541286
4018.020157234941	0.001236726873259457	0.9498850636333993	0.9723771295221149	0.36286377531436564
4018.8286575105735	0.0012372340138455103	0.9499261393055227	0.9724001318017937	0.3627622635057404
4019.636826423508	0.0012377412383480276	0.9499671712823542	0.9724231091902613	0.3626608068849731
4020.4446641905006	0.0012382485467477729	0.9500081596200203	0.9724460617204559	0.36255940540882675
4021.2521710281158	0.0012387559390255242	0.9500491043745655	0.9724689894252635	0.3624580590341066
4022.0593471527345	0.0012392634151620753	0.9500900056019518	0.9724918923375213	0.3623567677176617
4022.8661927805524	0.0012397709751382328	0.9501308633580577	0.9725147704900147	0.36225553141638295
4023.672708127578	0.001240278618934819	0.9501716776986809	0.9725376239154786	0.36215435008720404
4024.4788934096323	0.0012407863465326691	0.9502124486795356	0.9725604526465976	0.36205322368710113
4025.284748842355	0.0012412941579126348	0.950253176356256	0.9725832567160072	0.3619521521730938
4026.0902746411966	0.0012418020530555799	0.9502938607843916	0.9726060361562908	0.3618511355022424
4026.895471021425	0.001242310031942384	0.9503345020194124	0.9726287909999827	0.3617501736316514
4027.7003381981194	0.0012428180945539408	0.9503751001167053	0.972651521279567	0.3616492665184665
4028.5048763861782	0.0012433262408711578	0.9504156551315772	0.9726742270274783	0.3615484141198765
4029.309085800314	0.0012438344708749572	0.9504561671192522	0.9726969082761	0.36144761639311185
4030.1129666550582	0.001244342784546276	0.9504966361348752	0.972719565057768	0.36134687329544557
4030.916519164746	0.0012448511818660643	0.9505370622335068	0.9727421974047655	0.36124618478419296
4031.719743543547	0.0012453596628152878	0.9505774454701301	0.972764805349329	0.36114555081671124
4032.5226400054257	0.0012458682273749238	0.9506177858996441	0.972787388923643	0.3610449713503994
4033.3252087641845	0.001246376875525968	0.9506580835768701	0.9728099481598451	0.36094444634269945
4034.127450033423	0.0012468856072494266	0.9506983385565473	0.9728324830900211	0.36084397575109417
4034.9293640265773	0.0012473944225263223	0.950738550893335	0.97285499374621	0.3607435595331097
4035.730950956876	0.0012479033213376896	0.9507787206418101	0.9728774801603977	0.3606431976463119
4036.5322110373863	0.001248412303664579	0.9508188478564725	0.9728999423645261	0.3605428900483113
4037.3331444809855	0.001248921369488057	0.950858932591741	0.972922380390485	0.36044263669675797
4038.133751500363	0.0012494305187891988	0.9508989749019534	0.9729447942701156	0.3603424375493444
4038.9340323080323	0.0012499397515490984	0.9509389748413685	0.9729671840352101	0.36024229256380513
4039.733987116321	0.0012504490677488617	0.9509789324641649	0.9729895497175126	0.36014220169791605
4040.5336161373775	0.0012509584673696104	0.9510188478244429	0.9730118913487191	0.3600421649094949
4041.3329195831657	0.0012514679503924785	0.9510587209762227	0.9730342089604759	0.3599421821564005
4042.1318976654693	0.0012519775167986137	0.951098551973444	0.9730565025843804	0.3598422533965334
4042.93055059589	0.0012524871665691804	0.9511383408699693	0.9730787722519829	0.35974237858783586
4043.728878585848	0.0012529968996853541	0.9511780877195811	0.973101017994785	0.35964255768829123
4044.5268818465843	0.0012535067161283267	0.9512177925759832	0.9731232398442399	0.35954279065592437
4045.324560589158	0.0012540166158793017	0.9512574554928004	0.9731454378317523	0.35944307744880144
4046.12191502444	0.0012545265989194981	0.9512970765235789	0.9731676119886787	0.35934341802502956
4046.9189453631384	0.0012550366652301485	0.9513366557217872	0.9731897623463297	0.3592438123427579
4047.7156518157617	0.0012555468147924997	0.9513761931408141	0.9732118889359651	0.3591442603601759
4048.5120345926503	0.001256057047587812	0.951415688833971	0.9732339917887983	0.35904476203551455
4049.3080939039573	0.0012565673635973596	0.9514551428544906	0.9732560709359948	0.3589453173270458
4050.103829959664	0.001257077762802431	0.9514945552555287	0.973278126408673	0.3588459261930829
4050.8992429695622	0.001257588245184328	0.951533926090162	0.9733001582379025	0.35874658859197944
4051.694333143273	0.0012580988107243661	0.9515732554113893	0.9733221664547062	0.3586473044821308
4052.489100690233	0.0012586094594038753	0.9516125432721332	0.9733441510900598	0.35854807382197273
4053.2835458196996	0.0012591201912041997	0.9516517897252372	0.9733661121748908	0.3584488965699814
4054.077668740757	0.001259631006106696	0.9516909948234685	0.9733880497400811	0.3583497726846751
4054.8714696623	0.0012601419040927354	0.9517301586195167	0.9734099638164632	0.3582507021246113
4055.6649487930604	0.0012606528851437035	0.9517692811659947	0.9734318544348245	0.35815168484838955
4056.458106341573	0.0012611639492409983	0.9518083625154368	0.9734537216259039	0.35805272081464895
4057.2509425162093	0.0012616750963660324	0.9518474027203027	0.9734755654203948	0.35795380998207005
4058.0434575251534	0.001262186326500231	0.9518864018329729	0.973497385848942	0.35785495230937325
4058.8356515764203	0.0012626976396250364	0.9519253599057541	0.9735191829421462	0.3577561477553202
4059.6275248778393	0.0012632090357218998	0.9519642769908743	0.9735409567305576	0.3576573962787124
4060.419077637064	0.001263720514772289	0.9520031531404848	0.9735627072446901	0.35755869783839006
4061.2103100615723	0.0012642320767576845	0.9520419884066622	0.9735844345149615	0.3574600523932476
4062.001222358667	0.0012647437216595828	0.9520807828414071	0.9736061385719397	0.3573614599021634
4062.7918147354694	0.0012652554494594897	0.9521195364966422	0.9736278194456806	0.35726292032418977
4063.582087398923	0.0012657672601389272	0.9521582494242157	0.9736494771715227	0.35716443361687333
4064.372040555802	0.0012662791536794313	0.9521969216758995	0.9736711117753656	0.3570659997404867
4065.1616744127	0.0012667911300625523	0.9522355533033912	0.9736927232867623	0.35696761865431076
4065.9509891760285	0.0012673031892698498	0.9522741443583096	0.9737143117358468	0.35686929031748477
4066.739985052034	0.0012678153312829015	0.9523126948922018	0.9737358771527784	0.35677101468916894
4067.5286622467797	0.0012683275560832975	0.9523512049565379	0.9737574195676507	0.3566727917285693
4068.3170209661544	0.0012688398636526393	0.952389674602712	0.9737789390105143	0.3565746213949295
4069.105061415869	0.0012693522539725445	0.9524281038820442	0.973800435511374	0.35647650364753436
4069.8927838014665	0.0012698647270246433	0.9524664928457807	0.9738219091001901	0.3563784384457078
4070.680188328307	0.0012703772827905788	0.95250484154509	0.9738433598068753	0.35628042574881424
4071.4672752015813	0.0012708899212520088	0.9525431500310686	0.9738647876612981	0.35618246551625704
4072.2540446262974	0.0012714026423906028	0.9525814183547376	0.9738861926932807	0.35608455770747965
4073.040496807298	0.0012719154461880455	0.9526196465670431	0.9739075749326012	0.35598670228196494
4073.826631949246	0.0012724283326260336	0.9526578347188575	0.9739289344089902	0.3558888991992356
4074.6124502566295	0.001272941301686279	0.9526959828609785	0.9739502711521348	0.3557911484188541
4075.3979519337645	0.001273454353350504	0.9527340910441296	0.9739715851916764	0.35569344990042184
4076.1831371847907	0.0012739674876004474	0.9527721593189612	0.9739928765572111	0.35559580360357984
4076.96800621368	0.0012744807044178597	0.9528101877360495	0.9740141452782904	0.35549820948800886
4077.752559224222	0.001274994003784505	0.9528481763458964	0.9740353913844204	0.35540066751342886
4078.536796420039	0.0012755073856821606	0.9528861251989303	0.9740566149050625	0.3553031776395989
4079.3207180045765	0.0012760208500926188	0.9529240343455067	0.9740778158696336	0.3552057398263176
4080.1043241811117	0.0012765343969976819	0.9529619038359078	0.9740989943075054	0.35510835403342306
4080.887615152739	0.001277048026379167	0.9529997337203409	0.9741201502480051	0.3550110202207916
4081.670591122392	0.0012775617382189063	0.9530375240489424	0.9741412837204155	0.3549137383483398
4082.453252292826	0.0012780755324987426	0.9530752748717741	0.9741623947539751	0.3548165083760227
4083.235598866622	0.0012785894092005336	0.9531129862388259	0.9741834833778775	0.35471933026383484
4084.0176310461907	0.0012791033683061499	0.953150658200014	0.9742045496212728	0.3546222039718093
4084.7993490337744	0.0012796174097974755	0.9531882908051827	0.9742255935132661	0.3545251294600187
4085.5807530314355	0.001280131533656405	0.9532258841041026	0.9742466150829177	0.35442810668857366
4086.3618432410713	0.00128064573986485	0.9532634381464734	0.9742676143592455	0.35433113561762464
4087.1426198644044	0.0012811600284047334	0.9533009529819214	0.9742885913712225	0.3542342162073607
4087.923083102987	0.001281674399257991	0.9533384286600006	0.9743095461477771	0.35413734841800937
4088.7032331582013	0.001282188852406573	0.953375865230194	0.9743304787177953	0.35404053220983706
4089.4830702312543	0.0012827033878324411	0.9534132627419118	0.9743513891101181	0.35394376754314955
4090.262594523186	0.0012832180055175706	0.9534506212444919	0.9743722773535434	0.35384705437829006
4091.0418062348663	0.0012837327054439508	0.9534879407872009	0.9743931434768246	0.35375039267564135
4091.820705566992	0.0012842474875935834	0.9535252214192351	0.9744139875086734	0.35365378239562467
4092.599292720089	0.0012847623519484832	0.9535624631897164	0.974434809477756	0.35355722349869934
4093.377567894516	0.0012852772984906782	0.9535996661476984	0.9744556094126962	0.3534607159453637
4094.1555312904584	0.0012857923272022093	0.9536368303421608	0.9744763873420743	0.35336425969615437
4094.9331831079344	0.0012863074380651295	0.9536739558220135	0.974497143294427	0.35326785471164585
4095.710523546791	0.0012868226310615064	0.9537110426360952	0.9745178772982485	0.35317150095245203
4096.487552806706	0.0012873379061734199	0.9537480908331739	0.9745385893819897	0.35307519837922424
4097.26427108719	0.0012878532633829626	0.9537851004619458	0.9745592795740576	0.35297894695265264
4098.040678587576	0.00128836870267224	0.9538220715710372	0.9745799479028172	0.35288274663346514
4098.8167755070435	0.0012888842240233722	0.9538590042090035	0.9746005943965907	0.35278659738242846
4099.592562044585	0.0012893998274184884	0.9538958984243292	0.9746212190836563	0.3526904991603465
4100.36803839904	0.0012899155128397362	0.9539327542654302	0.9746418219922514	0.35259445192806255
4101.143204769071	0.0012904312802692703	0.9539695717806502	0.9746624031505683	0.3524984556464568
4101.9180613531735	0.0012909471296892636	0.954006351018263	0.9746829625867593	0.35240251027644837
4102.692608349675	0.0012914630610818966	0.954043092026472	0.974703500328931	0.35230661577899325
4103.466845956735	0.0012919790744293676	0.9540797948534129	0.9747240164051512	0.35221077211508667
4104.240774372345	0.0012924951697138843	0.9541164595471493	0.9747445108434428	0.3521149792457609
4105.014393794329	0.0012930113469176684	0.9541530861556754	0.9747649836717872	0.35201923713208616
4105.787704420351	0.0012935276060229558	0.9541896747269177	0.974785434918124	0.35192354573517093
4106.560706447887	0.0012940439470119922	0.9542262253087304	0.9748058646103491	0.3518279050161607
4107.333400074272	0.001294560369867039	0.9542627379488999	0.9748262727763184	0.35173231493623935
4108.105785496653	0.0012950768745703689	0.9542992126951438	0.9748466594438442	0.35163677545662814
4108.877862912021	0.0012955934611042661	0.9543356495951085	0.9748670246406971	0.35154128653858585
4109.6496325172	0.00129611012945103	0.9543720486963743	0.9748873683946072	0.3514458481434093
4110.421094508842	0.0012966268795929726	0.9544084100464499	0.9749076907332608	0.35135046023243227
4111.192249083438	0.0012971437115124164	0.9544447336927768	0.9749279916843037	0.3512551227670265
4111.963096437309	0.001297660625191699	0.9544810196827269	0.9749482712753399	0.351159835708601
4112.733636766614	0.0012981776206131691	0.9545172680636043	0.9749685295339315	0.3510645990186023
4113.503870267346	0.001298694697759189	0.9545534788826442	0.9749887664875999	0.3509694126585144
4114.2737971353245	0.0012992118566121321	0.9545896521870127	0.9750089821638234	0.35087427658985804
4115.04341756621	0.0012997290971543862	0.9546257880238085	0.975029176590041	0.35077919077419206
4115.812731755499	0.0013002464193683507	0.954661886440062	0.975049349793648	0.35068415517311213
4116.581739898525	0.0013007638232364397	0.9546979474827357	0.9750695018020016	0.35058916974825133
4117.350442190443	0.001301281308741076	0.9547339711987239	0.9750896326424144	0.35049423446127953
4118.118838826259	0.0013017988758646983	0.9547699576348532	0.975109742342161	0.3503993492739042
4118.886930000807	0.001302316524589757	0.9548059068378816	0.9751298309284725	0.3503045141478695
4119.654715908755	0.0013028342548987144	0.9548418188545013	0.9751498984285414	0.35020972904495706
4120.422196744613	0.001303352066774046	0.9548776937313357	0.9751699448695167	0.35011499392698525
4121.189372702716	0.0013038699601982395	0.9549135315149404	0.9751899702785093	0.3500203087558094
4121.956243977248	0.0013043879351537948	0.9549493322518046	0.9752099746825867	0.34992567349332154
4122.7228107622195	0.0013049059916232255	0.9549850959883505	0.975229958108778	0.349831088101451
4123.489073251484	0.0013054241295890566	0.9550208227709325	0.9752499205840707	0.34973655254216407
4124.255031638725	0.0013059423490338253	0.955056512645838	0.9752698621354116	0.34964206677746307
4125.0206861174665	0.0013064606499400826	0.9550921656592879	0.9752897827897072	0.349547630769388
4125.786036881068	0.0013069790322903913	0.955127781857437	0.9753096825738242	0.34945324448001497
4126.551084122726	0.0013074974960673252	0.9551633612863716	0.9753295615145879	0.34935890787145657
4127.315828035477	0.001308016041253473	0.955198903992113	0.9753494196387837	0.34926462090586297
4128.080268812191	0.0013085346678314348	0.9552344100206159	0.9753692569731585	0.3491703835454199
4128.844406645577	0.0013090533757838224	0.9552698794177682	0.9753890735444388	0.3490761957523497
4129.608241728182	0.0013095721650932602	0.9553053122293915	0.9754088693790646	0.3489820574889161
4130.3717742523895	0.0013100910357423852	0.9553407085012418	0.9754286445053664	0.3488879687173801
4131.135004410422	0.0013106099877138481	0.9553760682790089	0.9754483989515041	0.3487939294000418
4131.897932394341	0.0013111290209903096	0.9554113916083165	0.9754681327409384	0.34869993949933226
4132.6605583960445	0.0013116481355544443	0.9554466785347222	0.9754878458999552	0.3486059989776613
4133.422882607267	0.0013121673313889377	0.9554819291037189	0.9755075384550408	0.3485121077974695
4134.184905219587	0.0013126866084764894	0.9555171433607328	0.9755272104326257	0.34841826592123415
4134.946626424418	0.00131320596679981	0.9555523213511256	0.9755468618591013	0.3483244733114688
4135.708046413013	0.0013137254063416222	0.9555874631201926	0.9755664927608211	0.3482307299307232
4136.469165376462	0.001314244927084662	0.9556225687131641	0.9755861031640971	0.34813703574158306
4137.229983505702	0.0013147645290116782	0.9556576381752064	0.9756056930952042	0.34804339070667056
4137.990500991502	0.0013152842121054286	0.9556926715514189	0.9756252625803759	0.34794979478864335
4138.7507180244675	0.0013158039763486872	0.9557276688868374	0.9756448116458074	0.3478562479501957
4139.510634795053	0.0013163238217242365	0.9557626302264322	0.9756643403176538	0.3477627501540576
4140.270251493553	0.0013168437482148749	0.9557975556151089	0.9756838486220328	0.3476693013629951
4141.029568310088	0.00131736375580341	0.9558324450977083	0.9757033365850207	0.34757590153980994
4141.788585434632	0.001317883844472663	0.9558672987190069	0.9757228042326561	0.34748255064733946
4142.547303056997	0.001318404014205467	0.9559021165237171	0.9757422515909387	0.34738924864845766
4143.305721366835	0.0013189242649846674	0.955936898556486	0.9757616786858294	0.34729599550607376
4144.063840553637	0.0013194445967931207	0.9559716448618977	0.9757810855432493	0.3472027911831327
4144.821660806731	0.0013199650096136968	0.9560063554844705	0.9758004721890811	0.34710963564261504
4145.5791823152995	0.0013204855034292774	0.9560410304686602	0.9758198386491697	0.34701652884753764
4146.33640526835	0.0013210060782227562	0.9560756698588581	0.9758391849493206	0.34692347076095215
4147.093329854739	0.0013215267339770373	0.9561102736993907	0.9758585111152995	0.34683046134594603
4147.849956263168	0.00132204747067504	0.9561448420345231	0.9758778171728368	0.3467375005656429
4148.6062846821715	0.0013225682882996932	0.9561793749084536	0.9758971031476209	0.3466445883832008
4149.362315300134	0.0013230891868339393	0.9562138723653205	0.9759163690653049	0.34655172476181445
4150.118048305278	0.0013236101662607322	0.9562483344491959	0.9759356149515016	0.34645890966471277
4150.873483885665	0.001324131226563036	0.9562827612040893	0.9759548408317854	0.34636614305516095
4151.628622229206	0.0013246523677238305	0.9563171526739476	0.975974046731694	0.34627342489645907
4152.38346352365	0.0013251735897261043	0.9563515089026541	0.9759932326767267	0.34618075515194296
4153.138007956583	0.0013256948925528588	0.9563858299340288	0.976012398692343	0.3460881337849828
4153.892255715449	0.0013262162761871084	0.9564201158118293	0.9760315448039665	0.34599556075898513
4154.64620698752	0.0013267377406118777	0.9564543665797499	0.9760506710369816	0.34590303603739075
4155.39986195992	0.0013272592858102057	0.9564885822814231	0.9760697774167364	0.34581055958367624
4156.15322081961	0.0013277809117651406	0.956522762960418	0.9760888639685391	0.34571813136135293
4156.906283753397	0.0013283026184597432	0.9565569086602398	0.9761079307176609	0.34562575133396733
4157.659050947935	0.001328824405877088	0.9565910194243342	0.9761269776893367	0.3455334194651009
4158.411522589717	0.0013293462740002605	0.9566250952960837	0.9761460049087627	0.34544113571837026
4159.163698865075	0.0013298682228123546	0.9566591363188054	0.9761650124010961	0.34534890005742636
4159.915579960205	0.001330390252296482	0.956693142535759	0.97618400019146	0.34525671244595607
4160.66716606112	0.001330912362435762	0.9567271139901393	0.9762029683049372	0.3451645728476806
4161.418457353698	0.001331434553213327	0.9567610507250798	0.9762219167665749	0.3450724812263557
4162.169454023652	0.0013319568246123222	0.9567949527836526	0.9762408456013818	0.34498043754577246
4162.920156256541	0.0013324791766159017	0.9568288202088665	0.9762597548343297	0.344888441769756
4163.67056423777	0.0013330016092072353	0.9568626530436715	0.976278644490354	0.34479649386216704
4164.420678152588	0.0013335241223695004	0.9568964513309522	0.9762975145943517	0.3447045937869002
4165.1704981860885	0.0013340467160858902	0.9569302151135365	0.9763163651711848	0.34461274150788557
4165.9200245232105	0.0013345693903396058	0.9569639444341859	0.9763351962456758	0.3445209369890867
4166.6692573487435	0.0013350921451138642	0.956997639335605	0.9763540078426131	0.3444291801945028
4167.418196847312	0.0013356149803918904	0.9570312998604346	0.9763727999867448	0.3443374710881667
4168.166843203397	0.0013361378961569224	0.9570649260512547	0.9763915727027855	0.34424580963414664
4168.915196601314	0.00133666089239221	0.9570985179505851	0.9764103260154109	0.34415419579654416
4169.663257225238	0.0013371839690810156	0.9571320756008854	0.9764290599492622	0.3440626295394965
4170.411025259178	0.0013377071262066114	0.9571655990445522	0.9764477745289409	0.34397111082717396
4171.158500886998	0.0013382303637522828	0.9571990883239242	0.9764664697790157	0.3438796396237823
4171.9056842924	0.0013387536817013267	0.9572325434812767	0.9764851457240162	0.3437882158935607
4172.652575658942	0.0013392770800370502	0.9572659645588264	0.9765038023884358	0.3436968396007832
4173.399175170023	0.001339800558742774	0.957299351598729	0.9765224397967326	0.34360551070975753
4174.145483008886	0.001340324117801828	0.9573327046430804	0.9765410579733272	0.343514229184826
4174.8914993586295	0.0013408477571975564	0.9573660237339154	0.9765596569426063	0.34342299499036494
4175.637224402192	0.0013413714769133132	0.9573993089132097	0.976578236728917	0.34333180809078495
4176.382658322364	0.0013418952769324636	0.957432560222878	0.9765967973565735	0.3432406684505297
4177.127801301779	0.0013424191572383865	0.957465777704776	0.9766153388498514	0.34314957603407836
4177.872653522923	0.00134294311781447	0.9574989614006992	0.9766338612329927	0.3430585308059432
4178.617215168127	0.0013434671586441157	0.9575321113523833	0.9766523645302017	0.3429675327306704
4179.361486419569	0.0013439912797107352	0.9575652276015046	0.9766708487656475	0.34287658177284064
4180.105467459279	0.0013445154809977517	0.9575983101896801	0.9766893139634636	0.3427856778970676
4180.849158469127	0.0013450397624886006	0.9576313591584655	0.9767077601477471	0.34269482106799953
4181.592559630843	0.0013455641241667282	0.9576643745493604	0.9767261873425604	0.34260401125031803
4182.335671125998	0.0013460885660155934	0.957697356403803	0.9767445955719297	0.34251324840873876
4183.078493136016	0.0013466130880186655	0.9577303047631727	0.9767629848598454	0.3424225325080109
4183.821025842161	0.0013471376901594248	0.9577632196687894	0.9767813552302629	0.34233186351291733
4184.56326942556	0.0013476623724213651	0.9577961011619157	0.9767997067071024	0.3422412413882747
4185.305224067175	0.0013481871347879877	0.9578289492837527	0.9768180393142475	0.3421506660989331
4186.0468899478265	0.0013487119772428095	0.9578617640754459	0.9768363530755483	0.34206013760977627
4186.78826724818	0.0013492368997693573	0.9578945455780793	0.9768546480148181	0.3419696558857213
4187.529356148756	0.0013497619023511674	0.95792729383268	0.9768729241558354	0.3418792208917191
4188.270156829916	0.0013502869849717906	0.9579600088802154	0.9768911815223439	0.3417888325927534
4189.010669471882	0.0013508121476147874	0.9579926907615962	0.9769094201380522	0.34169849095384247
4189.750894254717	0.0013513373902637293	0.9580253395176732	0.9769276400266345	0.34160819594003694
4190.490831358336	0.0013518627129021994	0.9580579551892392	0.9769458412117276	0.34151794751642106
4191.230480962511	0.0013523881155137927	0.9580905378170302	0.9769640237169368	0.34142774564811257
4191.969843246859	0.0013529135980821156	0.9581230874417228	0.9769821875658302	0.34133759030026234
4192.708918390842	0.001353439160590784	0.9581556041039353	0.9770003327819414	0.3412474814380541
4193.44770657379	0.0013539648030234277	0.9581880878442296	0.9770184593887703	0.3411574190267057
4194.186207974862	0.0013544905253636858	0.9582205387031087	0.9770365674097834	0.34106740303146704
4194.9244227730815	0.001355016327595209	0.9582529567210187	0.9770546568683952	0.34097743341762243
4195.662351147325	0.0013555422097016594	0.9582853419383475	0.9770727277880757	0.3408875101504863
4196.399993276317	0.001356068171666712	0.9583176943954269	0.9770907801918862	0.3407976331954168
4197.137349338625	0.0013565942134740494	0.9583500141325285	0.9771088141053008	0.3407078025177378
4197.874419512686	0.0013571203351073697	0.9583823011898698	0.9771268295513296	0.3406180180828733
4198.6112039767695	0.0013576465365503778	0.9584145556076086	0.9771448265515108	0.34052827985631806
4199.347702909014	0.001358172817786793	0.958446777425847	0.9771628051290031	0.34043858780355546
4200.083916487396	0.001358699178800345	0.9584789666846301	0.9771807653069983	0.34034894189009984
4200.819844889755	0.0013592256195747734	0.9585111234239446	0.977198707108659	0.34025934208149805
4201.555488293775	0.0013597521400938305	0.9585432476837217	0.9772166305571084	0.34016978834332995
4202.290846876999	0.0013602787403412795	0.9585753395038362	0.9772345356754389	0.3400802806412084
4203.02592081682	0.0013608054203008947	0.9586073989241047	0.977252422486706	0.3399908189407784
4203.76071029048	0.0013613321799564588	0.9586394259842883	0.9772702910139331	0.339901403207718
4204.495215475084	0.0013618590192917713	0.958671420724092	0.97728814128011	0.33981203340773813
4205.229436547577	0.0013623859382906362	0.9587033831831623	0.9773059733081902	0.3397227095065813
4205.963373684768	0.0013629129369368735	0.9587353134010916	0.977323787121096	0.33963343147002406
4206.697027063315	0.0013634400152143118	0.9587672114174157	0.9773415827417147	0.33954419926387436
4207.43039685973	0.001363967173106793	0.9587990772716135	0.9773593601929003	0.3394550128539732
4208.16348325038	0.001364494410598168	0.9588309110031087	0.9773771194974736	0.3393658722061939
4208.896286411479	0.0013650217276722978	0.9588627126512675	0.9773948606782205	0.3392767772864418
4209.628806519111	0.0013655491243130574	0.9588944822554025	0.9774125837578944	0.3391877280606555
4210.361043749197	0.001366076600504331	0.9589262198547683	0.9774302887592153	0.3390987244948054
4211.092998277521	0.0013666041562300133	0.958957925488566	0.97744797570487	0.3390097665548937
4211.824670279717	0.0013671317914740121	0.9589895991959388	0.9774656446175106	0.33892085420695606
4212.556059931279	0.0013676595062202437	0.959021241015976	0.9774832955197574	0.33883198741705944
4213.287167407556	0.0013681873004526364	0.9590528509877103	0.9775009284341964	0.33874316615130334
4214.0179928837415	0.0013687151741551302	0.9590844291501208	0.9775185433833816	0.3386543903758197
4214.748536534898	0.001369243127311675	0.9591159755421299	0.9775361403898334	0.338565660056772
4215.478798535933	0.0013697711599062316	0.9591474902026047	0.9775537194760375	0.33847697516035646
4216.208779061617	0.0013702992719227735	0.9591789731703584	0.97757128066445	0.3383883356528007
4216.938478286563	0.0013708274633452806	0.9592104244841477	0.9775888239774905	0.33829974150036485
4217.66789638526	0.00137135573415775	0.9592418441826768	0.9776063494375486	0.3382111926693409
4218.397033532033	0.0013718840843441843	0.9592732323045914	0.9776238570669786	0.3381226891260528
4219.125889901075	0.0013724125138886002	0.959304588888486	0.9776413468881042	0.3380342308368565
4219.85446566643	0.0013729410227750229	0.9593359139728982	0.9776588189232148	0.33794581776813953
4220.582761002	0.0013734696109874908	0.9593672075963127	0.977676273194568	0.33785744988632177
4221.310776081542	0.0013739982785100516	0.9593984697971587	0.9776937097243882	0.3377691271578546
4222.0385110786665	0.0013745270253267639	0.9594297006138102	0.9777111285348675	0.3376808495492208
4222.765966166852	0.0013750558514216973	0.9594609000845886	0.9777285296481655	0.33759261702693577
4223.4931415194205	0.0013755847567789331	0.9594920682477611	0.9777459130864103	0.3375044295575459
4224.220037309562	0.0013761137413825615	0.9595232051415392	0.9777632788716952	0.3374162871076296
4224.946653710307	0.0013766428052166845	0.9595543108040806	0.977780627026083	0.33732818964379674
4225.672990894564	0.0013771719482654156	0.9595853852734908	0.9777979575716044	0.33724013713268913
4226.3990490350825	0.0013777011705128769	0.9596164285878191	0.9778152705302564	0.3371521295409795
4227.124828304481	0.001378230471943205	0.9596474407850637	0.9778325659240057	0.337064166835373
4227.850328875227	0.0013787598525405419	0.9596784219031661	0.977849843774785	0.3369762489826053
4228.5755509196515	0.001379289312289047	0.9597093719800163	0.9778671041044962	0.3368883759494445
4229.300494609939	0.0013798188511728823	0.95974029105345	0.9778843469350086	0.3368005477026892
4230.025160118135	0.0013803484691762278	0.9597711791612497	0.9779015722881597	0.33671276420917007
4230.749547616138	0.0013808781662832696	0.9598020363411437	0.9779187801857552	0.33662502543574885
4231.473657275718	0.0013814079424782075	0.9598328626308085	0.9779359706495686	0.33653733134931874
4232.197489268485	0.0013819377977452496	0.9598636580678653	0.9779531437013413	0.3364496819168038
4232.921043765921	0.0013824677320686148	0.9598944226898846	0.9779702993627846	0.3363620771051603
4233.644320939365	0.0013829977454325358	0.9599251565343829	0.9779874376555764	0.33627451688137483
4234.367320960008	0.0013835278378212506	0.9599558596388227	0.9780045586013629	0.33618700121246525
4235.0900439989055	0.0013840580092190117	0.9599865320406137	0.9780216622217595	0.33609953006548093
4235.812490226973	0.0013845882596100827	0.9600171737771165	0.9780387485383509	0.33601210340750237
4236.534659814982	0.0013851185889787343	0.9600477848856337	0.9780558175726882	0.3359247212056409
4237.256552933566	0.001385648997309252	0.9600783654034183	0.9780728693462931	0.3358373834270388
4237.978169753214	0.0013861794845859265	0.9601089153676698	0.978089903880653	0.3357500900388695
4238.6995104442785	0.0013867100507930635	0.960139434815536	0.9781069211972271	0.33566284100833765
4239.420575176975	0.0013872406959149796	0.9601699237841124	0.9781239213174426	0.33557563630267884
4240.141364121368	0.0013877714199359975	0.9602003823104405	0.9781409042626938	0.3354884758891587
4240.861877447396	0.0013883022228404554	0.9602308104315123	0.9781578700543466	0.33540135973507523
4241.5821153248435	0.0013888331046126978	0.9602612081842649	0.9781748187137327	0.33531428780775585
4242.302077923367	0.001389364065237083	0.9602915756055851	0.9781917502621542	0.33522726007455955
4243.021765412478	0.001389895104697978	0.9603219127323074	0.9782086647208831	0.33514027650287576
4243.7411779615495	0.0013904262229797603	0.9603522196012142	0.9782255621111589	0.33505333706012513
4244.460315739815	0.0013909574200668185	0.9603824962490365	0.9782424424541909	0.3349664417137584
4245.179178916368	0.0013914886959435517	0.9604127427124525	0.9782593057711569	0.33487959043125726
4245.89776766017	0.0013920200505943689	0.9604429590280907	0.9782761520832058	0.3347927831801343
4246.6160821400335	0.0013925514840036901	0.9604731452325266	0.9782929814114534	0.3347060199279324
4247.334122524636	0.0013930829961559437	0.9605033013622836	0.9783097937769845	0.3346193006422248
4248.051888982519	0.0013936145870355721	0.9605334274538353	0.9783265892008561	0.3345326252906156
4248.7693816820865	0.0013941462566270254	0.960563523543604	0.9783433677040932	0.33444599384073975
4249.486600791598	0.0013946780049147653	0.9605935896679593	0.9783601293076892	0.3343594062602618
4250.203546479181	0.001395209831883262	0.9606236258632204	0.9783768740326071	0.33427286251687716
4250.92021891282	0.001395741737516999	0.9606536321656556	0.978393601899781	0.3341863625783118
4251.636618260366	0.0013962737218004679	0.960683608611482	0.9784103129301135	0.3340999064123218
4252.352744689534	0.0013968057847181718	0.9607135552368663	0.9784270071444771	0.33401349398669383
4253.068598367892	0.0013973379262546234	0.9607434720779235	0.9784436845637137	0.33392712526924473
4253.78417946288	0.001397870146394346	0.9607733591707183	0.9784603452086351	0.33384080022782137
4254.4994881418	0.001398402445121873	0.9608032165512655	0.9784769891000237	0.33375451883030144
4255.214524571806	0.0013989348224217478	0.9608330442555271	0.9784936162586293	0.33366828104459195
4255.929288919934	0.0013994672782785265	0.9608628423194179	0.9785102267051756	0.3335820868386311
4256.643781353059	0.001399999812676772	0.9608926107787982	0.978526820460352	0.33349593618038614
4257.358002037944	0.0014005324256010584	0.9609223496694819	0.978543397544821	0.33340982903785543
4258.071951141202	0.001401065117035973	0.9609520590272306	0.9785599579792132	0.3333237653790666
4258.785628829304	0.0014015978869661085	0.9609817388877548	0.9785765017841305	0.3332377451720779
4259.499035268597	0.0014021307353760714	0.9610113892867168	0.9785930289801437	0.333151768384977
4260.212170625289	0.0014026636622504777	0.9610410102597281	0.9786095395877972	0.33306583498588205
4260.925035065448	0.0014031966675739523	0.9610706018423505	0.978626033627592	0.3329799449429412
4261.6376287550065	0.0014037297513311328	0.9611001640700957	0.9786425111200536	0.33289409822433125
4262.34995185976	0.001404262913506664	0.9611296969784247	0.9786589720854973	0.332808294798263
4263.062004545376	0.0014047961540852025	0.9611592006027502	0.978675416545718	0.3327225346329369
4263.773786977376	0.0014053294730514154	0.961188674978435	0.978691844520927	0.3326368176966254
4264.485299321158	0.0014058628703899796	0.9612181201407916	0.9787082560303033	0.3325511439576577
4265.196541741971	0.0014063963460855802	0.9612475361250832	0.9787246510941857	0.33246551338436
4265.907514404941	0.0014069299001229173	0.9612769229665247	0.9787410297328691	0.33237992594508975
4266.618217475049	0.0014074635324866952	0.9613062807002795	0.9787573919666366	0.33229438160823227
4267.328651117148	0.0014079972431616326	0.9613356093614638	0.9787737378157355	0.33220888034220375
4268.038815495955	0.0014085310321324557	0.9613649089851436	0.978790067300385	0.33212342211544915
4268.748710776051	0.0014090648993839033	0.9613941796063363	0.9788063804407762	0.33203800689644375
4269.458337121882	0.001409598844900723	0.9614234212600095	0.9788226772570702	0.3319526346536916
4270.16769469776	0.0014101328686676705	0.9614526339810826	0.9788389577693976	0.33186730535572667
4270.876783667869	0.0014106669706695151	0.9614818178044261	0.9788552219978623	0.3317820189711125
4271.585604196243	0.001411201150891033	0.9615109727648606	0.978871469962537	0.3316967754684415
4272.2941564468	0.0014117354093170127	0.9615400988971593	0.978887701683467	0.33161157481633635
4273.0024405833165	0.001412269745932253	0.961569196236047	0.9789039171806682	0.33152641698344854
4273.710456769431	0.0014128041607215603	0.9615982648161984	0.9789201164741267	0.3314413019384589
4274.418205168658	0.0014133386536697532	0.9616273046722404	0.9789362995838005	0.3313562296500776
4275.12568594437	0.001413873224761659	0.9616563158387521	0.9789524665296192	0.33127120008704464
4275.832899259806	0.0014144078739821142	0.9616852983502627	0.9789686173314814	0.331186213218128
4276.539845278083	0.0014149426013159692	0.961714252241256	0.978984752009261	0.33110126901212655
4277.246524162176	0.0014154774067480808	0.9617431775461647	0.9790008705828002	0.3310163674378671
4277.952936074919	0.001416012290263314	0.961772074299374	0.9790169730719118	0.3309315084642055
4278.659081179032	0.0014165472518465495	0.961800942535222	0.9790330594963829	0.3308466920600277
4279.364959637091	0.001417082291482673	0.9618297822879983	0.9790491298759695	0.330761918194248
4280.070571611541	0.0014176174091565833	0.9618585935919453	0.9790651842304017	0.3306771868358102
4280.775917264692	0.0014181526048531868	0.9618873764812557	0.979081222579378	0.33059249795368634
4281.480996758731	0.0014186878785574014	0.9619161309900764	0.9790972449425711	0.3305078515168786
4282.1858102557	0.0014192232302541537	0.9619448571525064	0.9791132513396243	0.3304232474944172
4282.890357917517	0.0014197586599283792	0.9619735550025956	0.9791292417901526	0.33033868585536147
4283.594639905969	0.0014202941675650277	0.9620022245743481	0.9791452163137431	0.33025416656880013
4284.29865638271	0.001420829753149055	0.9620308659017198	0.9791611749299542	0.33016968960385007
4285.002407509255	0.0014213654166654254	0.9620594790186191	0.9791771176583158	0.33008525492965723
4285.705893447001	0.0014219011580991182	0.9620880639589068	0.9791930445183312	0.33000086251539656
4286.409114357203	0.0014224369774351188	0.9621166207563983	0.9792089555294747	0.3299165123302718
4287.112070400987	0.0014229728746584219	0.9621451494448594	0.9792248507111917	0.32983220434351496
4287.814761739355	0.0014235088497540364	0.9621736500580108	0.9792407300829017	0.32974793852438733
4288.517188533165	0.0014240449027069747	0.9622021226295242	0.9792565936639934	0.3296637148421785
4289.219350943153	0.0014245810335022627	0.9622305671930261	0.9792724414738303	0.3295795332662065
4289.921249129927	0.0014251172421249378	0.9622589837820962	0.9792882735317472	0.3294953937658186
4290.622883253955	0.0014256535285600434	0.9622873724302656	0.97930408985705	0.3294112963103903
4291.324253475583	0.0014261898927926343	0.9623157331710208	0.9793198904690187	0.32932724086932547
4292.025359955021	0.001426726334807776	0.9623440660378002	0.9793356753869042	0.3292432274120568
4292.72620285235	0.0014272628545905401	0.962372371063996	0.9793514446299298	0.32915925590804507
4293.426782327523	0.001427799452126013	0.9624006482829545	0.9793671982172925	0.32907532632678005
4294.127098540365	0.0014283361273992885	0.9624288977279749	0.9793829361681601	0.32899143863777963
4294.827151650566	0.001428872880395469	0.9624571194323104	0.9793986585016738	0.3289075928105899
4295.5269418176895	0.0014294097110996685	0.9624853134291681	0.9794143652369477	0.32882378881478563
4296.226469201164	0.0014299466194970074	0.9625134797517079	0.9794300563930665	0.32874002661996976
4296.925733960297	0.00143048360557262	0.9625416184330445	0.9794457319890899	0.3286563061957734
4297.624736254263	0.001431020669311649	0.9625697295062469	0.9794613920440493	0.32857262751185623
4298.323476242105	0.0014315578106992447	0.9625978130043368	0.9794770365769482	0.32848899053790603
4299.02195408274	0.0014320950297205693	0.9626258689602911	0.9794926656067637	0.32840539524363865
4299.7201699349525	0.0014326323263607926	0.9626538974070395	0.9795082791524451	0.3283218415987982
4300.4181239574045	0.0014331697006050976	0.9626818983774686	0.9795238772329156	0.32823832957315696
4301.115816308626	0.0014337071524386728	0.9627098719044169	0.9795394598670699	0.3281548591365156
4301.813247147012	0.001434244681846718	0.9627378180206774	0.9795550270737761	0.3280714302587019
4302.510416630838	0.001434782288814443	0.9627657367589981	0.9795705788718752	0.3279880429095726
4303.20732491825	0.0014353199733270683	0.9627936281520825	0.9795861152801826	0.32790469705901254
4303.903972167264	0.00143585773536982	0.9628214922325868	0.9796016363174844	0.32782139267693383
4304.600358535766	0.001436395574927938	0.9628493290331229	0.979617142002541	0.32773812973327676
4305.296484181516	0.0014369334919866693	0.9628771385862572	0.9796326323540865	0.3276549081980101
4305.992349262151	0.0014374714865312715	0.9629049209245116	0.979648107390828	0.3275717280411301
4306.687953935167	0.0014380095585470104	0.962932676080361	0.979663567131444	0.32748858923266033
4307.383298357945	0.0014385477080191644	0.9629604040862371	0.9796790115945884	0.327405491742653
4308.078382687737	0.0014390859349330185	0.9629881049745264	0.9796944407988883	0.3273224355411881
4308.773207081665	0.0014396242392738672	0.9630157787775696	0.9797098547629435	0.3272394205983729
4309.467771696717	0.001440162621027016	0.9630434255276623	0.979725253505326	0.3271564468843423
4310.16207668977	0.0014407010801777797	0.9630710452570569	0.9797406370445839	0.32707351436925985
4310.856122217563	0.0014412396167114816	0.9630986379979602	0.9797560053992377	0.32699062302331605
4311.549908436704	0.0014417782306134544	0.9631262037825338	0.97977135858778	0.3269077728167286
4312.243435503688	0.001442316921869042	0.963153742642895	0.9797866966286786	0.32682496371974384
4312.936703574874	0.0014428556904635952	0.9631812546111175	0.9798020195403745	0.32674219570263524
4313.629712806492	0.0014433945363824775	0.963208739719229	0.9798173273412826	0.3266594687357036
4314.322463354657	0.001443933459611059	0.9632361979992151	0.979832620049792	0.32657678278927776
4315.014955375347	0.0014444724601347194	0.9632636294830138	0.9798478976842633	0.32649413783371345
4315.7071890244215	0.0014450115379388492	0.9632910342025225	0.9798631602630333	0.3264115338393946
4316.399164457605	0.0014455506930088492	0.9633184121895922	0.9798784078044122	0.32632897077673173
4317.090881830508	0.0014460899253301261	0.96334576347603	0.9798936403266825	0.3262464486161633
4317.7823412986045	0.0014466292348880984	0.9633730880935992	0.9799088578481029	0.32616396732815506
4318.4735430172495	0.0014471686216681935	0.9634003860740192	0.9799240603869037	0.32608152688320025
4319.164487141669	0.001447708085655849	0.9634276574489662	0.9799392479612921	0.32599912725181907
4319.855173826965	0.0014482476268365089	0.9634549022500706	0.9799544205894458	0.3259167684045591
4320.545603228118	0.0014487872451956314	0.9634821205089215	0.9799695782895198	0.32583445031199515
4321.2357754999775	0.001449326940718679	0.9635093122570626	0.9799847210796421	0.3257521729447298
4321.925690797269	0.0014498667133911278	0.9635364775259948	0.9799998489779139	0.325669936273392
4322.615349274596	0.0014504065631984597	0.9635636163471749	0.980014962002412	0.32558774026863857
4323.304751086441	0.0014509464901261684	0.9635907287520168	0.9800300601711868	0.32550558490115306
4323.993896387144	0.001451486494159755	0.9636178147718902	0.9800451435022627	0.32542347014164585
4324.682785330945	0.0014520265752847306	0.9636448744381226	0.9800602120136391	0.3253413959608552
4325.3714180719435	0.001452566733486618	0.9636719077819969	0.9800752657232913	0.32525936232954594
4326.05979476412	0.0014531069687509445	0.9636989148347539	0.9800903046491591	0.32517736921851015
4326.747915561329	0.0014536472810632508	0.9637258956275899	0.9801053288091951	0.32509541659856517
4327.435780617304	0.0014541876704090846	0.9637528501916603	0.9801203382211897	0.32501350444056243
4328.123390085651	0.0014547281367740033	0.9637797785580748	0.9801353329038925	0.3249316327153292
4328.8107441198545	0.0014552686801435734	0.9638066807579025	0.9801503128755584	0.32484980139374475
4329.497842873275	0.0014558093005033717	0.9638335568221685	0.9801652781528234	0.32476801044679593
4330.184686499151	0.0014563499978389833	0.9638604067818546	0.9801802287533621	0.3246862598454427
4330.871275150591	0.0014568907721360022	0.9638872306679008	0.9801951646949594	0.3246045495606643
4331.55760898059	0.0014574316233800315	0.9639140285112043	0.9802100859953626	0.32452287956346754
4332.243688142014	0.0014579725515566858	0.9639408003426195	0.9802249926722942	0.32444124982488637
4332.929512787605	0.001458513556651586	0.9639675461929578	0.9802398847434488	0.3243596603159807
4333.615083069987	0.001459054638650362	0.9639942660929887	0.980254762226499	0.3242781110078377
4334.300399141655	0.0014595957975386557	0.964020960073439	0.9802696251390907	0.3241966018715712
4334.98546115499	0.0014601370333021167	0.9640476281649938	0.9802844734988455	0.3241151328783216
4335.670269262238	0.0014606783459264014	0.9640742703982945	0.980299307323359	0.32403370399925535
4336.354823615534	0.0014612197353971793	0.9641008868039415	0.9803141266302029	0.32395231520556644
4337.039124366887	0.0014617612017001269	0.9641274774124929	0.9803289314369233	0.3238709664684747
4337.723171668181	0.0014623027448209306	0.9641540422544643	0.980343721761042	0.3237896577592268
4338.406965671177	0.0014628443647452822	0.9641805813603286	0.9803584976200539	0.3237083890490957
4339.090506527527	0.00146338606145889	0.9642070947605197	0.980373259031433	0.3236271603093814
4339.773794388741	0.0014639278349474645	0.9642335824854252	0.9803880060126248	0.3235459715114093
4340.456829406225	0.0014644696851967285	0.9642600445653948	0.9804027385810521	0.323464822626532
4341.13961173125	0.0014650116121924142	0.9642864810307334	0.9804174567541117	0.323383713626128
4341.822141514976	0.00146555361592026	0.9643128919117072	0.980432160549177	0.32330264448160295
4342.504418908436	0.0014660956963660169	0.9643392772385377	0.9804468499835961	0.323221615164388
4343.186444062538	0.0014666378535154409	0.9643656370414064	0.9804615250746924	0.32314062564594065
4343.8682171280825	0.0014671800873543028	0.9643919713504535	0.980476185839765	0.32305967589774515
4344.54973825573	0.0014677223978683755	0.9644182801957777	0.9804908322960886	0.32297876589131136
4345.231007596042	0.0014682647850434484	0.9644445636074359	0.9805054644609139	0.3228978955981761
4345.91202529944	0.001468807248865312	0.9644708216154432	0.9805200823514656	0.3228170649899018
4346.592791516231	0.0014693497893197704	0.9644970542497742	0.9805346859849453	0.32273627403807714
4347.27330639661	0.0014698924063926376	0.9645232615403628	0.9805492753785309	0.322655522714317
4347.953570090638	0.0014704351000697337	0.9645494435171006	0.9805638505493741	0.3225748109902624
4348.633582748264	0.001470977870336889	0.9645756002098382	0.9805784115146035	0.32249413883758
4349.313344519316	0.0014715207171799426	0.9646017316483863	0.9805929582913235	0.32241350622796294
4349.992855553501	0.0014720636405847422	0.9646278378625139	0.9806074908966137	0.32233291313313056
4350.672116000405	0.0014726066405371472	0.9646539188819493	0.980622009347531	0.3222523595248277
4351.351126009493	0.001473149717023021	0.9646799747363796	0.9806365136611063	0.3221718453748252
4352.029885730117	0.0014736928700282389	0.9647060054554512	0.9806510038543474	0.32209137065492005
4352.7083953115025	0.0014742360995386849	0.964732011068771	0.980665479944238	0.32201093533693487
4353.386654902755	0.0014747794055402525	0.9647579916059034	0.9806799419477384	0.3219305393927185
4354.064664652871	0.001475322788018843	0.9647839470963742	0.9806943898817841	0.3218501827941454
4354.742424710712	0.0014758662469603646	0.964809877569666	0.9807088237632862	0.3217698655131155
4355.419935225032	0.0014764097823507399	0.9648357830552244	0.9807232436091335	0.32168958752155524
4356.097196344462	0.0014769533941758949	0.9648616635824522	0.9807376494361901	0.32160934879141617
4356.774208217514	0.0014774970824217668	0.9648875191807119	0.9807520412612957	0.3215291492946759
4357.450970992583	0.0014780408470743028	0.964913349879328	0.9807664191012674	0.32144898900333774
4358.127484817945	0.0014785846881194557	0.9649391557075815	0.9807807829728982	0.3213688678894303
4358.803749841753	0.00147912860554319	0.964964936694716	0.9807951328929571	0.32128878592500826
4359.479766212048	0.0014796725993314777	0.9649906928699336	0.9808094688781894	0.3212087430821519
4360.155534076747	0.0014802166694702996	0.9650164242623962	0.9808237909453169	0.32112873933296643
4360.8310535836545	0.0014807608159456468	0.9650421309012283	0.9808380991110395	0.3210487746495839
4361.506324880452	0.0014813050387435154	0.9650678128155106	0.9808523933920298	0.3209688490041603
4362.181348114708	0.0014818493378499164	0.9650934700342874	0.9808666738049409	0.3208889623688783
4362.856123433865	0.0014823937132508625	0.9651191025865602	0.9808809403664	0.32080911471594564
4363.530650985257	0.0014829381649323807	0.965144710501294	0.9808951930930113	0.3207293060175955
4364.204930916091	0.0014834826928805047	0.9651702938074124	0.9809094320013572	0.32064953624608655
4364.878963373469	0.001484027297081276	0.9651958525337986	0.9809236571079943	0.3205698053737027
4365.552748504361	0.0014845719775207458	0.9652213867092985	0.9809378684294575	0.3204901133727535
4366.226286455632	0.0014851167341849746	0.965246896362716	0.9809520659822578	0.3204104602155733
4366.899577374024	0.001485661567060031	0.9652723815228182	0.9809662497828838	0.32033084587452243
4367.572621406159	0.0014862064761319914	0.9652978422183308	0.9809804198477997	0.320251270321986
4368.245418698549	0.0014867514613869433	0.9653232784779416	0.9809945761934475	0.32017173353037465
4368.917969397582	0.00148729652281098	0.965348690330298	0.9810087188362455	0.3200922354721241
4369.5902736495345	0.0014878416603902038	0.9653740778040085	0.9810228477925887	0.32001277611969503
4370.26233160057	0.0014883868741107306	0.9653994409276447	0.9810369630788511	0.3199333554455741
4370.934143396726	0.0014889321639586781	0.9654247797297366	0.9810510647113816	0.3198539734222724
4371.605709183926	0.0014894775299201762	0.965450094238775	0.9810651527065056	0.31977463002232603
4372.277029107979	0.0014900229719813625	0.965475384483213	0.981079227080527	0.31969532521829636
4372.948103314585	0.0014905684901283843	0.9655006504914655	0.9810932878497275	0.31961605898277046
4373.618931949313	0.0014911140843473969	0.9655258922919071	0.9811073350303637	0.3195368312883593
4374.289515157627	0.0014916597546245634	0.9655511099128746	0.9811213686386714	0.31945764210769995
4374.9598530848725	0.0014922055009460558	0.9655763033826653	0.981135388690862	0.31937849141345354
4375.629945876278	0.001492751323298057	0.9656014727295392	0.981149395203126	0.31929937917830675
4376.299793676962	0.0014932972216667565	0.9656266179817169	0.9811633881916301	0.3192203053749711
4376.9693966319155	0.0014938431960383504	0.9656517391673798	0.9811773676725171	0.31914126997618253
4377.638754886024	0.0014943892463990473	0.9656768363146716	0.9811913336619096	0.31906227295470246
4378.307868584056	0.0014949353727350615	0.9657019094516984	0.981205286175906	0.3189833142833169
4378.976737870665	0.0014954815750326176	0.965726958606527	0.9812192252305828	0.31890439393483666
4379.645362890385	0.0014960278532779483	0.9657519838071857	0.9812331508419934	0.3188255118820971
4380.3137437876385	0.0014965742074572934	0.9657769850816657	0.9812470630261694	0.31874666809795915
4380.981880706738	0.0014971206375569033	0.9658019624579187	0.9812609617991194	0.31866786255530744
4381.64977379187	0.0014976671435630372	0.9658269159638599	0.9812748471768304	0.31858909522705203
4382.317423187121	0.0014982137254619596	0.9658518456273654	0.9812887191752659	0.3185103660861273
4382.984829036444	0.0014987603832399459	0.9658767514762727	0.981302577810367	0.31843167510549236
4383.651991483695	0.0014993071168832805	0.9659016335383832	0.9813164230980542	0.31835302225813117
4384.318910672611	0.0014998539263782556	0.9659264918414593	0.9813302550542242	0.31827440751705205
4384.9855867468095	0.0015004008117111699	0.9659513264132252	0.9813440736947513	0.31819583085528796
4385.652019849795	0.0015009477728683345	0.9659761372813684	0.9813578790354888	0.3181172922458962
4386.318210124963	0.001501494809836066	0.9660009244735386	0.9813716710922671	0.31803879166195903
4386.984157715594	0.0015020419226006903	0.9660256880173471	0.9813854498808942	0.31796032907658306
4387.649862764852	0.001502589111148541	0.9660504279403681	0.9813992154171566	0.31788190446289905
4388.315325415789	0.0015031363754659632	0.9660751442701386	0.9814129677168184	0.3178035177940624
4388.980545811339	0.0015036837155393056	0.9660998370341575	0.9814267067956218	0.3177251690432532
4389.645524094332	0.0015042311313549284	0.9661245062598867	0.9814404326692874	0.31764685818367533
4390.31026040748	0.0015047786228992001	0.966149151974751	0.98145414535351	0.31756858518855796
4390.974754893377	0.0015053261901584976	0.9661737742061371	0.9814678448639823	0.3174903500311524
4391.63900769451	0.0015058738331192054	0.9661983729813958	0.9814815312162875	0.3174121526847427
4392.303018953251	0.0015064215517677146	0.9662229483278391	0.9814952044264341	0.31733399312259447
4392.966788811861	0.0015069693460904308	0.9662475002727438	0.9815088645113669	0.31725587131790683
4393.630317412485	0.0015075172160737608	0.9662720288433472	0.9815225114859382	0.31717778724409973
4394.293604897157	0.0015080651617041237	0.9662965340668521	0.9815361453644996	0.3170997408746631
4394.9566514078	0.0015086131829679479	0.9663210159704233	0.9815497661628265	0.3170217321829735
4395.619457086219	0.001509161279851665	0.9663454745811881	0.9815633738963879	0.31694376114245865
4396.282022074115	0.0015097094523417217	0.966369909926238	0.9815769685807028	0.3168658277265638
4396.94434651307	0.0015102577004245676	0.9663943220326272	0.9815905502312511	0.31678793190875965
4397.606430544556	0.0015108060240866636	0.9664187109273727	0.9816041188634941	0.3167100736625403
4398.268274309937	0.001511354423314478	0.9664430766374567	0.9816176744928734	0.3166322529614251
4398.929877950458	0.001511902898094486	0.9664674191898222	0.981631217134806	0.3165544697789563
4399.591241607259	0.0015124514484131746	0.9664917386113786	0.9816447468046899	0.3164767240887009
4400.252365421356	0.0015130000742570354	0.966516034928995	0.9816582635178988	0.3163990158642489
4400.913249533675	0.001513548775612571	0.9665403081695085	0.9816717672897892	0.3163213450792157
4401.573894085014	0.0015140975524662898	0.9665645583597166	0.9816852581356917	0.31624371170723947
4402.234299216054	0.001514646404804711	0.9665887855263812	0.9816987360709185	0.31616611572198217
4402.894465067392	0.001515195332614361	0.9666129896962289	0.9817122011107593	0.3160885570971308
4403.554391779481	0.0015157443358817732	0.9666371708959492	0.981725653270483	0.3160110358063952
4404.214079492686	0.0015162934145934903	0.9666613291521953	0.9817390925653361	0.31593355182350913
4404.873528347251	0.0015168425687360646	0.9666854644915849	0.9817525190105458	0.31585610512223056
4405.532738483311	0.0015173917982960533	0.9667095769406999	0.9817659326213164	0.3157786956763408
4406.191710040896	0.0015179411032600265	0.9667336665260855	0.9817793334128319	0.3157013234596454
4406.850443159913	0.0015184904836145565	0.9667577332742502	0.9817927214002545	0.3156239884459729
4407.508937980169	0.00151903993934623	0.9667817772116692	0.9818060965987271	0.3155466906091764
4408.167194641358	0.0015195894704416362	0.9668057983647789	0.9818194590233676	0.31546942992313165
4408.825213283062	0.0015201390768873778	0.9668297967599823	0.9818328086892778	0.3153922063617391
4409.4829940447535	0.0015206887586700617	0.9668537724236455	0.9818461456115358	0.3153150198989221
4410.140537065797	0.0015212385157763045	0.9668777253820986	0.9818594698051982	0.31523787050862795
4410.797842485444	0.0015217883481927308	0.9669016556616374	0.9818727812853021	0.3151607581648271
4411.454910442839	0.0015223382559059737	0.9669255632885209	0.9818860800668631	0.3150836828415139
4412.111741077012	0.0015228882389026735	0.9669494482889732	0.9818993661648758	0.3150066445127061
4412.7683345268915	0.0015234382971694802	0.966973310689183	0.9819126395943149	0.3149296431524451
4413.424690931289	0.0015239884306930502	0.9669971505153035	0.981925900370133	0.31485267873479544
4414.080810428905	0.0015245386394600476	0.9670209677934521	0.9819391485072622	0.3147757512338454
4414.736693158343	0.0015250889234571482	0.967044762549712	0.981952384020615	0.31469886062370644
4415.3923392580855	0.001525639282671033	0.9670685348101302	0.9819656069250826	0.3146220068785136
4416.047748866507	0.0015261897170883905	0.9670922846007186	0.981978817235534	0.31454518997242487
4416.702922121878	0.0015267402266959185	0.9671160119474543	0.9819920149668198	0.3144684098796222
4417.357859162358	0.0015272908114803228	0.9671397168762794	0.9820052001337695	0.31439166657431056
4418.012560125996	0.0015278414714283172	0.9671633994131006	0.9820183727511906	0.31431496003071785
4418.667025150734	0.0015283922065266234	0.9671870595837903	0.9820315328338725	0.314238290223096
4419.3212543744075	0.0015289430167619725	0.9672106974141855	0.9820446803965813	0.3141616571257193
4419.975247934734	0.0015294939021211005	0.9672343129300883	0.9820578154540653	0.3140850607128861
4420.629005969337	0.001530044862590754	0.9672579061572654	0.9820709380210499	0.3140085009589171
4421.282528615722	0.0015305958981576885	0.9672814771214511	0.982084048112243	0.31393197783815685
4421.935816011285	0.0015311470088086633	0.9673050258483417	0.9820971457423288	0.3138554913249726
4422.58886829332	0.0015316981945304512	0.9673285523636016	0.9821102309259736	0.313779041393755
4423.241685599012	0.0015322494553098279	0.9673520566928586	0.9821233036778224	0.3137026280189177
4423.894268065436	0.0015328007911335803	0.9673755388617076	0.9821363640125006	0.31362625117489706
4424.5466158295585	0.0015333522019885027	0.9673989988957082	0.9821494119446124	0.3135499108361532
4425.198729028241	0.0015339036878613966	0.9674224368203853	0.9821624474887424	0.3134736069771683
4425.850607798237	0.0015344552487390724	0.9674458526612304	0.9821754706594553	0.31339733957244853
4426.502252276188	0.001535006884608347	0.9674692464436994	0.9821884814712946	0.3133211085965223
4427.153662598637	0.0015355585954560478	0.967492618193215	0.9822014799387851	0.31324491402394133
4427.804838902012	0.001536110381269007	0.9675159679351651	0.9822144660764306	0.31316875582928
4428.455781322635	0.0015366622420340669	0.9675392956949035	0.9822274398987149	0.31309263398713577
4429.106489996724	0.0015372141777380774	0.96756260149775	0.9822404014201016	0.3130165484721288
4429.756965060388	0.0015377661883678965	0.9675858853689903	0.9822533506550356	0.3129404992589023
4430.407206649631	0.0015383182739103897	0.9676091473338765	0.9822662876179404	0.3128644863221222
4431.057214900347	0.0015388704343524285	0.9676323874176258	0.9822792123232197	0.312788509636477
4431.706989948328	0.0015394226696808962	0.9676556056454221	0.9822921247852584	0.3127125691766783
4432.356531929253	0.0015399749798826806	0.9676788020424156	0.9823050250184204	0.3126366649174604
4433.0058409787	0.0015405273649446807	0.9677019766337213	0.9823179130370501	0.31256079683357973
4433.654917232138	0.001541079824853799	0.9677251294444229	0.9823307888554725	0.31248496489981636
4434.303760824937	0.0015416323595969506	0.9677482604995687	0.9823436524879924	0.31240916909097255
4434.952371892347	0.0015421849691610555	0.9677713698241736	0.9823565039488955	0.312333409381873
4435.60075056952	0.0015427376535330419	0.9677944574432187	0.982369343252447	0.3122576857473652
4436.248896991502	0.0015432904126998445	0.9678175233816517	0.982382170412892	0.3121819981623193
4436.896811293236	0.0015438432466484094	0.967840567664387	0.9823949854444576	0.31210634660162806
4437.544493609556	0.0015443961553656905	0.9678635903163064	0.9824077883613509	0.3120307310402069
4438.191944075189	0.0015449491388386445	0.9678865913622567	0.9824205791777579	0.31195515145299335
4438.8391628247555	0.0015455021970542393	0.9679095708270514	0.982433357907846	0.3118796078149476
4439.4861499927765	0.0015460553299994524	0.9679325287354721	0.9824461245657644	0.31180410010105236
4440.132905713662	0.0015466085376612654	0.9679554651122662	0.9824588791656402	0.3117286282863129
4440.779430121721	0.0015471618200266696	0.9679783799821476	0.9824716217215838	0.311653192345757
4441.425723351155	0.0015477151770826654	0.9680012733697981	0.9824843522476836	0.3115777922544344
4442.071785536059	0.0015482686088162576	0.9680241452998652	0.9824970707580098	0.3115024279874174
4442.717616810428	0.0015488221152144608	0.9680469957969641	0.9825097772666144	0.3114270995198009
4443.363217308147	0.001549375696264298	0.9680698248856773	0.9825224717875286	0.31135180682670205
4444.008587162996	0.0015499293519527985	0.9680926325905533	0.9825351543347638	0.3112765498832599
4444.65372650866	0.0015504830822670008	0.9681154189361088	0.9825478249223144	0.3112013286646364
4445.298635478704	0.001551036887193949	0.9681381839468266	0.9825604835641525	0.31112614314601517
4445.9433142066	0.001551590766720697	0.9681609276471572	0.9825731302742337	0.31105099330260244
4446.587762825714	0.0015521447208343066	0.9681836500615189	0.9825857650664928	0.3109758791096265
4447.2319814693055	0.0015526987495218438	0.9682063512142961	0.9825983879548466	0.3109008005423381
4447.875970270532	0.0015532528527703868	0.9682290311298416	0.9826109989531913	0.3108257575760096
4448.519729362442	0.0015538070305670198	0.9682516898324756	0.9826235980754059	0.3107507501859361
4449.163258877988	0.0015543612828988328	0.9682743273464846	0.9826361853353489	0.3106757783474345
4449.806558950011	0.0015549156097529276	0.9682969436961243	0.9826487607468601	0.3106008420358436
4450.449629711254	0.0015554700111164092	0.9683195389056155	0.9826613243237604	0.31052594122652455
4451.092471294352	0.0015560244869763926	0.968342112999149	0.9826738760798517	0.31045107589486065
4451.73508383184	0.001556579037320001	0.9683646660008827	0.9826864160289175	0.31037624601625696
4452.377467456146	0.0015571336621343639	0.9683871979349412	0.9826989441847211	0.31030145156614053
4453.019622299602	0.0015576883614066188	0.9684097088254174	0.9827114605610083	0.3102266925199607
4453.661548494425	0.0015582431351239105	0.968432198696372	0.9827239651715054	0.31015196885318835
4454.303246172742	0.0015587979832733937	0.9684546675718342	0.9827364580299204	0.3100772805413167
4454.944715466565	0.0015593529058422276	0.9684771154757998	0.9827489391499411	0.3100026275598604
4455.585956507808	0.0015599079028175802	0.968499542432233	0.9827614085452377	0.3099280098843562
4456.226969428287	0.0015604629741866282	0.9685219484650667	0.9827738662294617	0.3098534274903629
4456.867754359711	0.0015610181199365548	0.9685443335982018	0.9827863122162465	0.309778880353461
4457.508311433683	0.0015615733400545504	0.9685666978555056	0.9827987465192048	0.3097043684492527
4458.148640781705	0.0015621286345278136	0.9685890412608147	0.9828111691519323	0.3096298917533621
4458.788742535184	0.0015626840033435513	0.9686113638379351	0.9828235801280056	0.30955545024143477
4459.428616825415	0.0015632394464889772	0.9686336656106389	0.9828359794609829	0.30948104388913855
4460.068263783598	0.0015637949639513123	0.9686559466026675	0.9828483671644037	0.3094066726721627
4460.707683540822	0.0015643505557177847	0.9686782068377303	0.9828607432517887	0.30933233656621806
4461.3468762280845	0.0015649062217756313	0.9687004463395051	0.9828731077366408	0.3092580355470373
4461.985841976273	0.0015654619621120961	0.9687226651316387	0.9828854606324436	0.30918376959037486
4462.624580916178	0.001566017776714432	0.9687448632377462	0.9828978019526633	0.30910953867200636
4463.263093178486	0.0015665736655698962	0.9687670406814103	0.9829101317107465	0.30903534276772954
4463.901378893782	0.0015671296286657555	0.9687891974861826	0.982922449920122	0.30896118185336324
4464.539438192548	0.0015676856659892849	0.9688113336755845	0.9829347565942006	0.3088870559047485
4465.177271205168	0.0015682417775277641	0.968833449273104	0.9829470517463741	0.30881296489774707
4465.814878061924	0.0015687979632684852	0.9688555443022001	0.9829593353900169	0.30873890880824284
4466.452258892994	0.0015693542231987403	0.9688776187862985	0.9829716075384841	0.30866488761214106
4467.089413828453	0.001569910557305838	0.9688996727487946	0.9829838682051127	0.3085909012853679
4467.726342998287	0.001570466965577087	0.9689217062130535	0.9829961174032226	0.3085169498038721
4468.36304653236	0.0015710234479998078	0.9689437192024073	0.9830083551461146	0.3084430331436226
4468.999524560459	0.0015715800045613256	0.9689657117401582	0.9830205814470704	0.30836915128061043
4469.63577721225	0.0015721366352489756	0.9689876838495772	0.9830327963193564	0.3082953041908478
4470.271804617313	0.0015726933400500983	0.9690096355539048	0.9830449997762161	0.3082214918503687
4470.907606905117	0.0015732501189520422	0.9690315668763492	0.9830571918308916	0.308147714235226
4471.543184205037	0.0015738069719421642	0.9690534778400895	0.9830693724974979	0.30807397132136444
4472.178536646345	0.0015743638990078283	0.9690753684682729	0.983081541790289	0.3080002630847272
4472.813664358211	0.0015749209001364045	0.9690972387840155	0.9830936997201938	0.3079265895017597
4473.44856746971	0.0015754779753152722	0.9691190888104031	0.9831058463005939	0.3078529505485692
4474.083246109812	0.0015760351245318164	0.9691409185704908	0.9831179815445651	0.3077793462013259
4474.717700407386	0.0015765923477734322	0.9691627280873042	0.9831301054652487	0.30770577643620955
4475.351930491208	0.0015771496450275185	0.9691845173838363	0.9831422180757432	0.30763224122942406
4475.985936489945	0.0015777070162814831	0.9692062864830497	0.9831543193891366	0.3075587405571934
4476.6197185321735	0.0015782644615227423	0.9692280354078784	0.9831664094184979	0.3074852743957637
4477.253276746365	0.001578821980738721	0.9692497641812243	0.9831784881768779	0.30741184272140115
4477.886611260891	0.0015793795739168458	0.9692714728259593	0.9831905556773097	0.30733844551039396
4478.519722204022	0.0015799372410445556	0.969293161364925	0.9832026119328086	0.3072650827390506
4479.152609703941	0.0015804949821092954	0.9693148298209329	0.9832146569563727	0.3071917543837012
4479.785273888711	0.0015810527970985173	0.969336478216763	0.9832266907609817	0.3071184604206964
4480.417714886317	0.0015816106859996818	0.9693581065751669	0.9832387133595982	0.30704520082640824
4481.049932824631	0.001582168648800255	0.9693797149188647	0.9832507247651671	0.3069719755772294
4481.6819278314315	0.001582726685487711	0.9694013032705471	0.9832627249906152	0.30689878464957376
4482.313700034393	0.001583284796049531	0.9694228716528737	0.9832747140488516	0.30682562801987584
4482.9452495611	0.0015838429804732061	0.9694444200884752	0.9832866919527694	0.30675250566459145
4483.576576539034	0.0015844012387462286	0.9694659485999515	0.9832986587152424	0.306679417560197
4484.207681095573	0.0015849595708561047	0.969487457209873	0.9833106143491273	0.30660636368318983
4484.838563358005	0.0015855179767903448	0.96950894594078	0.9833225588672642	0.30653334401008797
4485.469223453512	0.0015860764565364662	0.9695304148151829	0.9833344922824747	0.30646035851743053
4486.0996615091835	0.0015866350100819948	0.9695518638555618	0.9833464146075634	0.30638740718177704
4486.7298776520065	0.0015871936374144623	0.9695732930843678	0.9833583258553181	0.3063144899797084
4487.359872008872	0.00158775233852141	0.9695947025240226	0.9833702260385085	0.3062416068878258
4487.989644706573	0.0015883111133903835	0.9696160921969165	0.9833821151698867	0.306168757882751
4488.619195871804	0.0015888699620089375	0.9696374621254117	0.9833939932621886	0.30609594294112696
4489.248525631162	0.001589428884364633	0.96965881233184	0.9834058603281314	0.30602316203961705
4489.877634111144	0.0015899878804450402	0.9696801428385041	0.983417716380416	0.3059504151549051
4490.506521438156	0.001590546950237734	0.9697014536676775	0.9834295614317268	0.3058777022636961
4491.135187738495	0.001591106093730298	0.9697227448416026	0.9834413954947285	0.3058050233427149
4491.763633138369	0.001591665310910321	0.9697440163824937	0.9834532185820708	0.30573237836870765
4492.391857763889	0.0015922246017654035	0.9697652683125361	0.9834650307063862	0.3056597673184409
4493.019861741063	0.0015927839662831479	0.9697865006538843	0.9834768318802888	0.30558719016870156
4493.6476451958115	0.0015933434044511682	0.9698077134286655	0.9834886221163776	0.30551464689629715
4494.275208253947	0.001593902916257082	0.9698289066589761	0.9835004014272319	0.30544213747805576
4494.902551041188	0.001594462501688516	0.969850080366883	0.9835121698254157	0.30536966189082576
4495.529673683159	0.0015950221607331045	0.9698712345744247	0.9835239273234755	0.3052972201114764
4496.156576305386	0.001595581893378486	0.969892369303611	0.9835356739339411	0.30522481211689667
4496.783259033299	0.00159614169961231	0.9699134845764218	0.9835474096693255	0.3051524378839969
4497.4097219922305	0.0015967015794222323	0.9699345804148082	0.983559134542124	0.3050800973897071
4498.035965307415	0.0015972615327959129	0.969955656840692	0.9835708485648154	0.30500779061097766
4498.661989103993	0.0015978215597210238	0.9699767138759672	0.9835825517498615	0.3049355175247799
4499.2877935070055	0.0015983816601852381	0.9699977515424969	0.9835942441097074	0.3048632781081049
4499.913378641402	0.0015989418341762409	0.9700187698621177	0.9836059256567817	0.30479107233796426
4500.538744632036	0.001599502081681724	0.9700397688566355	0.983617596403496	0.3047189001913901
4501.163891603655	0.0016000624026893827	0.9700607485478284	0.9836292563622442	0.30464676164543425
4501.788819680923	0.001600622797186924	0.9700817089574455	0.9836409055454047	0.30457465667716943
4502.413528988398	0.0016011832651620574	0.9701026501072063	0.9836525439653385	0.304502585263688
4503.038019650548	0.0016017438066025043	0.970123572018804	0.9836641716343905	0.304430547382103
4503.662291791745	0.0016023044214959893	0.9701444747139004	0.9836757885648879	0.30435854300954734
4504.286345536266	0.0016028651098302464	0.970165358214131	0.9836873947691419	0.3042865721231743
4504.910181008285	0.0016034258715930153	0.9701862225411009	0.9836989902594477	0.304214634700157
4505.533798331889	0.0016039867067720417	0.9702070677163881	0.9837105750480827	0.304142730717689
4506.15719763107	0.0016045476153550844	0.9702278937615425	0.9837221491473088	0.304070860152984
4506.780379029715	0.0016051085973299013	0.9702487006980834	0.9837337125693698	0.30399902298327525
4507.403342651626	0.0016056696526842605	0.9702694885475038	0.9837452653264948	0.3039272191858166
4508.026088620502	0.0016062307814059388	0.9702902573312678	0.9837568074308957	0.3038554487378818
4508.648617059952	0.001606791983482717	0.9703110070708105	0.9837683388947668	0.3037837116167642
4509.270928093495	0.0016073532589023873	0.9703317377875404	0.983779859730288	0.3037120077997779
4509.893021844545	0.0016079146076527447	0.9703524495028365	0.983791369949622	0.30364033726425654
4510.51489843642	0.0016084760297215926	0.9703731422380496	0.9838028695649141	0.3035686999875535
4511.136557992355	0.0016090375250967406	0.970393816014503	0.9838143585882939	0.30349709594704233
4511.758000635481	0.0016095990937660082	0.9704144708534919	0.9838258370318754	0.3034255251201166
4512.379226488836	0.0016101607357172176	0.9704351067762833	0.9838373049077556	0.3033539874841897
4513.0002356753685	0.0016107224509382017	0.9704557238041158	0.9838487622280151	0.3032824830166946
4513.621028317932	0.0016112842394167995	0.9704763219582015	0.9838602090047186	0.3032110116950844
4514.241604539275	0.0016118461011408562	0.9704969012597235	0.9838716452499141	0.3031395734968322
4514.861964462062	0.0016124080360982224	0.9705174617298359	0.9838830709756337	0.3030681683994304
4515.482108208862	0.0016129700442767579	0.9705380033896667	0.9838944861938926	0.3029967963803913
4516.102035902149	0.0016135321256643305	0.9705585262603165	0.9839058909166918	0.30292545741724736
4516.721747664304	0.0016140942802488117	0.9705790303628566	0.983917285156014	0.3028541514875504
4517.341243617614	0.0016146565080180837	0.9705995157183324	0.9839286689238274	0.3027828785688724
4517.9605238842705	0.0016152188089600312	0.970619982347759	0.9839400422320822	0.3027116386388042
4518.57958858637	0.0016157811830625488	0.9706404302721264	0.9839514050927143	0.302640431674957
4519.198437845922	0.0016163436303135374	0.9706608595123963	0.983962757517643	0.3025692576549616
4519.817071784836	0.0016169061507009062	0.9706812700895029	0.9839740995187712	0.3024981165564682
4520.435490524932	0.0016174687442125683	0.9707016620243522	0.9839854311079869	0.3024270083571468
4521.0536941879345	0.0016180314108364452	0.9707220353378235	0.9839967522971602	0.30235593303468705
4521.671682895476	0.0016185941505604663	0.9707423900507687	0.9840080630981473	0.30228489056679764
4522.289456769096	0.001619156963372567	0.9707627261840116	0.9840193635227871	0.3022138809312075
4522.907015930243	0.0016197198492606893	0.9707830437583503	0.984030653582904	0.3021429041056649
4523.524360500262	0.0016202828082127804	0.9708033427945533	0.9840419332903041	0.30207196006793724
4524.141490600421	0.0016208458402167981	0.9708236233133638	0.9840532026567801	0.3020010487958119
4524.758406351888	0.001621408945260706	0.9708438853354977	0.9840644616941084	0.30193017026709557
4525.375107875733	0.0016219721233324724	0.9708641288816419	0.9840757104140486	0.3018593244596143
4525.991595292939	0.0016225353744200733	0.970884353972458	0.9840869488283447	0.3017885113512134
4526.607868724396	0.0016230986985114933	0.9709045606285802	0.984098176948726	0.3017177309197579
4527.223928290905	0.0016236620955947217	0.9709247488706153	0.9841093947869054	0.30164698314313243
4527.839774113167	0.0016242255656577559	0.9709449187191432	0.9841206023545801	0.3015762679992403
4528.455406311796	0.0016247891086885993	0.9709650701947169	0.9841317996634315	0.3015055854660048
4529.070825007314	0.0016253527246752626	0.9709852033178626	0.9841429867251255	0.3014349355213682
4529.686030320146	0.0016259164136057634	0.9710053181090792	0.9841541635513124	0.3013643181432922
4530.301022370633	0.0016264801754681262	0.9710254145888391	0.9841653301536273	0.30129373330975767
4530.91580127902	0.0016270440102503813	0.9710454927775887	0.9841764865436889	0.301223180998765
4531.530367165451	0.0016276079179405668	0.9710655526957452	0.9841876327331003	0.30115266118833334
4532.144720149998	0.0016281718985267269	0.971085594363702	0.9841987687334502	0.30108217385650166
4532.758860352625	0.0016287359519969128	0.971105617801824	0.9842098945563109	0.3010117189813279
4533.372787893212	0.001629300078339184	0.9711256230304504	0.9842210102132399	0.30094129654088897
4533.986502891544	0.0016298642775416036	0.9711456100698931	0.9842321157157777	0.30087090651328113
4534.600005467318	0.0016304285495922438	0.9711655789404378	0.9842432110754514	0.30080054887661994
4535.213295740137	0.0016309928944791832	0.9711855296623431	0.9842542963037717	0.30073022360903967
4535.826373829514	0.0016315573121905066	0.9712054622558423	0.9842653714122334	0.3006599306886942
4536.439239854865	0.0016321218027143059	0.9712253767411412	0.9842764364123163	0.30058967009375603
4537.051893935531	0.00163268636603868	0.9712452731384195	0.9842874913154855	0.30051944180241696
4537.6643361907445	0.0016332510021517326	0.9712651514678311	0.9842985361331904	0.30044924579288795
4538.276566739653	0.0016338157110415766	0.9712850117495025	0.9843095708768645	0.30037908204339875
4538.888585701323	0.0016343804926963325	0.9713048540035356	0.9843205955579275	0.30030895053219825
4539.500393194713	0.0016349453471041228	0.9713246782500037	0.9843316101877821	0.3002388512375541
4540.1119893386995	0.0016355102742530803	0.9713444845089549	0.9843426147778165	0.3001687841377533
4540.723374252075	0.001636075274131345	0.971364272800413	0.9843536093394041	0.3000987492111015
4541.334548053532	0.001636640346727061	0.971384043144373	0.9843645938839024	0.30002874643592337
4541.945510861673	0.0016372054920283812	0.9714037955608051	0.9843755684226552	0.2999587757905626
4542.5562627950185	0.0016377707100234638	0.971423530069653	0.9843865329669887	0.29988883725338145
4543.166803971992	0.0016383360007004757	0.9714432466908354	0.9843974875282172	0.2998189308027615
4543.77713451092	0.0016389013640475858	0.9714629454442425	0.9844084321176354	0.2997490564171023
4544.38725453006	0.0016394668000529764	0.971482626349742	0.9844193667465284	0.2996792140748236
4544.99716414756	0.001640032308704831	0.9715022894271733	0.9844302914261627	0.2996094037543628
4545.606863481485	0.001640597889991341	0.9715219346963506	0.9844412061677894	0.2995396254341765
4546.216352649809	0.0016411635439007074	0.9715415621770626	0.9844521109826472	0.29946987909274014
4546.825631770422	0.0016417292704211332	0.9715611718890715	0.9844630058819583	0.2994001647085476
4547.4347009611165	0.0016422950695408316	0.9715807638521141	0.984473890876927	0.2993304822601128
4548.043560339599	0.0016428609412480206	0.9716003380859023	0.9844847659787592	0.29926083172596335
4548.652210023488	0.0016434268855309263	0.9716198946101215	0.9844956311985867	0.2991912130846621
4549.260650130313	0.001643992902377779	0.9716394334444312	0.9845064865479363	0.29912162631467765
4549.868880777505	0.0016445589917768173	0.9716589546084655	0.9845173320389827	0.29905207139431295
4550.476902082418	0.0016451251537162861	0.9716784581218332	0.9845281676813363	0.2989825483025957
4551.084714162317	0.0016456913881844383	0.9716979440041178	0.9845389934862597	0.29891305701811105
4551.692317134363	0.0016462576951695293	0.9717174122748764	0.9845498094648211	0.2988435975195115
4552.299711115646	0.0016468240746598277	0.9717368629536426	0.98456061562812	0.29877416978545673
4552.906896223155	0.0016473905266436008	0.9717562960599215	0.9845714119872275	0.298704773794627
4553.513872573795	0.0016479570511091282	0.9717757116131964	0.9845821985532057	0.29863540952572176
4554.120640284384	0.0016485236480446935	0.9717951096329217	0.9845929753370986	0.29856607695745746
4554.72719947165	0.0016490903174385895	0.9718144901385305	0.9846037423499383	0.2984967760685707
4555.333550252228	0.0016496570592791095	0.9718338531494254	0.9846144996027383	0.2984275068378149
4555.93969274267	0.001650223873554562	0.9718531986849894	0.9846252471065025	0.2983582692439636
4556.545627059438	0.0016507907602532545	0.9718725267645765	0.9846359848722163	0.2982890632658074
4557.151353318907	0.0016513577193635054	0.9718918374075171	0.9846467129108523	0.2982198888821559
4557.756871637359	0.001651924750873638	0.9719111306331165	0.984657431233368	0.2981507460718376
4558.362182130995	0.0016524918547719818	0.9719304064606542	0.9846681398507067	0.2980816348136985
4558.9672849159215	0.0016530590310468729	0.9719496649093842	0.9846788387737958	0.29801255508660307
4559.572180108164	0.001653626279686656	0.9719689059985382	0.9846895280135505	0.2979435068694349
4560.176867823652	0.0016541936006796792	0.9719881297473196	0.9847002075808701	0.2978744901410949
4560.781348178235	0.0016547609940142987	0.9720073361749088	0.9847108774866384	0.29780550488050306
4561.385621287666	0.0016553284596788772	0.9720265253004614	0.9847215377417279	0.2977365510665971
4561.989687267619	0.0016558959976617836	0.9720456971431073	0.9847321883569939	0.2976676286783338
4562.593546233677	0.001656463607951393	0.9720648517219516	0.9847428293432781	0.2975987376946872
4563.1971983013345	0.0016570312905360887	0.9720839890560751	0.9847534607114077	0.29752987809464987
4563.800643586	0.0016575990454042574	0.9721031091645342	0.9847640824721968	0.29746104985723315
4564.403882202995	0.0016581668725442946	0.9721222120663596	0.9847746946364428	0.2973922529614659
4565.006914267554	0.0016587347719446005	0.9721412977805579	0.9847852972149311	0.2973234873863956
4565.609739894818	0.0016593027435935835	0.9721603663261109	0.984795890218431	0.29725475311108734
4566.2123591998525	0.001659870787479658	0.9721794177219761	0.984806473657699	0.2971860501146249
4566.814772297627	0.0016604389035912437	0.9721984519870863	0.984817047543477	0.29711737837611013
4567.4169793030305	0.001661007091916769	0.9722174691403498	0.9848276118864918	0.2970487378746626
4568.018980330858	0.001661575352444666	0.97223646920065	0.9848381666974569	0.29698012858942013
4568.620775495821	0.0016621436851633746	0.9722554521868462	0.9848487119870712	0.2969115504995387
4569.222364912552	0.0016627120900613405	0.9722744181177738	0.9848592477660201	0.29684300358419236
4569.823748695584	0.0016632805671270181	0.9722933670122428	0.9848697740449739	0.2967744878225731
4570.424926959368	0.001663849116348864	0.9723122988890389	0.9848802908345886	0.2967060031938905
4571.025899818275	0.0016644177377153448	0.9723312137669253	0.9848907981455083	0.296637549677373
4571.626667386582	0.0016649864312149327	0.9723501116646385	0.9849012959883604	0.2965691272522662
4572.22722977848	0.0016655551968361043	0.9723689926008918	0.9849117843737591	0.2965007358978339
4572.827587108081	0.001666124034567345	0.9723878565943745	0.9849222633123056	0.296432375593358
4573.427739489404	0.0016666929443971456	0.9724067036637521	0.9849327328145858	0.2963640463181384
4574.027687036385	0.0016672619263140025	0.9724255338276651	0.9849431928911727	0.29629574805149245
4574.627429862876	0.0016678309803064212	0.97244434710473	0.9849536435526247	0.2962274807727559
4575.226968082634	0.0016684001063629085	0.9724631435135395	0.9849640848094847	0.2961592444612814
4575.8263018093385	0.0016689693044719819	0.972481923072662	0.9849745166722848	0.2960910390964406
4576.425431156587	0.0016695385746221657	0.972500685800643	0.9849849391515418	0.2960228646576224
4577.024356237879	0.0016701079168019864	0.9725194317160027	0.9849953522577579	0.2959547211242333
4577.6230771666405	0.0016706773309999798	0.9725381608372377	0.9850057560014227	0.29588660847569814
4578.2215940562055	0.0016712468172046867	0.9725568731828211	0.9850161503930098	0.29581852669145886
4578.819907019824	0.0016718163754046575	0.9725755687712021	0.9850265354429824	0.2957504757509758
4579.418016170662	0.0016723860055884443	0.972594247620806	0.9850369111617872	0.2956824556337266
4580.015921621796	0.0016729557077446067	0.9726129097500334	0.9850472775598572	0.29561446631920646
4580.613623486222	0.0016735254818617134	0.9726315551772637	0.9850576346476139	0.29554650778692876
4581.211121876849	0.001674095327928335	0.9726501839208488	0.9850679824354618	0.2954785800164242
4581.808416906507	0.0016746652459330533	0.9726687959991211	0.9850783209337949	0.2954106829872414
4582.405508687931	0.0016752352358644518	0.9726873914303862	0.9850886501529914	0.2953428166789463
4583.002397333772	0.001675805297711123	0.9727059702329269	0.9850989701034166	0.2952749810711225
4583.599082956604	0.001676375431461665	0.9727245324250033	0.9851092807954215	0.29520717614337133
4584.195565668916	0.0016769456371046826	0.972743078024851	0.9851195822393446	0.29513940187531146
4584.791845583104	0.0016775159146287858	0.9727616070506835	0.9851298744455101	0.29507165824657977
4585.387922811487	0.0016780862640225897	0.972780119520688	0.9851401574242286	0.29500394523682977
4585.983797466294	0.0016786566852747202	0.9727986154530316	0.9851504311857974	0.2949362628257332
4586.579469659675	0.0016792271783738048	0.9728170948658558	0.9851606957404994	0.29486861099297873
4587.174939503693	0.0016797977433084805	0.9728355577772796	0.9851709510986056	0.29480098971827323
4587.770207110327	0.0016803683800673858	0.9728540042053982	0.9851811972703713	0.29473339898134
4588.365272591475	0.0016809390886391735	0.972872434168285	0.9851914342660414	0.29466583876192115
4588.960136058941	0.0016815098690124933	0.972890847683987	0.9852016620958441	0.2945983090397749
4589.554797624457	0.0016820807211760072	0.9729092447705311	0.9852118807699956	0.29453080979467766
4590.149257399668	0.0016826516451183824	0.9729276254459197	0.985222090298699	0.294463341006423
4590.743515496131	0.0016832226408282909	0.9729459897281321	0.9852322906921437	0.29439590265482196
4591.33757202532	0.001683793708294411	0.9729643376351238	0.9852424819605051	0.29432849471970285
4591.931427098629	0.0016843648475054294	0.972982669184829	0.9852526641139464	0.29426111718091136
4592.525080827368	0.0016849360584500362	0.9730009843951577	0.985262837162617	0.2941937700183103
4593.11853332276	0.0016855073411169287	0.973019283283996	0.985273001116652	0.29412645321178016
4593.711784695949	0.0016860786954948116	0.9730375658692086	0.9852831559861744	0.29405916674121846
4594.304835057989	0.0016866501215723933	0.9730558321686366	0.9852933017812934	0.29399191058653995
4594.897684519859	0.001687221619338391	0.973074082200098	0.9853034385121057	0.29392468472767697
4595.49033319245	0.0016877931887815262	0.9730923159813881	0.9853135661886933	0.29385748914457877
4596.082781186568	0.0016883648298905267	0.9731105335302791	0.9853236848211258	0.29379032381721165
4596.675028612942	0.0016889365426541263	0.9731287348645207	0.98533379441946	0.29372318872555947
4597.2670755822155	0.0016895083270610674	0.9731469200018401	0.9853438949937389	0.2936560838496234
4597.858922204945	0.001690080183100095	0.9731650889599408	0.9853539865539929	0.29358900916942116
4598.450568591609	0.0016906521107599626	0.9731832417565043	0.9853640691102383	0.2935219646649881
4599.042014852604	0.0016912241100294286	0.9732013784091893	0.985374142672479	0.2934549503163766
4599.633261098242	0.001691796180897258	0.9732194989356315	0.9853842072507063	0.29338796610365614
4600.224307438745	0.0016923683233522218	0.9732376033534446	0.9853942628548967	0.29332101200691313
4600.815153984274	0.001692940537383098	0.9732556916802195	0.9854043094950158	0.2932540880062514
4601.405800844878	0.0016935128229786686	0.9732737639335234	0.9854143471810145	0.2931871940817913
4601.996248130549	0.0016940851801277234	0.973291820130903	0.9854243759228312	0.2931203302136708
4602.586495951182	0.0016946576088190575	0.9733098602898809	0.9854343957303916	0.29305349638204464
4603.176544416598	0.001695230109041473	0.9733278844279576	0.9854444066136079	0.2929866925670844
4603.766393636531	0.0016958026807837785	0.973345892562613	0.9854544085823802	0.29291991874897877
4604.35604372063	0.0016963753240347838	0.9733638847113	0.9854644016465937	0.29285317490793356
4604.945494778473	0.0016969480387833127	0.9733818608914548	0.9854743858161237	0.2927864610241713
4605.53474691955	0.001697520825018189	0.9733998211204878	0.9854843611008299	0.2927197770779317
4606.123800253263	0.0016980936827282436	0.9734177654157871	0.9854943275105599	0.29265312304947094
4606.712654888943	0.0016986666119023176	0.97343569379472	0.9855042850551496	0.2925864989190626
4607.301310935831	0.0016992396125292506	0.9734536062746305	0.98551423374442	0.2925199046669968
4607.889768503089	0.0016998126845978946	0.9734715028728411	0.9855241735881811	0.29245334027358066
4608.478027699805	0.001700385828097106	0.9734893836066516	0.9855341045962289	0.2923868057191383
4609.066088634976	0.0017009590430157471	0.9735072484933407	0.985544026778348	0.29232030098401046
4609.6539514175165	0.0017015323293426837	0.9735250975501631	0.9855539401443081	0.2922538260485546
4610.241616156265	0.00170210568706679	0.973542930794352	0.985563844703867	0.29218738089314483
4610.829082959982	0.0017026791161769486	0.9735607482431206	0.9855737404667719	0.2921209654981729
4611.416351937339	0.0017032526166620425	0.9735785499136579	0.9855836274427543	0.2920545798440465
4612.0034231969275	0.0017038261885109647	0.9735963358231309	0.9855935056415335	0.29198822391118995
4612.590296847268	0.0017043998317126145	0.9736141059886864	0.9856033750728183	0.2919218976800449
4613.176972996787	0.0017049735462558943	0.9736318604274478	0.9856132357463032	0.2918556011310696
4613.763451753836	0.0017055473321297135	0.9736495991565169	0.985623087671669	0.29178933424473863
4614.349733226683	0.0017061211893229886	0.9736673221929735	0.9856329308585855	0.2917230970015432
4614.935817523527	0.0017066951178246422	0.9736850295538766	0.9856427653167104	0.2916568893819918
4615.521704752469	0.0017072691176236022	0.9737027212562623	0.9856525910556871	0.291590711366609
4616.107395021537	0.0017078431887087998	0.9737203973171447	0.9856624080851468	0.2915245629359358
4616.692888438685	0.0017084173310691771	0.9737380577535175	0.985672216414709	0.29145844407053073
4617.278185111775	0.0017089915446936801	0.9737557025823523	0.9856820160539812	0.29139235475096803
4617.863285148598	0.0017095658295712582	0.9737733318205979	0.9856918070125561	0.2913262949578387
4618.448188656863	0.0017101401856908698	0.9737909454851831	0.9857015893000157	0.2912602646717508
4619.032895744191	0.00171071461304148	0.9738085435930137	0.9857113629259293	0.291194263873328
4619.617406518134	0.0017112891116120555	0.9738261261609753	0.9857211278998536	0.2911282925432115
4620.201721086156	0.0017118636813915735	0.9738436932059302	0.9857308842313323	0.2910623506620581
4620.7858395556495	0.0017124383223690149	0.973861244744721	0.985740631929898	0.29099643821054166
4621.369762033911	0.001713013034533364	0.9738787807941673	0.9857503710050686	0.2909305551693521
4621.953488628177	0.0017135878178736177	0.9738963013710688	0.9857601014663522	0.29086470151919647
4622.537019445597	0.0017141626723787755	0.9739138064922036	0.9857698233232447	0.2907988772407977
4623.1203545932285	0.001714737598037837	0.9739312961743257	0.9857795365852251	0.29073308231489514
4623.703494178066	0.001715312594839817	0.9739487704341716	0.985789241261767	0.2906673167222436
4624.286438307021	0.0017158876627737317	0.9739662292884547	0.9857989373623218	0.2906015804436203
4624.869187086919	0.0017164628018286018	0.9739836727538658	0.9858086248963566	0.2905358734597967
4625.451740624509	0.0017170380119934563	0.9740011008470771	0.9858183038732276	0.2904701957516345
4626.034099026469	0.0017176132932573312	0.9740185135847381	0.9858279743026328	0.29040454729975435
4626.616262399382	0.001718188645609264	0.974035910983477	0.9858376361942285	0.2903389280848137
4627.198230849765	0.0017187640690383018	0.9740532930599013	0.9858472895568771	0.2902733380880537
4627.7800044840515	0.0017193395635334953	0.9740706598305968	0.9858569344000282	0.2902077772902973
4628.361583408595	0.0017199151290839035	0.9740880113121292	0.9858665707330354	0.29014224567244434
4628.94296772967	0.0017204907656785888	0.9741053475210423	0.9858761985652632	0.29007674321539395
4629.524157553476	0.001721066473306621	0.9741226684738586	0.9858858179060587	0.2900112699000658
4630.105152986127	0.0017216422519570744	0.9741399741870811	0.9858954287647583	0.2899458257073946
4630.685954133662	0.0017222181016190302	0.9741572646771897	0.9859050311506852	0.28988041061833114
4631.266561102046	0.0017227940222815758	0.9741745399606448	0.9859146250731516	0.28981502461384306
4631.846973997161	0.0017233700139338039	0.9741918000538865	0.9859242105414578	0.28974966767491395
4632.42719292481	0.0017239460765648114	0.9742090449733316	0.9859337875648904	0.2896843397825428
4633.007217990709	0.0017245222101637024	0.9742262747353778	0.9859433561527251	0.28961904091774565
4633.587049300515	0.0017250984147195879	0.9742434893564025	0.9859529163142255	0.28955377106155444
4634.166686959796	0.0017256746902215843	0.9742606888527608	0.9859624680586438	0.2894885301950173
4634.746131074035	0.0017262510366588108	0.9742778732407874	0.985972011395219	0.28942331829919776
4635.32538174865	0.0017268274540203964	0.9742950425367971	0.9859815463331789	0.2893581353551762
4635.904439088974	0.0017274039422954738	0.974312196757083	0.9859910728817394	0.28929298134404874
4636.483303200263	0.0017279805014731814	0.9743293359179181	0.9860005910501036	0.28922785624692754
4637.061974187697	0.001728557131542664	0.9743464600355554	0.9860101008474639	0.28916276004494096
4637.640452156372	0.0017291338324930713	0.974363569126225	0.9860196022830001	0.289097692719233
4638.218737211312	0.0017297106043135605	0.9743806632061386	0.9860290953658801	0.28903265425096397
4638.796829457466	0.0017302874469932936	0.9743977422914872	0.9860385801052607	0.28896764462130997
4639.3747289996945	0.0017308643605214375	0.9744148063984399	0.9860480565102856	0.2889026638114632
4639.952435942791	0.0017314413448871653	0.9744318555431464	0.9860575245900879	0.2888377118026315
4640.529950391467	0.0017320184000796561	0.9744488897417356	0.9860669843537877	0.288772788576039
4641.107272450359	0.0017325955260880962	0.9744659090103163	0.9860764358104948	0.2887078941129256
4641.684402224019	0.0017331727229016733	0.9744829133649756	0.9860858789693052	0.288643028394547
4642.261339816932	0.001733749990509587	0.9744999028217826	0.9860953138393058	0.2885781914021748
4642.838085333502	0.0017343273289010367	0.9745168773967835	0.9861047404295693	0.2885133831170964
4643.414638878048	0.00173490473806523	0.9745338371060055	0.9861141587491576	0.2884486035206153
4643.991000554828	0.001735482217991382	0.974550781965456	0.9861235688071218	0.28838385259405064
4644.567170468006	0.0017360597686687108	0.9745677119911209	0.9861329706124998	0.28831913031873724
4645.14314872168	0.0017366373900864409	0.9745846271989665	0.9861423641743189	0.2882544366760259
4645.71893541987	0.0017372150822338056	0.9746015276049399	0.986151749501595	0.2881897716472835
4646.294530666511	0.001737792845100035	0.9746184132249642	0.9861611266033298	0.2881251352138915
4646.8699345654695	0.0017383706786743755	0.9746352840749472	0.9861704954885169	0.28806052735724846
4647.44514722054	0.0017389485829460748	0.9746521401707751	0.9861798561661369	0.28799594805876827
4648.020168735424	0.0017395265579043836	0.9746689815283113	0.9861892086451578	0.28793139729988
4648.594999213761	0.0017401046035385617	0.9746858081634026	0.9861985529345377	0.28786687506202896
4649.169638759112	0.0017406827198378741	0.9747026200918744	0.9862078890432221	0.28780238132667596
4649.744087474954	0.0017412609067915903	0.9747194173295308	0.9862172169801448	0.2877379160752976
4650.318345464693	0.0017418391643889864	0.9747361998921585	0.9862265367542284	0.28767347928938564
4650.89241283166	0.001742417492619344	0.9747529677955228	0.9862358483743855	0.28760907095044824
4651.46628967911	0.0017429958914719503	0.9747697210553689	0.9862451518495146	0.2875446910400086
4652.039976110215	0.0017435743609360965	0.9747864596874217	0.9862544471885035	0.28748033953960556
4652.61347222808	0.0017441529010010825	0.9748031837073892	0.986263734400231	0.28741601643079395
4653.186778135731	0.0017447315116562118	0.9748198931309555	0.9862730134935613	0.2873517216951437
4653.759893936115	0.001745310192890794	0.974836587973787	0.9862822844773482	0.2872874553142406
4654.332819732105	0.0017458889446941436	0.9748532682515303	0.9862915473604343	0.28722321726968564
4654.905555626502	0.0017464677670555823	0.974869933979812	0.9863008021516521	0.2871590075430957
4655.478101722023	0.001747046659964436	0.9748865851742393	0.9863100488598198	0.28709482611610293
4656.050458121318	0.0017476256234100365	0.9749032218503988	0.986319287493747	0.2870306729703551
4656.6226249269575	0.0017482046573817215	0.9749198440238586	0.986328518062231	0.2869665480875152
4657.194602241437	0.0017487837618688341	0.9749364517101665	0.9863377405740573	0.28690245144926213
4657.766390167178	0.0017493629368607237	0.974953044924851	0.9863469550380006	0.28683838303729003
4658.33798880652	0.0017499421823467447	0.9749696236834203	0.9863561614628241	0.2867743428333078
4658.909398261738	0.0017505214983162562	0.9749861880013639	0.9863653598572805	0.2867103308190411
4659.480618635023	0.001751100884758623	0.9750027378941515	0.98637455023011	0.28664634697622976
4660.051650028496	0.001751680341663217	0.9750192733772334	0.9863837325900425	0.2865823912866295
4660.622492544201	0.0017522598690194156	0.9750357944660397	0.9863929069457964	0.2865184637320114
4661.193146284103	0.0017528394668165988	0.9750523011759815	0.9864020733060783	0.2864545642941617
4661.763611350103	0.0017534191350441566	0.9750687935224525	0.9864112316795857	0.28639069295488245
4662.333887844016	0.0017539988736914815	0.9750852715208231	0.9864203820750025	0.28632684969599037
4662.903975867589	0.001754578682747971	0.9751017351864476	0.9864295245010024	0.28626303449931767
4663.473875522487	0.0017551585622030302	0.9751181845346591	0.986438658966248	0.2861992473467123
4664.04358691031	0.00175573851204607	0.9751346195807726	0.9864477854793913	0.28613548822003687
4664.613110132579	0.0017563185322665032	0.975151040340083	0.9864569040490724	0.28607175710116967
4665.18244529074	0.0017568986228537553	0.9751674468278673	0.9864660146839215	0.28600805397200396
4665.751592486159	0.001757478783797248	0.9751838390593808	0.9864751173925552	0.28594437881444823
4666.320551820141	0.0017580590150864145	0.9752002170498617	0.986484212183582	0.2858807316104263
4666.889323393902	0.0017586393167106926	0.9752165808145282	0.9864932990655976	0.2858171123418772
4667.457907308593	0.0017592196886595246	0.9752329303685799	0.9865023780471873	0.28575352099075507
4668.026303665294	0.0017598001309223606	0.975249265727197	0.9865114491369255	0.28568995753902915
4668.5945125650005	0.0017603806434886538	0.9752655869055409	0.9865205123433756	0.28562642196868404
4669.162534108637	0.001760961226347862	0.9752818939187526	0.9865295676750891	0.285562914261719
4669.730368397059	0.0017615418794894515	0.9752981867819561	0.9865386151406083	0.2854994344001489
4670.298015531045	0.0017621226029028924	0.9753144655102551	0.9865476547484623	0.28543598236600354
4670.865475611301	0.001762703396577661	0.9753307301187345	0.9865566865071723	0.2853725581413278
4671.432748738454	0.001763284260503237	0.9753469806224608	0.9865657104252455	0.28530916170818144
4671.999835013065	0.0017638651946691088	0.9753632170364807	0.98657472651118	0.2852457930486397
4672.566734535616	0.0017644461990647675	0.9753794393758229	0.9865837347734628	0.2851824521447922
4673.133447406515	0.0017650272736797106	0.9753956476554962	0.9865927352205687	0.2851191389787442
4673.699973726103	0.0017656084185034427	0.9754118418904923	0.986601727860965	0.285055853532616
4674.266313594639	0.0017661896335254704	0.9754280220957823	0.9866107127031042	0.2849925957885421
4674.832467112314	0.0017667709187353085	0.9754441882863192	0.9866196897554309	0.28492936572867283
4675.398434379245	0.001767352274122476	0.9754603404770377	0.9866286590263769	0.28486616333517323
4675.964215495479	0.0017679336996764992	0.975476478682853	0.9866376205243653	0.28480298859022296
4676.529810560977	0.0017685151953869076	0.9754926029186618	0.9866465742578059	0.2847398414760169
4677.095219675644	0.0017690967612432364	0.9755087131993427	0.9866555202351005	0.2846767219747649
4677.660442939299	0.0017696783972350255	0.9755248095397554	0.9866644584646385	0.2846136300686918
4678.225480451697	0.0017702601033518241	0.9755408919547399	0.9866733889547982	0.2845505657400368
4678.790332312514	0.001770841879583182	0.9755569604591194	0.9866823117139487	0.2844875289710543
4679.354998621351	0.0017714237259186573	0.9755730150676967	0.9866912267504465	0.2844245197440136
4679.919479477749	0.0017720056423478133	0.975589055795258	0.9867001340726407	0.284361538041199
4680.483774981162	0.001772587628860216	0.9756050826565696	0.9867090336888659	0.28429858384490936
4681.047885230974	0.0017731696854454402	0.975621095666379	0.9867179256074478	0.284235657137458
4681.611810326508	0.001773751812093065	0.9756370948394167	0.9867268098367025	0.28417275790117397
4682.175550366999	0.0017743340087926752	0.9756530801903948	0.9867356863849341	0.2841098861184003
4682.739105451619	0.0017749162755338584	0.9756690517340045	0.9867445552604365	0.2840470417714952
4683.3024756794675	0.001775498612306211	0.9756850094849217	0.9867534164714933	0.2839842248428313
4683.865661149564	0.0017760810190993327	0.9757009534578011	0.9867622700263765	0.2839214353147963
4684.428661960865	0.0017766634959028296	0.9757168836672817	0.986771115933349	0.2838586731697924
4684.991478212251	0.001777246042706313	0.9757328001279826	0.9867799542006623	0.2837959383902363
4685.554110002529	0.001777828659499398	0.9757487028545058	0.9867887848365584	0.2837332309585602
4686.116557430435	0.0017784113462717083	0.9757645918614334	0.9867976078492674	0.2836705508572101
4686.678820594634	0.0017789941030128692	0.9757804671633299	0.9868064232470094	0.28360789806864706
4687.240899593715	0.0017795769297125124	0.9757963287747421	0.9868152310379943	0.28354527257534645
4687.802794526203	0.0017801598263602783	0.9758121767101993	0.9868240312304218	0.28348267435979907
4688.3645054905455	0.0017807427929458072	0.9758280109842107	0.98683282383248	0.2834201034045094
4688.926032585119	0.0017813258294587496	0.9758438316112688	0.9868416088523488	0.28335755969199694
4689.487375908227	0.0017819089358887578	0.9758596386058472	0.9868503862981953	0.2832950432047958
4690.048535558105	0.0017824921122254912	0.9758754319824025	0.9868591561781771	0.2832325539254547
4690.609511632915	0.0017830753584586149	0.9758912117553724	0.9868679185004428	0.2831700918365368
4691.170304230748	0.0017836586745777966	0.9759069779391767	0.9868766732731281	0.2831076569206199
4691.730913449626	0.0017842420605727134	0.9759227305482178	0.9868854205043606	0.28304524916029616
4692.291339387489	0.0017848255164330435	0.9759384695968781	0.9868941602022558	0.282982868538172
4692.851582142218	0.0017854090421484726	0.9759541950995247	0.9869028923749201	0.2829205150368692
4693.411641811622	0.0017859926377086933	0.975969907070506	0.9869116170304496	0.2828581886390235
4693.971518493431	0.0017865763031034002	0.9759856055241517	0.9869203341769298	0.282795889327285
4694.531212285309	0.0017871600383222942	0.9760012904747742	0.9869290438224355	0.2827336170843182
4695.090723284849	0.0017877438433550835	0.9760169619366679	0.9869377459750317	0.28267137189280245
4695.65005158957	0.001788327718191478	0.9760326199241088	0.986946440642773	0.2826091537354311
4696.209197296922	0.0017889116628211942	0.976048264451356	0.9869551278337039	0.2825469625949121
4696.768160504291	0.0017894956772339578	0.9760638955326518	0.9869638075558598	0.28248479845396796
4697.326941308979	0.0017900797614194951	0.9760795131822189	0.9869724798172638	0.2824226612953355
4697.885539808224	0.0017906639153675366	0.9760951174142622	0.9869811446259293	0.2823605511017653
4698.443956099199	0.0017912481390678222	0.9761107082429701	0.9869898019898615	0.28229846785602314
4699.002190278994	0.0017918324325100952	0.9761262856825129	0.9869984519170528	0.28223641154088874
4699.560242444641	0.0017924167956841048	0.9761418497470432	0.9870070944154874	0.28217438213915585
4700.1181126930915	0.0017930012285796032	0.9761574004506961	0.9870157294931385	0.28211237963363556
4700.675801121235	0.001793585731186351	0.9761729378075892	0.98702435715797	0.28205040400713854
4701.2333078258835	0.0017941703034941104	0.9761884618318223	0.987032977417934	0.2819884552425497
4701.790632903782	0.0017947549454926527	0.9762039725374773	0.9870415902809765	0.2819265333224864
4702.347776451607	0.0017953396571717512	0.9762194699386189	0.9870501957550305	0.28186463822983154
4702.904738565963	0.0017959244385211874	0.9762349540492953	0.9870587938480173	0.28180276994764947
4703.461519343386	0.001796509289530746	0.9762504248835363	0.9870673845678498	0.2817409284588382
4704.018118880335	0.0017970942101902148	0.9762658824553532	0.9870759679224301	0.281679113746306
4704.574537273206	0.0017976792004893915	0.9762813267787414	0.9870845439196512	0.28161732579297516
4705.130774618333	0.0017982642604180764	0.9762967578676798	0.9870931125673971	0.2815555645817825
4705.686831011958	0.0017988493899660754	0.976312175736127	0.9871016738735402	0.28149383009567763
4706.242706550273	0.0017994345891231994	0.9763275803980269	0.9871102278459437	0.28143212231762593
4706.79840132939	0.0018000198578792632	0.976342971867304	0.9871187744924605	0.28137044123060573
4707.353915445359	0.001800605196224091	0.9763583501578683	0.9871273138209345	0.2813087868176104
4707.909248994156	0.001801190604147507	0.9763737152836093	0.9871358458391989	0.28124715906164666
4708.464402071681	0.001801776081639342	0.9763890672584006	0.9871443705550759	0.2811855579457357
4709.0193747737785	0.0018023616286894353	0.9764044060961004	0.9871528879763808	0.281123983452913
4709.574167196215	0.0018029472452876282	0.9764197318105472	0.9871613981109166	0.2810624355662277
4710.128779434689	0.001803532931423767	0.9764350444155628	0.9871699009664766	0.2810009142687429
4710.6832115848265	0.001804118687087704	0.9764503439249522	0.9871783965508452	0.28093941954353613
4711.237463742192	0.001804704512269297	0.9764656303525043	0.9871868848717971	0.28087795137369903
4711.791536002274	0.0018052904069584097	0.976480903711989	0.987195365937096	0.2808165097423368
4712.345428460498	0.0018058763711449077	0.9764961640171607	0.9872038397544962	0.2807550946325688
4712.89914121221	0.0018064624048186638	0.9765114112817552	0.9872123063317433	0.28069370602752847
4713.452674352699	0.0018070485079695567	0.9765266455194931	0.9872207656765715	0.28063234391036324
4714.0060279771815	0.0018076346805874712	0.9765418667440764	0.9872292177967068	0.2805710082642343
4714.559202180802	0.001808220922662291	0.976557074969191	0.9872376626998641	0.28050969907231704
4715.112197058635	0.0018088072341839129	0.976572270208506	0.9872461003937496	0.28044841631780054
4715.665012705695	0.001809393615142235	0.9765874524756731	0.987254530886059	0.280387159983888
4716.217649216919	0.0018099800655271587	0.9766026217843269	0.9872629541844792	0.2803259300537964
4716.77010668718	0.0018105665853285948	0.9766177781480856	0.9872713702966868	0.28026472651075657
4717.32238521128	0.001811153174536456	0.9766329215805506	0.9872797792303486	0.2802035493380132
4717.874484883952	0.00181173983314066	0.9766480520953055	0.9872881809931215	0.280142398518825
4718.426405799866	0.0018123265611311317	0.9766631697059184	0.9872965755926536	0.28008127403646427
4718.97814805362	0.0018129133584977996	0.9766782744259404	0.9873049630365839	0.28002017587421757
4719.529711739741	0.0018135002252305983	0.9766933662689045	0.9873133433325397	0.27995910401538465
4720.081096952691	0.0018140871613194652	0.9767084452483286	0.98732171648814	0.27989805844327953
4720.632303786864	0.0018146741667543467	0.976723511377713	0.987330082510995	0.27983703914123
4721.183332336584	0.0018152612415251893	0.9767385646705413	0.9873384414087034	0.2797760460925774
4721.734182696113	0.0018158483856219494	0.9767536051402812	0.987346793188856	0.2797150792806769
4722.284854959637	0.0018164355990345849	0.9767686328003831	0.9873551378590332	0.2796541386888977
4722.835349221278	0.0018170228817530611	0.9767836476642808	0.9873634754268065	0.2795932243006222
4723.385665575086	0.0018176102337673454	0.9767986497453913	0.9873718058997364	0.27953233609924677
4723.93580411505	0.0018181976550674136	0.9768136390571155	0.9873801292853759	0.27947147406818185
4724.4857649350915	0.0018187851456432456	0.9768286156128377	0.9873884455912679	0.27941063819085127
4725.035548129054	0.0018193727054848243	0.976843579425925	0.9873967548249445	0.27934982845069195
4725.5851537907265	0.0018199603345821409	0.9768585305097295	0.9874050569939299	0.27928904483115563
4726.1345820138185	0.0018205480329251875	0.9768734688775847	0.9874133521057384	0.27922828731570676
4726.683832891984	0.001821135800503966	0.9768883945428101	0.9874216401678748	0.2791675558878238
4727.2329065188005	0.0018217236373084798	0.9769033075187062	0.9874299211878341	0.2791068505309991
4727.781802987779	0.0018223115433287378	0.9769182078185592	0.9874381951731026	0.2790461712287381
4728.330522392367	0.001822899518554755	0.9769330954556376	0.9874464621311562	0.27898551796455984
4728.879064825945	0.0018234875629765507	0.976947970443194	0.9874547220694627	0.27892489072199744
4729.42743038182	0.0018240756765841506	0.9769628327944648	0.9874629749954796	0.2788642894845971
4729.975619153244	0.0018246638593675836	0.9769776825226703	0.9874712209166565	0.27880371423591915
4730.523631233387	0.0018252521113168837	0.9769925196410136	0.9874794598404308	0.2787431649595369
4731.071466715357	0.0018258404324220895	0.9770073441626819	0.987487691774233	0.2786826416390373
4731.619125692204	0.001826428822673246	0.9770221561008463	0.9874959167254832	0.27862214425802073
4732.1666082569045	0.0018270172820604043	0.9770369554686628	0.9875041347015935	0.2785616728001017
4732.713914502363	0.0018276058105736166	0.9770517422792685	0.9875123457099649	0.27850122724890725
4733.261044521422	0.0018281944082029426	0.9770665165457862	0.9875205497579899	0.27844080758807865
4733.8079984068645	0.0018287830749384479	0.9770812782813234	0.9875287468530527	0.2783804138012704
4734.354776251396	0.001829371810770201	0.9770960274989696	0.9875369370025272	0.2783200458721503
4734.901378147661	0.0018299606156882745	0.9771107642117984	0.9875451202137776	0.2782597037843997
4735.447804188232	0.0018305494896827506	0.9771254884328684	0.9875532964941608	0.2781993875217134
4735.99405446562	0.0018311384327437113	0.977140200175221	0.9875614658510217	0.2781390970677995
4736.54012907227	0.0018317274448612455	0.9771548994518824	0.9875696282916985	0.27807883240637965
4737.08602810056	0.0018323165260254483	0.9771695862758624	0.9875777838235191	0.2780185935211887
4737.631751642799	0.0018329056762264177	0.9771842606601544	0.9875859324538021	0.277958380395975
4738.177299791233	0.0018334948954542576	0.977198922617737	0.9875940741898579	0.27789819301450025
4738.72267263804	0.0018340841836990778	0.9772135721615719	0.9876022090389869	0.2778380313605394
4739.267870275332	0.0018346735409509908	0.9772282093046047	0.9876103370084799	0.2777778954178807
4739.812892795159	0.0018352629672001163	0.9772428340597661	0.9876184581056207	0.2777177851703261
4740.357740289494	0.0018358524624365762	0.977257446439969	0.9876265723376807	0.27765770060169
4740.902412850258	0.0018364420266504993	0.977272046458113	0.9876346797119253	0.27759764169580115
4741.446910569293	0.0018370316598320196	0.9772866341270796	0.9876427802356094	0.2775376084365005
4741.991233538391	0.0018376213619712754	0.9773012094597365	0.9876508739159796	0.27747760080764355
4742.535381849265	0.0018382111330584097	0.977315772468934	0.9876589607602722	0.27741761879309773
4743.079355593564	0.00183880097308357	0.9773303231675069	0.987667040775715	0.2773576623767444
4743.623154862874	0.0018393908820369088	0.9773448615682746	0.9876751139695275	0.277297731542478
4744.166779748717	0.001839980859908585	0.9773593876840407	0.9876831803489194	0.2772378262742063
4744.710230342545	0.0018405709066887598	0.9773739015275927	0.987691239921091	0.27717794655584993
4745.253506735749	0.0018411610223676008	0.9773884031117032	0.9876992926932351	0.2771180923713431
4745.796609019656	0.0018417512069352825	0.9774028924491289	0.9877073386725347	0.2770582637046332
4746.339537285518	0.0018423414603819799	0.9774173695526103	0.9877153778661636	0.2769984605396804
4746.882291624535	0.0018429317826978765	0.9774318344348727	0.9877234102812869	0.2769386828604582
4747.42487212783	0.001843522173873158	0.9774462871086255	0.9877314359250606	0.2768789306509531
4747.967278886467	0.0018441126338980176	0.9774607275865632	0.9877394548046324	0.276819203895165
4748.509511991445	0.0018447031627626506	0.9774751558813635	0.9877474669271398	0.27675950257710674
4749.051571533693	0.0018452937604572582	0.9774895720056896	0.9877554722997127	0.2766998266808043
4749.593457604081	0.0018458844269720475	0.9775039759721895	0.9877634709294717	0.27664017619029657
4750.135170293413	0.0018464751622972305	0.9775183677934948	0.9877714628235287	0.27658055108963564
4750.676709692423	0.0018470659664230223	0.9775327474822217	0.9877794479889859	0.2765209513628869
4751.218075891787	0.0018476568393396434	0.977547115050971	0.9877874264329377	0.2764613769941281
4751.759268982114	0.0018482477810373202	0.9775614705123291	0.9877953981624692	0.2764018279674508
4752.300289053944	0.0018488387915062826	0.9775758138788656	0.9878033631846562	0.2763423042669589
4752.841136197757	0.0018494298707367655	0.9775901451631348	0.9878113215065669	0.27628280587676957
4753.381810503969	0.0018500210187190102	0.977604464377677	0.98781927313526	0.2762233327810133
4753.922312062929	0.001850612235443261	0.9776187715350163	0.9878272180777855	0.27616388496383315
4754.462640964922	0.0018512035208997676	0.977633066647661	0.9878351563411844	0.2761044624093852
4755.002797300165	0.001851794875078783	0.9776473497281039	0.9878430879324881	0.27604506510183824
4755.5427811588215	0.001852386297970569	0.9776616207888242	0.9878510128587219	0.27598569302537473
4756.082592630979	0.0018529777895653886	0.9776758798422847	0.9878589311268999	0.2759263461641894
4756.622231806666	0.0018535693498535103	0.9776901269009327	0.9878668427440288	0.27586702450249007
4757.161698775848	0.0018541609788252098	0.9777043619772012	0.9878747477171064	0.2758077280244976
4757.700993628424	0.0018547526764707617	0.9777185850835064	0.9878826460531199	0.2757484567144451
4758.240116454225	0.0018553444427804522	0.9777327962322514	0.9878905377590509	0.2756892105565796
4758.77906734303	0.0018559362777445685	0.9777469954358226	0.987898422841871	0.2756299895351602
4759.317846384538	0.0018565281813534026	0.9777611827065921	0.9879063013085421	0.2755707936344589
4759.856453668399	0.0018571201535972533	0.9777753580569165	0.9879141731660188	0.2755116228387611
4760.39488928419	0.0018577121944664211	0.9777895214991372	0.9879220384212469	0.27545247713236437
4760.933153321432	0.0018583043039512156	0.9778036730455815	0.9879298970811636	0.2753933564995795
4761.471245869569	0.0018588964820419472	0.9778178127085599	0.9879377491526966	0.2753342609247299
4762.0091670179945	0.0018594887287289312	0.9778319405003693	0.9879455946427652	0.2752751903921515
4762.546916856033	0.0018600810440024915	0.9778460564332914	0.987953433558282	0.27521614488619367
4763.084495472942	0.0018606734278529514	0.9778601605195918	0.9879612659061482	0.2751571243912178
4763.621902957926	0.0018612658802706435	0.9778742527715238	0.9879690916932589	0.27509812889159874
4764.159139400116	0.001861858401245903	0.9778883332013223	0.9879769109264988	0.27503915837172327
4764.696204888579	0.0018624509907690684	0.977902401821209	0.9879847236127448	0.27498021281599155
4765.233099512327	0.0018630436488304872	0.9779164586433919	0.9879925297588665	0.2749212922088163
4765.769823360307	0.001863636375420508	0.9779305036800621	0.9880003293717227	0.2748623965346227
4766.306376521394	0.0018642291705294842	0.9779445369433964	0.9880081224581652	0.27480352577784867
4766.842759084408	0.0018648220341477757	0.9779585584455572	0.9880159090250368	0.27474467992294505
4767.378971138103	0.001865414966265745	0.9779725681986919	0.9880236890791716	0.27468585895437514
4767.915012771176	0.0018660079668737634	0.9779865662149334	0.9880314626273965	0.27462706285661487
4768.450884072252	0.0018666010359622031	0.9780005525063998	0.9880392296765291	0.27456829161415297
4768.98658512989	0.0018671941735214396	0.9780145270851922	0.9880469902333773	0.27450954521149035
4769.522116032605	0.0018677873795418577	0.9780284899634006	0.9880547443047427	0.274450823633141
4770.057476868831	0.0018683806540138442	0.9780424411530986	0.9880624918974177	0.27439212686363146
4770.592667726944	0.001868973996927791	0.9780563806663446	0.9880702330181856	0.2743334548875004
4771.127688695259	0.0018695674082740944	0.978070308515183	0.9880779676738223	0.2742748076892998
4771.662539862032	0.0018701608880431569	0.9780842247116432	0.9880856958710953	0.2742161852535934
4772.197221315448	0.0018707544362253827	0.9780981292677402	0.9880934176167627	0.27415758756495806
4772.731733143633	0.0018713480528111828	0.9781120221954742	0.9881011329175746	0.2740990146079829
4773.266075434653	0.0018719417377909735	0.9781259035068313	0.9881088417802738	0.27404046636726975
4773.800248276509	0.001872535491155174	0.9781397732137824	0.9881165442115939	0.27398194282743255
4774.334251757142	0.00187312931289421	0.9781536313282843	0.9881242402182608	0.2739234439730987
4774.868085964425	0.0018737232029985079	0.9781674778622782	0.9881319298069894	0.27386496978890584
4775.401750986179	0.001874317161458506	0.9781813128276937	0.9881396129844914	0.2738065202595068
4775.935246910151	0.0018749111882646395	0.9781951362364416	0.9881472897574741	0.2737480953695741
4776.468573824032	0.0018755052834073522	0.9782089481004217	0.9881549601325014	0.27368969510365876
4777.0017318154505	0.0018760994468770926	0.9782227484315179	0.9881626241162875	0.27363131944647934
4777.534720971973	0.0018766936786643123	0.9782365372415999	0.9881702817155911	0.27357296838281764
4778.067541381103	0.0018772879787594687	0.9782503145425229	0.9881779329370977	0.27351464189740515
4778.600193130287	0.0018778823471530246	0.9782640803461283	0.988185577787461	0.2734563399749624
4779.1326763068955	0.001878476783835444	0.978277834664242	0.9881932162733335	0.27339806260022925
4779.6649909982525	0.001879071288797201	0.9782915775086766	0.9882008484013572	0.27333980975795624
4780.197137291619	0.0018796658620287693	0.9783053088912296	0.9882084741781674	0.2732815814329068
4780.729115274182	0.0018802605035206298	0.9783190288236854	0.9882160936103902	0.27322337760985654
4781.260925033074	0.0018808552132632652	0.9783327373178121	0.9882237067046439	0.273165198273593
4781.7925666553765	0.0018814499912471678	0.9783464343853658	0.9882313134675389	0.27310704340891695
4782.32404022809	0.0018820448374628294	0.9783601200380865	0.9882389139056769	0.27304891300064055
4782.855345838165	0.0018826397519007495	0.9783737942877007	0.9882465080256514	0.27299080703358863
4783.386483572488	0.0018832347345514322	0.9783874571459211	0.9882540958340489	0.2729327254925987
4783.917453517886	0.001883829785405384	0.9784011086244455	0.9882616773374464	0.2728746683625197
4784.448255761124	0.0018844249044531176	0.9784147487349579	0.9882692525424138	0.27281663562821357
4784.9788903889	0.0018850200916851493	0.9784283774891284	0.9882768214555122	0.27275862727455424
4785.509357487859	0.0018856153470920018	0.9784419948986122	0.9882843840832953	0.2727006432864275
4786.039657144582	0.0018862106706641999	0.9784556009750506	0.9882919404323075	0.2726426836487321
4786.569789445589	0.0018868060623922758	0.978469195730072	0.988299490509088	0.27258474834637864
4787.0997544773345	0.0018874015222667647	0.9784827791752895	0.9883070343201645	0.27252683736428984
4787.629552326217	0.0018879970502782043	0.9784963513223012	0.9883145718720585	0.27246895068740046
4788.159183078572	0.00188859264641714	0.9785099121826932	0.9883221031712829	0.27241108830065786
4788.688646820675	0.0018891883106741205	0.9785234617680372	0.988329628224343	0.2723532501890214
4789.217943638742	0.001889784043039701	0.9785370000898901	0.9883371470377369	0.2722954363374626
4789.747073618922	0.0018903798435044368	0.9785505271597944	0.9883446596179524	0.2722376467309649
4790.276036847312	0.001890975712058892	0.9785640429892808	0.9883521659714717	0.27217988135452426
4790.804833409942	0.0018915716486936336	0.978577547589864	0.9883596661047676	0.27212214019314845
4791.3334633927825	0.0018921676533992324	0.9785910409730451	0.9883671600243057	0.2720644232318574
4791.8619268817465	0.0018927637261662658	0.9786045231503122	0.9883746477365433	0.2720067304556833
4792.390223962682	0.0018933598669853124	0.9786179941331387	0.9883821292479299	0.2719490618496702
4792.91835472138	0.0018939560758469596	0.9786314539329841	0.9883896045649068	0.27189141739887435
4793.446319243568	0.0018945523527417964	0.9786449025612955	0.9883970736939081	0.27183379708836425
4793.9741176149155	0.001895148697660416	0.9786583400295044	0.9884045366413593	0.27177620090322013
4794.501749921031	0.001895745110593418	0.9786717663490283	0.988411993413678	0.2717186288285341
4795.029216247461	0.0018963415915314056	0.9786851815312725	0.9884194440172742	0.2716610808494107
4795.556516679692	0.0018969381404649857	0.9786985855876273	0.9884268884585503	0.2716035569509664
4796.083651303159	0.001897534757384773	0.9787119785294711	0.9884343267439012	0.27154605711832974
4796.610620203222	0.0018981314422813814	0.9787253603681657	0.9884417588797126	0.27148858133664094
4797.137423465195	0.0018987281951454334	0.9787387311150619	0.9884491848723634	0.2714311295910524
4797.664061174319	0.0018993250159675542	0.9787520907814946	0.9884566047282242	0.27137370186672843
4798.190533415783	0.0018999219047383744	0.9787654393787861	0.9884640184536579	0.2713162981488453
4798.716840274714	0.0019005188614485283	0.9787787769182457	0.9884714260550201	0.27125891842259137
4799.242981836181	0.0019011158860886559	0.9787921034111675	0.9884788275386585	0.27120156267316686
4799.768958185195	0.0019017129786493999	0.9788054188688332	0.9884862229109119	0.2711442308857836
4800.294769406698	0.0019023101391214088	0.978818723302511	0.9884936121781128	0.2710869230456657
4800.820415585581	0.0019029073674953346	0.9788320167234541	0.9885009953465852	0.27102963913804895
4801.345896806676	0.0019035046637618364	0.9788452991429043	0.9885083724226464	0.27097237914818134
4801.871213154746	0.0019041020279115734	0.9788585705720876	0.9885157434126038	0.2709151430613222
4802.396364714499	0.0019046994599352112	0.978871831022217	0.9885231083227582	0.2708579308627431
4802.921351570593	0.0019052969598234225	0.9788850805044942	0.9885304671594043	0.2708007425377276
4803.446173807617	0.0019058945275668817	0.9788983190301052	0.9885378199288273	0.2707435780715709
4803.970831510097	0.001906492163156266	0.9789115466102226	0.9885451666373045	0.27068643744957976
4804.495324762506	0.0019070898665822617	0.978924763256006	0.9885525072911063	0.270629320657073
4805.019653649258	0.001907687637835555	0.9789379689786015	0.9885598418964955	0.2705722276793814
4805.543818254707	0.0019082854769068387	0.9789511637891426	0.988567170459727	0.27051515850184715
4806.067818663144	0.0019088833837868112	0.978964347698748	0.9885744929870472	0.2704581131098246
4806.591654958809	0.0019094813584661743	0.9789775207185243	0.9885818094846976	0.27040109148867986
4807.1153272258725	0.0019100794009356305	0.9789906828595633	0.9885891199589083	0.2703440936237902
4807.638835548454	0.0019106775111858941	0.9790038341329454	0.9885964244159055	0.2702871195005455
4808.162180010607	0.0019112756892076777	0.9790169745497354	0.9886037228619045	0.27023016910434666
4808.685360696337	0.0019118739349917005	0.9790301041209868	0.988611015303115	0.27017324242060664
4809.2083776895815	0.0019124722485286871	0.9790432228577393	0.9886183017457393	0.2701163394347504
4809.731231074219	0.0019130706298093646	0.9790563307710183	0.9886255821959711	0.2700594601322138
4810.253920934075	0.0019136690788244658	0.9790694278718366	0.9886328566599965	0.27000260449844493
4810.7764473529105	0.001914267595564727	0.9790825141711947	0.9886401251439952	0.2699457725189038
4811.298810414432	0.0019148661800208896	0.979095589680079	0.9886473876541382	0.2698889641790614
4811.821010202284	0.0019154648321836997	0.9791086544094616	0.9886546441965891	0.26983217946440063
4812.343046800057	0.0019160635520439058	0.9791217083703039	0.9886618947775058	0.2697754183604164
4812.86492029128	0.0019166623395922636	0.9791347515735523	0.9886691394030357	0.269718680852615
4813.386630759419	0.0019172611948195313	0.9791477840301404	0.988676378079321	0.26966196692651423
4813.908178287891	0.0019178601177164715	0.9791608057509895	0.9886836108124953	0.26960527656764355
4814.42956296005	0.0019184591082738534	0.9791738167470071	0.9886908376086857	0.2695486097615442
4814.950784859186	0.001919058166482446	0.9791868170290862	0.9886980584740095	0.2694919664937683
4815.471844068546	0.0019196572923330282	0.9791998066081109	0.9887052734145808	0.26943534674988084
4815.992740671303	0.0019202564858163795	0.9792127854949481	0.9887124824365027	0.2693787505154573
4816.513474750576	0.0019208557469232834	0.9792257537004521	0.9887196855458705	0.2693221777760848
4817.034046389426	0.001921455075644531	0.9792387112354669	0.9887268827487748	0.2692656285173626
4817.5544556708655	0.0019220544719709158	0.9792516581108213	0.988734074051298	0.269209102724901
4818.074702677838	0.001922653935893235	0.9792645943373317	0.9887412594595139	0.26915260038432187
4818.594787493232	0.0019232534674022907	0.9792775199258016	0.9887484389794894	0.2690961214812588
4819.114710199873	0.0019238530664888907	0.9792904348870208	0.988755612617284	0.2690396660013565
4819.634470880545	0.0019244527331438457	0.9793033392317685	0.9887627803789516	0.2689832339302718
4820.154069617958	0.0019250524673579703	0.979316232970808	0.9887699422705357	0.2689268252536723
4820.673506494763	0.0019256522691220833	0.9793291161148905	0.9887770982980738	0.2688704399572372
4821.19278159357	0.0019262521384270123	0.9793419886747567	0.9887842484675974	0.2688140780266576
4821.711894996916	0.0019268520752635829	0.9793548506611319	0.9887913927851291	0.26875773944763565
4822.230846787281	0.0019274520796226263	0.9793677020847282	0.9887985312566835	0.268701424205885
4822.749637047099	0.0019280521514949826	0.9793805429562475	0.9888056638882704	0.26864513228713094
4823.268265858736	0.0019286522908714915	0.979393373286377	0.9888127906858906	0.2685888636771097
4823.786733304505	0.001929252497742997	0.9794061930857905	0.9888199116555366	0.2685326183615693
4824.305039466658	0.0019298527721003517	0.9794190023651509	0.9888270268031966	0.26847639632626885
4824.823184427396	0.0019304531139344094	0.979431801135108	0.9888341361348489	0.26842019755697916
4825.3411682688575	0.0019310535232360275	0.9794445894062974	0.988841239656466	0.2683640220394823
4825.858991073123	0.0019316539999960692	0.9794573671893433	0.9888483373740121	0.2683078697595714
4826.3766529222175	0.001932254544205402	0.9794701344948572	0.9888554292934456	0.26825174070305147
4826.89415389811	0.0019328551558548959	0.979482891333437	0.9888625154207156	0.2681956348557381
4827.411494082714	0.001933455834935427	0.9794956377156689	0.9888695957617659	0.26813955220345903
4827.928673557882	0.001934056581437877	0.9795083736521263	0.9888766703225331	0.2680834927320529
4828.445692405407	0.001934657395353128	0.9795210991533687	0.9888837391089437	0.26802745642736914
4828.962550707036	0.0019352582766720698	0.9795338142299458	0.9888908021269217	0.26797144327526956
4829.479248544444	0.001935859225385593	0.9795465188923911	0.9888978593823798	0.2679154532616264
4829.995785999265	0.0019364602414845978	0.9795592131512286	0.9889049108812261	0.2678594863723235
4830.512163153063	0.0019370613249599827	0.979571897016968	0.9889119566293597	0.26780354259325556
4831.028380087351	0.0019376624758026548	0.979584570500107	0.9889189966326741	0.2677476219103293
4831.544436883586	0.001938263694003523	0.979597233611131	0.9889260308970548	0.267691724309462
4832.060333623168	0.0019388649795535025	0.9796098863605124	0.988933059428381	0.2676358497765823
4832.576070387442	0.0019394663324435112	0.9796225287587118	0.9889400822325234	0.26757999829763035
4833.091647257688	0.0019400677526644709	0.9796351608161767	0.9889470993153469	0.2675241698585569
4833.607064315136	0.0019406692402073077	0.9796477825433417	0.988954110682708	0.2674683644453242
4834.122321640963	0.0019412707950629533	0.97966039395063	0.9889611163404571	0.267412582043906
4834.637419316284	0.0019418724172223446	0.9796729950484525	0.9889681162944385	0.267356822640287
4835.152357422157	0.0019424741066764199	0.9796855858472066	0.9889751105504871	0.2673010862204625
4835.667136039588	0.0019430758634161219	0.979698166357278	0.9889820991144332	0.26724537277044025
4836.181755249527	0.001943677687432401	0.9797107365890406	0.9889890819920961	0.267189682276237
4836.696215132858	0.0019442795787162075	0.9797232965528542	0.9889960591892949	0.26713401472388365
4837.210515770422	0.0019448815372584965	0.9797358462590675	0.989003030711839	0.2670783700994215
4837.724657243001	0.001945483563050233	0.9797483857180178	0.9890099965653949	0.26702274838884005
4838.238639631309	0.0019460856560823776	0.9797609149400278	0.9890169567557465	0.2669671495781979
4838.752463016018	0.0019466878163459003	0.9797734339354093	0.9890239112887985	0.2669115736536221
4839.266127477739	0.0019472900438317756	0.979785942714462	0.9890308601703758	0.2668560206012175
4839.779633097028	0.001947892338530981	0.9797984412874732	0.9890378034062354	0.2668004904070728
4840.292979954383	0.001948494700434497	0.9798109296647175	0.9890447410021476	0.2667449830572968
4840.806168130242	0.0019490971295333076	0.9798234078564569	0.9890516729638695	0.26668949853800633
4841.319197705003	0.0019496996258184082	0.9798358758729433	0.9890585992971549	0.2666340368353306
4841.832068758989	0.0019503021892807886	0.9798483337244139	0.9890655200077471	0.266578597935409
4842.34478137248	0.0019509048199114491	0.9798607814210951	0.9890724351013848	0.26652318182439216
4842.857335625695	0.0019515075177013914	0.9798732189732006	0.9890793445837988	0.26646778848844205
4843.369731598798	0.0019521102826416217	0.9798856463909323	0.9890862484607132	0.2664124179137313
4843.8819693719	0.0019527131147231524	0.9798980636844802	0.9890931467378457	0.26635707008644355
4844.394049025055	0.0019533160139369988	0.9799104708640217	0.9891000394209066	0.26630174499277326
4844.905970638262	0.0019539189802741785	0.9799228679397225	0.9891069265155996	0.2662464426189262
4845.417734291455	0.0019545220137257165	0.9799352549217354	0.9891138080276208	0.2661911629511189
4845.929340064538	0.0019551251142826396	0.9799476318202025	0.9891206839626608	0.2661359059755787
4846.44078803733	0.00195572828193598	0.9799599986452525	0.9891275543264019	0.2660806716785438
4846.952078289608	0.0019563315166767725	0.9799723554070026	0.9891344191245196	0.2660254600462636
4847.4632109011	0.001956934818496059	0.9799847021155592	0.9891412783626851	0.2659702710649985
4847.974185951472	0.0019575381873848828	0.979997038781015	0.9891481320465594	0.2659151047210193
4848.4850035203335	0.001958141623334292	0.9800093654134511	0.9891549801817985	0.26585996100060805
4848.995663687237	0.001958745126335339	0.9800216820229368	0.989161822774051	0.2658048398900573
4849.506166531691	0.001959348696379082	0.9800339886195304	0.9891686598289594	0.26574974137567103
4850.016512133137	0.0019599523334565797	0.9800462852132765	0.9891754913521584	0.26569466544376347
4850.5267005709675	0.001960556037558899	0.9800585718142094	0.9891823173492773	0.26563961208066017
4851.03673192452	0.001961159808677107	0.9800708484323504	0.9891891378259371	0.2655845812726972
4851.546606273073	0.001961763646802278	0.9800831150777093	0.9891959527877526	0.2655295730062213
4852.05632369586	0.0019623675519254906	0.9800953717602846	0.9892027622403332	0.2654745872675908
4852.565884272048	0.0019629715240378227	0.9801076184900621	0.9892095661892797	0.2654196240431738
4853.07528808075	0.0019635755631303626	0.9801198552770157	0.989216364640186	0.2653646833193497
4853.58453520104	0.0019641796691941995	0.980132082131109	0.9892231575986417	0.26530976508250886
4854.0936257119165	0.001964783842220427	0.980144299062292	0.9892299450702267	0.26525486931905173
4854.602559692339	0.0019653880822001436	0.9801565060805036	0.9892367270605164	0.2651999960153904
4855.111337221205	0.0019659923891244494	0.9801687031956713	0.9892435035750786	0.26514514515794707
4855.619958377357	0.0019665967629844522	0.98018089041771	0.9892502746194746	0.2650903167331548
4856.128423239588	0.001967201203771262	0.980193067756524	0.989257040199259	0.26503551072745746
4856.636731886638	0.0019678057114759936	0.9802052352220058	0.9892638003199802	0.26498072712730975
4857.1448843971775	0.001968410286089762	0.9802173928240338	0.989270554987178	0.26492596591917655
4857.652880849845	0.0019690149276036946	0.980229540572479	0.9892773042063889	0.26487122708953414
4858.160721323205	0.0019696196360089145	0.9802416784771968	0.9892840479831397	0.26481651062486905
4858.668405895781	0.0019702244112965533	0.9802538065480326	0.989290786322952	0.26476181651167835
4859.175934646036	0.001970829253457745	0.9802659247948202	0.9892975192313402	0.26470714473647006
4859.683307652382	0.0019714341624836296	0.980278033227382	0.9893042467138131	0.2646524952857629
4860.190524993173	0.001972039138365349	0.9802901318555278	0.9893109687758718	0.26459786814608605
4860.697586746717	0.0019726441810940516	0.980302220689057	0.9893176854230114	0.2645432633039792
4861.204492991258	0.001973249290660885	0.9803142997377565	0.9893243966607201	0.2644886807459931
4861.711243804994	0.001973854467057009	0.9803263690114028	0.9893311024944801	0.2644341204586884
4862.217839266064	0.00197445971027358	0.9803384285197594	0.9893378029297668	0.26437958242863735
4862.7242794525555	0.0019750650203017596	0.9803504782725783	0.9893444979720478	0.26432506664242167
4863.2305644425	0.0019756703971327166	0.9803625182796014	0.9893511876267858	0.2642705730866343
4863.73669431388	0.0019762758407576232	0.9803745485505589	0.9893578718994368	0.264216101747879
4864.242669144622	0.0019768813511676538	0.980386569095168	0.9893645507954493	0.26416165261276936
4864.748489012595	0.001977486928353986	0.9803985799231355	0.989371224320266	0.26410722566793005
4865.254153995619	0.0019780925723078065	0.9804105810441568	0.9893778924793235	0.26405282089999604
4865.759664171463	0.001978698283020299	0.9804225724679159	0.9893845552780506	0.2639984382956128
4866.265019617833	0.0019793040604826587	0.9804345542040851	0.98939121272187	0.2639440778414367
4866.770220412394	0.0019799099046860797	0.9804465262623258	0.9893978648162	0.2638897395241342
4867.275266632745	0.0019805158156217598	0.9804584886522864	0.9894045115664489	0.26383542333038223
4867.78015835644	0.001981121793280904	0.9804704413836063	0.989411152978021	0.2637811292468686
4868.284895660978	0.00198172783765472	0.9804823844659126	0.989417789056314	0.26372685726029127
4868.789478623805	0.001982333948734419	0.9804943179088197	0.9894244198067181	0.26367260735735876
4869.29390732231	0.001982940126511215	0.9805062417219323	0.9894310452346172	0.2636183795247899
4869.798181833832	0.0019835463709763305	0.9805181559148435	0.9894376653453897	0.2635641737493143
4870.3023022356565	0.0019841526821209863	0.9805300604971343	0.9894442801444067	0.2635099900176715
4870.806268605021	0.0019847590599364113	0.9805419554783759	0.9894508896370338	0.2634558283166122
4871.310081019097	0.0019853655044138377	0.9805538408681271	0.9894574938286291	0.26340168863289687
4871.813739555017	0.0019859720155445	0.9805657166759353	0.9894640927245447	0.26334757095329653
4872.317244289854	0.0019865785933196388	0.9805775829113373	0.9894706863301274	0.26329347526459296
4872.820595300628	0.001987185237730496	0.9805894395838592	0.9894772746507159	0.2632394015535779
4873.323792664304	0.001987791948768321	0.980601286703014	0.9894838576916437	0.2631853498070533
4873.826836457797	0.0019883987264243622	0.9806131242783048	0.9894904354582362	0.263131320011832
4874.329726757977	0.0019890055706898798	0.9806249523192244	0.989497007955816	0.2630773121547372
4874.832463641649	0.0019896124815561305	0.980636770835253	0.9895035751896962	0.26302332622260205
4875.335047185565	0.0019902194590143774	0.9806485798358595	0.9895101371651838	0.26296936220227013
4875.837477466432	0.001990826503055888	0.9806603793305023	0.9895166938875808	0.2629154200805953
4876.339754560908	0.0019914336136719344	0.9806721693286298	0.9895232453621828	0.26286149984444235
4876.841878545589	0.0019920407908537935	0.980683949839677	0.9895297915942779	0.26280760148068544
4877.343849497016	0.001992648034592741	0.9806957208730693	0.9895363325891486	0.2627537249762094
4877.845667491688	0.0019932553448800618	0.9807074824382207	0.989542868352071	0.2626998703179098
4878.347332606046	0.0019938627217070443	0.9807192345445341	0.9895493988883154	0.2626460374926919
4878.848844916481	0.00199447016506498	0.980730977201402	0.9895559242031456	0.26259222648747144
4879.350204499332	0.0019950776749451606	0.9807427104182044	0.9895624443018183	0.2625384372891746
4879.8514114308755	0.0019956852513388877	0.9807544342043113	0.989568959189585	0.26248466988473723
4880.352465787351	0.0019962928942374647	0.9807661485690821	0.9895754688716909	0.26243092426110604
4880.853367644942	0.001996900603632198	0.9807778535218649	0.9895819733533741	0.26237720040523776
4881.354117079773	0.001997508379514398	0.980789549071996	0.9895884726398677	0.2623234983040993
4881.854714167917	0.0019981162218753808	0.9808012352288015	0.9895949667363974	0.2622698179446677
4882.355158985404	0.0019987241307064638	0.9808129120015965	0.9896014556481825	0.2622161593139302
4882.855451608204	0.0019993321059989704	0.9808245793996853	0.9896079393804381	0.2621625223988847
4883.355592112236	0.0019999401477442274	0.9808362374323607	0.9896144179383707	0.2621089071865385
4883.855580573372	0.002000548255933564	0.9808478861089054	0.9896208913271827	0.26205531366390966
4884.355417067427	0.002001156430558316	0.9808595254385907	0.9896273595520683	0.262001741818026
4884.855101670164	0.0020017646716098216	0.9808711554306775	0.9896338226182171	0.26194819163592586
4885.354634457299	0.002002372979079423	0.9808827760944154	0.9896402805308122	0.2618946631046577
4885.854015504492	0.002002981352958466	0.9808943874390428	0.9896467332950296	0.2618411562112797
4886.35324488735	0.002003589793238301	0.9809059894737884	0.9896531809160403	0.26178767094286026
4886.852322681437	0.002004198299910282	0.9809175822078696	0.9896596233990093	0.26173420728647856
4887.351248962257	0.0020048068729657683	0.9809291656504928	0.9896660607490941	0.2616807652292233
4887.850023805262	0.0020054155123961194	0.9809407398108532	0.9896724929714471	0.26162734475819277
4888.348647285858	0.0020060242181927012	0.9809523046981361	0.9896789200712148	0.26157394586049654
4888.847119479398	0.0020066329903468865	0.9809638603215161	0.9896853420535369	0.26152056852325334
4889.345440461179	0.0020072418288500445	0.9809754066901558	0.9896917589235465	0.2614672127335923
4889.843610306451	0.0020078507336935537	0.9809869438132086	0.9896981706863728	0.2614138784786526
4890.341629090417	0.0020084597048687976	0.9809984716998166	0.9897045773471368	0.26136056574558336
4890.8394968882185	0.00200906874236716	0.9810099903591114	0.9897109789109544	0.261307274521544
4891.337213774948	0.0020096778461800285	0.9810214998002127	0.9897173753829346	0.2612540047937034
4891.834779825658	0.0020102870162987986	0.9810330000322318	0.9897237667681824	0.2612007565492411
4892.332195115337	0.002010896252714864	0.981044491064267	0.9897301530717939	0.26114752977534617
4892.829459718926	0.002011505555419628	0.981055972905408	0.9897365342988611	0.26109432445921815
4893.326573711315	0.0020121149244044954	0.9810674455647325	0.9897429104544692	0.26104114058806605
4893.823537167345	0.0020127243596608714	0.9810789090513076	0.9897492815436975	0.260987978149109
4894.320350161807	0.0020133338611801705	0.9810903633741912	0.9897556475716202	0.2609348371295765
4894.817012769436	0.0020139434289538085	0.9811018085424293	0.989762008543304	0.26088171751670747
4895.313525064917	0.0020145530629732036	0.9811132445650568	0.9897683644638101	0.2608286192977509
4895.809887122889	0.0020151627632297824	0.9811246714510999	0.9897747153381944	0.260775542459966
4896.306099017941	0.002015772529714972	0.9811360892095741	0.9897810611715073	0.26072248699062206
4896.802160824603	0.0020163823624202016	0.9811474978494824	0.9897874019687884	0.2606694528769968
4897.298072617357	0.0020169922613369083	0.9811588973798188	0.9897937377350836	0.26061644010638146
4897.793834470639	0.002017602226456531	0.9811702878095665	0.9898000684754144	0.26056344866607156
4898.289446458831	0.0020182122577705117	0.9811816691476987	0.9898063941946705	0.2605104785433336
4898.7849086562655	0.002018822355270298	0.981193041403177	0.9898127148977924	0.26045752972546105
4899.280221137223	0.0020194325189473402	0.9812044045849535	0.9898190305899743	0.2604046021998387
4899.775383975933	0.0020200427487930945	0.9812157587019701	0.9898253412763	0.2603516959538283
4900.270397246578	0.002020653044799016	0.981227103763157	0.9898316469617395	0.2602988109747683
4900.765261023288	0.0020212634069565697	0.9812384397774355	0.9898379476512988	0.2602459472500197
4901.259975380144	0.0020218738352572197	0.9812497667537154	0.989844243349966	0.26019310476694923
4901.754540391167	0.002022484329692435	0.9812610847008963	0.989850534062724	0.26014028351293433
4902.248956130348	0.002023094890253693	0.9812723936278689	0.9898568197945529	0.2600874834753628
4902.743222671606	0.0020237055169324662	0.9812836935435105	0.9898631005504229	0.2600347046416314
4903.237340088826	0.002024316209720239	0.981294984456691	0.9898693763353016	0.25998194699914723
4903.731308455836	0.0020249269686084957	0.9813062663762689	0.9898756471541496	0.25992921053532686
4904.225127846408	0.002025537793588724	0.9813175393110912	0.9898819130119203	0.2598764952375967
4904.718798334275	0.0020261486846524165	0.9813288032699969	0.9898881739135637	0.25982380109339326
4905.21231999311	0.00202675964179107	0.981340058261813	0.9898944298640218	0.25977112809016223
4905.705692896551	0.002027370664996185	0.9813513042953571	0.989900680868233	0.2597184762153597
4906.1989171181685	0.0020279817542592647	0.9813625413794359	0.9899069269311277	0.2596658454564509
4906.69199273149	0.002028592909571817	0.9813737695228459	0.9899131680576315	0.2596132358009112
4907.184919809999	0.0020292041309253536	0.9813849887343747	0.9899194042526646	0.25956064723622574
4907.677698427124	0.0020298154183113915	0.9813961990227982	0.989925635521141	0.2595080797498892
4908.17032865624	0.002030426771721446	0.9814074003968827	0.9899318618679686	0.2594555333294058
4908.662810570678	0.0020310381911470415	0.9814185928653831	0.9899380832980493	0.25940300796228943
4909.155144243714	0.002031649676579706	0.9814297764370463	0.9899442998162801	0.2593505036360643
4909.647329748582	0.0020322612280109674	0.9814409511206074	0.9899505114275516	0.2592980203382635
4910.139367158459	0.0020328728454323615	0.981452116924792	0.9899567181367495	0.2592455580564304
4910.63125654648	0.002033484528835426	0.9814632738583153	0.9899629199487529	0.25919311677811785
4911.122997985722	0.002034096278211702	0.9814744219298829	0.9899691168684353	0.25914069649088817
4911.614591549215	0.002034708093552733	0.9814855611481893	0.9899753089006641	0.25908829718231324
4912.106037309947	0.0020353199748500716	0.9814966915219212	0.9899814960503028	0.2590359188399751
4912.597335340847	0.00203593192209527	0.9815078130597515	0.9899876783222068	0.25898356145146484
4913.0884857147985	0.0020365439352798827	0.9815189257703458	0.9899938557212267	0.25893122500438365
4913.579488504636	0.0020371560143954714	0.9815300296623592	0.9900000282522079	0.25887890948634207
4914.07034378314	0.0020377681594335993	0.9815411247444363	0.9900061959199895	0.25882661488495995
4914.561051623055	0.0020383803703858372	0.9815522110252123	0.9900123587294056	0.25877434118786735
4915.051612097061	0.002038992647243752	0.9815632885133112	0.9900185166852842	0.25872208838270344
4915.542025277793	0.0020396049899989227	0.9815743572173482	0.9900246697924472	0.25866985645711715
4916.032291237846	0.002040217398642927	0.9815854171459282	0.9900308180557112	0.25861764539876697
4916.5224100497535	0.0020408298731673475	0.9815964683076458	0.9900369614798876	0.25856545519532087
4917.012381786009	0.002041442413563772	0.9816075107110862	0.9900431000697821	0.2585132858344565
4917.5022065190515	0.0020420550198237885	0.9816185443648237	0.9900492338301932	0.2584611373038609
4917.99188432127	0.002042667691938991	0.9816295692774237	0.9900553627659157	0.2584090095912303
4918.481415265012	0.0020432804299009787	0.9816405854574407	0.9900614868817382	0.2583569026842713
4918.970799422572	0.0020438932337013527	0.9816515929134207	0.9900676061824435	0.2583048165706993
4919.460036866193	0.002044506103331717	0.9816625916538984	0.9900737206728086	0.2582527512382394
4919.949127668073	0.0020451190387836805	0.9816735816873993	0.9900798303576054	0.2582007066746264
4920.438071900359	0.002045732040048857	0.9816845630224387	0.9900859352415997	0.2581486828676043
4920.926869635151	0.0020463451071188617	0.9816955356675227	0.9900920353295524	0.25809667980492673
4921.415520944496	0.002046958239985313	0.9817064996311471	0.9900981306262174	0.25804469747435643
4921.904025900403	0.0020475714386398373	0.9817174549217974	0.9901042211363454	0.25799273586366606
4922.392384574821	0.00204818470307406	0.9817284015479503	0.9901103068646793	0.2579407949606376
4922.880597039655	0.0020487980332796127	0.9817393395180718	0.9901163878159575	0.25788887475306244
4923.368663366761	0.0020494114292481293	0.9817502688406182	0.9901224639949121	0.2578369752287411
4923.856583627949	0.0020500248909712483	0.9817611895240371	0.990128535406271	0.2577850963754839
4924.3443578949755	0.002050638418440613	0.9817721015767652	0.9901346020547561	0.2577332381811106
4924.831986239551	0.002051252011647866	0.9817830050072296	0.9901406639450817	0.2576814006334501
4925.319468733341	0.002051865670584658	0.981793899823848	0.9901467210819598	0.2576295837203406
4925.806805447964	0.0020524793952426453	0.9818047860350289	0.9901527734700957	0.2575777874296301
4926.293996454979	0.002053093185613481	0.9818156636491694	0.9901588211141881	0.25752601174917583
4926.781041825904	0.0020537070416888252	0.9818265326746579	0.990164864018931	0.25747425666684404
4927.267941632213	0.0020543209634603424	0.9818373931198738	0.9901709021890128	0.2574225221705107
4927.75469594533	0.0020549349509197024	0.9818482449931862	0.9901769356291179	0.257370808248061
4928.241304836622	0.0020555490040585736	0.9818590883029545	0.9901829643439224	0.2573191148873896
4928.72776837742	0.002056163122868632	0.9818699230575281	0.9901889883380988	0.2572674420764003
4929.214086638999	0.002056777307341557	0.9818807492652472	0.9901950076163146	0.2572157898030063
4929.700259692583	0.002057391557469029	0.9818915669344422	0.9902010221832297	0.25716415805512993
4930.186287609365	0.002058005873242735	0.9819023760734342	0.9902070320435002	0.25711254682070334
4930.672170460474	0.0020586202546543663	0.981913176690535	0.9902130372017776	0.2570609560876675
4931.157908316994	0.002059234701695613	0.9819239687940452	0.9902190376627054	0.2570093858439726
4931.643501249965	0.0020598492143581735	0.9819347523922581	0.9902250334309235	0.2569578360775785
4932.12894933038	0.0020604637926337492	0.9819455274934563	0.9902310245110666	0.2569063067764542
4932.614252629178	0.002061078436514042	0.9819562941059117	0.9902370109077626	0.2568547979285777
4933.09941121725	0.0020616931459907606	0.9819670522378884	0.9902429926256343	0.25680330952193653
4933.584425165454	0.002062307921055617	0.9819778018976411	0.9902489696693014	0.2567518415445274
4934.0692945445835	0.0020629227617003252	0.9819885430934134	0.9902549420433746	0.2567003939843561
4934.554019425393	0.0020635376679166047	0.9819992758334407	0.9902609097524615	0.2566489668294379
4935.038599878583	0.002064152639696176	0.9820100001259483	0.9902668728011641	0.256597560067797
4935.523035974813	0.0020647676770307664	0.9820207159791523	0.9902728311940784	0.256546173687467
4936.007327784699	0.0020653827799121064	0.98203142340126	0.990278784935796	0.25649480767649085
4936.491475378793	0.002065997948331927	0.9820421224004676	0.990284734030902	0.2564434620229203
4936.975478827619	0.0020666131822819657	0.982052812984963	0.9902906784839772	0.2563921367148166
4937.459338201637	0.0020672284817539626	0.9820634951629251	0.9902966182995957	0.2563408317402498
4937.943053571273	0.0020678438467396612	0.9820741689425221	0.990302553482328	0.2562895470872996
4938.4266250069	0.0020684592772308103	0.9820848343319141	0.9903084840367382	0.2562382827440545
4938.91005257884	0.002069074773219159	0.9820954913392506	0.9903144099673851	0.2561870386986123
4939.393336357374	0.0020696903346964623	0.982106139972672	0.9903203312788225	0.2561358149390799
4939.876476412735	0.00207030596165448	0.9821167802403113	0.990326247975599	0.2560846114535733
4940.359472815109	0.002070921654084974	0.9821274121502896	0.9903321600622575	0.25603342823021774
4940.842325634631	0.0020715374119797078	0.9821380357107197	0.9903380675433363	0.25598226525714735
4941.325034941393	0.002072153235330451	0.9821486509297044	0.9903439704233674	0.2559311225225055
4941.807600805436	0.002072769124128977	0.9821592578153385	0.9903498687068781	0.25588000001444466
4942.2900232967595	0.0020733850783670616	0.9821698563757069	0.9903557623983906	0.25582889772112644
4942.772302485312	0.0020740010980364837	0.9821804466188843	0.9903616515024218	0.2557778156307215
4943.254438440999	0.0020746171831290293	0.982191028552938	0.9903675360234834	0.25572675373140935
4943.736431233673	0.0020752333336364823	0.9822016021859242	0.9903734159660811	0.25567571201137884
4944.218280933143	0.0020758495495506327	0.9822121675258901	0.9903792913347151	0.2556246904588276
4944.699987609178	0.0020764658308632775	0.9822227245808758	0.9903851621338835	0.25557368906196287
4945.181551331485	0.0020770821775662122	0.9822332733589094	0.9903910283680755	0.25552270780900016
4945.662972169738	0.0020776985896512373	0.9822438138680111	0.9903968900417761	0.2554717466881643
4946.144250193567	0.0020783150671101615	0.9822543461161924	0.9904027471594666	0.25542080568768977
4946.6253854725355	0.0020789316099347876	0.9822648701114539	0.9904085997256206	0.2553698847958189
4947.106378076181	0.0020795482181169313	0.9822753858617893	0.9904144477447091	0.255318984000804
4947.587228073983	0.002080164891648407	0.9822858933751815	0.9904202912211965	0.2552681032909059
4948.067935535381	0.002080781630521032	0.982296392659604	0.9904261301595412	0.25521724265439444
4948.548500529764	0.0020813984347266296	0.9823068837230224	0.9904319645641982	0.2551664020795485
4949.028923126478	0.002082015304257027	0.9823173665733931	0.9904377944396167	0.25511558155465597
4949.509203394817	0.002082632239104053	0.9823278412186625	0.9904436197902402	0.2550647810680137
4949.989341404033	0.00208324923925954	0.9823383076667679	0.9904494406205073	0.25501400060792734
4950.469337223333	0.0020838663047153243	0.9823487659256381	0.9904552569348519	0.2549632401627117
4950.949190921873	0.002084483435463247	0.9823592160031931	0.9904610687377023	0.25491249972069047
4951.4289025687685	0.002085100631495151	0.9823696579073432	0.9904668760334822	0.2548617792701961
4951.908472233086	0.0020857178928028845	0.9823800916459895	0.9904726788266094	0.25481107879957016
4952.3878999838425	0.002086335219378297	0.9823905172270244	0.9904784771214968	0.25476039829716296
4952.867185890016	0.002086952611213243	0.9824009346583318	0.9904842709225532	0.2547097377513338
4953.346330020535	0.00208757006829958	0.9824113439477858	0.990490060234181	0.25465909715045104
4953.825332444276	0.0020881875906291706	0.9824217451032516	0.9904958450607776	0.25460847648289164
4954.304193230083	0.0020888051781938785	0.9824321381325858	0.9905016254067363	0.2545578757370416
4954.782912446741	0.00208942283098557	0.9824425230436349	0.990507401276444	0.25450729490129537
4955.261490162997	0.0020900405489961203	0.9824528998442381	0.9905131726742835	0.2544567339640571
4955.73992644755	0.0020906583322174025	0.9824632685422245	0.9905189396046322	0.25440619291373906
4956.21822136905	0.0020912761806412957	0.9824736291454143	0.9905247020718633	0.25435567173876267
4956.6963749961105	0.0020918940942596834	0.9824839816616203	0.9905304600803421	0.2543051704275579
4957.1743873972855	0.002092512073064449	0.9824943260986438	0.9905362136344362	0.2542546889685651
4957.652258641094	0.0020931301170474827	0.9825046624642786	0.990541962738492	0.25420422735022946
4958.129988796007	0.002093748226200677	0.98251499076631	0.9905477073967489	0.25415378556098017
4958.607577930449	0.0020943664005159306	0.9825253110125141	0.9905534476133618	0.25410336358923663
4959.085026112795	0.0020949846399851394	0.9825356232106567	0.9905591833929243	0.25405296142353373
4959.562333411384	0.002095602944600208	0.982545927368497	0.9905649147398866	0.2540025790523816
4960.039499894503	0.0020962213143530454	0.9825562234937842	0.9905706416585317	0.25395221646426047
4960.5165256303935	0.0020968397492355587	0.9825665115942589	0.9905763641532015	0.25390187364767436
4960.99341068725	0.0020974582492396623	0.9825767916776527	0.9905820822282148	0.2538515505911316
4961.470155133224	0.002098076814357272	0.9825870637516875	0.990587795887888	0.2538012472831504
4961.946759036427	0.002098695444580311	0.9825973278240783	0.9905935051365338	0.2537509637122577
4962.423222464916	0.0020993141399007014	0.9826075839025299	0.990599209978459	0.2537006998669888
4962.899545486706	0.0020999329003103715	0.9826178319947387	0.9906049104179651	0.25365045573588796
4963.375728169773	0.002100551725801253	0.9826280721083932	0.9906106064593497	0.25360023130750825
4963.8517705820395	0.002101170616365279	0.9826383042511712	0.9906162981069042	0.2535500265704113
4964.327672791381	0.0021017895719943856	0.9826485284307429	0.9906219853649155	0.25349984151316746
4964.803434865638	0.002102408592680517	0.9826587446547702	0.9906276682376665	0.25344967612435565
4965.2790568726	0.0021030276784156175	0.9826689529309056	0.9906333467294341	0.25339953039256397
4965.75453888001	0.002103646829191634	0.9826791532667929	0.9906390208444898	0.2533494043063886
4966.22988095557	0.0021042660450005194	0.9826893456700679	0.9906446905871019	0.2532992978544348
4966.705083166935	0.002104885325834228	0.9826995301483563	0.9906503559615325	0.2532492110253161
4967.180145581712	0.0021055046716847185	0.9827097067092767	0.9906560169720388	0.2531991438076552
4967.655068267468	0.0021061240825439535	0.9827198753604381	0.9906616736228735	0.25314909619008286
4968.129851291724	0.002106743558403897	0.9827300361094407	0.9906673259182847	0.25309906816123906
4968.604494721957	0.0021073630992565185	0.9827401889638765	0.990672973862515	0.25304905970977226
4969.078998625595	0.002107982705093791	0.9827503339313294	0.9906786174598025	0.2529990708243393
4969.553363070023	0.0021086023759076884	0.982760471019373	0.9906842567143791	0.25294910149360544
4970.027588122586	0.0021092221116901914	0.982770600235574	0.9906898916304744	0.2528991517062452
4970.501673850579	0.002109841912433282	0.9827807215874901	0.9906955222123115	0.2528492214509415
4970.975620321251	0.0021104617781289455	0.9827908350826692	0.9907011484641081	0.2527993107163854
4971.449427601816	0.0021110817087691735	0.9828009407286523	0.9907067703900785	0.25274941949127716
4971.923095759431	0.002111701704345956	0.9828110385329711	0.9907123879944315	0.2526995477643252
4972.396624861218	0.002112321764851291	0.9828211285031483	0.9907180012813706	0.25264969552424654
4972.870014974248	0.0021129418902771763	0.9828312106466981	0.9907236102550948	0.2525998627597668
4973.343266165553	0.002113562080615616	0.9828412849711272	0.9907292149197993	0.2525500494596205
4973.816378502117	0.002114182335858617	0.9828513514839334	0.9907348152796729	0.2525002556125503
4974.289352050878	0.002114802655998188	0.9828614101926049	0.9907404113388998	0.25245048120730745
4974.762186878737	0.0021154230410263437	0.9828714611046225	0.9907460031016605	0.2524007262326518
4975.234883052543	0.002116043490935099	0.9828815042274587	0.9907515905721299	0.25235099067735156
4975.707440639105	0.002116664005716474	0.9828915395685756	0.9907571737544777	0.2523012745301837
4976.179859705186	0.0021172845853624934	0.9829015671354295	0.9907627526528703	0.2522515777799337
4976.652140317507	0.002117905229865185	0.9829115869354673	0.9907683272714682	0.2522019004153953
4977.12428254274	0.002118525939216575	0.9829215989761259	0.9907738976144266	0.2521522424253709
4977.596286447518	0.0021191467134087003	0.9829316032648361	0.9907794636858973	0.2521026037986714
4978.068152098427	0.0021197675524335965	0.9829415998090185	0.9907850254900263	0.25205298452411595
4978.539879562012	0.002120388456283303	0.9829515886160862	0.9907905830309552	0.25200338459053223
4979.01146890477	0.002121009424949865	0.9829615696934436	0.9907961363128209	0.25195380398675676
4979.482920193158	0.0021216304584253296	0.9829715430484871	0.9908016853397558	0.25190424270163425
4979.954233493582	0.0021222515567017462	0.9829815086886033	0.9908072301158868	0.25185470072401744
4980.425408872416	0.0021228727197711694	0.9829914666211732	0.9908127706453376	0.2518051780427682
4980.896446395985	0.002123493947625656	0.983001416853567	0.9908183069322254	0.25175567464675663
4981.367346130558	0.0021241152402572665	0.9830113593931467	0.9908238389806631	0.2517061905248606
4981.838108142376	0.0021247365976580644	0.983021294247267	0.9908293667947592	0.25165672566596725
4982.308732497635	0.0021253580198201177	0.983031221423274	0.9908348903786177	0.2516072800589718
4982.779219262481	0.002125979506735497	0.9830411409285057	0.9908404097363387	0.25155785369277794
4983.249568503015	0.002126601058396276	0.9830510527702907	0.9908459248720154	0.25150844655629756
4983.719780285301	0.0021272226747945317	0.9830609569559502	0.9908514357897373	0.25145905863845075
4984.189854675353	0.0021278443559223444	0.9830708534927967	0.9908569424935902	0.25140968992816654
4984.659791739151	0.0021284661017717996	0.9830807423881356	0.9908624449876546	0.25136034041438216
4985.129591542621	0.0021290879123349823	0.9830906236492621	0.9908679432760052	0.25131101008604284
4985.599254151651	0.0021297097876039855	0.9831004972834646	0.9908734373627142	0.2512616989321024
4986.0687796320835	0.002130331727570903	0.9831103632980236	0.9908789272518473	0.2512124069415232
4986.5381680497185	0.0021309537322278297	0.9831202217002091	0.9908844129474662	0.2511631341032754
4987.007419470313	0.002131575801566868	0.9831300724972852	0.9908898944536284	0.25111388040633803
4987.476533959581	0.002132197935580124	0.9831399156965073	0.9908953717743862	0.2510646458396983
4987.945511583189	0.002132820134259701	0.9831497513051208	0.9909008449137868	0.2510154303923513
4988.414352406769	0.0021334423975977127	0.9831595793303658	0.9909063138758742	0.25096623405330104
4988.883056495902	0.002134064725586271	0.9831693997794726	0.9909117786646867	0.2509170568115593
4989.351623916122	0.0021346871182174945	0.9831792126596628	0.9909172392842578	0.2508678986561467
4989.820054732934	0.0021353095754835043	0.9831890179781514	0.9909226957386177	0.2508187595760918
4990.288349011791	0.002135932097376424	0.9831988157421443	0.9909281480317909	0.2507696395604313
4990.7565068180975	0.002136554683888379	0.9832086059588384	0.9909335961677965	0.25072053859821025
4991.22452821723	0.002137177335011503	0.9832183886354254	0.9909390401506522	0.2506714566784824
4991.692413274506	0.0021378000507379273	0.983228163779085	0.9909444799843665	0.250622393790309
4992.160162055209	0.00213842283105979	0.9832379313969914	0.9909499156729472	0.25057334992276004
4992.62777462458	0.002139045675969232	0.9832476914963109	0.9909553472203961	0.25052432506491373
4993.095251047812	0.002139668585458397	0.9832574440841997	0.9909607746307102	0.2504753192058564
4993.56259139006	0.002140291559519431	0.9832671891678078	0.9909661979078824	0.25042633233468253
4994.029795716432	0.0021409145981444865	0.9832769267542762	0.9909716170559008	0.2503773644404949
4994.496864091994	0.002141537701325715	0.9832866568507378	0.9909770320787485	0.2503284155124044
4994.963796581776	0.0021421608690552754	0.9832963794643184	0.9909824429804055	0.2502794855395303
4995.430593250753	0.002142784101325326	0.9833060946021348	0.9909878497648454	0.2502305745109999
4995.897254163866	0.0021434073981280314	0.9833158022712956	0.9909932524360385	0.2501816824159487
4996.363779386017	0.00214403075945556	0.9833255024789034	0.9909986509979515	0.25013280924352055
4996.830168982051	0.0021446541853000793	0.9833351952320494	0.9910040454545429	0.25008395498286695
4997.296423016784	0.0021452776756537644	0.9833448805378202	0.9910094358097712	0.25003511962314834
4997.762541554983	0.0021459012305087913	0.9833545584032924	0.9910148220675876	0.24998630315353268
4998.228524661375	0.00214652484985734	0.9833642288355346	0.9910202042319392	0.24993750556319627
4998.6943724006405	0.0021471485336915924	0.9833738918416087	0.9910255823067691	0.24988872684132366
4999.160084837423	0.0021477722820037373	0.9833835474285677	0.9910309562960165	0.2498399669771074
4999.625662036322	0.0021483960947859633	0.9833931956034571	0.9910363262036148	0.24979122595974812
5000.091104061892	0.0021490199720304646	0.9834028363733143	0.9910416920334932	0.24974250377845467
5000.556410978646	0.0021496439137294364	0.9834124697451687	0.9910470537895776	0.24969380042244407
5001.021582851058	0.002150267919875079	0.9834220957260418	0.9910524114757879	0.24964511588094118
5001.486619743551	0.0021508919904595926	0.9834317143229468	0.9910577650960397	0.2495964501431791
5001.951521720523	0.0021515161254751876	0.9834413255428907	0.9910631146542458	0.24954780319839917
5002.416288846309	0.0021521403249140708	0.9834509293928708	0.9910684601543134	0.24949917503585053
5002.880921185215	0.0021527645887684543	0.9834605258798766	0.9910738016001442	0.24945056564479046
5003.3454188015	0.0021533889170305557	0.9834701150108908	0.9910791389956372	0.24940197501448444
5003.809781759381	0.002154013309692593	0.9834796967928876	0.9910844723446857	0.2493534031342059
5004.27401012304	0.0021546377667467876	0.9834892712328337	0.99108980165118	0.2493048499932362
5004.738103956608	0.002155262288185368	0.9834988383376884	0.9910951269190053	0.24925631558086522
5005.202063324176	0.0021558868740005604	0.9835083981144017	0.9911004481520418	0.24920779988639027
5005.665888289793	0.002156511524184596	0.9835179505699163	0.9911057653541652	0.24915930289911692
5006.12957891747	0.0021571362387297144	0.9835274957111686	0.9911110785292481	0.24911082460835884
5006.59313527117	0.0021577610176281496	0.9835370335450853	0.9911163876811573	0.2490623650034374
5007.0565574148195	0.0021583858608721453	0.983546564078586	0.9911216928137564	0.24901392407368245
5007.5198454123	0.002159010768453946	0.9835560873185831	0.9911269939309039	0.24896550180843144
5007.982999327457	0.002159635740365802	0.9835656032719814	0.9911322910364548	0.24891709819703034
5008.446019224085	0.0021602607765999625	0.9835751119456763	0.9911375841342579	0.24886871322883236
5008.90890516594	0.002160885877148682	0.9835846133465566	0.991142873228159	0.24882034689319904
5009.3716572167405	0.0021615110420042188	0.9835941074815036	0.9911481583219994	0.24877199917949994
5009.8342754401565	0.002162136271158833	0.9836035943573909	0.9911534394196163	0.2487236700771126
5010.296759899825	0.0021627615646047918	0.9836130739810832	0.9911587165248417	0.24867535957542222
5010.759110659335	0.0021633869223343606	0.9836225463594395	0.9911639896415042	0.24862706766382253
5011.221327782236	0.0021640123443398096	0.983632011499309	0.991169258773427	0.24857879433171462
5011.683411332032	0.0021646378306134145	0.9836414694075347	0.9911745239244305	0.2485305395685075
5012.145361372191	0.002165263381147451	0.9836509200909519	0.9911797850983292	0.24848230336361873
5012.6071779661415	0.0021658889959342	0.9836603635563871	0.991185042298934	0.24843408570647302
5013.068861177262	0.0021665146749659443	0.9836697998106597	0.9911902955300514	0.24838588658650343
5013.530411068896	0.002167140418234972	0.983679228860582	0.9911955447954834	0.24833770599315083
5013.991827704343	0.0021677662257335727	0.9836886507129585	0.9912007900990285	0.24828954391586408
5014.45311114686	0.0021683920974540374	0.9836980653745853	0.9912060314444799	0.24824140034409964
5014.914261459674	0.0021690180333886673	0.9837074728522526	0.9912112688356275	0.24819327526732224
5015.375278705948	0.002169644033529756	0.9837168731527405	0.9912165022762548	0.24814516867500389
5015.836162948825	0.0021702700978696084	0.9837262662828232	0.9912217317701444	0.24809708055662522
5016.296914251404	0.002170896226400532	0.9837356522492678	0.9912269573210701	0.248049010901674
5016.757532676726	0.0021715224191148344	0.9837450310588326	0.9912321789328082	0.24800095969964675
5017.218018287807	0.002172148676004827	0.9837544027182683	0.9912373966090677	0.24795292694003548
5017.678371147626	0.0021727749970628283	0.9837637672343196	0.991242610353275	0.24790491261228464
5018.138591319103	0.0021734013822811526	0.9837731246137216	0.9912478201694553	0.24785691670596668
5018.598678865131	0.002174027831652124	0.9837824748632031	0.9912530260615707	0.24780893921065025
5019.058633848554	0.002174654345168067	0.9837918179894853	0.991258228033292	0.24776098011585446
5019.518456332184	0.002175280922821311	0.9838011539992824	0.9912634260883886	0.24771303941112666
5019.978146378785	0.002175907564604187	0.9838104828992997	0.9912686202305985	0.24766511708601677
5020.437704051077	0.0021765342705090266	0.9838198046962358	0.9912738104636585	0.24761721313008295
5020.897129411747	0.0021771610405281693	0.9838291193967814	0.9912789967913037	0.24756932753289165
5021.356422523443	0.002177787874653958	0.983838427007621	0.9912841792172636	0.24752146028401686
5021.815583448761	0.0021784147728787324	0.9838477275354303	0.9912893577452625	0.24747361137304025
5022.274612250263	0.0021790417351948417	0.9838570209868781	0.9912945323790227	0.24742578078955144
5022.733508990475	0.002179668761594635	0.9838663073686252	0.9912997031222599	0.2473779685231475
5023.192273731873	0.002180295852070468	0.983875586687326	0.9913048699786876	0.24733017456343367
5023.650906536898	0.0021809230066146957	0.983884858949627	0.9913100329520143	0.2472823989000227
5024.109407467947	0.0021815502252196754	0.9838941241621666	0.9913151920459443	0.247234641522535
5024.567776587386	0.002182177507877775	0.9839033823315774	0.9913203472641782	0.2471869024205992
5025.02601395752	0.002182804854581356	0.9839126334644819	0.9913254986104107	0.24713918158385054
5025.484119640635	0.0021834322653227893	0.9839218775674984	0.9913306460883347	0.2470914790019331
5025.942093698966	0.002184059740094446	0.9839311146472356	0.9913357897016373	0.24704379466449833
5026.399936194709	0.002184687278888703	0.9839403447102953	0.9913409294540023	0.24699612856120517
5026.857647190021	0.0021853148816979385	0.983949567763274	0.9913460653491102	0.24694848068172065
5027.315226747018	0.002185942548514534	0.9839587838127574	0.991351197390635	0.24690085101571893
5027.772674927774	0.0021865702793308723	0.9839679928653257	0.9913563255822475	0.2468532395528822
5028.229991794321	0.0021871980741393422	0.9839771949275514	0.9913614499276149	0.24680564628290028
5028.687177408656	0.002187825932932335	0.9839863900060006	0.9913665704304006	0.24675807119547075
5029.144231832735	0.0021884538557022455	0.9839955781072313	0.991371687094263	0.2467105142802987
5029.601155128471	0.0021890818424414706	0.9840047592377942	0.9913767999228572	0.24666297552709684
5030.057947357736	0.002189709893142409	0.9840139334042318	0.9913819089198327	0.2466154549255855
5030.514608582368	0.002190338007797466	0.9840231006130816	0.9913870140888368	0.24656795246549315
5030.971138864154	0.0021909661863990467	0.9840322608708721	0.9913921154335114	0.24652046813655515
5031.427538264853	0.0021915944289395617	0.9840414141841248	0.9913972129574945	0.24647300192851485
5031.8838068461755	0.002192222735411423	0.9840505605593544	0.9914023066644211	0.24642555383112333
5032.339944669794	0.0021928511058070467	0.9840597000030672	0.9914073965579195	0.24637812383413882
5032.795951797349	0.0021934795401188528	0.9840688325217645	0.9914124826416176	0.24633071192732778
5033.251828290428	0.0021941080383392616	0.9840779581219385	0.9914175649191368	0.24628331810046405
5033.707574210583	0.002194736600460698	0.9840870768100738	0.991422643394094	0.24623594234332866
5034.163189619332	0.0021953652264755934	0.9840961885926502	0.9914277180701039	0.24618858464571072
5034.618674578148	0.002195993916376377	0.984105293476138	0.991432788950776	0.24614124499740667
5035.074029148457	0.0021966226701554807	0.9841143914670002	0.9914378560397149	0.24609392338822025
5035.529253391664	0.0021972514878053455	0.9841234825716946	0.9914429193405233	0.24604661980796355
5035.984347369121	0.0021978803693184115	0.9841325667966709	0.9914479788567994	0.2459993342464557
5036.439311142137	0.002198509314687121	0.9841416441483712	0.9914530345921351	0.2459520666935232
5036.894144771989	0.002199138323903921	0.9841507146332302	0.9914580865501204	0.24590481713900028
5037.348848319919	0.0021997673969612634	0.9841597782576775	0.991463134734342	0.24585758557272916
5037.803421847115	0.002200396533851599	0.9841688350281326	0.99146817914838	0.24581037198455868
5038.257865414733	0.0022010257345673836	0.9841778849510091	0.9914732197958116	0.24576317636434583
5038.712179083893	0.0022016549991010774	0.9841869280327147	0.9914782566802112	0.24571599870195504
5039.166362915673	0.002202284327445142	0.9841959642796492	0.9914832898051478	0.24566883898725805
5039.620416971107	0.002202913719592043	0.9842049936982044	0.9914883191741872	0.2456216972101344
5040.0743413111895	0.0022035431755342474	0.9842140162947655	0.99149334479089	0.24557457336047078
5040.528135996883	0.0022041726952642276	0.9842230320757113	0.9914983666588137	0.24552746742816153
5040.98180108911	0.0022048022787744576	0.9842320410474138	0.9915033847815129	0.24548037940310868
5041.435336648748	0.002205431926057417	0.9842410432162363	0.9915083991625365	0.2454333092752213
5041.88874273663	0.002206061637105582	0.9842500385885354	0.991513409805429	0.2453862570344161
5042.342019413566	0.002206691411911438	0.9842590271706625	0.991518416713733	0.24533922267061758
5042.795166740316	0.0022073212504674735	0.9842680089689602	0.991523419890986	0.24529220617375724
5043.248184777602	0.002207951152766177	0.9842769839897647	0.9915284193407218	0.2452452075337742
5043.701073586103	0.0022085811188000404	0.9842859522394045	0.9915334150664689	0.24519822674061503
5044.153833226466	0.00220921114856156	0.9842949137242023	0.9915384070717541	0.24515126378423358
5044.606463759296	0.002209841242043235	0.9843038684504727	0.9915433953600988	0.24510431865459142
5045.058965245157	0.002210471399237565	0.9843128164245238	0.9915483799350208	0.24505739134165735
5045.511337744579	0.002211101620137059	0.9843217576526568	0.9915533608000338	0.24501048183540755
5045.963581318049	0.0022117319047342213	0.9843306921411656	0.9915583379586481	0.24496359012582575
5046.415696026012	0.002212362253021564	0.9843396198963374	0.9915633114143694	0.24491671620290276
5046.867681928879	0.0022129926649916013	0.9843485409244529	0.9915682811707004	0.24486986005663725
5047.319539087023	0.00221362314063685	0.9843574552317848	0.9915732472311388	0.24482302167703512
5047.771267560771	0.002214253679949831	0.9843663628245991	0.9915782095991788	0.24477620105410933
5048.222867410422	0.0022148842829230663	0.9843752637091561	0.9915831682783115	0.24472939817788059
5048.674338696223	0.00221551494954908	0.9843841578917073	0.9915881232720223	0.24468261303837663
5049.125681478393	0.0022161456798204067	0.984393045378499	0.9915930745837951	0.24463584562563304
5049.576895817108	0.0022167764737295744	0.9844019261757693	0.9915980222171077	0.2445890959296923
5050.027981772505	0.0022174073312691187	0.98441080028975	0.9916029661754348	0.24454236394060433
5050.478939404684	0.0022180382524315785	0.9844196677266663	0.991607906462248	0.24449564964842663
5050.929768773701	0.0022186692372094946	0.9844285284927361	0.991612843081014	0.24444895304322364
5051.380469939577	0.0022193002855954106	0.9844373825941702	0.9916177760351961	0.24440227411506737
5051.831042962298	0.002219931397581875	0.9844462300371731	0.9916227053282534	0.24435561285403737
5052.281487901807	0.0022205625731614377	0.984455070827942	0.9916276309636418	0.24430896925022003
5052.731804818013	0.002221193812326652	0.984463904972668	0.9916325529448133	0.24426234329370933
5053.181993770776	0.002221825115070073	0.9844727324775346	0.9916374712752146	0.24421573497460647
5053.632054819928	0.0022224564813842613	0.9844815533487187	0.9916423859582904	0.24416914428301986
5054.081988025258	0.002223087911261778	0.9844903675923902	0.9916472969974808	0.24412257120906544
5054.531793446518	0.0022237194046951887	0.9844991752147124	0.9916522043962218	0.24407601574286636
5054.981471143417	0.0022243509616770613	0.984507976221842	0.9916571081579458	0.2440294778745526
5055.431021175636	0.002224982582199968	0.9845167706199288	0.9916620082860814	0.2439829575942619
5055.880443602808	0.0022256142662564825	0.9845255584151155	0.9916669047840537	0.24393645489213936
5056.32973848453	0.0022262460138391823	0.9845343396135384	0.9916717976552839	0.24388996975833704
5056.778905880361	0.002226877824940647	0.9845431142213268	0.9916766869031887	0.243843502183014
5057.2279458498215	0.0022275096995534606	0.9845518822446034	0.9916815725311818	0.24379705215633712
5057.676858452398	0.0022281416376702073	0.9845606436894845	0.9916864545426725	0.2437506196684802
5058.125643747534	0.0022287736392834776	0.9845693985620786	0.9916913329410664	0.24370420470962414
5058.574301794633	0.002229405704385863	0.9845781468684883	0.9916962077297661	0.2436578072699574
5059.022832653069	0.0022300378329699606	0.9845868886148103	0.9917010789121694	0.24361142733967558
5059.471236382162	0.0022306700250283645	0.9845956238071316	0.9917059464916707	0.24356506490898094
5059.919513041214	0.002231302280553679	0.9846043524515359	0.9917108104716605	0.24351871996808372
5060.367662689477	0.002231934599538507	0.9846130745540989	0.9917156708555265	0.24347239250720093
5060.815685386166	0.0022325669819754567	0.9846217901208895	0.9917205276466514	0.24342608251655706
5061.2635811904565	0.0022331994278571355	0.9846304991579691	0.991725380848414	0.24337978998638327
5061.711350161493	0.002233831937176159	0.9846392016713941	0.9917302304641907	0.24333351490691824
5062.158992358372	0.0022344645099251405	0.9846478976672132	0.9917350764973529	0.2432872572684078
5062.606507840164	0.002235097146096701	0.9846565871514688	0.9917399189512689	0.24324101706110504
5063.053896665893	0.0022357298456834613	0.9846652701301961	0.9917447578293029	0.24319479427526997
5063.5011588945445	0.0022363626086780446	0.9846739466094243	0.9917495931348156	0.2431485889011699
5063.9482945850705	0.002236995435073082	0.9846826165951763	0.9917544248711644	0.24310240092907923
5064.395303796387	0.0022376283248612006	0.984691280093467	0.9917592530417013	0.2430562303492794
5064.842186587366	0.0022382612780350347	0.9846999371103055	0.9917640776497763	0.24301007715205902
5065.288943016843	0.0022388942945872226	0.984708587651695	0.9917688986987356	0.2429639413277142
5065.735573143624	0.0022395273745104034	0.9847172317236316	0.9917737161919213	0.24291782286654787
5066.182077026468	0.0022401605177972193	0.984725869332104	0.9917785301326714	0.24287172175886973
5066.628454724095	0.0022407937244403125	0.9847345004830949	0.9917833405243197	0.2428256379949969
5067.0747062952	0.0022414269944323363	0.9847431251825816	0.9917881473701987	0.24277957156525407
5067.5208317984225	0.002242060327765939	0.9847517434365323	0.9917929506736343	0.24273352245997207
5067.96683129238	0.0022426937244337747	0.9847603552509105	0.9917977504379504	0.2426874906694895
5068.412704835648	0.002243327184428502	0.9847689606316736	0.9918025466664674	0.24264147618415177
5068.85845248676	0.0022439607077427786	0.9847775595847708	0.9918073393625005	0.24259547899431136
5069.304074304215	0.0022445942943692693	0.984786152116146	0.991812128529363	0.24254949909032802
5069.749570346473	0.0022452279443006392	0.9847947382317355	0.991816914170363	0.24250353646256834
5070.194940671964	0.0022458616575295573	0.9848033179374703	0.9918216962888063	0.24245759110140622
5070.640185339074	0.002246495434048696	0.9848118912392755	0.9918264748879947	0.2424116629972224
5071.085304406148	0.002247129273850728	0.984820458143066	0.991831249971225	0.24236575214040432
5071.530297931501	0.0022477631769283325	0.9848290186547547	0.9918360215417917	0.24231985852134721
5071.975165973408	0.0022483971432741886	0.9848375727802454	0.9918407896029857	0.24227398213045281
5072.4199085901055	0.002249031172880981	0.9848461205254367	0.9918455541580942	0.2422281229581302
5072.864525839797	0.0022496652657413956	0.9848546618962192	0.9918503152103995	0.24218228099479483
5073.3090177806425	0.002250299421848121	0.9848631968984789	0.9918550727631819	0.24213645623086996
5073.753384470773	0.002250933641193851	0.9848717255380945	0.9918598268197165	0.24209064865678537
5074.197625968272	0.00225156792377128	0.9848802478209379	0.9918645773832797	0.24204485826297867
5074.641742331193	0.002252202269573102	0.9848887637528743	0.9918693244571318	0.24199908503989223
5075.085733617557	0.0022528366785920235	0.9848972733397641	0.9918740680445375	0.24195332897797675
5075.5295998853335	0.002253471150820745	0.9849057765874599	0.991878808148818	0.24190759006770055
5075.973341192468	0.0022541056862519743	0.9849142735018083	0.9918835447728188	0.24186186829945688
5076.4169575968635	0.00225474028487842	0.9849227640886493	0.9918882779198358	0.2418161636637247
5076.860449156384	0.002255374946692794	0.9849312483538166	0.9918930075935382	0.24177047615105543
5077.303815928863	0.0022560096716878132	0.9849397263031381	0.991897733797078	0.24172480575191835
5077.747057972094	0.0022566444598561943	0.9849481979424346	0.9919024565337055	0.2416791524568072
5078.190175343833	0.002257279311190661	0.984956663277521	0.9919071758066684	0.24163351625622306
5078.633168101799	0.0022579142256839344	0.984965122314205	0.9919118916191977	0.24158789714067153
5079.076036303677	0.002258549203328742	0.9849735750582892	0.9919166039745275	0.2415422951006662
5079.5187800071035	0.002259184244117813	0.9849820215155682	0.991921312875886	0.241496710126727
5079.9613992696995	0.0022598193480438816	0.9849904616918326	0.9919260183264996	0.24145114220938166
5080.4038941490335	0.002260454515099682	0.9849988955928646	0.9919307203295893	0.2414055913391642
5080.846264702637	0.002261089745277952	0.985007323224441	0.9919354188883737	0.24136005750661568
5081.288510988016	0.002261725038571435	0.9850157445923325	0.9919401140060679	0.24131454070228392
5081.730633062629	0.002262360394972873	0.9850241597023027	0.9919448056858827	0.24126904091672383
5082.172630983902	0.0022629958144750138	0.9850325685601091	0.9919494939310255	0.2412235581404971
5082.614504809226	0.002263631297070607	0.9850409711715039	0.9919541787447012	0.24117809236417245
5083.056254595948	0.002264266842752405	0.9850493675422317	0.99195886013011	0.2411326435783252
5083.497880401394	0.002264902451513164	0.9850577576780316	0.9919635380904488	0.2410872117735378
5083.939382282839	0.002265538123345642	0.9850661415846365	0.9919682126289117	0.24104179694039934
5084.380760297527	0.002266173858242601	0.985074519267773	0.9919728837486885	0.24099639906950607
5084.82201450266	0.0022668096561968033	0.9850828907331601	0.9919775514529652	0.24095101815146058
5085.263144955414	0.002267445517201016	0.9850912559865123	0.991982215744925	0.24090565417687274
5085.704151712924	0.0022680814412480116	0.985099615033538	0.9919868766277482	0.24086030713635925
5086.145034832286	0.00226871742833056	0.9851079678799379	0.9919915341046099	0.24081497702054336
5086.585794370561	0.0022693534784414384	0.9851163145314077	0.9919961881786833	0.2407696638200554
5087.026430384775	0.0022699895915734253	0.9851246549936362	0.992000838853137	0.2407243675255324
5087.46694293192	0.0022706257677193	0.9851329892723062	0.9920054861311369	0.24067908812761812
5087.907332068946	0.002271262006871848	0.9851413173730945	0.9920101300158451	0.24063382561696328
5088.347597852766	0.002271898309023855	0.9851496393016717	0.9920147705104198	0.24058857998422528
5088.787740340264	0.0022725346741681125	0.9851579550637014	0.9920194076180162	0.2405433512200685
5089.227759588286	0.002273171102297412	0.985166264664842	0.992024041341786	0.2404981393151638
5089.667655653638	0.002273807593404548	0.985174568110746	0.9920286716848772	0.240452944260189
5090.107428593092	0.00227444414748232	0.9851828654070591	0.9920332986504354	0.240407766045829
5090.54707846339	0.0022750807645235296	0.9851911565594212	0.9920379222416015	0.24036260466277493
5090.986605321225	0.002275717444520979	0.985199441573465	0.9920425424615126	0.24031746010172472
5091.426009223264	0.0022763541874674773	0.9852077204548181	0.9920471593133037	0.24027233235338355
5091.865290226138	0.0022769909933558325	0.9852159932091025	0.992051772800106	0.2402272214084631
5092.304448386432	0.002277627862178856	0.9852242598419327	0.9920563829250459	0.2401821272576814
5092.743483760708	0.0022782647939293627	0.9852325203589178	0.9920609896912485	0.24013704989176368
5093.1823964054865	0.0022789017886001737	0.9852407747656614	0.9920655931018348	0.24009198930144193
5093.621186377249	0.0022795388461841083	0.9852490230677597	0.9920701931599208	0.24004694547745462
5094.0598537324495	0.0022801759666739893	0.9852572652708034	0.9920747898686209	0.24000191841054708
5094.498398527496	0.0022808131500626425	0.9852655013803778	0.9920793832310455	0.23995690809147122
5094.93682081877	0.0022814503963429007	0.9852737314020619	0.9920839732503021	0.23991191451098584
5095.375120662609	0.0022820877055075924	0.9852819553414268	0.9920885599294931	0.23986693765985626
5095.813298115322	0.002282725077549554	0.9852901732040407	0.9920931432717194	0.23982197752885476
5096.25135323318	0.002283362512461622	0.9852983849954631	0.9920977232800781	0.23977703410876006
5096.689286072415	0.002284000010236638	0.9853065907212484	0.9921022999576616	0.23973210739035747
5097.127096689224	0.002284637570867445	0.9853147903869452	0.9921068733075603	0.23968719736443925
5097.564785139779	0.0022852751943468913	0.9853229839980966	0.9921114433328618	0.23964230402180445
5098.002351480199	0.002285912880667821	0.985331171560238	0.9921160100366475	0.23959742735325826
5098.439795766578	0.002286550629823089	0.9853393530789004	0.9921205734219987	0.23955256734961297
5098.877118054978	0.002287188441805551	0.9853475285596079	0.9921251334919915	0.23950772400168746
5099.314318401417	0.0022878263166080603	0.985355698007879	0.9921296902496984	0.2394628973003071
5099.751396861881	0.0022884642542234804	0.9853638614292264	0.9921342436981899	0.2394180872363041
5100.188353492321	0.0022891022546446737	0.9853720188291558	0.9921387938405323	0.23937329380051714
5100.625188348651	0.002289740317864504	0.985380170213168	0.9921433406797877	0.23932851698379148
5101.061901486753	0.00229037844387584	0.9853883155867574	0.9921478842190168	0.23928375677697927
5101.49849296247	0.002291016632671555	0.9853964549554134	0.9921524244612762	0.23923901317093918
5101.9349628316095	0.0022916548842445202	0.9854045883246175	0.9921569614096175	0.23919428615653637
5102.371311149947	0.0022922931985876133	0.9854127156998462	0.992161495067091	0.2391495757246424
5102.8075379732245	0.0022929315756937173	0.9854208370865717	0.9921660254367436	0.2391048818661362
5103.24364335714	0.00229357001555571	0.9854289524902576	0.9921705525216177	0.23906020457190255
5103.679627357364	0.0022942085181664774	0.9854370619163624	0.9921750763247527	0.23901554383283305
5104.11549002953	0.0022948470835189075	0.9854451653703402	0.9921795968491858	0.23897089963982607
5104.551231429238	0.002295485711605892	0.9854532628576376	0.992184114097949	0.23892627198378616
5104.986851612043	0.0022961244024203246	0.9854613543836952	0.9921886280740725	0.23888166085562476
5105.42235063348	0.002296763155955099	0.9854694399539485	0.9921931387805825	0.2388370662462599
5105.857728549045	0.0022974019722031163	0.9854775195738285	0.9921976462205028	0.23879248814661616
5106.292985414186	0.002298040851157278	0.9854855932487567	0.9922021503968524	0.23874792654762433
5106.72812128433	0.0022986797928104875	0.9854936609841516	0.992206651312648	0.23870338144022216
5107.163136214871	0.002299318797155653	0.9855017227854246	0.9922111489709029	0.23865885281535382
5107.598030261153	0.0022999578641856836	0.985509778657982	0.9922156433746268	0.2386143406639698
5108.032803478494	0.0023005969938934916	0.9855178286072238	0.9922201345268266	0.23856984497702746
5108.467455922184	0.0023012361862719943	0.9855258726385441	0.9922246224305051	0.23852536574549044
5108.901987647463	0.0023018754413141078	0.9855339107573313	0.9922291070886627	0.23848090296032892
5109.336398709553	0.002302514759012755	0.9855419429689686	0.9922335885042967	0.23843645661251983
5109.770689163627	0.002303154139360858	0.9855499692788322	0.9922380666803995	0.23839202669304652
5110.204859064827	0.0023037935823513453	0.9855579896922931	0.9922425416199625	0.23834761319289857
5110.63890846827	0.002304433087977145	0.9855660042147174	0.9922470133259722	0.23830321610307234
5111.072837429021	0.002305072656231186	0.9855740128514627	0.9922514818014118	0.23825883541457038
5111.506646002125	0.002305712287106408	0.9855820156078844	0.9922559470492626	0.23821447111840227
5111.940334242587	0.0023063519805957455	0.9855900124893292	0.9922604090725018	0.2381701232055836
5112.373902205379	0.0023069917366921396	0.9855980035011396	0.9922648678741033	0.23812579166713652
5112.807349945425	0.0023076315553885317	0.9856059886486511	0.992269323457037	0.2380814764940897
5113.240677517638	0.0023082714366778685	0.9856139679371952	0.9922737758242712	0.2380371776774783
5113.673884976887	0.002308911380553099	0.9856219413720968	0.9922782249787706	0.23799289520834407
5114.106972377996	0.0023095513870071737	0.9856299089586742	0.9922826709234956	0.23794862907773484
5114.539939775764	0.002310191456033045	0.9856378707022405	0.992287113661404	0.23790437927670516
5114.972787224957	0.0023108315876236725	0.9856458266081046	0.9922915531954514	0.23786014579631598
5115.405514780304	0.0023114717817720137	0.9856537766815675	0.9922959895285882	0.23781592862763457
5115.838122496496	0.002312112038471029	0.985661720927925	0.9923004226637628	0.23777172776173494
5116.270610428195	0.002312752357713686	0.9856696593524679	0.9923048526039203	0.2377275431896971
5116.702978630025	0.00231339273949295	0.9856775919604809	0.9923092793520023	0.23768337490260757
5117.135227156577	0.0023140331838017907	0.9856855187572425	0.9923137029109477	0.23763922289155961
5117.567356062412	0.002314673690633183	0.9856934397480271	0.9923181232836918	0.2375950871476528
5117.999365402049	0.002315314259980102	0.9857013549381016	0.9923225404731667	0.23755096766199257
5118.431255229974	0.0023159548918355237	0.9857092643327281	0.9923269544823013	0.2375068644256913
5118.863025600647	0.0023165955861924317	0.9857171679371628	0.9923313653140216	0.2374627774298678
5119.294676568483	0.002317236343043807	0.9857250657566566	0.9923357729712505	0.23741870666564704
5119.726208187868	0.0023178771623826385	0.9857329577964543	0.992340177456907	0.2373746521241603
5120.157620513159	0.002318518044201914	0.9857408440617952	0.9923445787739076	0.23733061379654535
5120.588913598668	0.0023191589884946255	0.9857487245579135	0.9923489769251653	0.2372865916739463
5121.020087498682	0.0023197999952537674	0.9857565992900372	0.9923533719135904	0.23724258574751372
5121.451142267449	0.0023204410644723375	0.9857644682633883	0.9923577637420897	0.23719859600840434
5121.88207795918	0.0023210821961433346	0.9857723314831838	0.9923621524135664	0.2371546224477815
5122.312894628061	0.0023217233902597606	0.9857801889546352	0.9923665379309213	0.23711066505681455
5122.743592328241	0.0023223646468146218	0.9857880406829475	0.9923709202970521	0.23706672382667937
5123.174171113829	0.002323005965800927	0.9857958866733216	0.9923752995148527	0.23702279874855833
5123.604631038903	0.002323647347211685	0.9858037269309514	0.9923796755872137	0.23697888981363993
5124.0349721575185	0.0023242887910399105	0.9858115614610266	0.9923840485170243	0.2369349970131191
5124.465194523678	0.002324930297278619	0.9858193902687292	0.9923884183071681	0.2368911203381967
5124.8952981913635	0.0023255718659208283	0.9858272133592377	0.9923927849605275	0.23684725978008048
5125.325283214515	0.002326213496959559	0.9858350307377238	0.9923971484799806	0.23680341532998408
5125.755149647045	0.002326855190387838	0.9858428424093545	0.9924015088684027	0.23675958697912752
5126.184897542831	0.0023274969461986894	0.9858506483792912	0.9924058661286664	0.23671577471873737
5126.614526955717	0.0023281387643851455	0.985858448652689	0.9924102202636418	0.23667197854004618
5127.0440379395095	0.0023287806449402352	0.9858662432346977	0.992414571276194	0.23662819843429292
5127.473430547982	0.002329422587856995	0.9858740321304621	0.9924189191691858	0.23658443439272286
5127.902704834876	0.00233006459312846	0.9858818153451203	0.9924232639454775	0.23654068640658735
5128.331860853906	0.0023307066607476724	0.9858895928838071	0.9924276056079259	0.2364969544671442
5128.76089865874	0.002331348790707674	0.9858973647516494	0.9924319441593843	0.23645323856565748
5129.18981830302	0.0023319909830015113	0.9859051309537699	0.9924362796027041	0.2364095386933975
5129.618619840356	0.002332633237622232	0.985912891495286	0.9924406119407332	0.23636585484164085
5130.04730332432	0.002333275554562885	0.9859206463813083	0.9924449411763141	0.23632218700167
5130.475868808453	0.0023339179338165254	0.9859283956169435	0.9924492673122898	0.2362785351647742
5130.9043163462575	0.002334560375376208	0.9859361392072914	0.9924535903514984	0.23623489932224861
5131.332645991214	0.0023352028792349923	0.9859438771574479	0.9924579102967744	0.2361912794653947
5131.760857796756	0.0023358454453859395	0.9859516094725014	0.9924622271509506	0.2361476755855201
5132.188951816292	0.0023364880738221123	0.9859593361575365	0.9924665409168602	0.23610408767393937
5132.616928103196	0.002337130764536579	0.9859670572176326	0.9924708515973042	0.23606051572196882
5133.0447867108105	0.0023377735175224095	0.9859747726578624	0.992475159195181	0.23601695972094658
5133.472527692436	0.0023384163327726734	0.9859824824832928	0.992479463713194	0.23597341966218682
5133.900151101352	0.0023390592102804472	0.9859901866989881	0.9924837651537581	0.2359298955369661
5134.327656990795	0.002339702150038806	0.9859978853100035	0.9924880635200717	0.2358863873366889
5134.755045413973	0.0023403451520408315	0.9860055783213914	0.9924923588150847	0.23584289505272785
5135.182316424055	0.0023409882162796045	0.9860132657381975	0.9924966510415444	0.23579941867643103
5135.609470074181	0.0023416313427482103	0.9860209475654624	0.9925009402022766	0.23575595819916487
5136.0365064174675	0.0023422745314397382	0.9860286238082223	0.9925052263000798	0.23571251361229867
5136.4634255069805	0.0023429177823472767	0.986036294471506	0.9925095093377505	0.23566908490720778
5136.890227395762	0.0023435610954639194	0.9860439595603389	0.9925137893180855	0.23562567207527424
5137.316912136823	0.0023442044707827625	0.98605161907974	0.9925180662438772	0.23558227510788624
5137.7434797831365	0.002344847908296905	0.9860592730347233	0.9925223401179147	0.23553889399643782
5138.169930387641	0.0023454914079994458	0.9860669214302968	0.9925266109429842	0.23549552873232915
5138.596264003249	0.002346134969883489	0.9860745642714643	0.9925308787218695	0.23545217930696696
5139.022480682837	0.0023467785939421406	0.9860822015632232	0.9925351434573505	0.23540884571176365
5139.448580479244	0.00234742228016851	0.9860898333105655	0.9925394051522051	0.23536552793813809
5139.874563445281	0.002348066028555709	0.9860974595184788	0.9925436638092071	0.2353222259775149
5140.300429633725	0.002348709839096849	0.9861050801919444	0.992547919431128	0.23527893982132503
5140.7261790973225	0.002349353711785048	0.9861126953359396	0.9925521720207368	0.23523566946100577
5141.1518118887825	0.0023499976466134264	0.9861203049554346	0.992556421580798	0.2351924148880001
5141.577328060785	0.0023506416435751048	0.9861279090553962	0.9925606681140752	0.2351491760937573
5142.002727665975	0.0023512857026632087	0.9861355076407846	0.9925649116233274	0.23510595306973267
5142.428010756963	0.002351929823870864	0.9861431007165548	0.9925691521113106	0.2350627458073878
5142.853177386333	0.0023525740071911995	0.9861506882876565	0.9925733895807788	0.23501955429819008
5143.278227606628	0.0023532182526173487	0.9861582703590349	0.9925776240344827	0.23497637853361303
5143.703161470363	0.002353862560142446	0.9861658469356289	0.9925818554751693	0.23493321850513632
5144.127979030024	0.0023545069297596292	0.9861734180223731	0.9925860839055841	0.23489007420424585
5144.552680338063	0.00235515136146204	0.9861809836241969	0.9925903093284689	0.23484694562243347
5144.977265446887	0.002355795855242818	0.9861885437460223	0.9925945317465614	0.2348038327511966
5145.401734408885	0.002356440411095109	0.9861960983927689	0.9925987511625981	0.23476073558203944
5145.826087276412	0.002357085029012062	0.9862036475693502	0.9926029675793122	0.23471765410647194
5146.250324101783	0.002357729708986827	0.9862111912806727	0.9926071809994333	0.23467458831601
5146.674444937282	0.002358374451012555	0.9862187295316394	0.9926113914256879	0.23463153820217553
5147.09844983517	0.002359019255082405	0.9862262623271493	0.9926155988608014	0.2345885037564968
5147.522338847662	0.0023596641211895324	0.9862337896720926	0.9926198033074936	0.23454548497050773
5147.946112026951	0.0023603090493270994	0.9862413115713569	0.9926240047684832	0.23450248183574846
5148.369769425195	0.0023609540394882696	0.9862488280298246	0.9926282032464862	0.23445949434376495
5148.793311094514	0.0023615990916662083	0.9862563390523721	0.992632398744214	0.23441652248610945
5149.216737087001	0.0023622442058540845	0.9862638446438708	0.9926365912643771	0.23437356625434003
5149.640047454719	0.002362889382045068	0.9862713448091867	0.9926407808096811	0.23433062564002066
5150.063242249694	0.002363534620232333	0.9862788395531811	0.9926449673828303	0.23428770063472165
5150.486321523917	0.0023641799204090564	0.9862863288807094	0.9926491509865252	0.234244791230019
5150.909285329357	0.0023648252825684175	0.9862938127966231	0.9926533316234641	0.23420189741749464
5151.332133717939	0.002365470706703595	0.986301291305767	0.9926575092963412	0.23415901918873674
5151.754866741562	0.002366116192807776	0.9863087644129824	0.9926616840078495	0.2341161565353394
5152.177484452099	0.0023667617408741457	0.9863162321231038	0.9926658557606781	0.23407330944890237
5152.599986901376	0.002367407350895892	0.9863236944409611	0.9926700245575124	0.2340304779210317
5153.022374141196	0.0023680530228662082	0.9863311513713804	0.9926741904010367	0.2339876619433392
5153.444646223333	0.002368698756778288	0.9863386029191809	0.9926783532939317	0.2339448615074429
5153.866803199521	0.002369344552625327	0.9863460490891771	0.9926825132388746	0.23390207660496654
5154.288845121468	0.0023699904104005276	0.9863534898861789	0.9926866702385406	0.2338593072275395
5154.710772040844	0.0023706363300970887	0.9863609253149909	0.9926908242956015	0.23381655336679794
5155.132584009293	0.0023712823117082154	0.9863683553804122	0.9926949754127262	0.23377381501438316
5155.554281078425	0.0023719283552271152	0.9863757800872377	0.9926991235925815	0.2337310921619427
5155.975863299816	0.002372574460646997	0.986383199440256	0.9927032688378303	0.23368838480113013
5156.397330725013	0.0023732206279610734	0.9863906134442515	0.9927074111511333	0.23364569292360457
5156.81868340553	0.0023738668571625598	0.9863980221040035	0.9927115505351484	0.2336030165210314
5157.239921392848	0.0023745131482446726	0.986405425424286	0.992715686992531	0.233560355585082
5157.661044738416	0.0023751595012006313	0.9864128234098679	0.9927198205259316	0.2335177101074331
5158.082053493655	0.0023758059160236588	0.9864202160655123	0.9927239511380007	0.2334750800797677
5158.502947709948	0.0023764523927069783	0.9864276033959788	0.9927280788313837	0.23343246549377478
5158.923727438652	0.0023770989312438184	0.9864349854060214	0.9927322036087249	0.23338986634114908
5159.344392731089	0.002377745531627409	0.9864423621003877	0.9927363254726647	0.23334728261359097
5159.764943638551	0.002378392193850983	0.9864497334838228	0.9927404444258409	0.2333047143028071
5160.185380212296	0.002379038917907775	0.9864570995610644	0.9927445604708888	0.2332621614005098
5160.605702503553	0.0023796857037910223	0.9864644603368468	0.9927486736104404	0.2332196238984172
5161.025910563516	0.002380332551493965	0.986471815815898	0.992752783847125	0.23317710178825346
5161.446004443352	0.002380979461009846	0.9864791660029425	0.9927568911835698	0.23313459506174858
5161.865984194192	0.00238162643233191	0.9864865109026981	0.9927609956223983	0.23309210371063807
5162.285849867138	0.0023822734654534044	0.9864938505198787	0.9927650971662311	0.23304962772666374
5162.705601513255	0.0023829205603675793	0.9865011848591922	0.9927691958176863	0.23300716710157288
5163.125239183589	0.0023835677170676883	0.9865085139253438	0.9927732915793801	0.23296472182711883
5163.544762929143	0.0023842149355469866	0.9865158377230311	0.992777384453925	0.23292229189506072
5163.96417280089	0.0023848622157987298	0.986523156256948	0.9927814744439304	0.23287987729716347
5164.383468849775	0.00238550955781618	0.9865304695317834	0.9927855615520037	0.23283747802519786
5164.8026511267135	0.0023861569615926	0.9865377775522208	0.9927896457807488	0.23279509407094034
5165.221719682582	0.002386804427121255	0.9865450803229396	0.9927937271327675	0.23275272542617334
5165.6406745682325	0.002387451954395412	0.986552377848613	0.9927978056106586	0.23271037208268502
5166.05951583448	0.0023880995434083425	0.9865596701339099	0.9928018812170173	0.2326680340322693
5166.478243532116	0.0023887471941533194	0.9865669571834951	0.9928059539544379	0.23262571126672604
5166.896857711886	0.0023893949066236143	0.9865742390020263	0.9928100238255094	0.23258340377786046
5167.315358424524	0.002390042680812509	0.9865815155941589	0.9928140908328211	0.23254111155748422
5167.73374572072	0.002390690516713283	0.9865887869645417	0.9928181549789571	0.23249883459741438
5168.1520196511365	0.002391338414319219	0.9865960531178192	0.9928222162664992	0.23245657288947374
5168.570180266402	0.0023919863736236026	0.9866033140586302	0.9928262746980275	0.23241432642549087
5168.9882276171165	0.0023926343946197217	0.9866105697916097	0.9928303302761181	0.23237209519730026
5169.406161753845	0.0023932824773008647	0.9866178203213871	0.9928343830033448	0.23232987919674186
5169.823982727126	0.002393930621660326	0.9866250656525872	0.9928384328822792	0.2322876784156619
5170.24169058747	0.002394578827691401	0.9866323057898294	0.9928424799154894	0.23224549284591187
5170.659285385344	0.002395227095387388	0.9866395407377299	0.9928465241055414	0.23220332247934916
5171.076767171192	0.002395875424741584	0.986646770500897	0.9928505654549974	0.23216116730783667
5171.494135995433	0.002396523815747297	0.986653995083937	0.9928546039664186	0.23211902732324366
5171.911391908444	0.002397172268397829	0.9866612144914503	0.9928586396423622	0.23207690251744464
5172.328534960578	0.0023978207826864896	0.9866684287280323	0.9928626724853827	0.23203479288231968
5172.745565202151	0.0023984693586065857	0.9866756377982734	0.9928667024980323	0.23199269840975498
5173.162482683451	0.0023991179961514323	0.9866828417067595	0.9928707296828602	0.23195061909164225
5173.57928745474	0.0023997666953143454	0.9866900404580715	0.9928747540424133	0.231908554919879
5173.995979566244	0.002400415456088644	0.9866972340567862	0.9928787755792364	0.23186650588636837
5174.412559068153	0.002401064278467644	0.9867044225074739	0.9928827942958686	0.23182447198301898
5174.829026010636	0.002401713162444669	0.9867116058147015	0.9928868101948491	0.23178245320174548
5175.245380443826	0.0024023621080130463	0.986718783983031	0.9928908232787156	0.23174044953446826
5175.66162241783	0.0024030111151661033	0.986725957017019	0.9928948335499995	0.2316984609731131
5176.077751982717	0.0024036601838971694	0.9867331249212183	0.9928988410112314	0.23165648750961168
5176.493769188528	0.0024043093141995773	0.9867402877001751	0.9929028456649392	0.2316145291359011
5176.909674085273	0.0024049585060666604	0.9867474453584321	0.9929068475136482	0.2315725858439243
5177.3254667229385	0.0024056077594917574	0.9867545979005281	0.9929108465598806	0.23153065762563002
5177.741147151467	0.00240625707446821	0.9867617453309946	0.9929148428061558	0.2314887444729722
5178.156715420783	0.0024069064509893603	0.9867688876543608	0.9929188362549919	0.2314468463779112
5178.572171580771	0.0024075558890485496	0.9867760248751494	0.9929228269089022	0.23140496333241228
5178.98751568129	0.0024082053886391275	0.9867831569978794	0.9929268147703987	0.23136309532844654
5179.402747772165	0.002408854949754446	0.9867902840270649	0.9929307998419904	0.23132124235799092
5179.817867903193	0.0024095045723878535	0.9867974059672144	0.9929347821261837	0.23127940441302786
5180.23287612414	0.0024101542565327064	0.9868045228228327	0.9929387616254822	0.23123758148554552
5180.6477724847455	0.002410804002182363	0.9868116345984204	0.9929427383423879	0.23119577356753762
5181.06255703471	0.002411453809330181	0.9868187412984709	0.992946712279398	0.23115398065100334
5181.477229823707	0.002412103677969523	0.9868258429274748	0.9929506834390085	0.2311122027279477
5181.8917909013835	0.0024127536080937556	0.9868329394899181	0.992954651823713	0.2310704397903813
5182.306240317354	0.0024134035996962433	0.9868400309902813	0.9929586174360017	0.2310286918303203
5182.7205781212	0.002414053652770357	0.9868471174330409	0.9929625802783627	0.2309869588397865
5183.134804362469	0.0024147037673094658	0.986854198822667	0.9929665403532804	0.23094524081080703
5183.548919090691	0.002415353943306947	0.9868612751636275	0.9929704976632381	0.230903537735415
5183.962922355354	0.002416004180756177	0.9868683464603842	0.9929744522107156	0.23086184960564887
5184.376814205922	0.0024166544796505353	0.9868754127173942	0.9929784039981905	0.2308201764135528
5184.7905946918245	0.0024173048399834013	0.9868824739391098	0.9929823530281365	0.23077851815117648
5185.2042638624625	0.002417955261748161	0.9868895301299794	0.9929862993030267	0.23073687481057523
5185.617821767206	0.0024186057449381987	0.9868965812944456	0.99299024282533	0.23069524638380964
5186.0312684554	0.002419256289546908	0.9869036274369484	0.9929941835975138	0.23065363286294632
5186.444603976348	0.0024199068955676746	0.98691066856192	0.9929981216220412	0.23061203424005697
5186.857828379336	0.002420557562993894	0.9869177046737908	0.9930020569013751	0.23057045050721928
5187.270941713616	0.0024212082918189663	0.986924735776986	0.9930059894379745	0.23052888165651647
5187.683944028404	0.002421859082036286	0.9869317618759244	0.9930099192342942	0.23048732768003655
5188.096835372887	0.002422509933639255	0.9869387829750215	0.9930138462927944	0.2304457885698747
5188.509615796228	0.002423160846621277	0.9869457990786883	0.9930177706159024	0.23040426431812716
5188.9222853475585	0.0024238118209757593	0.9869528101913315	0.993021692206117	0.23036275491690628
5189.334844075976	0.002424462856696108	0.9869598163173517	0.9930256110658702	0.2303212603583205
5189.747292030553	0.002425113953775735	0.9869668174611467	0.9930295271971552	0.23027978063442323
5190.159629260327	0.0024257651122080543	0.986973813627108	0.9930334406026589	0.23023831573737066
5190.571855814306	0.00242641633198648	0.9869808048196235	0.9930373512850916	0.23019686565932806
5190.983971741472	0.0024270676131044307	0.9869877910430764	0.9930412592468042	0.23015543039241618
5191.395977090777	0.0024277189555553273	0.9869947723018456	0.9930451644902449	0.23011400992877543
5191.807871911137	0.0024283703593325915	0.9870017486003042	0.9930490670178476	0.23007260426055007
5192.2196562514455	0.00242902182442965	0.9870087199428224	0.9930529668320359	0.2300312133798886
5192.631330160559	0.002429673350839929	0.9870156863337642	0.9930568639352368	0.229989837278946
5193.04289368731	0.00243032493855686	0.9870226477774903	0.9930607583298727	0.22994847594988235
5193.4543468804995	0.0024309765875738746	0.9870296042783561	0.9930646500183632	0.22990712938486318
5193.865689788898	0.0024316282978844076	0.9870365558407125	0.9930685390031262	0.22986579757605968
5194.2769224612475	0.0024322800694818957	0.9870435024689067	0.993072425286577	0.2298244805156484
5194.688044946258	0.00243293190235978	0.98705044416728	0.9930763088711275	0.22978317819581126
5195.099057292612	0.002433583796511502	0.9870573809401701	0.993080189759188	0.22974189060873595
5195.509959548961	0.0024342357519305064	0.9870643127919101	0.9930840679531658	0.22970061774661532
5195.920751763929	0.0024348877686102403	0.9870712397268286	0.9930879434554658	0.22965935960164766
5196.331433986106	0.0024355398465441516	0.9870781617492483	0.9930918162684899	0.22961811616603678
5196.7420062640595	0.002436191985725694	0.9870850788634898	0.9930956863946385	0.2295768874319921
5197.152468646317	0.0024368441861483204	0.9870919910738674	0.9930995538363083	0.2295356733917282
5197.562821181384	0.002437496447805486	0.9870988983846913	0.9931034185958945	0.22949447403746523
5197.973063917737	0.0024381487706906517	0.9871058008002676	0.993107280675789	0.22945328936142861
5198.383196903821	0.0024388011547972774	0.9871126983248977	0.9931111400783814	0.22941211935584957
5198.7932201880485	0.0024394536001188264	0.9871195909628777	0.9931149968060586	0.2293709640129643
5199.203133818808	0.0024401061066487663	0.9871264787185006	0.9931188508612061	0.22932982332501461
5199.612937844456	0.0024407586743805656	0.9871333615960547	0.9931227022462061	0.22928869728424772
5200.022632313314	0.002441411303307692	0.9871402395998221	0.993126550963437	0.22924758588291613
5200.432217273686	0.0024420639934236215	0.9871471127340823	0.9931303970152769	0.22920648911327796
5200.841692773838	0.0024427167447218295	0.9871539810031105	0.9931342404041008	0.22916540696759663
5201.251058862006	0.0024433695571957933	0.9871608444111757	0.9931380811322801	0.2291243394381408
5201.660315586406	0.002444022430838993	0.9871677029625442	0.9931419192021848	0.22908328651718465
5202.06946299521	0.00244467536564491	0.9871745566614762	0.9931457546161815	0.22904224819700775
5202.478501136575	0.0024453283616070313	0.9871814055122289	0.9931495873766356	0.22900122446989502
5202.8874300586185	0.0024459814187188437	0.9871882495190546	0.9931534174859094	0.22896021532813657
5203.296249809436	0.0024466345369738365	0.9871950886862008	0.9931572449463619	0.22891922076402824
5203.704960437088	0.0024472877163655015	0.9872019230179112	0.9931610697603512	0.22887824076987098
5204.1135619896095	0.002447940956887334	0.9872087525184247	0.9931648919302315	0.22883727533797113
5204.522054515007	0.0024485942585328315	0.9872155771919758	0.9931687114583556	0.22879632446064038
5204.930438061249	0.00244924762129549	0.9872223970427938	0.9931725283470721	0.22875538813019566
5205.338712676289	0.002449901045168816	0.9872292120751053	0.9931763425987297	0.22871446633895964
5205.74687840804	0.0024505545301463107	0.9872360222931313	0.9931801542156732	0.22867355907925982
5206.154935304394	0.0024512080762214778	0.987242827701089	0.9931839632002442	0.22863266634342913
5206.562883413205	0.0024518616833878308	0.9872496283031905	0.9931877695547835	0.22859178812380623
5206.970722782305	0.002452515351638877	0.9872564241036438	0.9931915732816278	0.22855092441273483
5207.378453459495	0.0024531690809681313	0.9872632151066532	0.9931953743831127	0.2285100752025639
5207.786075492547	0.0024538228713691084	0.9872700013164175	0.9931991728615709	0.22846924048564757
5208.193588929206	0.002454476722835329	0.9872767827371326	0.9932029687193331	0.22842842025434576
5208.600993817183	0.00245513063536031	0.9872835593729882	0.9932067619587259	0.2283876145010233
5209.008290204163	0.0024557846089375765	0.9872903312281711	0.9932105525820756	0.22834682321805053
5209.415478137804	0.0024564386435606523	0.9872970983068631	0.9932143405917045	0.22830604639780297
5209.822557665731	0.002457092739223066	0.9873038606132414	0.9932181259899329	0.22826528403266128
5210.2295288355435	0.0024577468959183463	0.9873106181514798	0.9932219087790791	0.22822453611501173
5210.636391694807	0.002458401113640024	0.9873173709257468	0.9932256889614585	0.2281838026372458
5211.043146291071	0.002459055392381638	0.9873241189402077	0.9932294665393852	0.22814308359176014
5211.449792671841	0.002459709732136721	0.987330862199022	0.9932332415151689	0.2281023789709567
5211.856330884598	0.002460364132898813	0.9873376007063455	0.9932370138911176	0.22806168876724262
5212.262760976799	0.0024610185946614556	0.98734433446633	0.9932407836695378	0.22802101297303037
5212.669082995871	0.002461673117418193	0.9873510634831234	0.9932445508527337	0.22798035158073793
5213.07529698921	0.0024623277011625723	0.9873577877608685	0.9932483154430056	0.22793970458278814
5213.4814030041825	0.0024629823458881405	0.9873645073037034	0.9932520774426521	0.2278990719716093
5213.887401088126	0.0024636370515884473	0.9873712221157627	0.9932558368539692	0.2278584537396348
5214.293291288354	0.0024642918182570463	0.9873779322011765	0.9932595936792513	0.22781784987930342
5214.69907365215	0.0024649466458874954	0.9873846375640711	0.9932633479207905	0.22777726038305932
5215.104748226766	0.002465601534473351	0.9873913382085674	0.9932670995808744	0.22773668524335156
5215.510315059425	0.002466256484008172	0.9873980341387831	0.9932708486617903	0.2276961244526346
5215.915774197324	0.002466911494485522	0.987404725358831	0.9932745951658228	0.2276555780033681
5216.321125687633	0.0024675665658989644	0.9874114118728197	0.9932783390952539	0.227615045888017
5216.726369577487	0.002468221698242068	0.9874180936848536	0.9932820804523622	0.2275745280990513
5217.131505913999	0.0024688768915084014	0.9874247707990331	0.9932858192394258	0.22753402462894634
5217.536534744257	0.002469532145691537	0.9874314432194548	0.9932895554587198	0.22749353547018286
5217.941456115304	0.0024701874607850464	0.9874381109502091	0.9932932891125149	0.2274530606152462
5218.346270074169	0.0024708428367825074	0.987444773995384	0.9932970202030822	0.22741260005662742
5218.750976667855	0.0024714982736774994	0.9874514323590639	0.9933007487326901	0.2273721537868228
5219.155575943323	0.002472153771463602	0.987458086045326	0.9933044747036025	0.22733172179833339
5219.560067947516	0.0024728093301344	0.9874647350582462	0.9933081981180831	0.2272913040836659
5219.964452727343	0.0024734649496834763	0.9874713794018946	0.9933119189783922	0.22725090063533182
5220.368730329692	0.002474120630104421	0.9874780190803374	0.993315637286788	0.22721051144584797
5220.772900801416	0.002474776371390824	0.9874846540976374	0.9933193530455265	0.2271701365077364
5221.176964189341	0.0024754321735362766	0.9874912844578518	0.9933230662568607	0.22712977581352425
5221.5809205402675	0.0024760880365343745	0.9874979101650346	0.993326776923042	0.2270894293557439
5221.984769900962	0.002476743960378714	0.9875045312232358	0.9933304850463198	0.2270490971269329
5222.388512318173	0.0024773999450628955	0.9875111476365004	0.9933341906289401	0.22700877911963366
5222.792147838611	0.0024780559905805202	0.9875177594088703	0.9933378936731472	0.22696847532639441
5223.195676508958	0.0024787120969251915	0.9875243665443809	0.9933415941811822	0.2269281857397677
5223.599098375876	0.0024793682640905147	0.9875309690470655	0.993345292155285	0.22688791035231157
5224.002413485992	0.0024800244920701	0.9875375669209534	0.9933489875976926	0.2268476491565893
5224.405621885909	0.00248068078085756	0.9875441601700695	0.9933526805106403	0.2268074021451695
5224.808723622199	0.0024813371304465036	0.9875507487984326	0.9933563708963598	0.2267671693106254
5225.211718741409	0.0024819935408305475	0.9875573328100602	0.9933600587570816	0.2267269506455356
5225.614607290053	0.00248265001200331	0.9875639122089637	0.9933637440950336	0.2266867461424838
5226.017389314624	0.0024833065439584115	0.9875704869991511	0.9933674269124411	0.22664655579405893
5226.420064861581	0.0024839631366894745	0.9875770571846263	0.9933711072115272	0.22660637959285493
5226.822633977353	0.0024846197901901208	0.9875836227693879	0.9933747849945128	0.22656621753147044
5227.225096708351	0.0024852765044539793	0.9875901837574326	0.9933784602636159	0.22652606960250987
5227.627453100952	0.00248593327947468	0.9875967401527516	0.9933821330210539	0.22648593579858273
5228.029703201499	0.0024865901152458523	0.9876032919593315	0.9933858032690401	0.22644581611230308
5228.4318470563185	0.00248724701176113	0.9876098391811557	0.9933894710097863	0.22640571053629022
5228.833884711703	0.0024879039690141507	0.9876163818222036	0.9933931362455012	0.22636561906316877
5229.235816213918	0.0024885609869985514	0.9876229198864495	0.9933967989783925	0.22632554168556834
5229.637641609202	0.002489218065707972	0.9876294533778646	0.9934004592106652	0.22628547839612373
5230.039360943767	0.0024898752051360565	0.9876359823004157	0.9934041169445216	0.22624542918747448
5230.440974263786	0.0024905324052764484	0.9876425066580646	0.9934077721821608	0.2262053940522651
5230.84248161542	0.0024911896661227954	0.9876490264547704	0.9934114249257815	0.22616537298314582
5231.243883044796	0.002491846987668748	0.9876555416944879	0.9934150751775794	0.22612536597277158
5231.645178598011	0.0024925043699079562	0.9876620523811667	0.9934187229397478	0.22608537301380197
5232.046368321138	0.0024931618128340755	0.9876685585187537	0.9934223682144774	0.22604539409890229
5232.447452260218	0.0024938193164407616	0.9876750601111904	0.9934260110039571	0.22600542922074252
5232.8484304612675	0.0024944768807216742	0.9876815571624159	0.9934296513103735	0.22596547837199785
5233.249302970274	0.002495134505670472	0.9876880496763635	0.9934332891359104	0.22592554154534816
5233.650069833199	0.0024957921912808195	0.9876945376569637	0.9934369244827506	0.2258856187334788
5234.050731095979	0.002496449937546383	0.9877010211081432	0.9934405573530735	0.22584570992908012
5234.451286804513	0.0024971077444608278	0.9877075000338226	0.9934441877490559	0.22580581512484693
5234.851737004683	0.0024977656120178248	0.9877139744379202	0.9934478156728734	0.22576593431347977
5235.252081742333	0.0024984235402110444	0.9877204443243497	0.9934514411266986	0.22572606748768365
5235.652321063291	0.002499081529034163	0.9877269096970219	0.9934550641127029	0.22568621464016903
5236.052455013353	0.002499739578480858	0.9877333705598423	0.9934586846330542	0.2256463757636511
5236.452483638285	0.0025003976885448072	0.9877398269167126	0.9934623026899188	0.22560655085085013
5236.852406983825	0.00250105585921969	0.9877462787715302	0.99346591828546	0.2255667398944913
5237.25222509569	0.0025017140904991914	0.9877527261281894	0.99346953142184	0.22552694288730496
5237.651938019559	0.0025023723823769974	0.9877591689905797	0.9934731421012186	0.22548715982202636
5238.051545801094	0.0025030307348467944	0.9877656073625869	0.9934767503257527	0.22544739069139563
5238.451048485928	0.0025036891479022732	0.9877720412480934	0.9934803560975971	0.22540763548815812
5238.850446119661	0.0025043476215371252	0.9877784706509763	0.9934839594189044	0.22536789420506398
5239.24973874787	0.002505006155745047	0.98778489557511	0.9934875602918257	0.22532816683486825
5239.648926416102	0.0025056647505197335	0.9877913160243638	0.9934911587185089	0.22528845337033115
5240.04800916988	0.0025063234058548844	0.987797732002604	0.9934947547010999	0.2252487538042179
5240.446987054696	0.0025069821217442007	0.9878041435136922	0.9934983482417424	0.2252090681292984
5240.8458601160155	0.0025076408981813845	0.9878105505614861	0.9935019393425784	0.2251693963383475
5241.244628399283	0.0025082997351601444	0.9878169531498407	0.9935055280057477	0.22512973842414552
5241.643291949909	0.002508958632674187	0.9878233512826051	0.9935091142333866	0.22509009437947722
5242.041850813279	0.0025096175907172217	0.9878297449636257	0.9935126980276309	0.22505046419713237
5242.440305034745	0.002510276609282961	0.987836134196745	0.9935162793906126	0.22501084786990583
5242.838654659643	0.00251093568836512	0.9878425189858001	0.9935198583244612	0.2249712453905971
5243.236899733276	0.002511594827957415	0.9878488993346256	0.9935234348313107	0.2249316567520116
5243.635040300922	0.0025122540280535658	0.9878552752470526	0.993527008913279	0.22489208194695795
5244.033076407826	0.002512913288647292	0.9878616467269069	0.9935305805724787	0.22485252096824895
5244.4310080992145	0.0025135726097323197	0.9878680137780107	0.9935341498111327	0.2248129738087171
5244.828835420283	0.0025142319913023735	0.9878743764041834	0.9935377166310628	0.22477344046114867
5245.226558416199	0.002514891433351181	0.9878807346092391	0.993541281034169	0.224733920918345
5245.6241771321	0.0025155509358724707	0.9878870883969881	0.9935448430230268	0.22469441517319916
5246.021691613103	0.002516210498859977	0.9878934377712375	0.9935484025997681	0.22465492321855265
5246.419101904295	0.0025168701223074338	0.9878997827357905	0.9935519597664495	0.22461544504724265
5246.8164080507395	0.0025175298062085783	0.9879061232944459	0.9935555145252059	0.22457598065212123
5247.213610097466	0.0025181895505571495	0.9879124594509991	0.9935590668781372	0.22453653002604118
5247.610708089483	0.0025188493553468874	0.9879187912092404	0.9935626168273464	0.22449709316186114
5248.00770207177	0.0025195092205715385	0.9879251185729583	0.9935661643749376	0.22445767005244494
5248.404592089277	0.002520169146224843	0.9879314415459354	0.993569709523009	0.22441826069066043
5248.801378186934	0.002520829132300553	0.9879377601319514	0.9935732522736591	0.22437886506938112
5249.198060409636	0.002521489178792417	0.9879440743347826	0.9935767926289829	0.22433948318148506
5249.594638802257	0.0025221492856941866	0.9879503841582002	0.9935803305910731	0.22430011501985508
5249.991113409643	0.0025228094529996174	0.9879566896059725	0.9935838661620213	0.22426076057737906
5250.387484276616	0.002523469680702467	0.9879629906818643	0.9935873993439175	0.22422141984694993
5250.783751447966	0.002524129968796492	0.9879692873896351	0.9935909301388471	0.22418209282146498
5251.179914968454	0.002524790317275453	0.987975579733041	0.9935944585488947	0.22414277949382644
5251.5759748828195	0.0025254507261331144	0.9879818677158352	0.9935979845761429	0.2241034798569416
5251.971931235779	0.0025261111953632414	0.9879881513417664	0.9936015082226727	0.2240641939037228
5252.367784072015	0.0025267717249596025	0.9879944306145799	0.9936050294905622	0.22402492162708681
5252.763533436187	0.002527432314915966	0.9880007055380161	0.9936085483818867	0.2239856630199551
5253.159179372926	0.0025280929652261044	0.9880069761158123	0.9936120648987206	0.22394641807525442
5253.5547219268365	0.0025287536758837907	0.9880132423517024	0.9936155790431356	0.2239071867859162
5253.950161142497	0.002529414446882802	0.9880195042494162	0.9936190908172016	0.22386796914487656
5254.345497064464	0.0025300752782169197	0.9880257618126793	0.9936226002229862	0.22382876514507652
5254.740729737261	0.002530736169879921	0.9880320150452138	0.9936261072625547	0.22378957477946193
5255.135859205385	0.0025313971218655865	0.9880382639507373	0.9936296119379696	0.2237503980409834
5255.530885513308	0.0025320581341677067	0.9880445085329652	0.9936331142512932	0.22371123492259648
5255.925808705482	0.002532719206780066	0.9880507487956076	0.993636614204584	0.22367208541726122
5256.320628826321	0.002533380339696453	0.9880569847423711	0.9936401117998991	0.22363294951794271
5256.715345920222	0.002534041532910662	0.9880632163769598	0.9936436070392933	0.22359382721761092
5257.109960031549	0.0025347027864164847	0.9880694437030723	0.9936470999248194	0.2235547185092404
5257.504471204643	0.0025353641002077154	0.9880756667244041	0.9936505904585273	0.22351562338581038
5257.898879483818	0.0025360254742781553	0.9880818854446466	0.9936540786424661	0.22347654184030516
5258.293184913362	0.002536686908621603	0.9880880998674885	0.9936575644786825	0.22343747386571375
5258.687387537539	0.0025373484032318624	0.9880943099966137	0.9936610479692203	0.22339841945502986
5259.081487400581	0.002538009958102736	0.9881005158357028	0.9936645291161217	0.22335937860125193
5259.475484546697	0.002538671573228033	0.9881067173884325	0.9936680079214272	0.22332035129738328
5259.869379020069	0.002539333248601561	0.9881129146584758	0.9936714843871747	0.22328133753643198
5260.263170864855	0.002539994984217131	0.9881191076495018	0.9936749585153997	0.2232423373114106
5260.656860125184	0.0025406567800685545	0.988125296365176	0.9936784303081362	0.22320335061533675
5261.050446845157	0.0025413186361496498	0.9881314808091602	0.9936818997674157	0.2231643774412327
5261.443931068856	0.0025419805524542335	0.9881376609851126	0.9936853668952685	0.22312541778212563
5261.83731284033	0.002542642528976126	0.9881438368966873	0.9936888316937221	0.22308647163104717
5262.230592203606	0.002543304565709147	0.9881500085475349	0.9936922941648015	0.22304753898103377
5262.623769202679	0.002543966662647121	0.9881561759413019	0.99369575431053	0.22300861982512665
5263.016843881525	0.002544628819783876	0.9881623390816324	0.99369921213293	0.22296971415637187
5263.409816284092	0.00254529103711324	0.988168497972165	0.9937026676340202	0.2229308219678201
5263.8026864542935	0.0025459533146290417	0.9881746526165354	0.9937061208158167	0.2228919432525264
5264.195454436032	0.0025466156523251153	0.9881808030183762	0.993709571680336	0.2228530780035513
5264.588120273175	0.002547278050195295	0.9881869491813156	0.9937130202295912	0.22281422621395958
5264.9806840095625	0.002547940508233419	0.9881930911089785	0.9937164664655931	0.22277538787682072
5265.373145689014	0.0025486030264333247	0.9881992288049853	0.9937199103903505	0.22273656298520889
5265.765505355316	0.0025492656047888525	0.988205362272953	0.9937233520058696	0.22269775153220295
5266.157763052233	0.002549928243293848	0.9882114915164957	0.9937267913141561	0.2226589535108867
5266.549918823509	0.0025505909419421572	0.988217616539224	0.9937302283172131	0.22262016891434847
5266.941972712853	0.0025512537007276255	0.9882237373447436	0.9937336630170407	0.22258139773568114
5267.333924763953	0.002551916519644105	0.9882298539366571	0.993737095415638	0.22254263996798257
5267.725775020464	0.0025525793986854437	0.9882359663185624	0.9937405255150011	0.22250389560435496
5268.11752352603	0.0025532423378454992	0.9882420744940563	0.9937439533171255	0.2224651646379055
5268.509170324256	0.0025539053371181272	0.98824817846673	0.9937473788240029	0.22242644706174586
5268.900715458724	0.002554568396497185	0.9882542782401711	0.9937508020376239	0.22238774286899254
5269.292158972993	0.0025552315159765343	0.9882603738179645	0.9937542229599777	0.22234905205276645
5269.6835009105935	0.002555894695550037	0.9882664652036903	0.9937576415930505	0.2223103746061934
5270.074741315033	0.002556557935211557	0.9882725524009262	0.9937610579388261	0.22227171052240377
5270.465880229793	0.0025572212349549628	0.988278635413245	0.9937644719992877	0.22223305979453264
5270.856917698326	0.002557884594774123	0.9882847142442173	0.9937678837764158	0.22219442241571957
5271.247853764061	0.002558548014662909	0.9882907888974085	0.9937712932721885	0.22215579837910904
5271.638688470399	0.0025592114946151926	0.9882968593763817	0.9937747004885816	0.22211718767785
5272.029421860719	0.0025598750346248478	0.9883029256846951	0.9937781054275694	0.22207859030509577
5272.420053978372	0.002560538634685757	0.9883089878259051	0.9937815080911253	0.222040006254005
5272.810584866687	0.002561202294791796	0.9883150458035628	0.9937849084812191	0.22200143551774038
5273.201014568961	0.0025618660149368468	0.9883210996212164	0.9937883065998186	0.22196287808946946
5273.591343128471	0.0025625297951147948	0.9883271492824109	0.9937917024488906	0.22192433396236433
5273.981570588464	0.0025631936353195254	0.9883331947906866	0.9937950960303994	0.2218858031296017
5274.371696992167	0.002563857535544927	0.9883392361495813	0.993798487346307	0.221847285584363
5274.761722382775	0.002564521495784889	0.9883452733626285	0.9938018763985734	0.22180878131983417
5275.151646803461	0.0025651855160333035	0.9883513064333588	0.9938052631891579	0.22177029032920578
5275.541470297373	0.002565849596284065	0.9883573353652984	0.9938086477200158	0.221731812605673
5275.931192907632	0.002566513736531071	0.9883633601619704	0.9938120299931016	0.2216933481424356
5276.320814677333	0.002567177936768219	0.9883693808268944	0.9938154100103678	0.22165489693269788
5276.710335649551	0.0025678421969894108	0.9883753973635864	0.9938187877737645	0.22161645896966894
5277.099755867326	0.0025685065171885493	0.9883814097755588	0.9938221632852403	0.22157803424656236
5277.489075373681	0.0025691708973595378	0.9883874180663204	0.9938255365467412	0.22153962275659614
5277.8782942116095	0.0025698353374962847	0.988393422239376	0.9938289075602117	0.22150122449299306
5278.267412424082	0.002570499837592699	0.9883994222982282	0.9938322763275944	0.22146283944898054
5278.6564300540385	0.0025711643976426926	0.9884054182463745	0.9938356428508291	0.22142446761779022
5279.045347144398	0.002571829017640176	0.9884114100873092	0.9938390071318542	0.22138610899265845
5279.434163738058	0.0025724936975790686	0.9884173978245242	0.993842369172607	0.2213477635668265
5279.822879877884	0.0025731584374532866	0.9884233814615069	0.9938457289750214	0.22130943133353986
5280.211495606716	0.002573823237256748	0.9884293610017411	0.9938490865410293	0.2212711122860486
5280.600010967373	0.0025744880969833764	0.9884353364487074	0.9938524418725627	0.2212328064176075
5280.98842600265	0.0025751530166270953	0.9884413078058831	0.9938557949715492	0.22119451372147567
5281.376740755306	0.002575817996181829	0.9884472750767408	0.9938591458399149	0.2211562341909168
5281.7649552680905	0.0025764830356415085	0.9884532382647518	0.9938624944795855	0.22111796781919943
5282.153069583717	0.002577148135000062	0.9884591973733815	0.9938658408924832	0.22107971459959613
5282.541083744876	0.0025778132942514223	0.9884651524060935	0.9938691850805289	0.22104147452538447
5282.928997794233	0.002578478513389523	0.988471103366347	0.9938725270456414	0.22100324758984646
5283.316811774432	0.0025791437924083008	0.9884770502575978	0.993875866789737	0.22096503378626828
5283.704525728082	0.002579809131301694	0.9884829930832988	0.9938792043147311	0.22092683310794098
5284.092139697782	0.002580474530063644	0.9884889318468986	0.9938825396225366	0.22088864554816015
5284.479653726094	0.002581139988688092	0.9884948665518429	0.9938858727150642	0.2208504711002258
5284.867067855557	0.0025818055071689843	0.9885007972015741	0.9938892035942237	0.22081230975744223
5285.25438212869	0.0025824710855002673	0.9885067237995304	0.9938925322619213	0.22077416151311854
5285.641596587979	0.002583136723675889	0.9885126463491469	0.9938958587200624	0.22073602636056835
5286.028711275894	0.0025838024216898016	0.9885185648538559	0.9938991829705509	0.22069790429310973
5286.415726234873	0.0025844681795359568	0.9885244793170846	0.9939025050152873	0.22065979530406507
5286.80264150733	0.0025851339972083097	0.9885303897422582	0.9939058248561712	0.22062169938676138
5287.189457135659	0.0025857998747008198	0.9885362961327976	0.9939091424951001	0.2205836165345302
5287.576173162224	0.002586465812007444	0.9885421984921214	0.9939124579339697	0.22054554674070756
5287.962789629369	0.0025871318091221437	0.9885480968236434	0.9939157711746736	0.22050748999863384
5288.349306579406	0.0025877978660388827	0.9885539911307746	0.9939190822191031	0.2204694463016541
5288.735724054628	0.0025884639827516262	0.9885598814169227	0.9939223910691479	0.22043141564311783
5289.1220420972995	0.002589130159254343	0.9885657676854916	0.9939256977266966	0.22039339801637867
5289.508260749663	0.002589796395541002	0.9885716499398823	0.9939290021936349	0.22035539341479515
5289.8943800539355	0.0025904626916055736	0.9885775281834915	0.9939323044718461	0.22031740183173013
5290.280400052308	0.0025911290474420344	0.9885834024197133	0.9939356045632132	0.22027942326055083
5290.66632078695	0.0025917954630443577	0.9885892726519383	0.993938902469616	0.22024145769462902
5291.052142299998	0.00259246193840652	0.9885951388835531	0.9939421981929324	0.2202035051273409
5291.437864633572	0.0025931284735225047	0.9886010011179412	0.9939454917350393	0.2201655655520671
5291.823487829768	0.002593795068386293	0.9886068593584828	0.9939487830978117	0.22012763896219267
5292.209011930651	0.0025944617229918666	0.9886127136085554	0.9939520722831212	0.2200897253511072
5292.5944369782665	0.002595128437333214	0.9886185638715312	0.9939553592928388	0.22005182471220475
5292.979763014631	0.002595795211404323	0.9886244101507807	0.9939586441288338	0.2200139370388836
5293.36499008174	0.002596462045199182	0.9886302524496708	0.9939619267929725	0.21997606232454656
5293.750118221561	0.0025971289387117834	0.9886360907715644	0.99396520728712	0.219938200562601
5294.13514747604	0.002597795891936124	0.9886419251198211	0.9939684856131399	0.21990035174645858
5294.520077887098	0.0025984629048661978	0.9886477554977973	0.9939717617728928	0.21986251586953526
5294.904909496631	0.0025991299774960055	0.9886535819088469	0.9939750357682388	0.21982469292525175
5295.289642346509	0.002599797109819545	0.9886594043563185	0.9939783076010346	0.21978688290703288
5295.674276478577	0.0026004643018308193	0.9886652228435591	0.9939815772731364	0.21974908580830807
5296.058811934661	0.002601131553523835	0.9886710373739119	0.993984844786398	0.21971130162251104
5296.4432487565555	0.0026017988648925953	0.9886768479507158	0.9939881101426706	0.2196735303430798
5296.827586986033	0.0026024662359311105	0.9886826545773073	0.9939913733438048	0.219635771963457
5297.211826664845	0.0026031336666333927	0.988688457257019	0.9939946343916486	0.2195980264770897
5297.5959678347135	0.0026038011569934523	0.9886942559931814	0.9939978932880469	0.2195602938774289
5297.980010537339	0.0026044687070053045	0.9887000507891199	0.9940011500348506	0.2195225741579312
5298.363954814398	0.002605136316662968	0.9887058416481582	0.9940044046338874	0.21948486731205497
5298.747800707537	0.0026058039859604577	0.9887116285736145	0.9940076570870034	0.2194471733332652
5299.131548258386	0.0026064717148917963	0.9887174115688059	0.9940109073961185	0.21940949221504047
5299.515197508546	0.0026071395034510084	0.9887231906370452	0.9940141555627299	0.21937182395081348
5299.898748499599	0.0026078073516321177	0.9887289657816425	0.9940174015885571	0.21933416853404805
5300.282201273093	0.0026084752594291508	0.9887347370059031	0.994020645475869	0.21929652595827798
5300.66555587056	0.0026091432268361366	0.9887405043131302	0.9940238872264824	0.21925889621698808
5301.0488123335035	0.002609811253847106	0.9887462677066239	0.994027126842179	0.2192212793036633
5301.431970703409	0.0026104793404560936	0.9887520271896806	0.9940303643248127	0.2191836752118017
5301.815031021724	0.0026111474866571316	0.9887577827655921	0.9940335996762019	0.21914608393490184
5302.197993329885	0.002611815692444258	0.9887635344376489	0.9940368328981704	0.21910850546646737
5302.5808576693025	0.0026124839578115133	0.9887692822091373	0.9940400639925416	0.21907093980000658
5302.96362408136	0.0026131522827529383	0.9887750260833411	0.9940432929611354	0.21903338692903174
5303.3462926074135	0.0026138206672625744	0.9887807660635395	0.994046519805769	0.21899584684705958
5303.728863288798	0.0026144891113344675	0.9887865021530086	0.9940497445282594	0.2189583195476111
5304.1113361668295	0.0026151576149626666	0.9887922343550225	0.994052967130422	0.2189208050242119
5304.493711282793	0.0026158261781412183	0.9887979626728511	0.9940561876140686	0.21888330327039152
5304.875988677949	0.0026164948008641745	0.9888036871097607	0.99405940598101	0.21884581427968394
5305.258168393541	0.0026171634831255895	0.9888094076690149	0.9940626222330564	0.21880833804562758
5305.640250470779	0.0026178322249195167	0.9888151243538739	0.9940658363720138	0.21877087456176508
5306.022234950859	0.002618501026240015	0.9888208371675947	0.9940690483996889	0.21873342382164354
5306.404121874946	0.0026191698870811435	0.988826546113431	0.9940722583178851	0.21869598581881416
5306.785911284182	0.0026198388074369625	0.9888322511946332	0.9940754661284035	0.2186585605468326
5307.167603219684	0.0026205077873015354	0.9888379524144483	0.9940786718330447	0.21862114799925855
5307.54919772255	0.002621176826668928	0.9888436497761202	0.9940818754336073	0.21858374816965637
5307.930694833852	0.0026218459255332076	0.9888493432828901	0.9940850769318873	0.21854636105159458
5308.312094594631	0.0026225150838884424	0.9888550329379948	0.9940882763296794	0.21850898663864596
5308.693397045914	0.0026231843017287047	0.9888607187446686	0.9940914736287761	0.21847162492438735
5309.074602228699	0.0026238535790480684	0.9888664007061427	0.9940946688309691	0.21843427590240028
5309.4557101839655	0.0026245229158406076	0.988872078825645	0.9940978619380474	0.21839693956627043
5309.836720952658	0.0026251923121004	0.9888777531063995	0.9941010529517981	0.21835961590958755
5310.217634575707	0.0026258617678215235	0.9888834235516273	0.9941042418740065	0.21832230492594581
5310.598451094016	0.0026265312829980617	0.9888890901645473	0.9941074287064577	0.21828500660894384
5310.979170548466	0.0026272008576240973	0.9888947529483743	0.994110613450933	0.21824772095218414
5311.3597929799125	0.0026278704916937153	0.9889004119063198	0.9941137961092127	0.2182104479492739
5311.740318429187	0.002628540185201002	0.9889060670415916	0.9941169766830746	0.21817318759382415
5312.120746937097	0.0026292099381400474	0.9889117183573951	0.9941201551742962	0.2181359398794504
5312.501078544427	0.002629879750504943	0.9889173658569334	0.9941233315846527	0.21809870479977242
5312.881313291942	0.002630549622289782	0.9889230095434045	0.9941265059159167	0.2180614823484143
5313.261451220373	0.002631219553488658	0.9889286494200035	0.994129678169859	0.21802427251900403
5313.641492370441	0.002631889544095672	0.988934285489924	0.9941328483482504	0.21798707530517436
5314.021436782829	0.0026325595941049202	0.9889399177563554	0.994136016452858	0.2179498907005618
5314.401284498205	0.0026332297035105024	0.9889455462224825	0.9941391824854474	0.21791271869880738
5314.781035557217	0.0026338998723065264	0.9889511708914898	0.9941423464477841	0.21787555929355634
5315.1606900004745	0.002634570100487093	0.9889567917665554	0.9941455083416292	0.2178384124784577
5315.540247868579	0.0026352403880463126	0.9889624088508572	0.9941486681687444	0.21780127824716555
5315.919709202103	0.002635910734978293	0.9889680221475684	0.9941518259308881	0.21776415659333767
5316.299074041589	0.002636581141277143	0.9889736316598587	0.9941549816298173	0.21772704751063585
5316.678342427567	0.002637251606936979	0.9889792373908958	0.994158135267288	0.21768995099272656
5317.057514400536	0.002637922131951916	0.9889848393438434	0.9941612868450539	0.21765286703328027
5317.4365900009725	0.002638592716316069	0.9889904375218627	0.9941644363648665	0.2176157956259716
5317.815569269332	0.0026392633600235576	0.9889960319281104	0.9941675838284759	0.21757873676447953
5318.194452246044	0.0026399340630685036	0.9890016225657418	0.9941707292376312	0.2175416904424871
5318.573238971515	0.00264060482544503	0.9890072094379083	0.9941738725940781	0.21750465665368163
5318.95192948613	0.0026412756471472596	0.9890127925477579	0.9941770138995621	0.21746763539175454
5319.330523830248	0.0026419465281693213	0.9890183718984357	0.9941801531558262	0.21743062665040158
5319.709022044207	0.0026426174685053446	0.9890239474930838	0.994183290364612	0.21739363042332263
5320.087424168318	0.0026432884681494573	0.9890295193348404	0.9941864255276583	0.21735664670422156
5320.465730242873	0.002643959527095795	0.9890350874268422	0.9941895586467042	0.21731967548680672
5320.8439403081375	0.002644630645338493	0.9890406517722214	0.9941926897234856	0.2172827167647906
5321.222054404357	0.002645301822871685	0.9890462123741076	0.9941958187597367	0.21724577053188954
5321.600072571747	0.002645973059689512	0.9890517692356267	0.99419894575719	0.21720883678182437
5321.977994850506	0.0026466443557861138	0.9890573223599028	0.9942020707175774	0.2171719155083201
5322.355821280808	0.0026473157111556334	0.9890628717500557	0.994205193642627	0.21713500670510572
5322.733551902806	0.0026479871257922153	0.9890684174092023	0.9942083145340671	0.21709811036591442
5323.111186756616	0.002648658599690005	0.989073959340456	0.9942114333936228	0.21706122648448348
5323.488725882351	0.0026493301328431524	0.989079497546929	0.9942145502230192	0.2170243550545546
5323.86616932009	0.0026500017252458073	0.9890850320317286	0.994217665023978	0.2169874960698735
5324.243517109891	0.002650673376892122	0.9890905627979591	0.99422077779822	0.21695064952418985
5324.620769291782	0.002651345087776252	0.9890960898487227	0.9942238885474642	0.21691381541125768
5324.997925905778	0.0026520168578923523	0.9891016131871173	0.9942269972734277	0.21687699372483502
5325.374986991865	0.0026526886872345807	0.9891071328162386	0.9942301039778255	0.21684018445868425
5325.75195259001	0.0026533605757970997	0.9891126487391797	0.9942332086623723	0.2168033876065715
5326.128822740148	0.002654032523574069	0.989118160959029	0.9942363113287795	0.21676660316226745
5326.505597482201	0.0026547045305596534	0.989123669478873	0.9942394119787578	0.2167298311195467
5326.882276856063	0.0026553765967480196	0.9891291743017953	0.9942425106140155	0.21669307147218794
5327.258860901609	0.002656048722133336	0.9891346754308756	0.9942456072362601	0.21665632421397413
5327.635349658685	0.002656720906709772	0.9891401728691913	0.9942487018471962	0.21661958933869216
5328.011743167115	0.0026573931504714978	0.9891456666198161	0.9942517944485274	0.2165828668401331
5328.3880414667055	0.0026580654534126905	0.9891511566858212	0.9942548850419566	0.2165461567120922
5328.7642445972315	0.0026587378155275222	0.9891566430702745	0.9942579736291823	0.21650945894836865
5329.1403525984515	0.002659410236810173	0.989162125776241	0.994261060211904	0.21647277354276595
5329.516365510103	0.0026600827172548218	0.9891676048067819	0.9942641447918182	0.21643610048909162
5329.892283371895	0.0026607552568556512	0.9891730801649575	0.9942672273706206	0.21639943978115717
5330.268106223512	0.0026614278556068437	0.9891785518538229	0.9942703079500037	0.21636279141277834
5330.6438341046205	0.0026621005135025843	0.9891840198764302	0.9942733865316593	0.21632615537777483
5331.019467054864	0.0026627732305370615	0.9891894842358295	0.9942764631172774	0.2162895316699705
5331.395005113861	0.002663446006704465	0.9891949449350682	0.9942795377085467	0.21625292028319332
5331.770448321206	0.0026641188419989853	0.9892004019771898	0.9942826103071537	0.2162163212112754
5332.1457967164715	0.0026647917364148134	0.989205855365234	0.9942856809147831	0.21617973444805258
5332.521050339211	0.0026654646899461486	0.9892113051022396	0.9942887495331189	0.2161431599873652
5332.896209228952	0.0026661377025871853	0.9892167511912409	0.994291816163842	0.21610659782305744
5333.271273425197	0.002666810774332124	0.9892221936352699	0.9942948808086324	0.21607004794897772
5333.646242967433	0.002667483905175164	0.9892276324373553	0.994297943469169	0.21603351035897825
5334.021117895112	0.002668157095110507	0.9892330676005219	0.9943010041471273	0.21599698504691528
5334.395898247672	0.002668830344132361	0.9892384991277928	0.9943040628441828	0.21596047200664958
5334.770584064532	0.002669503652234931	0.9892439270221886	0.9943071195620091	0.21592397123204543
5335.145175385079	0.0026701770194124254	0.9892493512867253	0.9943101743022773	0.21588748271697153
5335.519672248681	0.002670850445659055	0.9892547719244164	0.9943132270666573	0.21585100645530048
5335.894074694686	0.002671523930969034	0.989260188938273	0.9943162778568181	0.21581454244090886
5336.268382762417	0.0026721974753365746	0.9892656023313036	0.9943193266744258	0.21577809066767736
5336.642596491171	0.0026728710787558927	0.9892710121065119	0.9943223735211453	0.21574165112949079
5337.016715920228	0.002673544741221207	0.9892764182669003	0.9943254183986403	0.21570522382023793
5337.3907410888405	0.002674218462726738	0.9892818208154676	0.9943284613085718	0.21566880873381133
5337.764672036244	0.002674892243266708	0.9892872197552091	0.9943315022525996	0.21563240586410792
5338.138508801649	0.0026755660828353413	0.9892926150891188	0.9943345412323831	0.21559601520502858
5338.512251424238	0.0026762399814268603	0.989298006820186	0.9943375782495784	0.21555963675047804
5338.885899943181	0.002676913939035498	0.9893033949513987	0.9943406133058412	0.2155232704943654
5339.259454397616	0.0026775879556554813	0.98930877948574	0.994343646402824	0.2154869164306034
5339.63291482666	0.0026782620312810405	0.9893141604261911	0.9943466775421788	0.21545057455310868
5340.006281269418	0.0026789361659064104	0.9893195377757309	0.994349706725556	0.2154142448558025
5340.379553764962	0.002679610359525827	0.9893249115373348	0.9943527339546044	0.21537792733260958
5340.75273235234	0.002680284612133527	0.9893302817139745	0.9943557592309703	0.2153416219774588
5341.125817070583	0.002680958923723749	0.9893356483086191	0.9943587825562988	0.21530532878428293
5341.4988079587	0.0026816332942907342	0.9893410113242356	0.9943618039322335	0.21526904774701902
5341.871705055676	0.0026823077238287267	0.989346370763788	0.994364823360417	0.2152327788596079
5342.244508400473	0.0026829822123319714	0.989351726630237	0.9943678408424895	0.21519652211599444
5342.617218032029	0.0026836567597947145	0.9893570789265393	0.9943708563800898	0.21516027751012734
5342.989833989263	0.002684331366211204	0.9893624276556503	0.9943738699748543	0.21512404503595953
5343.3623563110705	0.0026850060315756915	0.9893677728205222	0.9943768816284189	0.2150878246874478
5343.734785036324	0.0026856807558824276	0.9893731144241038	0.9943798913424177	0.21505161645855286
5344.107120203872	0.002686355539125669	0.9893784524693409	0.9943828991184824	0.2150154203432395
5344.479361852545	0.0026870303812996706	0.9893837869591771	0.9943859049582441	0.21497923633547641
5344.851510021148	0.00268770528239869	0.9893891178965522	0.9943889088633311	0.21494306442923605
5345.223564748461	0.00268838024241699	0.989394445284404	0.9943919108353713	0.21490690461849526
5345.595526073253	0.0026890552613488294	0.989399769125667	0.994394910875991	0.21487075689723464
5345.96739403426	0.002689730339188474	0.9894050894232729	0.9943979089868136	0.21483462125943856
5346.339168670195	0.002690405475930189	0.9894104061801502	0.9944009051694616	0.2147984976990955
5346.710850019754	0.002691080671568241	0.9894157193992249	0.9944038994255561	0.214762386210198
5347.0824381216125	0.0026917559260969002	0.9894210290834197	0.9944068917567167	0.2147262867867425
5347.453933014419	0.0026924312395104396	0.9894263352356556	0.9944098821645614	0.21469019942272918
5347.825334736802	0.0026931066118031292	0.9894316378588486	0.9944128706507055	0.2146541241121623
5348.196643327364	0.002693782042969245	0.9894369369559128	0.9944158572167637	0.21461806084904994
5348.567858824694	0.0026944575330030674	0.9894422325297617	0.9944188418643496	0.2145820096274044
5348.938981267352	0.0026951330818988724	0.9894475245833029	0.9944218245950743	0.21454597044124174
5349.310010693872	0.0026958086896509397	0.9894528131194414	0.9944248054105472	0.21450994328458178
5349.680947142775	0.0026964843562535534	0.9894580981410805	0.9944277843123768	0.21447392815144847
5350.051790652561	0.002697160081700998	0.9894633796511212	0.9944307613021692	0.21443792503586961
5350.422541261699	0.00269783586598756	0.9894686576524597	0.99443373638153	0.21440193393187687
5350.79319900864	0.0026985117091075277	0.9894739321479907	0.9944367095520626	0.21436595483350604
5351.163763931812	0.0026991876110551913	0.989479203140606	0.9944396808153686	0.2143299877347966
5351.534236069625	0.002699863571824842	0.9894844706331937	0.9944426501730469	0.2142940326297918
5351.904615460465	0.002700539591410776	0.9894897346286403	0.9944456176267011	0.2142580895125396
5352.274902142689	0.002701215669807285	0.9894949951298284	0.9944485831779226	0.21422215837709055
5352.645096154643	0.0027018918070086683	0.9895002521396379	0.9944515468282928	0.21418623921749821
5353.01519753465	0.002702568003009227	0.9895055056609467	0.9944545085794795	0.21415033202782993
5353.3852063210015	0.002703244257803263	0.9895107556966299	0.9944574684329229	0.21411443680213174
5353.755122551975	0.0027039205713850776	0.9895160022495583	0.9944604263898978	0.2140785535344348
5354.124946265817	0.0027045969437489745	0.9895212453226003	0.9944633824523277	0.21404268221884737
5354.494677500769	0.002705273374889262	0.989526484918623	0.9944663366219608	0.2140068228494621
5354.864316295041	0.002705949864800252	0.9895317210404899	0.9944692889002951	0.21397097542034751
5355.233862686816	0.00270662641347625	0.989536953691061	0.99447223928893	0.2139351399255876
5355.60331671426	0.002707303020911572	0.9895421828731935	0.9944751877894547	0.2138993163592694
5355.9726784155155	0.002707979687100532	0.9895474085897427	0.9944781344034448	0.21386350471548218
5356.341947828713	0.0027086564120374457	0.9895526308435613	0.9944810791324825	0.21382770498832018
5356.711124991949	0.0027093331957166312	0.9895578496374974	0.9944840219781448	0.2137919171718811
5357.080209943298	0.002710010038132407	0.9895630649743979	0.9944869629420078	0.2137561412602665
5357.449202720821	0.002710686939279097	0.9895682768571074	0.9944899020256478	0.21372037724758203
5357.818103362554	0.002711363899151026	0.9895734852884656	0.9944928392306372	0.21368462512793696
5358.186911906511	0.0027120409177425167	0.9895786902713111	0.9944957745585481	0.21364888489544445
5358.555628390678	0.002712717995047896	0.9895838918084792	0.994498708010951	0.21361315654422144
5358.924252853034	0.0027133951310614962	0.9895890899028029	0.9945016395894147	0.21357744006838905
5359.292785331524	0.0027140723257776467	0.9895942845571114	0.9945045692955063	0.213541735462072
5359.661225864072	0.00271474957919068	0.9895994757742319	0.9945074971307912	0.2135060427193987
5360.029574488586	0.002715426891294932	0.9896046635569884	0.9945104230968337	0.2134703618345014
5360.397831242951	0.0027161042620847385	0.9896098479082033	0.9945133471951972	0.2134346928015167
5360.765996165029	0.002716781691554437	0.9896150288306946	0.9945162694274416	0.21339903561458445
5361.134069292655	0.002717459179698371	0.9896202063272784	0.9945191897951271	0.21336339026784856
5361.502050663653	0.00271813672651088	0.9896253804007683	0.9945221082998118	0.21332775675545665
5361.869940315818	0.0027188143319863086	0.9896305510539739	0.9945250249430514	0.21329213507156028
5362.237738286927	0.0027194919961190025	0.989635718289704	0.9945279397264017	0.21325652521031496
5362.6054446147355	0.00272016971890331	0.989640882110763	0.9945308526514156	0.21322092716587962
5362.973059336972	0.0027208475003335808	0.9896460425199531	0.9945337637196456	0.21318534093241723
5363.340582491352	0.002721525340404165	0.9896511995200742	0.9945366729326418	0.2131497665040947
5363.708014115564	0.002722203239109415	0.9896563531139229	0.9945395802919528	0.21311420387508245
5364.075354247275	0.0027228811964436885	0.9896615033042933	0.994542485799126	0.21307865303955495
5364.442602924129	0.0027235592124013413	0.9896666500939761	0.9945453894557069	0.2130431139916903
5364.8097601837535	0.002724237286976731	0.9896717934857607	0.9945482912632406	0.2130075867256704
5365.176826063755	0.002724915420164218	0.9896769334824322	0.994551191223269	0.21297207123568107
5365.543800601716	0.002725593611958168	0.989682070086775	0.9945540893373342	0.212936567515912
5365.9106838351945	0.0027262718623529414	0.9896872033015686	0.9945569856069756	0.21290107556055626
5366.277475801731	0.0027269501713429066	0.9896923331295908	0.9945598800337311	0.21286559536381108
5366.644176538845	0.0027276285389224307	0.9896974595736167	0.9945627726191381	0.21283012691987735
5367.010786084031	0.0027283069650858825	0.9897025826364183	0.9945656633647313	0.21279467022295961
5367.377304474765	0.002728985449827633	0.9897077023207652	0.9945685522720442	0.21275922526726637
5367.743731748503	0.002729663993142057	0.9897128186294251	0.9945714393426097	0.21272379204700992
5368.110067942677	0.0027303425950235298	0.9897179315651617	0.9945743245779585	0.2126883705564062
5368.4763130946985	0.0027310212554664277	0.9897230411307363	0.994577207979619	0.21265296078967472
5368.842467241958	0.0027316999744651294	0.9897281473289073	0.9945800895491195	0.21261756274103918
5369.208530421825	0.002732378752014015	0.9897332501624319	0.9945829692879864	0.2125821764047269
5369.574502671649	0.0027330575881074678	0.989738349634063	0.994585847197744	0.21254680177496868
5369.940384028754	0.0027337364827398733	0.9897434457465517	0.994588723279916	0.21251143884599938
5370.306174530446	0.0027344154359056154	0.9897485385026451	0.9945915975360236	0.21247608761205747
5370.671874214008	0.002735094447599081	0.9897536279050895	0.9945944699675872	0.2124407480673852
5371.0374831167055	0.002735773517814663	0.9897587139566276	0.9945973405761258	0.21240542020622868
5371.40300127578	0.002736452646546752	0.9897637966599991	0.9946002093631566	0.21237010402283757
5371.76842872845	0.002737131833789739	0.9897688760179411	0.9946030763301953	0.2123347995114652
5372.13376551192	0.0027378110795380217	0.9897739520331887	0.9946059414787561	0.21229950666636888
5372.499011663364	0.002738490383785996	0.9897790247084743	0.9946088048103525	0.21226422548180968
5372.864167219938	0.00273916974652806	0.9897840940465267	0.9946116663264949	0.21222895595205207
5373.229232218785	0.002739849167758617	0.9897891600500729	0.9946145260286936	0.21219369807136457
5373.594206697011	0.002740528647472064	0.9897942227218366	0.9946173839184567	0.21215845183401905
5373.959090691716	0.0027412081856628095	0.9897992820645399	0.9946202399972915	0.2121232172342916
5374.323884239975	0.0027418877823252603	0.989804338080901	0.9946230942667034	0.21208799426646155
5374.688587378832	0.0027425674374538214	0.9898093907736364	0.9946259467281963	0.2120527829248123
5375.053200145326	0.002743247151042903	0.9898144401454596	0.9946287973832724	0.21201758320363084
5375.417722576466	0.002743926923086917	0.9898194861990813	0.9946316462334335	0.2119823950972077
5375.782154709241	0.002744606753580277	0.9898245289372098	0.9946344932801788	0.21194721859983737
5376.1464965806135	0.002745286642517398	0.9898295683625506	0.9946373385250062	0.2119120537058179
5376.510748227534	0.002745966589892695	0.9898346044778068	0.994640181969412	0.21187690040945104
5376.874909686932	0.002746646595700588	0.9898396372856789	0.9946430236148923	0.21184175870504224
5377.238980995708	0.0027473266599354973	0.9898446667888642	0.99464586346294	0.21180662858690066
5377.602962190748	0.002748006782591845	0.9898496929900579	0.9946487015150481	0.21177151004933925
5377.966853308915	0.002748686963664054	0.9898547158919525	0.9946515377727065	0.2117364030866743
5378.330654387057	0.0027493672031465525	0.9898597354972383	0.9946543722374055	0.2117013076932263
5378.694365461988	0.0027500475010337655	0.9898647518086019	0.9946572049106323	0.21166622386331904
5379.057986570509	0.0027507278573201226	0.9898697648287281	0.9946600357938733	0.2116311515912801
5379.421517749404	0.002751408272000058	0.9898747745602994	0.9946628648886144	0.21159609087144066
5379.78495903543	0.002752088745068001	0.9898797810059946	0.9946656921963382	0.21156104169813567
5380.148310465326	0.0027527692765183884	0.9898847841684906	0.9946685177185266	0.21152600406570377
5380.511572075813	0.0027534498663456565	0.9898897840504625	0.9946713414566615	0.21149097796848718
5380.8747439035815	0.0027541305145442436	0.9898947806545809	0.9946741634122207	0.21145596340083178
5381.23782598531	0.002754811221108587	0.9898997739835154	0.9946769835866829	0.21142096035708727
5381.60081835766	0.0027554919860331337	0.9899047640399322	0.9946798019815246	0.21138596883160674
5381.963721057257	0.002756172809312323	0.9899097508264952	0.9946826185982199	0.2113509888187471
5382.326534120716	0.0027568536909406013	0.9899147343458654	0.994685433438242	0.21131602031286884
5382.689257584636	0.002757534630912418	0.9899197146007029	0.9946882465030645	0.21128106330833646
5383.051891485586	0.002758215629222221	0.9899246915936627	0.9946910577941568	0.21124611779951744
5383.414435860114	0.0027588966858644597	0.9899296653273982	0.9946938673129877	0.21121118378078332
5383.776890744759	0.002759577800833588	0.9899346358045608	0.9946966750610258	0.21117626124650932
5384.139256176022	0.0027602589741240577	0.9899396030277984	0.9946994810397367	0.211141350191074
5384.5015321904	0.0027609402057303277	0.9899445669997575	0.9947022852505856	0.21110645060885985
5384.863718824364	0.0027616214956468566	0.9899495277230816	0.9947050876950364	0.21107156249425296
5385.225816114355	0.0027623028438681016	0.9899544852004105	0.99470788837455	0.21103668584164276
5385.587824096806	0.0027629842503885255	0.9899594394343831	0.9947106872905878	0.2110018206454227
5385.949742808125	0.0027636657152025927	0.9899643904276348	0.9947134844446093	0.21096696689998973
5386.311572284698	0.0027643472383047656	0.989969338182799	0.9947162798380713	0.21093212459974406
5386.673312562891	0.0027650288196895117	0.9899742827025058	0.9947190734724307	0.21089729373909
5387.034963679048	0.002765710459351299	0.9899792239893831	0.994721865349142	0.2108624743124353
5387.396525669496	0.0027663921572846006	0.9899841620460568	0.994724655469659	0.21082766631419117
5387.757998570539	0.0027670739134838854	0.9899890968751494	0.9947274438354339	0.21079286973877262
5388.119382418465	0.0027677557279436296	0.9899940284792815	0.9947302304479172	0.21075808458059833
5388.480677249532	0.0027684376006583055	0.9899989568610708	0.9947330153085577	0.21072331083409027
5388.841883099987	0.0027691195316223924	0.9900038820231324	0.994735798418804	0.2106885484936742
5389.203000006056	0.0027698015208303716	0.9900088039680799	0.9947385797801024	0.21065379755377964
5389.564028003939	0.0027704835682767215	0.990013722698523	0.9947413593938981	0.21061905800883954
5389.924967129816	0.0027711656739559257	0.9900186382170693	0.994744137261634	0.21058432985329006
5390.285817419849	0.002771847837862467	0.9900235505263241	0.9947469133847532	0.21054961308157166
5390.64657891018	0.0027725300599908327	0.9900284596288897	0.9947496877646957	0.21051490768812797
5391.007251636932	0.0027732123403355104	0.990033365527367	0.9947524604029012	0.2104802136674062
5391.367835636205	0.0027738946788909906	0.9900382682243535	0.9947552313008083	0.2104455310138573
5391.728330944079	0.002774577075651765	0.9900431677224442	0.9947580004598532	0.21041085972193574
5392.088737596614	0.0027752595306123253	0.9900480640242318	0.9947607678814715	0.21037619978609945
5392.44905562985	0.002775942043767167	0.9900529571323062	0.9947635335670961	0.2103415512008099
5392.809285079805	0.0027766246151107866	0.9900578470492551	0.9947662975181603	0.21030691396053247
5393.16942598248	0.0027773072446376835	0.9900627337776642	0.9947690597360953	0.21027228805973577
5393.529478373854	0.002777989932342356	0.9900676173201154	0.9947718202223301	0.21023767349289207
5393.889442289881	0.002778672678219308	0.9900724976791891	0.9947745789782931	0.21020307025447715
5394.249317766508	0.002779355482263044	0.9900773748574639	0.9947773360054125	0.21016847833897062
5394.609104839647	0.0027800383444680664	0.9900822488575136	0.9947800913051119	0.21013389774085509
5394.968803545196	0.002780721264828883	0.9900871196819113	0.9947828448788165	0.2100993284546172
5395.328413919036	0.002781404243340005	0.9900919873332278	0.9947855967279491	0.21006477047474711
5395.687935997025	0.0027820872799959426	0.9900968518140303	0.9947883468539309	0.21003022379573827
5396.047369814998	0.0027827703747912076	0.9901017131268844	0.9947910952581822	0.20999568841208785
5396.406715408772	0.0027834535277203114	0.9901065712743528	0.9947938419421211	0.20996116431829653
5396.765972814142	0.0027841367387777725	0.9901114262589948	0.9947965869071647	0.20992665150886833
5397.12514206689	0.0027848200079581115	0.9901162780833701	0.9947993301547298	0.20989214997831118
5397.484223202773	0.0027855033352558443	0.9901211267500335	0.9948020716862308	0.20985765972113643
5397.843216257528	0.0027861867206654916	0.9901259722615374	0.9948048115030803	0.20982318073185866
5398.202121266864	0.0027868701641815758	0.9901308146204321	0.9948075496066898	0.20978871300499624
5398.560938266487	0.0027875536657986245	0.9901356538292665	0.9948102859984707	0.20975425653507113
5398.919667292072	0.0027882372255111625	0.9901404898905855	0.9948130206798311	0.20971981131660852
5399.278308379272	0.002788920843313718	0.9901453228069326	0.9948157536521796	0.20968537734413734
5399.636861563725	0.002789604519200821	0.9901501525808482	0.9948184849169218	0.20965095461219
5399.99532688105	0.002790288253167003	0.9901549792148706	0.9948212144754633	0.20961654311530248
5400.3537043668375	0.0027909720452067967	0.9901598027115359	0.9948239423292068	0.20958214284801402
5400.711994056674	0.002791655895314738	0.9901646230733767	0.9948266684795554	0.20954775380486765
5401.070195986109	0.002792339803485361	0.9901694403029245	0.9948293929279094	0.20951337598040973
5401.428310190682	0.002793023769713208	0.9901742544027082	0.9948321156756691	0.20947900936919026
5401.786336705907	0.002793707793992818	0.9901790653752532	0.9948348367242319	0.2094446539657625
5402.144275567286	0.0027943918763187327	0.990183873223083	0.9948375560749951	0.20941030976468353
5402.502126810291	0.0027950760166854938	0.9901886779487193	0.9948402737293538	0.20937597676051364
5402.85989047038	0.002795760215087649	0.9901934795546802	0.9948429896887021	0.20934165494781667
5403.217566582993	0.0027964444715197455	0.9901982780434824	0.9948457039544333	0.20930734432116022
5403.575155183544	0.002797128785976332	0.9902030734176402	0.9948484165279389	0.2092730448751149
5403.932656307435	0.002797813158451958	0.9902078656796641	0.9948511274106083	0.20923875660425503
5404.290069990039	0.0027984975889411754	0.9902126548320648	0.9948538366038313	0.20920447950315874
5404.647396266717	0.0027991820774385394	0.9902174408773478	0.9948565441089943	0.20917021356640705
5405.004635172807	0.0027998666239386068	0.9902222238180172	0.9948592499274825	0.2091359587885846
5405.361786743625	0.0028005512284359334	0.9902270036565757	0.9948619540606861	0.20910171516428025
5405.7188510144715	0.0028012358909250785	0.9902317803955224	0.9948646565099797	0.20906748268808484
5406.075828020624	0.0028019206114006014	0.9902365540373542	0.9948673572767399	0.20903326135459274
5406.432717797343	0.002802605389857068	0.990241324584566	0.9948700563624101	0.20899905115840944
5406.789520379868	0.0028032902262890434	0.9902460920396507	0.9948727537681795	0.20896485209411692
5407.146235803417	0.0028039751206910893	0.9902508564050972	0.9948754494951804	0.20893066415629458
5407.502864103188	0.002804660073057774	0.9902556176833931	0.9948781435451274	0.20889648733958718
5407.859405314363	0.002805345083383668	0.9902603758770233	0.9948808359195181	0.2088623216386202
5408.215859472107	0.002806030151663343	0.9902651309884716	0.994883526619646	0.20882816704800072
5408.572226611556	0.002806715277891374	0.9902698830202181	0.9948862156468993	0.20879402356235
5408.928506767829	0.002807400462062333	0.9902746319747402	0.9948889030026544	0.20875989117629118
5409.284699976029	0.002808085704170795	0.9902793778545136	0.9948915886882764	0.20872576988444988
5409.6408062712435	0.0028087710042113407	0.9902841206620118	0.9948942727051359	0.208691659681456
5409.996825688529	0.0028094563621785477	0.9902888603997054	0.9948969550545997	0.20865756056194268
5410.352758262928	0.002810141778067	0.9902935970700636	0.9948996357380339	0.20862347252054636
5410.70860402947	0.0028108272518712774	0.9902983306755518	0.994902314756803	0.20858939555190678
5411.064363023152	0.002811512783585967	0.9903030612186337	0.9949049921122706	0.2085553296506675
5411.420035278956	0.0028121983732056536	0.9903077887017707	0.9949076678057981	0.20852127481147514
5411.775620831852	0.0028128840207249256	0.9903125131274223	0.9949103418387465	0.20848723102897987
5412.131119716785	0.0028135697261383753	0.9903172344980452	0.9949130142124759	0.20845319829783546
5412.486531968677	0.002814255489440593	0.9903219528160937	0.994915684928344	0.2084191766126991
5412.841857622436	0.0028149413106261715	0.9903266680840196	0.9949183539877072	0.20838516596823078
5413.197096712948	0.0028156271896897073	0.9903313803042726	0.9949210213919215	0.20835116635909462
5413.552249275081	0.0028163131266257958	0.9903360894793001	0.9949236871423411	0.2083171777799579
5413.90731534368	0.0028169991214290345	0.9903407956115469	0.9949263512403186	0.20828320022549116
5414.262294953578	0.0028176851740940247	0.990345498703456	0.9949290136872057	0.20824923369036843
5414.617188139578	0.0028183712846153682	0.9903501987574673	0.9949316744843527	0.2082152781692673
5414.971994936466	0.0028190574529876676	0.9903548957760182	0.9949343336331085	0.20818133365686847
5415.32671537902	0.0028197436792055295	0.9903595897615454	0.9949369911348209	0.2081474001478563
5415.6813495019915	0.0028204299632635615	0.9903642807164822	0.9949396469908367	0.2081134776369186
5416.035897340105	0.002821116305156371	0.9903689686432591	0.9949423012025008	0.2080795661187461
5416.390358928073	0.0028218027048785657	0.9903736535443047	0.9949449537711567	0.2080456655880333
5416.744734300591	0.0028224891624247603	0.9903783354220452	0.9949476046981472	0.20801177603947807
5417.099023492332	0.002823175677789568	0.990383014278905	0.9949502539848134	0.2079778974677815
5417.453226537946	0.002823862250967604	0.9903876901173057	0.9949529016324955	0.20794402986764818
5417.807343472071	0.0028245488819534843	0.9903923629396669	0.9949555476425322	0.2079101732337861
5418.16137432932	0.0028252355707418307	0.9903970327484052	0.9949581920162607	0.20787632756090652
5418.51531914429	0.002825922317327263	0.9904016995459359	0.9949608347550177	0.2078424928437241
5418.869177951557	0.002826609121704401	0.9904063633346711	0.9949634758601373	0.207808669076957
5419.222950785676	0.002827295983867866	0.9904110241170204	0.9949661153329528	0.20777485625532638
5419.576637681191	0.0028279829038122886	0.990415681895393	0.9949687531747975	0.20774105437355705
5419.930238672614	0.0028286698815322936	0.9904203366721933	0.9949713893870019	0.2077072634263773
5420.283753794446	0.0028293569170225095	0.9904249884498247	0.9949740239708954	0.20767348340851854
5420.637183081173	0.0028300440102775695	0.990429637230689	0.9949766569278071	0.2076397143147156
5420.990526567251	0.002830731161292102	0.9904342830171841	0.9949792882590637	0.2076059561397066
5421.343784287124	0.0028314183700607425	0.9904389258117069	0.9949819179659916	0.20757220887823324
5421.696956275212	0.0028321056365781263	0.9904435656166508	0.9949845460499147	0.20753847252504018
5422.050042565919	0.002832792960838889	0.9904482024344079	0.9949871725121566	0.20750474707487573
5422.403043193636	0.0028334803428376725	0.9904528362673686	0.99498979735404	0.20747103252249163
5422.755958192725	0.0028341677825691153	0.9904574671179194	0.9949924205768856	0.20743732886264263
5423.108787597531	0.0028348552800278605	0.9904620949884453	0.9949950421820126	0.20740363609008686
5423.461531442381	0.002835542835208553	0.9904667198813287	0.9949976621707393	0.20736995419958598
5423.8141897615815	0.002836230448105833	0.9904713417989505	0.9950002805443826	0.20733628318590486
5424.166762589426	0.002836918118714354	0.9904759607436893	0.9950028973042591	0.20730262304381183
5424.519249960184	0.0028376058470287614	0.9904805767179203	0.9950055124516827	0.20726897376807846
5424.871651908106	0.0028382936330437077	0.9904851897240177	0.9950081259879667	0.20723533535347952
5425.223968467422	0.0028389814767538425	0.9904897997643525	0.9950107379144235	0.20720170779479316
5425.576199672343	0.0028396693781538207	0.9904944068412936	0.995013348232363	0.20716809108680093
5425.928345557071	0.0028403573372382993	0.9904990109572085	0.9950159569430956	0.2071344852242878
5426.280406155779	0.0028410453540019353	0.9905036121144617	0.9950185640479297	0.2071008902020418
5426.632381502615	0.002841733428439386	0.9905082103154152	0.9950211695481713	0.20706730601485426
5426.984271631724	0.00284242156054531	0.9905128055624295	0.995023773445127	0.20703373265752006
5427.336076577223	0.0028431097503143735	0.9905173978578623	0.9950263757401009	0.20700017012483726
5427.687796373211	0.0028437979977412394	0.9905219872040694	0.9950289764343968	0.20696661841160724
5428.039431053768	0.002844486302820572	0.9905265736034041	0.9950315755293163	0.20693307751263454
5428.390980652953	0.0028451746655470374	0.9905311570582173	0.9950341730261597	0.20689954742272712
5428.742445204813	0.0028458630859153075	0.9905357375708588	0.9950367689262276	0.2068660281366964
5429.093824743368	0.00284655156392005	0.9905403151436744	0.9950393632308173	0.20683251964935684
5429.445119302624	0.002847240099555939	0.9905448897790088	0.995041955941227	0.20679902195552613
5429.796328916569	0.002847928692817647	0.9905494614792048	0.9950445470587516	0.20676553505002554
5430.147453619169	0.0028486173436998497	0.9905540302466019	0.9950471365846859	0.2067320589276794
5430.498493444373	0.0028493060521972238	0.9905585960835379	0.9950497245203235	0.20669859358331547
5430.849448426107	0.002849994818304449	0.9905631589923484	0.9950523108669561	0.20666513901176453
5431.200318598283	0.0028506836420162038	0.9905677189753666	0.9950548956258748	0.20663169520786095
5431.551103994794	0.00285137252332717	0.9905722760349237	0.9950574787983689	0.20659826216644211
5431.9018046495175	0.002852061462232035	0.9905768301733493	0.995060060385728	0.20656483988234894
5432.252420596303	0.0028527504587254828	0.9905813813929696	0.9950626403892383	0.20653142835042554
5432.602951868982	0.0028534395128021963	0.9905859296961084	0.9950652188101853	0.20649802756551883
5432.95339850138	0.0028541286244568686	0.9905904750850894	0.9950677956498551	0.20646463752247982
5433.303760527292	0.0028548177936841878	0.9905950175622319	0.9950703709095304	0.20643125821616218
5433.654037980493	0.002855507020478846	0.9905995571298531	0.9950729445904931	0.20639788964142275
5434.00423089475	0.0028561963048355367	0.9906040937902703	0.995075516694025	0.20636453179312217
5434.354339303808	0.0028568856467489573	0.9906086275457965	0.9950780872214063	0.20633118466612413
5434.704363241382	0.002857575046213801	0.9906131583987423	0.9950806561739147	0.20629784825529526
5435.054302741181	0.002858264503224769	0.9906176863514173	0.9950832235528282	0.2062645225555056
5435.404157836888	0.002858954017776559	0.9906222114061283	0.9950857893594225	0.20623120756162855
5435.753928562175	0.0028596435898638733	0.9906267335651799	0.9950883535949728	0.20619790326854076
5436.103614950687	0.002860333219481416	0.9906312528308749	0.9950909162607532	0.20616460967112205
5436.453217036058	0.0028610229066238927	0.9906357692055138	0.9950934773580357	0.20613132676425547
5436.802734851902	0.0028617126512860097	0.9906402826913948	0.9950960368880921	0.2060980545428272
5437.152168431804	0.0028624024534624737	0.9906447932908136	0.9950985948521924	0.20606479300172684
5437.5015178093445	0.002863092313147996	0.9906493010060642	0.9951011512516059	0.2060315421358472
5437.850783018077	0.0028637822303372897	0.9906538058394382	0.9951037060875996	0.20599830194008434
5438.199964091544	0.002864472205025065	0.9906583077932257	0.9951062593614409	0.20596507240933723
5438.54906106326	0.002865162237206037	0.9906628068697132	0.9951088110743942	0.20593185353850837
5438.898073966725	0.002865852326874923	0.9906673030711859	0.995111361227724	0.20589864532250343
5439.247002835423	0.0028665424740264406	0.9906717963999275	0.9951139098226933	0.2058654477562314
5439.595847702813	0.002867232678655309	0.990676286858218	0.9951164568605633	0.2058322608346041
5439.944608602345	0.0028679229407562513	0.9906807744483366	0.995119002342595	0.20579908455253706
5440.29328556745	0.0028686132603239906	0.9906852591725601	0.995121546270048	0.20576591890494866
5440.641878631529	0.002869303637353249	0.9906897410331627	0.9951240886441799	0.20573276388676068
5440.990387827975	0.002869994071838754	0.9906942200324165	0.9951266294662482	0.20569961949289808
5441.338813190156	0.002870684563775233	0.9906986961725912	0.995129168737508	0.20566648571828872
5441.6871547514265	0.0028713751131574142	0.990703169455955	0.9951317064592133	0.20563336255786413
5442.035412545123	0.002872065719980032	0.9907076398847746	0.9951342426326191	0.2056002500065589
5442.383586604561	0.0028727563842378184	0.9907121074613123	0.9951367772589766	0.20556714805931053
5442.731676963036	0.0028734471059255052	0.9907165721878303	0.9951393103395367	0.20553405671105993
5443.07968365383	0.0028741378850378287	0.9907210340665877	0.9951418418755491	0.20550097595675135
5443.4276067102	0.002874828721569527	0.9907254930998416	0.9951443718682621	0.2054679057913319
5443.775446165398	0.0028755196155153427	0.9907299492898483	0.9951469003189247	0.20543484620975228
5444.123202052638	0.0028762105668700107	0.9907344026388593	0.9951494272287814	0.20540179720696586
5444.470874405129	0.0028769015756282762	0.9907388531491257	0.9951519525990776	0.2053687587779296
5444.818463256064	0.0028775926417848826	0.9907433008228969	0.9951544764310576	0.20533573091760343
5445.16596863861	0.002878283765334577	0.990747745662419	0.995156998725964	0.2053027136209506
5445.513390585916	0.0028789749462721044	0.9907521876699369	0.9951595194850386	0.20526970688293747
5445.860729131117	0.002879666184592215	0.9907566268476926	0.9951620387095209	0.20523671069853344
5446.207984307325	0.0028803574802896584	0.990761063197926	0.9951645564006499	0.20520372506271123
5446.55515614764	0.0028810488333591887	0.9907654967228764	0.9951670725596653	0.20517074997044688
5446.902244685143	0.002881740243795558	0.9907699274247792	0.9951695871878028	0.20513778541671915
5447.249249952891	0.002882431711593521	0.9907743553058679	0.9951721002862973	0.20510483139651037
5447.596171983922	0.0028831232367478353	0.9907787803683744	0.9951746118563838	0.2050718879048057
5447.943010811263	0.0028838148192532587	0.9907832026145285	0.9951771218992957	0.20503895493659377
5448.289766467923	0.0028845064591045523	0.9907876220465583	0.9951796304162659	0.20500603248686625
5448.636438986885	0.0028851981562964756	0.9907920386666886	0.995182137408524	0.20497312055061778
5448.983028401123	0.002885889910823795	0.9907964524771437	0.9951846428773008	0.20494021912284638
5449.329534743585	0.0028865817226812742	0.990800863480144	0.9951871468238245	0.20490732819855315
5449.675958047205	0.0028872735918636797	0.9908052716779091	0.9951896492493225	0.20487444777274227
5450.022298344896	0.0028879655183657784	0.990809677072656	0.9951921501550213	0.204841577840421
5450.3685556695555	0.00288865750218234	0.9908140796665997	0.9951946495421456	0.20480871839660003
5450.7147300540655	0.0028893495433081383	0.9908184794619537	0.9951971474119201	0.204775869436293
5451.060821531287	0.002890041641737946	0.9908228764609285	0.9951996437655676	0.20474303095451654
5451.406830134062	0.0028907337974665346	0.9908272706657326	0.995202138604309	0.20471020294629064
5451.752755895211	0.002891426010488681	0.9908316620785728	0.9952046319293653	0.20467738540663824
5452.098598847531	0.002892118280799164	0.9908360507016534	0.9952071237419556	0.20464457833058544
5452.4443590238725	0.0028928106083927615	0.9908404365371776	0.9952096140432981	0.20461178171316172
5452.790036457	0.0028935029932642582	0.9908448195873463	0.995212102834611	0.20457899554939948
5453.135631179561	0.0028941954354084324	0.9908491998543574	0.9952145901171091	0.20454621983433402
5453.481143224324	0.002894887934820068	0.9908535773404062	0.9952170758920066	0.20451345456300402
5453.826572624054	0.002895580491493955	0.990857952047689	0.9952195601605185	0.20448069973045152
5454.171919411427	0.0028962731054248754	0.9908623239783961	0.9952220429238563	0.20444795533172092
5454.517183619128	0.0028969657766076224	0.9908666931347189	0.9952245241832319	0.20441522136186058
5454.862365279821	0.0028976585050369827	0.9908710595188451	0.9952270039398553	0.20438249781592147
5455.207464426148	0.00289835129070775	0.9908754231329607	0.9952294821949351	0.2043497846889575
5455.552481090739	0.0028990441336147186	0.9908797839792498	0.9952319589496796	0.2043170819760263
5455.897415306203	0.002899737033752684	0.9908841420598938	0.9952344342052954	0.2042843896721881
5456.24226710513	0.00290042999111644	0.9908884973770733	0.9952369079629881	0.20425170777250626
5456.587036520097	0.002901123005700788	0.9908928499329659	0.9952393802239627	0.20421903627204752
5456.931723583653	0.002901816077500528	0.9908971997297471	0.9952418509894219	0.20418637516588145
5457.276328328346	0.002902509206510459	0.9909015467695914	0.9952443202605685	0.20415372444908092
5457.620850786688	0.0029032023927253858	0.9909058910546696	0.995246788038602	0.2041210841167216
5457.965290991183	0.0029038956361401138	0.990910232587152	0.9952492543247251	0.20408845416388263
5458.3096489743175	0.002904588936749447	0.9909145713692058	0.995251719120137	0.20405583458564597
5458.653924768556	0.0029052822945481956	0.9909189074029966	0.9952541824260208	0.2040232253770954
5458.998118406347	0.0029059757095311663	0.9909232406906883	0.9952566442436029	0.20399062653332203
5459.342229920125	0.002906669181693171	0.9909275712344421	0.9952591045740687	0.20395803804941606
5459.686259342299	0.002907362711029023	0.9909318990364177	0.9952615634182974	0.2039254599204404
5460.030206705271	0.0029080562975335395	0.9909362240987728	0.9952640207775211	0.20389289214149642
5460.374072041414	0.002908749941201532	0.9909405464236625	0.9952664766532674	0.20386033470771786
5460.717855383089	0.0029094436420278175	0.99094486601324	0.995268931046696	0.2038277876142052
5461.061556762637	0.002910137400007218	0.9909491828696575	0.9952713839589564	0.20379525085606104
5461.405176212389	0.002910831215134551	0.9909534969950639	0.9952738353912596	0.20376272442839707
5461.748713764645	0.00291152508740464	0.9909578083916062	0.99527628534479	0.20373020832632585
5462.092169451701	0.00291221901681231	0.9909621170614306	0.9952787338207315	0.2036977025449629
5462.435543305824	0.0029129130033523835	0.9909664230066798	0.9952811808202705	0.20366520707942698
5462.778835359269	0.0029136070470196884	0.9909707262294956	0.9952836263445912	0.20363272192484005
5463.122045644271	0.002914301147809051	0.9909750267320167	0.9952860703948759	0.20360024707632685
5463.465174193054	0.0029149953057153043	0.9909793245163814	0.995288512972307	0.20356778252901545
5463.808221037816	0.002915689520733279	0.9909836195847239	0.9952909540780647	0.20353532827803675
5464.151186210743	0.002916383792857806	0.9909879119391782	0.9952933937133287	0.2035028843185249
5464.494069744	0.0029170781220837216	0.9909922015818762	0.9952958318792774	0.20347045064561683
5464.836871669734	0.0029177725084058624	0.9909964885149464	0.9952982685770885	0.20343802725445267
5465.179592020077	0.0029184669518190656	0.9910007727405161	0.995300703807938	0.20340561414017555
5465.522230827146	0.0029191614523181707	0.9910050542607113	0.995303137573001	0.2033732112979317
5465.8647881230345	0.002919856009898019	0.991009333077655	0.995305569873452	0.20334081872287027
5466.207263939818	0.0029205506245534494	0.9910136091934684	0.9953080007104629	0.2033084364101434
5466.549658309562	0.0029212452962793104	0.991017882610271	0.9953104300852064	0.20327606435490642
5466.891971264309	0.002921940025070445	0.9910221533301807	0.9953128579988532	0.2032437025523177
5467.2342028360845	0.0029226348109217017	0.9910264213553126	0.9953152844525728	0.20321135099753845
5467.5763530568975	0.002923329653827926	0.99103068668778	0.9953177094475335	0.20317900968573285
5467.918421958737	0.002924024553783971	0.9910349493296942	0.9953201329849031	0.20314667861206834
5468.260409573577	0.0029247195107846872	0.9910392092831651	0.9953225550658475	0.20311435777171535
5468.60231593338	0.002925414524824928	0.9910434665503005	0.9953249756915329	0.20308204715984723
5468.944141070079	0.00292610959589955	0.9910477211332058	0.9953273948631226	0.20304974677164025
5469.285885015594	0.002926804724003407	0.9910519730339843	0.9953298125817798	0.2030174566022738
5469.627547801833	0.0029274999091313575	0.9910562222547372	0.9953322288486662	0.20298517664693025
5469.969129460682	0.0029281951512782627	0.9910604687975657	0.9953346436649437	0.2029529069007951
5470.310630024011	0.0029288904504389834	0.9910647126645667	0.995337057031772	0.20292064735905674
5470.652049523668	0.00292958580660838	0.9910689538578352	0.9953394689503089	0.20288839801690628
5470.9933879914915	0.0029302812197813184	0.9910731923794657	0.9953418794217123	0.2028561588695383
5471.334645459297	0.0029309766899526636	0.9910774282315504	0.9953442884471394	0.2028239299121502
5471.675821958885	0.002931672217117282	0.9910816614161786	0.9953466960277446	0.2027917111399422
5472.016917522036	0.002932367801270043	0.9910858919354382	0.9953491021646829	0.20275950254811773
5472.35793218052	0.0029330634424058204	0.9910901197914157	0.9953515068591081	0.2027273041318832
5472.698865966084	0.00293375914051948	0.9910943449861946	0.9953539101121716	0.2026951158864477
5473.039718910454	0.0029344548956058993	0.9910985675218578	0.995356311925025	0.20266293780702377
5473.380491045347	0.0029351507076599546	0.9911027874004851	0.9953587122988188	0.20263076988882672
5473.721182402459	0.0029358465766765158	0.9911070046241539	0.9953611112347006	0.2025986121270745
5474.0617930134695	0.0029365425026504654	0.9911112191949413	0.9953635087338192	0.2025664645169885
5474.402322910039	0.002937238485576685	0.9911154311149218	0.9953659047973219	0.20253432705379315
5474.742772123815	0.0029379345254500516	0.9911196403861675	0.9953682994263541	0.20250219973271535
5475.08314068642	0.0029386306222654508	0.9911238470107488	0.9953706926220599	0.20247008254898521
5475.423428629469	0.0029393267760177665	0.9911280509907348	0.995373084385584	0.20243797549783601
5475.763635984549	0.002940022986701881	0.9911322523281911	0.995375474718068	0.20240587857450376
5476.103762783242	0.002940719254312685	0.9911364510251834	0.9953778636206538	0.2023737917742275
5476.443809057102	0.0029414155788450662	0.9911406470837738	0.9953802510944817	0.20234171509224919
5476.783774837679	0.0029421119602939163	0.9911448405060237	0.9953826371406916	0.2023096485238138
5477.123660156485	0.002942808398654125	0.9911490312939915	0.9953850217604213	0.20227759206416926
5477.463465045034	0.0029435048939205856	0.9911532194497346	0.9953874049548075	0.20224554570856632
5477.80318953482	0.002944201446088196	0.9911574049753086	0.9953897867249878	0.20221350945225902
5478.14283365731	0.002944898055151851	0.9911615878727656	0.995392167072096	0.2021814832905039
5478.482397443961	0.0029455947211064486	0.9911657681441574	0.9953945459972667	0.20214946721856067
5478.821880926214	0.0029462914439468877	0.9911699457915337	0.9953969235016332	0.20211746123169202
5479.161284135486	0.0029469882236680687	0.9911741208169413	0.9953992995863268	0.2020854653251635
5479.500607103187	0.0029476850602648953	0.9911782932224262	0.9954016742524785	0.20205347949424368
5479.839849860704	0.002948381953732273	0.9911824630100321	0.9954040475012186	0.20202150373420402
5480.1790124394065	0.0029490789040651053	0.9911866301818008	0.9954064193336755	0.20198953804031888
5480.518094870649	0.0029497759112583	0.991190794739772	0.9954087897509769	0.20195758240786554
5480.857097185769	0.0029504729753067685	0.9911949566859839	0.9954111587542498	0.2019256368321244
5481.196019416085	0.002951170096205416	0.9911991160224721	0.9954135263446193	0.20189370130837853
5481.534861592896	0.0029518672739491567	0.9912032727512711	0.9954158925232104	0.2018617758319141
5481.873623747495	0.0029525645085329046	0.9912074268744128	0.9954182572911462	0.20182986039801987
5482.212305911146	0.002953261799951574	0.9912115783939284	0.9954206206495494	0.20179795500198813
5482.5509081151	0.0029539591482000793	0.9912157273118454	0.9954229825995411	0.2017660596391135
5482.889430390596	0.002954656553273341	0.9912198736301916	0.9954253431422421	0.2017341743046939
5483.227872768851	0.0029553540151662774	0.9912240173509906	0.9954277022787716	0.20170229899403
5483.566235281065	0.0029560515338738088	0.9912281584762663	0.9954300600102484	0.20167043370242543
5483.904517958423	0.002956749109390858	0.9912322970080389	0.9954324163377888	0.20163857842518662
5484.24272083209	0.0029574467417123503	0.991236432948328	0.9954347712625095	0.20160673315762315
5484.58084393322	0.0029581444308332118	0.991240566299151	0.995437124785526	0.20157489789504726
5484.918887292945	0.0029588421767483644	0.9912446970625225	0.9954394769079515	0.20154307263277407
5485.256850942385	0.00295953997945274	0.9912488252404569	0.9954418276309004	0.201511257366122
5485.594734912633	0.002960237838941269	0.991252950834965	0.9954441769554832	0.20147945209041174
5485.932539234773	0.0029609357552088807	0.9912570738480566	0.9954465248828114	0.2014476568009672
5486.270263939878	0.0029616337282505102	0.9912611942817406	0.9954488714139959	0.20141587149311554
5486.607909058992	0.002962331758061091	0.991265312138022	0.995451216550145	0.20138409616218633
5486.945474623147	0.0029630298446355584	0.9912694274189056	0.9954535602923663	0.20135233080351206
5487.282960663362	0.002963727987968852	0.9912735401263932	0.9954559026417673	0.20132057541242826
5487.620367210638	0.0029644261880559094	0.9912776502624858	0.9954582435994536	0.20128882998427333
5487.957694295953	0.0029651244448916712	0.9912817578291813	0.9954605831665296	0.2012570945143885
5488.294941950274	0.002965822758471081	0.9912858628284776	0.9954629213441001	0.20122536899811808
5488.632110204548	0.0029665211287890794	0.9912899652623689	0.9954652581332671	0.2011936534308089
5488.969199089712	0.0029672195558406137	0.9912940651328481	0.9954675935351325	0.20116194780781077
5489.306208636676	0.0029679180396206283	0.9912981624419066	0.9954699275507969	0.2011302521244766
5489.643138876341	0.002968616580124073	0.9913022571915334	0.9954722601813599	0.20109856637616186
5489.979989839593	0.0029693151773458985	0.9913063493837172	0.9954745914279213	0.20106689055822535
5490.316761557294	0.002970013831281055	0.9913104390204427	0.9954769212915775	0.20103522466602838
5490.653454060289	0.0029707125419244926	0.9913145261036939	0.9954792497734254	0.20100356869493485
5490.990067379413	0.0029714113092711675	0.9913186106354529	0.9954815768745608	0.20097192264031213
5491.326601545482	0.002972110133316034	0.9913226926176998	0.9954839025960784	0.20094028649753023
5491.6630565892965	0.002972809014054053	0.9913267720524135	0.9954862269390721	0.20090866026196189
5491.9994325416355	0.002973507951480178	0.9913308489415693	0.9954885499046334	0.20087704392898262
5492.335729433265	0.002974206945589371	0.991334923287143	0.9954908714938544	0.2008454374939712
5492.671947294935	0.002974905996376595	0.9913389950911071	0.995493191707826	0.2008138409523089
5493.008086157378	0.0029756051038368108	0.9913430643554325	0.9954955105476375	0.20078225429937993
5493.344146051309	0.0029763042679649843	0.9913471310820889	0.9954978280143773	0.20075067753057144
5493.680127007428	0.0029770034887560827	0.9913511952730433	0.9955001441091332	0.2007191106412733
5494.016029056419	0.0029777027662050712	0.9913552569302612	0.9955024588329916	0.20068755362687832
5494.351852228943	0.002978402100306919	0.9913593160557063	0.9955047721870374	0.200656006482782
5494.687596555654	0.002979101491056598	0.991363372651341	0.9955070841723559	0.20062446920438295
5495.023262067183	0.0029798009384490783	0.9913674267191253	0.9955093947900298	0.2005929417870823
5495.35884879415	0.0029805004424793354	0.9913714782610171	0.9955117040411425	0.2005614242262843
5495.69435676715	0.0029812000031423425	0.9913755272789735	0.9955140119267749	0.20052991651739585
5496.029786016769	0.002981899620433078	0.9913795737749486	0.9955163184480075	0.20049841865582668
5496.365136573578	0.002982599294346518	0.9913836177508959	0.9955186236059199	0.20046693063698945
5496.70040846812	0.0029832990248776442	0.9913876592087664	0.9955209274015906	0.20043545245629948
5497.035601730933	0.0029839988120214343	0.9913916981505089	0.9955232298360968	0.20040398410917526
5497.370716392535	0.002984698655772873	0.9913957345780711	0.9955255309105149	0.20037252559103777
5497.705752483426	0.0029853985561269438	0.991399768493399	0.9955278306259209	0.2003410768973108
5498.040710034095	0.002986098513078634	0.9914037998984367	0.9955301289833893	0.20030963802342114
5498.375589075009	0.0029867985266229286	0.9914078287951258	0.9955324259839934	0.20027820896479845
5498.710389636616	0.0029874985967548156	0.9914118551854069	0.9955347216288051	0.20024678971687487
5499.045111749354	0.0029881987234692837	0.9914158790712182	0.9955370159188964	0.20021538027508573
5499.379755443641	0.0029888989067613243	0.9914199004544961	0.9955393088553377	0.20018398063486875
5499.714320749886	0.002989599146625934	0.991423919337177	0.995541600439199	0.20015259079166497
5500.048807698468	0.0029902994430581037	0.991427935721193	0.9955438906715482	0.2001212107409179
5500.383216319761	0.0029909997960528294	0.9914319496084758	0.9955461795534534	0.20008984047807393
5500.717546644119	0.0029917002056051092	0.9914359610009545	0.9955484670859803	0.20005847999858203
5501.05179870188	0.002992400671709942	0.9914399699005576	0.9955507532701949	0.20002712929789446
5501.385972523363	0.002993101194362329	0.9914439763092111	0.9955530381071622	0.1999957883714658
5501.720068138874	0.0029938017735572685	0.9914479802288387	0.9955553215979451	0.19996445721475364
5502.054085578704	0.0029945024092897657	0.9914519816613634	0.9955576037436068	0.1999331358232185
5502.388024873124	0.0029952031015548263	0.9914559806087059	0.9955598845452087	0.19990182419232339
5502.72188605239	0.0029959038503474555	0.9914599770727853	0.9955621640038115	0.1998705223175342
5503.055669146742	0.002996604655662658	0.9914639710555183	0.9955644421204745	0.19983923019431982
5503.389374186404	0.002997305517495447	0.9914679625588211	0.9955667188962569	0.1998079478181517
5503.723001201584	0.002998006435840832	0.9914719515846069	0.9955689943322164	0.199776675184504
5504.056550222471	0.0029987074106938225	0.9914759381347873	0.995571268429409	0.19974541228885384
5504.390021279243	0.0029994084420494355	0.991479922211273	0.9955735411888915	0.1997141591266812
5504.723414402057	0.003000109529902683	0.9914839038159724	0.9955758126117178	0.19968291569346852
5505.056729621055	0.003000810674248582	0.9914878829507917	0.9955780826989418	0.19965168198470126
5505.389966966366	0.0030015118750821522	0.9914918596176361	0.9955803514516168	0.19962045799586756
5505.7231264680995	0.00300221313239841	0.9914958338184087	0.9955826188707946	0.1995892437224584
5506.056208156348	0.003002914446192378	0.9914998055550108	0.9955848849575255	0.19955803915996745
5506.389212061193	0.0030036158164590794	0.9915037748293424	0.9955871497128602	0.1995268443038911
5506.722138212691	0.003004317243193535	0.9915077416433007	0.9955894131378468	0.19949565914972858
5507.054986640894	0.0030050187263907712	0.9915117059987826	0.9955916752335342	0.199464483692982
5507.387757375831	0.003005720266045817	0.9915156678976823	0.9955939360009691	0.19943331792915603
5507.72045044751	0.003006421862153697	0.991519627341892	0.995596195441197	0.1994021618537581
5508.053065885935	0.0030071235147094435	0.9915235843333033	0.9955984535552639	0.1993710154622986
5508.385603721085	0.0030078252237080855	0.9915275388738045	0.9956007103442132	0.19933987875029038
5508.718063982923	0.003008526989144654	0.9915314909652839	0.995602965809088	0.19930875171324924
5509.050446701398	0.0030092288110141856	0.9915354406096271	0.9956052199509312	0.1992776343466937
5509.382751906452	0.0030099306893117176	0.9915393878087182	0.9956074727707837	0.199246526646145
5509.714979627994	0.003010632624032284	0.9915433325644388	0.9956097242696856	0.19921542860712718
5510.047129895926	0.003011334615170922	0.9915472748786701	0.9956119744486763	0.19918434022516687
5510.379202740138	0.0030120366627226737	0.9915512147532907	0.9956142233087947	0.1991532614957935
5510.711198190493	0.003012738766682579	0.9915551521901771	0.995616470851077	0.19912219241453932
5511.043116276846	0.00301344092704568	0.9915590871912054	0.99561871707656	0.1990911329769394
5511.37495702904	0.0030141431438070222	0.9915630197582495	0.9956209619862826	0.19906008317853152
5511.70672047689	0.0030148454169616518	0.991566949893181	0.9956232055812702	0.1990290430148553
5512.038406650201	0.003015547746504615	0.9915708775978693	0.9956254478625626	0.19899801248145443
5512.370015578766	0.0030162501324309575	0.9915748028741835	0.9956276888312261	0.19896699157387793
5512.7015472923595	0.003016952574735733	0.9915787257239909	0.9956299284881805	0.19893598028766393
5513.033001820735	0.003017655073413991	0.9915826461491559	0.9956321668343249	0.19890497861835102
5513.364379193639	0.0030183576284607866	0.9915865641515422	0.9956344038707171	0.198873986561496
5513.69567944079	0.00301906023987117	0.9915904797330111	0.9956366395984964	0.1988430041126661
5514.026902591904	0.0030197629076402	0.9915943928954231	0.9956388740187974	0.19881203126743094
5514.358048676673	0.003020465631762934	0.9915983036406357	0.9956411071326298	0.198781068021351
5514.689117724775	0.0030211684122344274	0.991602211970506	0.9956433389410076	0.1987501143699901
5515.020109765876	0.003021871249049743	0.9916061178868891	0.9956455694449645	0.19871917030891653
5515.351024829616	0.0030225741422039406	0.991610021391637	0.9956477986455219	0.19868823583370043
5515.681862945629	0.0030232770916920845	0.9916139224866019	0.9956500265437023	0.19865731093991487
5516.012624143531	0.003023980097509242	0.9916178211736343	0.9956522531405294	0.19862639562313555
5516.343308452919	0.0030246831596504728	0.991621717454581	0.9956544784370234	0.1985954898789408
5516.673915903379	0.003025386278110846	0.9916256113312891	0.9956567024342043	0.19856459370291168
5517.004446524474	0.0030260894528854323	0.9916295028056027	0.9956589251330915	0.198533707090632
5517.334900345754	0.0030267926839693004	0.9916333918793647	0.9956611465347033	0.19850283003768834
5517.6652773967635	0.003027495971357522	0.9916372785544169	0.9956633666400573	0.19847196253966984
5517.995577707017	0.0030281993150451706	0.9916411628325993	0.9956655854501701	0.19844110459216852
5518.32580130602	0.0030289027150273208	0.9916450447157492	0.9956678029660571	0.19841025619077882
5518.655948223259	0.003029606171299048	0.9916489242057032	0.9956700191887324	0.19837941733109796
5518.986018488208	0.0030303096838554273	0.9916528013042952	0.9956722341192101	0.19834858800872585
5519.316012130326	0.0030310132526915404	0.9916566760133585	0.9956744477585029	0.1983177682192653
5519.6459291790525	0.003031716877802468	0.9916605483347246	0.9956766601076223	0.19828695795832155
5519.975769663812	0.003032420559183289	0.9916644182702228	0.9956788711675798	0.1982561572215025
5520.305533614015	0.0030331242968290872	0.9916682858216808	0.9956810809393849	0.19822536600441895
5520.635221059063	0.0030338280907349514	0.9916721509909252	0.9956832894240469	0.19819458430268425
5520.964832028326	0.0030345319408959614	0.9916760137797805	0.9956854966225739	0.1981638121119143
5521.294366551168	0.0030352358473072064	0.9916798741900692	0.9956877025359725	0.19813304942772786
5521.623824656941	0.003035939809963776	0.9916837322236127	0.9956899071652495	0.1981022962457462
5521.953206374976	0.0030366438288607616	0.9916875878822309	0.9956921105114104	0.1980715525615936
5522.282511734586	0.003037347903993252	0.991691441167741	0.9956943125754592	0.1980408183708966
5522.61174076507	0.0030380520353563405	0.9916952920819597	0.9956965133583993	0.19801009366928446
5522.9408934957155	0.0030387562229451225	0.9916991406267012	0.9956987128612333	0.19797937845238922
5523.269969955794	0.0030394604667546943	0.9917029868037786	0.9957009110849634	0.19794867271584568
5523.598970174557	0.003040164766780153	0.9917068306150033	0.99570310803059	0.1979179764552911
5523.927894181243	0.0030408691230165976	0.991710672062185	0.995705303699113	0.1978872896663656
5524.256742005075	0.0030415735354591285	0.9917145111471312	0.9957074980915313	0.19785661234471172
5524.585513675261	0.0030422780041028464	0.9917183478716485	0.9957096912088427	0.1978259444859747
5524.914209220991	0.003042982528942855	0.9917221822375415	0.9957118830520444	0.19779528608580257
5525.242828671439	0.003043687109974259	0.9917260142466134	0.995714073622133	0.19776463713984593
5525.5713720557715	0.0030443917471921628	0.9917298439006651	0.9957162629201033	0.19773399764375793
5525.899839403131	0.0030450964405916736	0.9917336712014967	0.9957184509469496	0.19770336759319462
5526.228230742643	0.003045801190167902	0.9917374961509065	0.9957206377036655	0.19767274698381448
5526.556546103427	0.003046505995915957	0.9917413187506906	0.9957228231912438	0.1976421358112785
5526.884785514574	0.0030472108578309476	0.9917451390026427	0.9957250074106749	0.1976115340712506
5527.212949005177	0.0030479157759079924	0.9917489569085581	0.9957271903629513	0.1975809417593974
5527.541036604301	0.0030486207501422024	0.9917527724702275	0.9957293720490623	0.19755035887138778
5527.869048340993	0.003049325780528694	0.9917565856894405	0.9957315524699963	0.19751978540289347
5528.196984244294	0.0030500308670625828	0.9917603965679852	0.9957337316267415	0.19748922134958874
5528.524844343223	0.0030507360097389883	0.9917642051076484	0.9957359095202848	0.19745866670715057
5528.852628666789	0.003051441208553033	0.9917680113102159	0.995738086151613	0.19742812147125877
5529.180337243983	0.0030521464634998352	0.9917718151774705	0.9957402615217109	0.19739758563759532
5529.507970103774	0.0030528517745745183	0.9917756167111934	0.9957424356315633	0.19736705920184516
5529.835527275127	0.0030535571417722087	0.9917794159131655	0.9957446084821537	0.19733654215969568
5530.163008786983	0.0030542625650880283	0.9917832127851653	0.9957467800744639	0.19730603450683692
5530.490414668276	0.003054968044517108	0.9917870073289697	0.9957489504094768	0.19727553623896177
5530.817744947913	0.0030556735800545726	0.9917907995463536	0.9957511194881723	0.1972450473517653
5531.1449996548	0.0030563791716955546	0.9917945894390912	0.995753287311531	0.19721456784094554
5531.472178817817	0.0030570848194351853	0.9917983770089542	0.9957554538805317	0.19718409770220305
5531.799282465831	0.0030577905232685976	0.9918021622577131	0.9957576191961525	0.19715363693124088
5532.126310627691	0.0030584962831909234	0.9918059451871367	0.9957597832593703	0.19712318552376473
5532.453263332239	0.003059202099197301	0.9918097257989928	0.9957619460711623	0.19709274347548314
5532.780140608295	0.0030599079712828638	0.9918135040950464	0.9957641076325032	0.19706231078210684
5533.106942484668	0.0030606138994427536	0.9918172800770619	0.995766267944368	0.19703188743934957
5533.4336689901465	0.0030613198836721097	0.9918210537468016	0.9957684270077304	0.19700147344292737
5533.760320153506	0.0030620259239660702	0.9918248251060262	0.9957705848235631	0.1969710687885589
5534.086896003509	0.0030627320203197813	0.9918285941564953	0.995772741392838	0.1969406734719657
5534.413396568899	0.0030634381727283845	0.9918323608999661	0.9957748967165259	0.19691028748887152
5534.7398218784065	0.0030641443811870255	0.9918361253381947	0.995777050795597	0.1968799108350028
5535.066171960751	0.0030648506456908515	0.9918398874729358	0.9957792036310211	0.1968495435060889
5535.392446844629	0.003065556966235012	0.9918436473059422	0.9957813552237664	0.19681918549786148
5535.718646558723	0.0030662633428146535	0.9918474048389649	0.9957835055748001	0.1967888368060546
5536.044771131706	0.0030669697754249297	0.9918511600737538	0.9957856546850888	0.19675849742640536
5536.370820592233	0.0030676762640609906	0.9918549130120572	0.995787802555599	0.19672816735465315
5536.69679496894	0.0030683828087179916	0.991858663655621	0.9957899491872945	0.19669784658653985
5537.022694290452	0.0030690894093910875	0.9918624120061906	0.9957920945811399	0.1966675351178102
5537.348518585379	0.003069796066075434	0.9918661580655089	0.9957942387380985	0.19663723294421132
5537.674267882312	0.0030705027787661892	0.991869901835318	0.9957963816591316	0.1966069400614929
5537.999942209833	0.003071209547458515	0.9918736433173582	0.9957985233452018	0.19657665646540745
5538.325541596505	0.003071916372147569	0.991877382513368	0.9958006637972692	0.1965463821517096
5538.6510660708755	0.0030726232528285142	0.9918811194250845	0.9958028030162929	0.19651611711615702
5538.976515661477	0.0030733301894965144	0.9918848540542425	0.995804941003232	0.19648586135450968
5539.301890396826	0.0030740371821467325	0.9918885864025765	0.9958070777590442	0.19645561486253005
5539.627190305431	0.003074744230774336	0.9918923164718185	0.9958092132846867	0.19642537763598333
5539.952415415779	0.0030754513353744945	0.9918960442636995	0.9958113475811157	0.19639514967063737
5540.277565756339	0.0030761584959423747	0.991899769779948	0.9958134806492862	0.19636493096226218
5540.602641355569	0.0030768657124731463	0.991903493022292	0.9958156124901527	0.1963347215066307
5540.927642241917	0.0030775729849619833	0.991907213992458	0.9958177431046686	0.19630452129951836
5541.252568443808	0.0030782803134040593	0.9919109326921703	0.9958198724937871	0.19627433033670305
5541.577419989653	0.0030789876977945466	0.9919146491231515	0.9958220006584595	0.19624414861396527
5541.902196907856	0.0030796951381286213	0.9919183632871234	0.9958241275996372	0.19621397612708802
5542.226899226793	0.003080402634401462	0.9919220751858047	0.9958262533182692	0.19618381287185677
5542.551526974834	0.003081110186608246	0.9919257848209143	0.9958283778153059	0.19615365884405975
5542.876080180337	0.0030818177947441565	0.9919294921941699	0.9958305010916952	0.19612351403948752
5543.200558871634	0.0030825254588043713	0.9919331973072852	0.9958326231483844	0.1960933784539334
5543.524963077048	0.0030832331787840742	0.991936900161974	0.99583474398632	0.19606325208319308
5543.849292824891	0.0030839409546784525	0.9919406007599492	0.9958368636064487	0.1960331349230648
5544.1735481434525	0.0030846487864826864	0.9919442991029199	0.9958389820097143	0.19600302696934926
5544.497729061013	0.0030853566741919666	0.9919479951925959	0.9958410991970614	0.19597292821785003
5544.821835605839	0.003086064617801483	0.9919516890306851	0.9958432151694339	0.19594283866437293
5545.145867806173	0.003086772617306422	0.9919553806188927	0.9958453299277732	0.19591275830472638
5545.4698256902475	0.0030874806727019728	0.9919590699589225	0.99584744347302	0.195882687134721
5545.793709286288	0.0030881887839833335	0.9919627570524778	0.9958495558061164	0.1958526251501705
5546.117518622494	0.003088896951145695	0.9919664419012598	0.9958516669280019	0.19582257234689085
5546.441253727054	0.0030896051741842513	0.9919701245069682	0.995853776839615	0.19579252872070058
5546.764914628148	0.003090313453094202	0.9919738048713016	0.9958558855418941	0.1957624942674207
5547.088501353927	0.0030910217878707437	0.9919774829959559	0.9958579930357766	0.1957324689828747
5547.412013932538	0.0030917301785090743	0.9919811588826263	0.9958600993221982	0.19570245286288848
5547.735452392115	0.003092438625004397	0.9919848325330068	0.9958622044020952	0.19567244590329083
5548.058816760769	0.0030931471273519143	0.9919885039487891	0.9958643082764019	0.19564244809991285
5548.382107066597	0.0030938556855468254	0.9919921731316631	0.9958664109460517	0.19561245944858785
5548.70532333769	0.003094564299584339	0.9919958400833188	0.9958685124119786	0.1955824799451523
5549.028465602115	0.00309527296945966	0.9919995048054433	0.9958706126751143	0.19555250958544454
5549.351533887931	0.0030959816951679976	0.9920031672997228	0.9958727117363901	0.19552254836530572
5549.674528223176	0.003096690476704558	0.9920068275678412	0.9958748095967364	0.19549259628057952
5549.997448635874	0.0030973993140645546	0.9920104856114813	0.9958769062570823	0.19546265332711202
5550.320295154045	0.0030981082072431957	0.9920141414323249	0.9958790017183579	0.19543271950075178
5550.643067805679	0.003098817156235697	0.992017795032052	0.9958810959814901	0.1954027947973501
5550.965766618752	0.0030995261610372716	0.9920214464123402	0.9958831890474059	0.19537287921276028
5551.288391621241	0.0031002352216431346	0.992025095574867	0.9958852809170321	0.19534297274283866
5551.610942841098	0.003100944338048506	0.9920287425213077	0.9958873715912944	0.19531307538344375
5551.933420306257	0.003101653510248602	0.9920323872533355	0.9958894610711169	0.19528318713043658
5552.2558240446415	0.0031023627382386425	0.9920360297726232	0.9958915493574232	0.19525330797968082
5552.578154084159	0.003103072022013849	0.9920396700808412	0.9958936364511362	0.1952234379270425
5552.900410452706	0.003103781361569443	0.9920433081796594	0.9958957223531782	0.19519357696839001
5553.222593178163	0.003104490756900652	0.9920469440707452	0.9958978070644713	0.19516372509959456
5553.544702288393	0.003105200208002698	0.9920505777557652	0.9958998905859349	0.19513388231652976
5553.866737811243	0.0031059097148708097	0.9920542092363837	0.9959019729184884	0.1951040486150712
5554.188699774553	0.003106619277500214	0.9920578385142642	0.9959040540630515	0.19507422399109758
5554.510588206139	0.00310732889588614	0.9920614655910683	0.9959061340205416	0.1950444084404898
5554.832403133808	0.0031080385700238177	0.9920650904684565	0.9959082127918752	0.19501460195913128
5555.154144585354	0.0031087482999084797	0.9920687131480876	0.9959102903779695	0.19498480454290792
5555.475812588553	0.003109458085535362	0.9920723336316192	0.9959123667797396	0.194955016187708
5555.797407171165	0.0031101679268996964	0.9920759519207063	0.9959144419981005	0.19492523688942234
5556.118928360939	0.0031108778239967204	0.9920795680170043	0.9959165160339657	0.1948954666439444
5556.440376185607	0.00311158777682167	0.9920831819221646	0.9959185888882474	0.19486570544716947
5556.761750672891	0.0031122977853697857	0.9920867936378398	0.995920660561859	0.1948359532949962
5557.083051850495	0.003113007849636308	0.9920904031656796	0.9959227310557117	0.19480621018332522
5557.404279746105	0.0031137179696164767	0.9920940105073321	0.9959248003707155	0.19477647610805948
5557.7254343873965	0.003114428145305536	0.9920976156644442	0.9959268685077801	0.19474675106510467
5558.04651580203	0.0031151383766987294	0.9921012186386613	0.9959289354678144	0.19471703505036875
5558.3675240176535	0.0031158486637913015	0.992104819431627	0.9959310012517262	0.1946873280597622
5558.688459061901	0.0031165590065785034	0.9921084180449846	0.9959330658604234	0.1946576300891981
5559.009320962384	0.003117269405055579	0.9921120144803748	0.9959351292948122	0.1946279411345917
5559.3301097467065	0.0031179798592177806	0.9921156087394366	0.9959371915557981	0.1945982611918608
5559.650825442458	0.0031186903690603573	0.9921192008238087	0.9959392526442856	0.1945685902569259
5559.97146807721	0.0031194009345785617	0.9921227907351271	0.9959413125611791	0.19453892832570951
5560.292037678523	0.003120111555767649	0.9921263784750272	0.9959433713073812	0.19450927539413695
5560.612534273943	0.003120822232622872	0.9921299640451426	0.9959454288837948	0.19447963145813574
5560.932957891	0.0031215329651394902	0.9921335474471061	0.9959474852913217	0.19444999651363606
5561.253308557208	0.0031222437533127588	0.9921371286825474	0.9959495405308618	0.19442037055657024
5561.573586300069	0.003122954597137935	0.9921407077530956	0.9959515946033147	0.19439075358287328
5561.893791147073	0.003123665496610283	0.9921442846603794	0.9959536475095807	0.19436114558848247
5562.21392312569	0.0031243764517250644	0.992147859406025	0.9959556992505577	0.19433154656933768
5562.53398226338	0.0031250874624775397	0.9921514319916568	0.9959577498271427	0.19430195652138108
5562.853968587585	0.0031257985288629764	0.9921550024188984	0.9959597992402329	0.1942723754405573
5563.173882125734	0.0031265096508766364	0.9921585706893715	0.9959618474907238	0.19424280332281346
5563.493722905247	0.0031272208285137897	0.9921621368046972	0.9959638945795106	0.19421324016409908
5563.813490953524	0.0031279320617697056	0.9921657007664945	0.9959659405074868	0.19418368596036584
5564.133186297948	0.00312864335063965	0.9921692625763799	0.995967985275548	0.19415414070756845
5564.452808965893	0.003129354695118897	0.992172822235971	0.9959700288845894	0.1941246044016638
5564.772358984716	0.003130066095202717	0.9921763797468817	0.9959720713354804	0.19409507703860912
5565.091836381762	0.003130777550886386	0.9921799351107249	0.995974112629146	0.194065558614369
5565.411241184364	0.0031314890621651783	0.9921834883291132	0.9959761527665281	0.1940360491249121
5565.730573419832	0.0031322006290343675	0.9921870394036565	0.9959781917482293	0.1940065485661789
5566.049833115466	0.0031329122514892355	0.9921905883359639	0.9959802295750138	0.19397705693412673
5566.369020298559	0.0031336239295250597	0.9921941351276425	0.9959822662481101	0.19394757422475792
5566.6881349963805	0.0031343356631371223	0.9921976797802993	0.995984301768476	0.19391810043405258
5567.0071772361825	0.0031350474523207	0.9922012222955374	0.9959863361369236	0.19388863555797983
5567.326147045215	0.0031357592970710792	0.9922047626749608	0.9959883693543531	0.19385917959251953
5567.645044450713	0.003136471197383548	0.992208300920172	0.9959904014216583	0.19382973253365351
5567.963869479883	0.003137183153253386	0.9922118370327706	0.995992432339716	0.1938002943773643
5568.282622159928	0.0031378951646758827	0.9922153710143549	0.9959944621094098	0.1937708651196375
5568.601302518036	0.003138607231646326	0.9922189028665225	0.9959964907316227	0.19374144475646118
5568.9199105813805	0.003139319354160006	0.9922224325908698	0.9959985182072357	0.1937120332838258
5569.238446377123	0.003140031532212215	0.9922259601889917	0.9960005445371298	0.19368263069772437
5569.556909932404	0.003140743765798244	0.9922294856624809	0.9960025697221848	0.19365323699415188
5569.875301274355	0.0031414560549133863	0.9922330090129291	0.9960045937632789	0.19362385216910577
5570.19362043009	0.0031421683995529366	0.9922365302419264	0.9960066166612905	0.19359447621858622
5570.511867426717	0.0031428807997121934	0.9922400493510621	0.9960086384170974	0.19356510913859554
5570.830042291319	0.0031435932553864525	0.9922435663419239	0.9960106590315758	0.19353575092513856
5571.148145050973	0.003144305766571013	0.9922470812160974	0.9960126785056018	0.19350640157422233
5571.466175732736	0.0031450183332611746	0.9922505939751667	0.9960146968400501	0.19347706108185628
5571.784134363656	0.0031457309554522423	0.9922541046207158	0.9960167140357954	0.19344772944405245
5572.102020970764	0.0031464436331395174	0.9922576131543269	0.9960187300937113	0.19341840665682503
5572.419835581076	0.0031471563663183016	0.9922611195775795	0.9960207450146698	0.1933890927161905
5572.737578221599	0.0031478691549839018	0.9922646238920527	0.9960227587995434	0.19335978761816808
5573.055248919316	0.003148581999131626	0.9922681260993242	0.9960247714492032	0.19333049135877903
5573.37284770121	0.0031492948987567825	0.9922716262009704	0.9960267829645193	0.19330120393404723
5573.69037459424	0.00315000785385468	0.9922751241985661	0.9960287933463611	0.19327192533999876
5574.007829625349	0.003150720864420628	0.9922786200936838	0.9960308025955976	0.19324265557266185
5574.325212821473	0.0031514339304499405	0.9922821138878961	0.9960328107130967	0.19321339462806758
5574.642524209532	0.0031521470519379315	0.9922856055827738	0.9960348176997262	0.1931841425022492
5574.959763816434	0.0031528602288799154	0.9922890951798861	0.9960368235563526	0.19315489919124218
5575.276931669064	0.003153573461271205	0.9922925826807995	0.9960388282838407	0.19312566469108433
5575.594027794301	0.0031542867491071223	0.9922960680870813	0.9960408318830557	0.19309643899781614
5575.911052219009	0.0031550000923829835	0.9922995514002965	0.9960428343548621	0.19306722210748004
5576.22800497004	0.0031557134910941112	0.9923030326220088	0.9960448357001234	0.1930380140161213
5576.544886074229	0.0031564269452358227	0.9923065117537799	0.996046835919702	0.19300881471978715
5576.861695558393	0.003157140454803443	0.9923099887971707	0.9960488350144592	0.19297962421452713
5577.178433449341	0.003157854019792297	0.9923134637537405	0.996050832985257	0.1929504424963935
5577.4950997738715	0.0031585676401977097	0.9923169366250478	0.9960528298329556	0.1929212695614405
5577.811694558758	0.003159281316015004	0.9923204074126484	0.9960548255584136	0.1928921054057249
5578.1282178307665	0.003159995047239511	0.9923238761180978	0.9960568201624904	0.19286295002530573
5578.4446696166515	0.00316070883386656	0.9923273427429501	0.9960588136460442	0.1928338034162445
5578.761049943151	0.003161422675891481	0.9923308072887576	0.9960608060099322	0.19280466557460502
5579.077358836985	0.0031621365733096036	0.9923342697570707	0.99606279725501	0.19277553649645318
5579.393596324868	0.003162850526116265	0.9923377301494399	0.9960647873821339	0.1927464161778575
5579.709762433496	0.0031635645343067987	0.9923411884674135	0.9960667763921593	0.1927173046148889
5580.025857189547	0.003164278597876538	0.9923446447125382	0.9960687642859402	0.1926882018036202
5580.341880619696	0.003164992716820821	0.9923480988863597	0.9960707510643297	0.19265910774012707
5580.657832750593	0.003165706891134986	0.9923515509904219	0.9960727367281805	0.19263002242048727
5580.973713608883	0.003166421120814374	0.9923550010262683	0.9960747212783451	0.1926009458407808
5581.289523221188	0.0031671354058543247	0.9923584489954393	0.9960767047156737	0.19257187799709005
5581.605261614122	0.0031678497462501805	0.9923618948994752	0.9960786870410171	0.19254281888549982
5581.920928814288	0.003168564141997283	0.9923653387399151	0.9960806682552247	0.19251376850209706
5582.236524848267	0.0031692785930909784	0.9923687805182959	0.9960826483591454	0.19248472684297135
5582.552049742636	0.0031699930995266142	0.992372220236154	0.9960846273536278	0.19245569390421424
5582.8675035239485	0.003170707661299536	0.9923756578950232	0.9960866052395188	0.19242666968191974
5583.182886218751	0.003171422278405094	0.9923790934964377	0.9960885820176649	0.1923976541721842
5583.498197853574	0.003172136950838637	0.9923825270419288	0.9960905576889126	0.19236864737110637
5583.813438454933	0.0031728516785955166	0.992385958533027	0.9960925322541062	0.1923396492747871
5584.128608049334	0.003173566461671086	0.9923893879712621	0.9960945057140906	0.1923106598793298
5584.443706663265	0.0031742813000606974	0.9923928153581612	0.9960964780697091	0.19228167918083988
5584.758734323199	0.003174996193759708	0.9923962406952502	0.9960984493218047	0.19225270717542528
5585.0736910556	0.0031757111427634737	0.9923996639840553	0.9961004194712195	0.19222374385919633
5585.38857688692	0.0031764261470673526	0.9924030852261	0.9961023885187947	0.19219478922826538
5585.703391843588	0.003177141206666702	0.9924065044229065	0.9961043564653712	0.19216584327874736
5586.018135952025	0.0031778563215568833	0.9924099215759953	0.9961063233117881	0.19213690600675914
5586.332809238638	0.003178571491733258	0.9924133366868864	0.9961082890588852	0.19210797740842028
5586.647411729825	0.0031792867171911896	0.9924167497570983	0.9961102537075005	0.19207905747985252
5586.961943451963	0.003180001997926041	0.9924201607881484	0.9961122172584723	0.1920501462171798
5587.276404431417	0.0031807173339331793	0.9924235697815512	0.9961141797126366	0.1920212436165284
5587.590794694543	0.0031814327252079723	0.9924269767388219	0.9961161410708299	0.19199234967402692
5587.905114267676	0.003182148171745785	0.9924303816614732	0.9961181013338876	0.19196346438580614
5588.219363177142	0.0031828636735419854	0.9924337845510162	0.9961200605026439	0.19193458774799937
5588.533541449252	0.0031835792305919476	0.9924371854089611	0.9961220185779327	0.1919057197567418
5588.847649110307	0.0031842948428910437	0.9924405842368179	0.9961239755605877	0.19187686040817142
5589.1616861865905	0.0031850105104346466	0.9924439810360938	0.9961259314514415	0.19184800969842827
5589.475652704372	0.003185726233218129	0.9924473758082945	0.9961278862513252	0.19181916762365445
5589.789548689909	0.003186442011236868	0.9924507685549249	0.9961298399610695	0.1917903341799946
5590.1033741694455	0.0031871578444862413	0.9924541592774891	0.9961317925815053	0.19176150936359554
5590.417129169215	0.0031878737329616253	0.9924575479774893	0.9961337441134619	0.1917326931706065
5590.73081371543	0.003188589676658402	0.9924609346564263	0.9961356945577678	0.19170388559717896
5591.044427834292	0.003189305675571948	0.9924643193157988	0.9961376439152505	0.1916750866394664
5591.357971551992	0.00319002172969765	0.9924677019571063	0.9961395921867379	0.19164629629362478
5591.671444894709	0.00319073783903089	0.9924710825818452	0.9961415393730566	0.19161751455581252
5591.984847888603	0.003191454003567052	0.9924744611915112	0.996143485475032	0.19158874142218987
5592.298180559826	0.0031921702233015216	0.9924778377875985	0.9961454304934894	0.19155997688891974
5592.611442934509	0.0031928864982296882	0.9924812123716	0.996147374429253	0.1915312209521672
5592.9246350387775	0.003193602828346942	0.9924845849450081	0.9961493172831472	0.19150247360809952
5593.237756898734	0.003194319213648667	0.992487955509312	0.9961512590559932	0.1914737348528861
5593.550808540481	0.0031950356541302566	0.9924913240660006	0.9961531997486136	0.1914450046826988
5593.863789990101	0.0031957521497871073	0.9924946906165634	0.9961551393618315	0.19141628309371184
5594.176701273653	0.0031964687006146067	0.9924980551624848	0.9961570778964655	0.1913875700821014
5594.489542417197	0.003197185306608152	0.9925014177052502	0.9961590153533362	0.19135886564404608
5594.802313446776	0.00319790196776314	0.992504778246344	0.9961609517332631	0.19133016977572673
5595.115014388419	0.0031986186840749706	0.9925081367872488	0.9961628870370651	0.19130148247332662
5595.427645268134	0.003199335455539038	0.992511493329445	0.9961648212655592	0.19127280373303085
5595.740206111925	0.0032000522821507447	0.9925148478744122	0.9961667544195619	0.19124413355102707
5596.052696945781	0.0032007691639054903	0.9925182004236291	0.9961686864998907	0.1912154719235051
5596.365117795672	0.0032014861007986788	0.9925215509785734	0.9961706175073605	0.19118681884665698
5596.677468687562	0.0032022030928257135	0.9925248995407211	0.996172547442787	0.19115817431667717
5596.989749647401	0.0032029201399820014	0.9925282461115462	0.9961744763069835	0.19112953832976212
5597.301960701121	0.0032036372422629476	0.9925315906925222	0.996176404100764	0.19110091088211076
5597.614101874641	0.0032043543996639577	0.992534933285121	0.9961783308249407	0.1910722919699241
5597.92617319387	0.0032050716121804434	0.9925382738908138	0.9961802564803259	0.19104368158940535
5598.238174684703	0.0032057888798078136	0.9925416125110695	0.9961821810677312	0.19101507973676007
5598.550106373021	0.0032065062025414806	0.9925449491473561	0.9961841045879665	0.19098648640819604
5598.861968284684	0.003207223580376855	0.9925482838011401	0.9961860270418414	0.19095790159992312
5599.173760445553	0.0032079410133093525	0.9925516164738875	0.9961879484301659	0.19092932530815368
5599.485482881469	0.003208658501334386	0.9925549471670624	0.9961898687537476	0.19090075752910202
5599.797135618259	0.003209376044447377	0.9925582758821285	0.9961917880133953	0.19087219825898502
5600.108718681734	0.0032100936426437384	0.9925616026205463	0.9961937062099153	0.1908436474940215
5600.4202320976965	0.0032108112959188914	0.9925649273837761	0.9961956233441136	0.19081510523043246
5600.731675891939	0.0032115290042682566	0.992568250173278	0.9961975394167966	0.19078657146444142
5601.0430500902285	0.003212246767687255	0.9925715709905091	0.9961994544287682	0.19075804619227388
5601.354354718329	0.003212964586171308	0.9925748898369259	0.9962013683808328	0.19072952941015758
5601.665589801988	0.0032136824597158407	0.9925782067139831	0.9962032812737938	0.1907010211143226
5601.976755366939	0.0032144003883162776	0.9925815216231347	0.9962051931084539	0.19067252130100099
5602.287851438909	0.0032151183719680483	0.9925848345658345	0.9962071038856158	0.19064402996642743
5602.598878043601	0.003215836410666578	0.9925881455435333	0.9962090136060803	0.1906155471068386
5602.90983520671	0.0032165545044072954	0.9925914545576807	0.9962109222706474	0.190587072718473
5603.22072295392	0.0032172726531856303	0.9925947616097255	0.9962128298801174	0.19055860679757194
5603.5315413109	0.0032179908569970185	0.9925980667011157	0.9962147364352903	0.19053014934037887
5603.842290303301	0.0032187091158368867	0.992601369833297	0.9962166419369635	0.19050170034313899
5604.152969956767	0.0032194274297006747	0.9926046710077152	0.9962185463859352	0.19047325980210014
5604.463580296933	0.0032201457985838165	0.9926079702258135	0.9962204497830026	0.19044482771351212
5604.774121349406	0.003220864222481746	0.9926112674890342	0.9962223521289616	0.19041640407362706
5605.084593139795	0.0032215827013899025	0.9926145627988183	0.9962242534246081	0.19038798887869934
5605.394995693689	0.003222301235303725	0.9926178561566064	0.9962261536707371	0.1903595821249853
5605.705329036662	0.0032230198242186557	0.9926211475638363	0.9962280528681428	0.1903311838087438
5606.015593194278	0.0032237384681301348	0.9926244370219465	0.9962299510176189	0.19030279392623575
5606.325788192087	0.003224457167033604	0.9926277245323716	0.9962318481199578	0.19027441247372395
5606.635914055628	0.003225175920924507	0.9926310100965474	0.9962337441759522	0.19024603944747395
5606.945970810425	0.0032258947297982917	0.9926342937159073	0.9962356391863937	0.1902176748437531
5607.255958481988	0.003226613593650405	0.992637575391884	0.9962375331520724	0.19018931865883115
5607.565877095813	0.0032273325124762926	0.9926408551259078	0.9962394260737785	0.19016097088897976
5607.875726677384	0.003228051486271402	0.9926441329194083	0.9962413179523014	0.19013263153047305
5608.185507252179	0.0032287705150311876	0.9926474087738153	0.9962432087884301	0.19010430057958724
5608.4952188456555	0.003229489598751101	0.9926506826905558	0.9962450985829528	0.1900759780326009
5608.804861483252	0.003230208737426589	0.9926539546710543	0.9962469873366557	0.19004766388579422
5609.114435190406	0.003230927931053112	0.9926572247167371	0.9962488750503262	0.19001935813545032
5609.42393999254	0.0032316471796261246	0.9926604928290275	0.9962507617247502	0.18999106077785394
5609.733375915054	0.003232366483141081	0.9926637590093473	0.9962526473607126	0.18996277180929216
5610.042742983345	0.003233085841593439	0.9926670232591177	0.9962545319589979	0.1899344912260544
5610.352041222795	0.0032338052549786603	0.992670285579759	0.9962564155203906	0.18990621902443197
5610.661270658769	0.0032345247232922025	0.9926735459726892	0.996258298045673	0.18987795520071868
5610.970431316627	0.0032352442465295285	0.9926768044393259	0.9962601795356281	0.18984969975121024
5611.279523221701	0.0032359638246861003	0.9926800609810846	0.9962620599910371	0.18982145267220454
5611.588546399327	0.003236683457757382	0.9926833155993806	0.9962639394126818	0.18979321396000182
5611.89750087482	0.00323740314573884	0.9926865682956275	0.9962658178013422	0.18976498361090438
5612.206386673481	0.003238122888625939	0.9926898190712372	0.9962676951577978	0.18973676162121658
5612.515203820598	0.0032388426864141478	0.9926930679276211	0.9962695714828276	0.18970854798724507
5612.823952341447	0.0032395625390989344	0.9926963148661888	0.9962714467772099	0.18968034270529854
5613.132632261299	0.0032402824466757716	0.9926995598883492	0.9962733210417231	0.1896521457716883
5613.441243605402	0.003241002409140128	0.9927028029955096	0.9962751942771435	0.18962395718272712
5613.749786398987	0.003241722426487476	0.9927060441890759	0.9962770664842472	0.18959577693473023
5614.058260667288	0.003242442498713292	0.9927092834704532	0.9962789376638103	0.18956760502401532
5614.366666435513	0.00324316262581305	0.9927125208410456	0.9962808078166073	0.18953944144690177
5614.675003728866	0.003243882807782227	0.9927157563022553	0.9962826769434129	0.18951128619971133
5614.983272572528	0.003244603044616299	0.9927189898554829	0.9962845450450004	0.18948313927876784
5615.291472991676	0.003245323336310745	0.9927222215021289	0.9962864121221426	0.18945500068039728
5615.599605011468	0.003246043682861046	0.9927254512435921	0.9962882781756117	0.1894268704009279
5615.907668657053	0.0032467640842626833	0.99272867908127	0.9962901432061794	0.18939874843669
5616.215663953566	0.0032474845405111386	0.992731905016559	0.9962920072146176	0.18937063478401606
5616.523590926133	0.003248205051601897	0.9927351290508541	0.9962938702016928	0.18934252943924051
5616.8314495998575	0.0032489256175304414	0.9927383511855489	0.9962957321681738	0.18931443239869977
5617.139239999837	0.003249646238292259	0.9927415714220363	0.9962975931148519	0.18928634365873487
5617.44696215116	0.003250366913882839	0.9927447897617077	0.9962994530424583	0.1892582632156835
5617.754616078895	0.003251087644297668	0.9927480062059539	0.9963013119516596	0.18923019106587996
5618.062201808099	0.0032518084295322363	0.9927512207561633	0.9963031698431652	0.18920212720566462
5618.369719363815	0.0032525292695820343	0.9927544334137234	0.9963050267177682	0.18917407163138714
5618.677168771082	0.003253250164442556	0.9927576441800214	0.996306882576381	0.18914602433941
5618.984550054915	0.0032539711141092932	0.9927608530564419	0.9963087374198085	0.18911798532608837
5619.291863240325	0.003254692118577742	0.9927640600443699	0.9963105912487811	0.189089954587773
5619.599108352305	0.0032554131778433984	0.9927672651451881	0.9963124440640656	0.1890619321208203
5619.906285415834	0.00325613429190176	0.9927704683602783	0.9963142958664296	0.18903391792158858
5620.21339445588	0.0032568554607483218	0.9927736696910203	0.9963161466566322	0.1890059119864377
5620.520435497403	0.0032575766843785867	0.9927768691387941	0.9963179964354348	0.18897791431173008
5620.827408565347	0.003258297962788056	0.9927800667049781	0.9963198452035996	0.18894992489383028
5621.13431368464	0.003259019295972231	0.9927832623909486	0.9963216929618857	0.18892194372910462
5621.441150880202	0.003259740683926615	0.9927864561980817	0.9963235397110519	0.1888939708139218
5621.7479201769365	0.0032604621266467126	0.9927896481277514	0.9963253854518572	0.18886600614465257
5622.054621599737	0.0032611836241280287	0.9927928381813315	0.9963272301850595	0.18883804971766982
5622.361255173483	0.0032619051763660705	0.9927960263601938	0.9963290739114165	0.18881010152934846
5622.667820923043	0.0032626267833563475	0.9927992126657095	0.9963309166316845	0.18878216157606562
5622.974318873269	0.0032633484450943686	0.9928023970992481	0.9963327583466193	0.18875422985420057
5623.280749049007	0.0032640701615756443	0.9928055796621783	0.9963345990569765	0.18872630636013452
5623.587111475082	0.0032647919327956853	0.9928087603558668	0.9963364387635105	0.18869839109025086
5623.893406176314	0.003265513758750007	0.9928119391816806	0.9963382774669761	0.18867048404093534
5624.199633177504	0.003266235639434121	0.9928151161409843	0.9963401151681258	0.1886425852085753
5624.505792503446	0.0032669575748435434	0.9928182912351415	0.9963419518677125	0.1886146945895607
5624.811884178919	0.0032676795649737933	0.9928214644655148	0.9963437875664882	0.18858681218028314
5625.117908228689	0.003268401609820388	0.9928246358334656	0.9963456222652048	0.18855893797713671
5625.4238646775075	0.003269123709378844	0.9928278053403543	0.9963474559646123	0.18853107197651742
5625.729753550117	0.003269845863644683	0.9928309729875396	0.996349288665461	0.18850321417482335
5626.035574871247	0.003270568072613427	0.9928341387763794	0.9963511203685006	0.1884753645684548
5626.3413286656105	0.003271290336280598	0.9928373027082305	0.9963529510744794	0.18844752315381397
5626.647014957915	0.003272012654641723	0.9928404647844483	0.996354780784146	0.1884196899273053
5626.95263377285	0.0032727350276923256	0.9928436250063871	0.9963566094982477	0.18839186488533533
5627.258185135089	0.003273457455427928	0.9928467833753996	0.9963584372175308	0.18836404802431247
5627.563669069304	0.0032741799378440627	0.9928499398928379	0.9963602639427421	0.18833623934064755
5627.869085600143	0.003274902474936258	0.9928530945600527	0.9963620896746268	0.18830843883075327
5628.174434752251	0.0032756250667000408	0.9928562473783936	0.9963639144139296	0.18828064649104442
5628.479716550252	0.003276347713130944	0.9928593983492091	0.996365738161395	0.18825286231793803
5628.784931018768	0.0032770704142245028	0.9928625474738467	0.9963675609177665	0.18822508630785306
5629.0900781823975	0.003277793169976251	0.9928656947536524	0.9963693826837874	0.18819731845721058
5629.3951580657285	0.0032785159803817177	0.9928688401899699	0.9963712034601986	0.1881695587624337
5629.700170693344	0.003279238845436442	0.9928719837841443	0.996373023247743	0.18814180721994764
5630.005116089807	0.003279961765135961	0.992875125537517	0.996374842047161	0.1881140638261797
5630.3099942796725	0.003280684739475816	0.9928782654514299	0.9963766598591933	0.1880863285775594
5630.614805287481	0.003281407768451542	0.9928814035272236	0.9963784766845794	0.18805860147051803
5630.919549137761	0.003282130852058684	0.9928845397662369	0.9963802925240579	0.18803088250148925
5631.224225855028	0.0032828539902927814	0.9928876741698073	0.996382107378368	0.18800317166690858
5631.528835463784	0.0032835771831493782	0.9928908067392719	0.9963839212482473	0.18797546896321365
5631.833377988521	0.0032843004306240195	0.9928939374759659	0.9963857341344323	0.18794777438684426
5632.137853453715	0.0032850237327122487	0.9928970663812235	0.9963875460376593	0.1879200879342421
5632.442261883835	0.0032857470894096146	0.9929001934563781	0.9963893569586647	0.18789240960185116
5632.746603303337	0.0032864705007116654	0.9929033187027623	0.996391166898184	0.1878647393861172
5633.0508777366595	0.0032871939666139507	0.9929064421217062	0.9963929758569511	0.18783707728348828
5633.355085208232	0.003287917487112019	0.9929095637145398	0.9963947838356998	0.18780942329041445
5633.659225742471	0.0032886410622014243	0.9929126834825919	0.9963965908351641	0.1877817774033478
5633.96329936378	0.003289364691877718	0.99291580142719	0.996398396856076	0.18775413961874238
5634.267306096551	0.003290088376136454	0.99291891754966	0.9964002018991677	0.1877265099330545
5634.571245965166	0.0032908121149731883	0.9929220318513271	0.9964020059651704	0.18769888834274237
5634.87511899399	0.003291535908383477	0.9929251443335158	0.996403809054815	0.18767127484426638
5635.178925207379	0.0032922597563628778	0.9929282549975484	0.9964056111688314	0.18764366943408878
5635.4826646296715	0.003292983658906949	0.9929313638447466	0.9964074123079493	0.18761607210867393
5635.7863372852025	0.003293707616011251	0.9929344708764312	0.9964092124728974	0.18758848286448834
5636.08994319829	0.0032944316276713468	0.9929375760939214	0.9964110116644037	0.1875609016980005
5636.393482393236	0.003295155693882795	0.992940679498535	0.9964128098831957	0.187533328605681
5636.696954894335	0.00329587981464116	0.9929437810915898	0.9964146071300006	0.18750576358400245
5637.000360725868	0.00329660398994201	0.9929468808744014	0.9964164034055445	0.18747820662943926
5637.303699912102	0.003297328219780908	0.992949978848285	0.996418198710553	0.18745065773846828
5637.606972477301	0.0032980525041534214	0.9929530750145542	0.9964199930457519	0.18742311690756824
5637.910178445703	0.00329877684305512	0.992956169374521	0.9964217864118646	0.1873955841332198
5638.213317841542	0.003299501236481573	0.9929592619294973	0.9964235788096151	0.1873680594119057
5638.516390689033	0.003300225684428349	0.9929623526807932	0.9964253702397263	0.18734054274011067
5638.819397012386	0.003300950186891021	0.9929654416297178	0.9964271607029214	0.18731303411432174
5639.1223368358	0.003301674743865165	0.9929685287775792	0.9964289501999218	0.18728553353102767
5639.425210183453	0.0033023993553463506	0.9929716141256839	0.9964307387314489	0.1872580409867193
5639.728017079518	0.003303124021330156	0.9929746976753382	0.9964325262982231	0.18723055647788975
5640.030757548155	0.0033038487418121576	0.9929777794278468	0.9964343129009648	0.18720308000103378
5640.333431613507	0.0033045735167879326	0.9929808593845125	0.9964360985403934	0.18717561155264853
5640.636039299707	0.003305298346253059	0.9929839375466376	0.9964378832172271	0.1871481511292329
5640.938580630884	0.0033060232302031187	0.992987013915524	0.9964396669321844	0.18712069872728782
5641.24105563114	0.0033067481686336916	0.9929900884924711	0.9964414496859824	0.18709325434331636
5641.5434643245735	0.0033074731615403636	0.992993161278778	0.9964432314793384	0.18706581797382374
5641.845806735277	0.003308198208918717	0.9929962322757436	0.9964450123129693	0.1870383896153171
5642.148082887319	0.0033089233107643336	0.9929993014846632	0.9964467921875896	0.18701096926430527
5642.450292804759	0.003309648467072801	0.9930023689068329	0.9964485711039146	0.18698355691729937
5642.752436511646	0.0033103736778397085	0.9930054345435472	0.9964503490626592	0.1869561525708127
5643.054514032019	0.0033110989430606454	0.9930084983960995	0.996452126064537	0.18692875622136026
5643.356525389903	0.0033118242627311976	0.9930115604657823	0.996453902110261	0.18690136786545933
5643.658470609307	0.003312549636846955	0.993014620753886	0.9964556772005431	0.186873987499629
5643.960349714238	0.003313275065403515	0.9930176792617014	0.9964574513360969	0.18684661512039047
5644.262162728677	0.0033140005483964672	0.9930207359905163	0.9964592245176319	0.1868192507242667
5644.563909676606	0.003314726085821405	0.9930237909416194	0.9964609967458599	0.18679189430778304
5644.865590581988	0.003315451677673927	0.9930268441162975	0.9964627680214909	0.18676454586746674
5645.167205468772	0.003316177323949629	0.9930298955158356	0.9964645383452343	0.18673720539984692
5645.4687543609	0.0033169030246441066	0.9930329451415181	0.9964663077177986	0.18670987290145463
5645.770237282299	0.003317628779752962	0.9930359929946284	0.9964680761398922	0.18668254836882314
5646.071654256888	0.003318354589271794	0.9930390390764492	0.996469843612223	0.18665523179848767
5646.373005308569	0.0033190804531962044	0.9930420833882613	0.9964716101354982	0.18662792318698534
5646.674290461235	0.0033198063715217945	0.9930451259313445	0.9964733757104235	0.18660062253085533
5646.975509738761	0.0033205323442441676	0.9930481667069777	0.9964751403377048	0.18657332982663868
5647.276663165018	0.0033212583713589294	0.9930512057164387	0.9964769040180477	0.1865460450708787
5647.577750763865	0.0033219844528616883	0.9930542429610049	0.9964786667521571	0.18651876826012065
5647.878772559141	0.0033227105887480494	0.9930572784419509	0.9964804285407363	0.18649149939091128
5648.179728574681	0.0033234367790136218	0.9930603121605516	0.9964821893844888	0.1864642384598
5648.480618834303	0.003324163023654013	0.9930633441180805	0.9964839492841173	0.18643698546333787
5648.781443361815	0.003324889322664835	0.99306637431581	0.996485708240324	0.1864097403980779
5649.082202181014	0.003325615676041701	0.9930694027550113	0.9964874662538108	0.1863825032605752
5649.382895315681	0.0033263420837802227	0.9930724294369535	0.9964892233252778	0.18635527404738678
5649.683522789588	0.003327068545876015	0.9930754543629066	0.9964909794554261	0.18632805275507178
5649.984084626501	0.0033277950623246963	0.993078477534139	0.9964927346449556	0.18630083938019124
5650.28458085016	0.003328521633121876	0.9930814989519166	0.9964944888945646	0.1862736339193079
5650.585011484306	0.0033292482582631755	0.9930845186175049	0.996496242204952	0.18624643636898697
5650.885376552661	0.003329974937744216	0.9930875365321689	0.9964979945768156	0.1862192467257953
5651.18567607894	0.003330701671560616	0.9930905526971726	0.9964997460108533	0.18619206498630184
5651.48591008684	0.003331428459707995	0.9930935671137784	0.9965014965077614	0.18616489114707752
5651.786078600049	0.0033321553021819776	0.9930965797832468	0.9965032460682358	0.186137725204695
5652.086181642242	0.003332882198978185	0.9930995907068383	0.9965049946929717	0.18611056715572927
5652.38621923709	0.003333609150092245	0.9931025998858133	0.9965067423826651	0.18608341699675718
5652.686191408241	0.0033343361555197805	0.9931056073214287	0.9965084891380097	0.18605627472435743
5652.986098179337	0.0033350632152564195	0.9931086130149414	0.9965102349596988	0.18602914033511064
5653.285939574008	0.003335790329297792	0.9931116169676085	0.9965119798484262	0.18600201382559958
5653.585715615869	0.0033365174976395257	0.9931146191806837	0.996513723804884	0.18597489519240892
5653.885426328524	0.0033372447202772502	0.9931176196554217	0.9965154668297641	0.18594778443212534
5654.185071735568	0.0033379719972065993	0.9931206183930744	0.9965172089237581	0.1859206815413372
5654.484651860587	0.003338699328423205	0.9931236153948939	0.9965189500875568	0.18589358651663532
5654.784166727146	0.0033394267139227013	0.9931266106621306	0.99652069032185	0.18586649935461197
5655.083616358799	0.003340154153700723	0.9931296041960341	0.996522429627327	0.18583942005186166
5655.3830007790975	0.003340881647752906	0.9931325959978528	0.9965241680046774	0.1858123486049808
5655.682320011575	0.0033416091960748896	0.9931355860688342	0.9965259054545894	0.18578528501056774
5655.981574079753	0.0033423367986623103	0.993138574410224	0.9965276419777503	0.18575822926522273
5656.280763007143	0.00334306445551081	0.9931415610232677	0.9965293775748477	0.18573118136554803
5656.579886817241	0.003343792166616026	0.9931445459092089	0.9965311122465677	0.1857041413081478
5656.878945533538	0.003344519931973603	0.993147529069292	0.9965328459935969	0.18567710908962837
5657.177939179511	0.003345247751579186	0.993150510504758	0.9965345788166208	0.18565008470659766
5657.476867778619	0.0033459756254284184	0.9931534902168477	0.9965363107163236	0.18562306815566584
5657.775731354312	0.0033467035535169414	0.993156468206801	0.9965380416933893	0.18559605943344465
5658.074529930031	0.003347431535840405	0.9931594444758571	0.9965397717485018	0.18556905853654818
5658.373263529206	0.003348159572394458	0.9931624190252537	0.9965415008823446	0.18554206546159233
5658.67193217526	0.00334888766317475	0.9931653918562271	0.9965432290955998	0.1855150802051948
5658.970535891588	0.003349615808176928	0.9931683629700127	0.996544956388949	0.18548810276397543
5659.269074701584	0.0033503440073966444	0.9931713323678456	0.9965466827630738	0.18546113313455567
5659.5675486286345	0.0033510722608295538	0.9931743000509593	0.9965484082186553	0.18543417131355938
5659.865957696106	0.0033518005684713068	0.9931772660205858	0.996550132756373	0.185407217297612
5660.164301927357	0.0033525289303175574	0.9931802302779563	0.9965518563769065	0.185380271083341
5660.462581345732	0.003353257346363965	0.9931831928243015	0.9965535790809346	0.18535333266737578
5660.760795974569	0.0033539858166061857	0.9931861536608508	0.9965553008691359	0.18532640204634757
5661.058945837189	0.0033547143410398777	0.9931891127888322	0.9965570217421882	0.18529947921688977
5661.357030956901	0.003355442919660696	0.9931920702094723	0.9965587417007681	0.18527256417563756
5661.65505135701	0.0033561715524643067	0.9931950259239979	0.9965604607455535	0.18524565691922792
5661.953007060799	0.0033569002394463706	0.9931979799336338	0.9965621788772193	0.18521875744430003
5662.250898091547	0.003357628980602549	0.993200932239604	0.996563896096441	0.1851918657474948
5662.548724472516	0.0033583577759285044	0.9932038828431314	0.9965656124038939	0.18516498182545496
5662.846486226963	0.003359086625419903	0.9932068317454374	0.9965673278002518	0.1851381056748255
5663.144183378126	0.0033598155290724113	0.9932097789477436	0.9965690422861888	0.18511123729225296
5663.441815949237	0.0033605444868816973	0.9932127244512696	0.9965707558623784	0.1850843766743862
5663.739383963512	0.0033612734988434302	0.9932156682572344	0.9965724685294924	0.1850575238178756
5664.036887444159	0.0033620025649532754	0.9932186103668549	0.9965741802882029	0.1850306787193736
5664.334326414371	0.0033627316852069085	0.993221550781348	0.9965758911391813	0.1850038413755347
5664.631700897335	0.0033634608595999992	0.99322448950193	0.9965776010830991	0.18497701178301507
5664.92901091622	0.00336419008812822	0.9932274265298149	0.996579310120626	0.1849501899384729
5665.226256494185	0.0033649193707872434	0.9932303618662157	0.996581018252431	0.1849233758385683
5665.523437654382	0.0033656487075727493	0.9932332955123463	0.996582725479184	0.1848965694799633
5665.820554419945	0.003366378098480412	0.9932362274694172	0.9965844318015535	0.18486977085932188
5666.117606814004	0.003367107543505907	0.9932391577386388	0.9965861372202074	0.1848429799733097
5666.414594859669	0.003367837042644915	0.9932420863212209	0.9965878417358128	0.18481619681859465
5666.711518580044	0.0033685665958931173	0.9932450132183717	0.9965895453490372	0.1847894213918463
5667.00837799822	0.003369296203246192	0.9932479384312985	0.9965912480605464	0.18476265368973613
5667.305173137274	0.0033700258646998213	0.9932508619612075	0.9965929498710056	0.1847358937089376
5667.601904020276	0.0033707555802496908	0.9932537838093038	0.9965946507810794	0.18470914144612588
5667.898570670282	0.003371485349891482	0.9932567039767918	0.996596350791437	0.1846823968979787
5668.19517311034	0.003372215173620883	0.9932596224648751	0.9965980499027345	0.18465566006117445
5668.49171136348	0.003372945051433579	0.9932625392747555	0.9965997481156263	0.18462893093239333
5668.788185452722	0.003373674983325257	0.9932654544076338	0.9966014454308307	0.18460220950832304
5669.084595401081	0.0033744049692916085	0.9932683678647107	0.9966031418489696	0.18457549578564486
5669.380941231556	0.0033751350093283224	0.9932712796471852	0.9966048373704578	0.1845487897610247
5669.677222967131	0.003375865103431088	0.9932741897562549	0.9966065319959889	0.1845220914311539
5669.97344063078	0.003376595251595599	0.993277098193117	0.9966082257264447	0.18449540079274143
5670.269594245471	0.003377325453817548	0.9932800049589677	0.996609918562502	0.1844687178424813
5670.565683834163	0.0033780557100926323	0.9932829100550024	0.9966116105047961	0.18444204257706548
5670.861709419791	0.0033787860204165447	0.9932858134824146	0.9966133015539935	0.18441537499319083
5671.157671025285	0.0033795163847849833	0.9932887152423973	0.9966149917107547	0.18438871508755553
5671.453568673563	0.0033802468031936444	0.9932916153361416	0.9966166809757342	0.18436206285685908
5671.749402387539	0.003380977275638229	0.9932945137648402	0.9966183693495912	0.18433541829780356
5672.045172190103	0.003381707802114435	0.9932974105296815	0.9966200568329812	0.18430878140709223
5672.340878104137	0.003382438382617966	0.9933003056318551	0.9966217434265601	0.18428215218143082
5672.636520152522	0.003383169017144524	0.9933031990725486	0.9966234291309833	0.18425553061752678
5672.932098358118	0.003383899705689812	0.993306090852949	0.9966251139469062	0.18422891671208913
5673.227612743777	0.0033846304482495347	0.9933089809742424	0.9966267978749824	0.18420231046182914
5673.52306333233	0.003385361244819397	0.9933118694376128	0.9966284809158653	0.18417571186345963
5673.818450146616	0.003386092095395109	0.9933147562442454	0.9966301630702094	0.18414912091369567
5674.11377320944	0.003386822999972376	0.9933176413953214	0.996631844338666	0.18412253760925384
5674.409032543612	0.003387553958546907	0.9933205248920238	0.996633524721887	0.18409596194685274
5674.704228171929	0.003388284971114412	0.9933234067355329	0.9966352042205245	0.18406939392321284
5674.999360117173	0.0033890160376706035	0.9933262869270284	0.9966368828352291	0.18404283353505652
5675.294428402114	0.0033897471582111944	0.9933291654676896	0.9966385605666518	0.18401628077910792
5675.5894330495075	0.0033904783327318986	0.9933320423586941	0.9966402374154417	0.1839897356520931
5675.884374082107	0.0033912095612284297	0.9933349176012183	0.9966419133822483	0.18396319815073994
5676.179251522646	0.0033919408436965037	0.9933377911964381	0.9966435884677197	0.1839366682717782
5676.474065393853	0.0033926721801318368	0.9933406631455287	0.9966452626725045	0.18391014601193956
5676.768815718444	0.0033934035705301497	0.9933435334496636	0.9966469359972505	0.1838836313679575
5677.063502519119	0.0033941350148871587	0.9933464021100155	0.9966486084426046	0.18385712433656734
5677.358125818572	0.0033948665131985863	0.9933492691277561	0.9966502800092132	0.18383062491450622
5677.652685639481	0.003395598065460152	0.9933521345040563	0.996651950697722	0.18380413309851318
5677.947182004517	0.003396329671667581	0.993354998240086	0.9966536205087769	0.18377764888532924
5678.241614936342	0.003397061331816593	0.9933578603370139	0.9966552894430222	0.183751172271697
5678.5359844576005	0.0033977930459029174	0.9933607207960079	0.9966569575011025	0.18372470325436124
5678.830290590925	0.0033985248139222772	0.9933635796182345	0.9966586246836612	0.1836982418300682
5679.124533358943	0.0033992566358703995	0.9933664368048597	0.9966602909913418	0.18367178799556624
5679.418712784271	0.0033999885117430143	0.9933692923570487	0.9966619564247874	0.1836453417476056
5679.712828889503	0.003400720441535849	0.9933721462759647	0.9966636209846389	0.18361890308293813
5680.006881697238	0.003401452425244637	0.9933749985627711	0.9966652846715389	0.1835924719983178
5680.30087123005	0.003402184462865105	0.9933778492186288	0.9966669474861275	0.18356604849049996
5680.59479751051	0.0034029165543929874	0.9933806982447	0.9966686094290459	0.1835396325562425
5680.888660561175	0.0034036486998240195	0.993383545642144	0.9966702705009336	0.1835132241923046
5681.182460404591	0.0034043808991539347	0.9933863914121189	0.9966719307024301	0.18348682339544728
5681.4761970632935	0.0034051131523784705	0.9933892355557835	0.9966735900341743	0.18346043016243377
5681.769870559805	0.0034058454594933616	0.9933920780742945	0.9966752484968043	0.1834340444900287
5682.063480916641	0.0034065778204943496	0.9933949189688084	0.9966769060909584	0.18340766637499908
5682.357028156299	0.0034073102353771698	0.9933977582404792	0.9966785628172731	0.18338129581411322
5682.65051230127	0.003408042704137563	0.993400595890461	0.9966802186763849	0.1833549328041414
5682.943933374033	0.0034087752267712708	0.9934034319199069	0.9966818736689299	0.18332857734185581
5683.237291397062	0.003409507803274039	0.9934062663299698	0.996683527795545	0.18330222942403054
5683.530586392808	0.003410240433641609	0.9934090991217999	0.9966851810568639	0.1832758890474415
5683.8238183837175	0.003410973117869726	0.9934119302965473	0.9966868334535215	0.18324955620886627
5684.116987392226	0.003411705855954134	0.9934147598553611	0.9966884849861518	0.18322323090508413
5684.410093440758	0.003412438647890582	0.9934175877993894	0.9966901356553879	0.1831969131328767
5684.703136551721	0.003413171493674817	0.9934204141297793	0.9966917854618627	0.18317060288902687
5684.9961167475185	0.0034139043933025886	0.9934232388476771	0.9966934344062087	0.18314430017031963
5685.289034050546	0.0034146373467696485	0.9934260619542282	0.9966950824890582	0.18311800497354183
5685.581888483179	0.003415370354071745	0.9934288834505767	0.9966967297110414	0.18309171729548196
5685.874680067788	0.0034161034152046335	0.9934317033378656	0.9966983760727901	0.18306543713293058
5686.167408826726	0.003416836530164067	0.9934345216172379	0.9967000215749344	0.1830391644826798
5686.46007478234	0.0034175696989457984	0.9934373382898334	0.996701666218103	0.18301289934152346
5686.752677956964	0.003418302921545584	0.9934401533567938	0.9967033100029253	0.18298664170625767
5687.045218372929	0.003419036197959184	0.9934429668192585	0.9967049529300309	0.18296039157368002
5687.337696052538	0.003419769528182352	0.9934457786783651	0.9967065950000469	0.18293414894058993
5687.630111018101	0.003420502912210849	0.9934485889352515	0.9967082362136012	0.18290791380378865
5687.922463291902	0.003421236350040434	0.9934513975910537	0.99670987657132	0.18288168616007922
5688.214752896228	0.0034219698416668707	0.9934542046469081	0.9967115160738311	0.1828554660062668
5688.50697985334	0.0034227033870859185	0.9934570101039487	0.9967131547217596	0.18282925333915773
5688.799144185503	0.003423436986293344	0.9934598139633091	0.9967147925157308	0.18280304815556064
5689.091245914962	0.003424170639284911	0.9934626162261224	0.9967164294563704	0.18277685045228598
5689.383285063951	0.0034249043460563835	0.9934654168935199	0.996718065544302	0.18275066022614558
5689.675261654693	0.0034256381066035285	0.9934682159666322	0.9967197007801493	0.1827244774739535
5689.967175709405	0.003426371920922114	0.9934710134465888	0.996721335164536	0.18269830219252536
5690.259027250289	0.00342710578900791	0.9934738093345192	0.9967229686980847	0.18267213437867885
5690.550816299538	0.003427839710856686	0.9934766036315511	0.9967246013814176	0.18264597402923302
5690.842542879331	0.0034285736864642126	0.9934793963388111	0.9967262332151564	0.18261982114100905
5691.13420701184	0.0034293077158262628	0.9934821874574257	0.9967278641999228	0.18259367571082996
5691.425808719227	0.0034300417989386106	0.9934849769885195	0.9967294943363368	0.1825675377355202
5691.717348023633	0.0034307759357970276	0.9934877649332162	0.9967311236250185	0.18254140721190631
5692.008824947199	0.0034315101263972924	0.9934905512926395	0.9967327520665877	0.18251528413681653
5692.300239512054	0.003432244370735179	0.9934933360679112	0.9967343796616637	0.182489168507081
5692.59159174031	0.0034329786688064683	0.9934961192601526	0.9967360064108648	0.18246306031953152
5692.88288165407	0.003433713020606936	0.9934989008704842	0.9967376323148089	0.18243695957100162
5693.174109275429	0.0034344474261323627	0.9935016809000247	0.9967392573741137	0.18241086625832686
5693.465274626474	0.003435181885378529	0.9935044593498926	0.9967408815893963	0.1823847803783442
5693.756377729273	0.003435916398341218	0.993507236221206	0.996742504961273	0.18235870192789286
5694.047418605887	0.003436650965016214	0.9935100115150809	0.9967441274903598	0.18233263090381344
5694.338397278368	0.0034373855853992983	0.9935127852326325	0.996745749177272	0.18230656730294847
5694.6293137687535	0.0034381202594862574	0.9935155573749757	0.9967473700226249	0.1822805111221424
5694.920168099072	0.003438854987272878	0.9935183279432244	0.9967489900270322	0.1822544623582412
5695.210960291342	0.003439589768754949	0.9935210969384911	0.9967506091911084	0.18222842100809272
5695.501690367573	0.0034403246039282575	0.9935238643618878	0.9967522275154667	0.1822023870685467
5695.792358349754	0.0034410594927885914	0.9935266302145245	0.9967538450007196	0.1821763605364544
5696.082964259871	0.0034417944353317405	0.9935293944975111	0.9967554616474791	0.18215034140866915
5696.373508119904	0.0034425294315535	0.9935321572119575	0.9967570774563581	0.18212432968204578
5696.663989951814	0.0034432644814496646	0.9935349183589715	0.9967586924279674	0.18209832535344117
5696.954409777554	0.0034439995850160253	0.99353767793966	0.9967603065629177	0.18207232841971374
5697.244767619062	0.003444734742248376	0.9935404359551291	0.996761919861819	0.18204633887772376
5697.5350634982715	0.0034454699531425133	0.9935431924064835	0.9967635323252807	0.1820203567243332
5697.8252974371035	0.003446205217694236	0.9935459472948278	0.9967651439539127	0.18199438195640588
5698.11546945747	0.0034469405358993426	0.9935487006212662	0.996766754748324	0.18196841457080756
5698.405579581264	0.0034476759077536286	0.9935514523868999	0.9967683647091221	0.18194245456440528
5698.695627830374	0.0034484113332528986	0.993554202592831	0.9967699738369147	0.1819165019340682
5698.985614226679	0.003449146812392954	0.9935569512401603	0.996771582132309	0.18189055667666731
5699.27553879205	0.0034498823451695948	0.993559698329987	0.9967731895959123	0.18186461878907512
5699.565401548338	0.003450617931578628	0.9935624438634103	0.9967747962283303	0.18183868826816604
5699.855202517386	0.003451353571615856	0.993565187841527	0.996776402030168	0.18181276511081604
5700.144941721029	0.003452089265277083	0.9935679302654348	0.9967780070020312	0.1817868493139031
5700.434619181088	0.0034528250125581174	0.9935706711362291	0.9967796111445244	0.18176094087430686
5700.724234919385	0.0034535608134547693	0.9935734104550057	0.9967812144582517	0.1817350397889087
5701.013788957716	0.003454296667962847	0.9935761482228581	0.9967828169438168	0.18170914605459174
5701.303281317874	0.003455032576078159	0.9935788844408794	0.9967844186018225	0.1816832596682408
5701.5927120216365	0.003455768537796516	0.9935816191101617	0.9967860194328714	0.18165738062674258
5701.882081090774	0.0034565045531137336	0.9935843522317971	0.9967876194375656	0.18163150892698557
5702.171388547048	0.0034572406220256236	0.9935870838068757	0.996789218616507	0.18160564456585976
5702.460634412207	0.003457976744527998	0.9935898138364868	0.9967908169702965	0.18157978754025708
5702.749818707984	0.0034587129206166732	0.9935925423217182	0.9967924144995337	0.18155393784707097
5703.038941456111	0.003459449150287469	0.9935952692636589	0.9967940112048199	0.181528095483197
5703.328002678305	0.0034601854335362	0.993597994663395	0.9967956070867541	0.18150226044553228
5703.617002396271	0.003460921770358687	0.9936007185220127	0.9967972021459357	0.1814764327309756
5703.9059406317	0.003461658160750747	0.9936034408405966	0.9967987963829625	0.1814506123364275
5704.194817406284	0.003462394604708202	0.9936061616202306	0.9968003897984331	0.1814247992587904
5704.48363274169	0.0034631311022268736	0.9936088808619977	0.9968019823929445	0.18139899349496819
5704.772386659586	0.003463867653302588	0.9936115985669808	0.9968035741670945	0.18137319504186689
5705.061079181622	0.003464604257931165	0.9936143147362605	0.996805165121479	0.18134740389639378
5705.34971032944	0.0034653409161084325	0.9936170293709174	0.9968067552566942	0.1813216200554584
5705.638280124676	0.003466077627830216	0.993619742472031	0.9968083445733354	0.18129584351597158
5705.926788588947	0.003466814393092341	0.9936224540406794	0.9968099330719981	0.18127007427484607
5706.215235743861	0.003467551211890638	0.9936251640779409	0.9968115207532764	0.18124431232899632
5706.503621611023	0.003468288084220936	0.9936278725848923	0.9968131076177644	0.18121855767533857
5706.791946212023	0.0034690250100790636	0.9936305795626087	0.9968146936660557	0.18119281031079074
5707.08020956843	0.003469761989460853	0.9936332850121652	0.9968162788987426	0.18116707023227227
5707.368411701819	0.00347049902236214	0.9936359889346361	0.9968178633164186	0.18114133743670469
5707.656552633746	0.0034712361087787546	0.9936386913310951	0.9968194469196756	0.18111561192101122
5707.944632385762	0.0034719732487065317	0.9936413922026134	0.996821029709105	0.1810898936821165
5708.2326509793975	0.0034727104421413088	0.9936440915502627	0.996822611685297	0.18106418271694716
5708.520608436183	0.0034734476890789226	0.9936467893751136	0.9968241928488433	0.18103847902243128
5708.8085047776285	0.0034741849895152093	0.9936494856782353	0.996825773200333	0.1810127825954989
5709.096340025239	0.0034749223434460083	0.9936521804606966	0.996827352740356	0.18098709343308184
5709.384114200516	0.003475659750867162	0.9936548737235656	0.9968289314695021	0.18096141153211345
5709.671827324935	0.0034763972117745094	0.9936575654679085	0.9968305093883586	0.18093573688952888
5709.9594794199775	0.0034771347261638936	0.993660255694792	0.9968320864975143	0.1809100695022649
5710.247070507097	0.0034778722940311565	0.9936629444052804	0.9968336627975565	0.18088440936726005
5710.534600607748	0.003478609915372141	0.993665631600438	0.9968352382890718	0.18085875648145452
5710.822069743375	0.003479347590182695	0.9936683172813281	0.9968368129726475	0.18083311084179043
5711.109477935409	0.0034800853184586656	0.993671001449013	0.9968383868488693	0.18080747244521145
5711.396825205271	0.003480823100195899	0.993673684104555	0.9968399599183233	0.18078184128866293
5711.684111574368	0.003481560935390242	0.9936763652490138	0.9968415321815939	0.18075621736909206
5711.971337064102	0.003482298824037547	0.9936790448834493	0.9968431036392658	0.18073060068344748
5712.258501695863	0.003483036766133663	0.9936817230089209	0.9968446742919237	0.1807049912286798
5712.545605491028	0.0034837747616744425	0.9936843996264858	0.996846244140151	0.1806793890017413
5712.832648470968	0.003484512810655737	0.993687074737201	0.9968478131845302	0.18065379399958573
5713.119630657042	0.003485250913073401	0.9936897483421235	0.9968493814256447	0.18062820621916892
5713.406552070593	0.0034859890689232895	0.993692420442308	0.9968509488640765	0.180602625657448
5713.693412732958	0.0034867272782012574	0.9936950910388084	0.9968525155004065	0.180577052311382
5713.980212665467	0.003487465540903163	0.9936977601326791	0.9968540813352169	0.18055148617793176
5714.266951889436	0.003488203857024864	0.9937004277249725	0.996855646369088	0.18052592725405953
5714.55363042617	0.0034889422265622174	0.9937030938167399	0.9968572106025998	0.18050037553672962
5714.840248296963	0.003489680649511086	0.9937057584090325	0.9968587740363326	0.1804748310229076
5715.126805523103	0.003490419125867329	0.9937084215029002	0.9968603366708649	0.18044929370956111
5715.413302125866	0.0034911576556268115	0.9937110830993928	0.9968618985067763	0.18042376359365944
5715.699738126512	0.0034918962387853946	0.993713743199558	0.9968634595446445	0.18039824067217325
5715.986113546297	0.0034926348753389416	0.993716401804443	0.9968650197850473	0.18037272494207518
5716.272428406466	0.0034933735652833186	0.9937190589150943	0.9968665792285624	0.18034721640033952
5716.558682728247	0.003494112308614391	0.9937217145325572	0.9968681378757656	0.18032171504394215
5716.8448765328685	0.003494851105328031	0.993724368657877	0.9968696957272342	0.18029622086986077
5717.131009841541	0.0034955899554201014	0.9937270212920977	0.9968712527835437	0.18027073387507467
5717.417082675468	0.0034963288588864745	0.9937296724362619	0.9968728090452699	0.18024525405656486
5717.703095055839	0.0034970678157230186	0.9937323220914114	0.9968743645129868	0.1802197814113139
5717.989047003837	0.0034978068259256074	0.9937349702585879	0.9968759191872694	0.18019431593630628
5718.274938540636	0.0034985458894901157	0.9937376169388326	0.996877473068692	0.1801688576285281
5718.560769687393	0.0034992850064124127	0.9937402621331839	0.9968790261578284	0.18014340648496702
5718.846540465258	0.0035000241766883753	0.9937429058426802	0.9968805784552489	0.1801179625026123
5719.132250895374	0.0035007634003138793	0.9937455480683601	0.9968821299615264	0.18009252567845493
5719.417900998871	0.0035015026772848012	0.9937481888112603	0.9968836806772433	0.18006709600948867
5719.703490796864	0.0035022420075970185	0.9937508280724162	0.9968852306029591	0.18004167349270683
5719.989020310471	0.0035029813912464116	0.993753465852864	0.9968867797391966	0.18001625812510155
5720.274489560785	0.0035037208282288597	0.9937561021536371	0.9968883280864487	0.1799908499036644
5720.559898568898	0.003504460318540244	0.99375873697577	0.9968898756452346	0.17996544882539067
5720.845247355883	0.003505199862176445	0.9937613703202941	0.9968914224162486	0.17994005488729156
5721.130535942813	0.003505939459133347	0.9937640021882418	0.9968929684001597	0.17991466808637793
5721.415764350748	0.0035066791094068342	0.9937666325806437	0.9968945135975059	0.17988928841965185
5721.700932600734	0.0035074188129927937	0.9937692614985304	0.9968960580088421	0.17986391588411843
5721.986040713807	0.0035081585698871084	0.9937718889429302	0.9968976016347451	0.17983855047678593
5722.271088710995	0.0035088983800856672	0.9937745149148723	0.996899144475783	0.17981319219466407
5722.556076613315	0.0035096382435843565	0.9937771394153834	0.9969006865325194	0.17978784103476364
5722.841004441776	0.003510378160379068	0.9937797624454902	0.9969022278055218	0.17976249699409746
5723.125872217371	0.0035111181304656896	0.9937823840062185	0.9969037682953561	0.17973716006968005
5723.410679961092	0.0035118581538401174	0.9937850040985932	0.9969053080025875	0.17971183025852738
5723.695427693912	0.003512598230498239	0.9937876227236381	0.9969068469277803	0.17968650755765725
5723.980115436799	0.0035133383604359514	0.9937902398823771	0.9969083850714995	0.17966119196408908
5724.264743210705	0.0035140785436491464	0.993792855575832	0.9969099224343082	0.1796358834748438
5724.549311036576	0.00351481878013372	0.9937954698050235	0.9969114590167697	0.17961058208694414
5724.833818935358	0.0035155590698855723	0.993798082570974	0.9969129948194483	0.17958528779741467
5725.118266927966	0.0035162994129005966	0.9938006938747019	0.9969145298429052	0.17956000060328117
5725.402655035314	0.0035170398091746917	0.9938033037172261	0.9969160640877024	0.17953472050157132
5725.686983278309	0.003517780258703758	0.9938059120995648	0.9969175975544012	0.17950944748931455
5725.971251677855	0.003518520761483699	0.9938085190227361	0.9969191302435638	0.17948418156354184
5726.255460254825	0.0035192613175104126	0.993811124487755	0.9969206621557496	0.17945892272128564
5726.539609030099	0.003520001926779804	0.9938137284956376	0.9969221932915192	0.17943367095958032
5726.823698024543	0.0035207425892877756	0.9938163310473991	0.9969237236514324	0.1794084262754617
5727.107727259008	0.0035214833050302334	0.9938189321440529	0.9969252532360481	0.1793831886659675
5727.391696754343	0.003522224074003086	0.9938215317866124	0.9969267820459254	0.17935795812813682
5727.675606531376	0.0035229648962022343	0.9938241299760887	0.9969283100816217	0.17933273465901048
5727.959456610934	0.0035237057716235873	0.9938267267134933	0.996929837343695	0.17930751825563088
5728.243247013833	0.0035244467002630573	0.9938293219998375	0.9969313638327033	0.1792823089150422
5728.5269777608755	0.003525187682116554	0.9938319158361308	0.9969328895492033	0.17925710663429031
5728.810648872854	0.003525928717179986	0.9938345082233815	0.9969344144937508	0.17923191141042238
5729.094260370554	0.0035266698054492686	0.9938370991625981	0.9969359386669022	0.17920672324048773
5729.377812274749	0.003527410946920311	0.9938396886547871	0.9969374620692127	0.17918154212153684
5729.661304606203	0.00352815214158903	0.9938422767009548	0.9969389847012373	0.17915636805062193
5729.944737385669	0.0035288933894513396	0.9938448633021072	0.9969405065635308	0.17913120102479715
5730.228110633886	0.0035296346905031536	0.9938474484592479	0.9969420276566469	0.17910604104111788
5730.511424371593	0.0035303760447403945	0.9938500321733817	0.9969435479811394	0.1790808880966415
5730.794678619515	0.0035311174521589776	0.9938526144455118	0.9969450675375617	0.17905574218842668
5731.077873398362	0.0035318589127548224	0.993855195276639	0.9969465863264665	0.17903060331353393
5731.361008728837	0.003532600426523849	0.9938577746677654	0.9969481043484059	0.17900547146902543
5731.644084631635	0.00353334199346198	0.9938603526198914	0.9969496216039314	0.1789803466519647
5731.9271011274395	0.003534083613565137	0.9938629291340167	0.9969511380935949	0.17895522885941728
5732.210058236924	0.0035348252868292423	0.9938655042111396	0.9969526538179465	0.17893011808845002
5732.492955980745	0.00353556701325022	0.9938680778522581	0.996954168777537	0.17890501433613146
5732.775794379564	0.003536308792823996	0.9938706500583695	0.9969556829729164	0.1788799175995318
5733.058573454022	0.003537050625546498	0.9938732208304701	0.9969571964046341	0.17885482787572302
5733.341293224753	0.0035377925114136524	0.9938757901695556	0.9969587090732394	0.17882974516177846
5733.623953712381	0.0035385344504213876	0.9938783580766204	0.9969602209792807	0.1788046694547732
5733.906554937516	0.0035392764425656344	0.9938809245526584	0.9969617321233062	0.17877960075178403
5734.189096920762	0.003540018487842322	0.9938834895986628	0.9969632425058639	0.17875453904988914
5734.471579682713	0.0035407605862473805	0.9938860532156253	0.9969647521275004	0.17872948434616845
5734.754003243954	0.003541502737776744	0.9938886154045372	0.9969662609887625	0.17870443663770355
5735.036367625063	0.0035422449424263483	0.99389117616639	0.9969677690901972	0.17867939592157756
5735.318672846593	0.0035429872001921246	0.9938937355021723	0.9969692764323497	0.17865436219487515
5735.6009189291035	0.00354372951107001	0.9938962934128733	0.9969707830157658	0.17862933545468282
5735.883105893138	0.00354447187505594	0.9938988498994811	0.9969722888409901	0.1786043156980885
5736.1652337592295	0.0035452142921458536	0.9939014049629831	0.9969737939085672	0.17857930292218174
5736.447302547901	0.003545956762335687	0.9939039586043655	0.9969752982190413	0.17855429712405377
5736.729312279668	0.0035466992856213837	0.9939065108246142	0.9969768017729561	0.17852929830079747
5737.011262975034	0.0035474418619988813	0.9939090616247139	0.9969783045708545	0.17850430644950702
5737.293154654494	0.003548184491464122	0.9939116110056487	0.9969798066132796	0.17847932156727875
5737.574987338534	0.00354892717401305	0.9939141589684017	0.9969813079007734	0.17845434365121013
5737.856761047622	0.003549669909641607	0.9939167055139546	0.9969828084338777	0.17842937269840026
5738.138475802229	0.003550412698345741	0.9939192506432901	0.9969843082131343	0.17840440870595015
5738.420131622807	0.0035511555401213936	0.9939217943573883	0.9969858072390833	0.17837945167096209
5738.701728529802	0.0035518984349645136	0.9939243366572291	0.9969873055122656	0.17835450159054017
5738.983266543643	0.0035526413828710465	0.993926877543791	0.996988803033221	0.17832955846178997
5739.264745684761	0.0035533843838369437	0.9939294170180535	0.996990299802489	0.17830462228181862
5739.546165973569	0.0035541274378581536	0.9939319550809934	0.996991795820609	0.17827969304773508
5739.827527430477	0.003554870544930632	0.9939344917335882	0.9969932910881206	0.17825477075664978
5740.108830075873	0.0035556137050503232	0.9939370269768122	0.9969947856055608	0.17822985540567457
5740.390073930147	0.0035563569182131844	0.9939395608116416	0.9969962793734674	0.1782049469919231
5740.671259013673	0.0035571001844151664	0.9939420932390501	0.9969977723923779	0.17818004551251052
5740.952385346819	0.003557843503652227	0.9939446242600124	0.9969992646628297	0.1781551509645538
5741.23345294994	0.0035585868759203214	0.9939471538755001	0.9970007561853592	0.17813026334517107
5741.514461843381	0.0035593303012154062	0.9939496820864848	0.9970022469605019	0.17810538265148237
5741.795412047481	0.003560073779533438	0.993952208893938	0.9970037369887932	0.1780805088806091
5742.076303582564	0.0035608173108703763	0.9939547342988299	0.9970052262707687	0.1780556420296746
5742.357136468952	0.003561560895222183	0.9939572583021302	0.9970067148069636	0.1780307820958035
5742.637910726948	0.003562304532584817	0.9939597809048072	0.9970082025979116	0.1780059290761221
5742.91862637685	0.003563048222954241	0.993962302107829	0.9970096896441463	0.17798108296775825
5743.199283438944	0.0035637919663264166	0.9939648219121621	0.9970111759462011	0.17795624376784128
5743.479881933508	0.0035645357626973087	0.9939673403187731	0.997012661504609	0.17793141147350236
5743.760421880816	0.003565279612062882	0.9939698573286277	0.997014146319903	0.17790658608187424
5744.040903301119	0.0035660235144191013	0.9939723729426899	0.9970156303926144	0.17788176759009086
5744.321326214667	0.003566767469761933	0.993974887161924	0.997017113723275	0.17785695599528806
5744.601690641704	0.00356751147808735	0.9939773999872933	0.9970185963124164	0.17783215129460322
5744.881996602458	0.003568255539391318	0.9939799114197599	0.9970200781605693	0.17780735348517543
5745.162244117139	0.0035689996536698034	0.9939824214602847	0.9970215592682631	0.1777825625641449
5745.442433205966	0.0035697438209187824	0.9939849301098296	0.9970230396360288	0.17775777852865396
5745.722563889139	0.0035704880411342255	0.9939874373693534	0.9970245192643951	0.177733001375846
5746.002636186843	0.0035712323143121043	0.9939899432398152	0.9970259981538911	0.17770823110286632
5746.282650119261	0.0035719766404483932	0.9939924477221734	0.9970274763050455	0.1776834677068618
5746.5626057065665	0.003572721019539068	0.9939949508173863	0.9970289537183864	0.17765871118498072
5746.842502968919	0.0035734654515801045	0.9939974525264103	0.9970304303944418	0.17763396153437308
5747.122341926463	0.003574209936567478	0.9939999528502006	0.9970319063337381	0.17760921875219016
5747.402122599347	0.003574954474497167	0.9940024517897125	0.9970333815368025	0.1775844828355851
5747.681845007708	0.003575699065365151	0.9940049493459014	0.9970348560041615	0.17755975378171268
5747.961509171658	0.0035764437091674096	0.9940074455197201	0.9970363297363409	0.17753503158772885
5748.241115111315	0.003577188405899926	0.9940099403121219	0.997037802733867	0.1775103162507916
5748.52066284678	0.003577933155558679	0.9940124337240576	0.9970392749972637	0.1774856077680599
5748.800152398149	0.003578677958139651	0.9940149257564793	0.997040746527056	0.17746090613669493
5749.079583785503	0.0035794228136388287	0.9940174164103377	0.9970422173237682	0.17743621135385895
5749.358957028918	0.0035801677220521967	0.9940199056865822	0.9970436873879244	0.17741152341671595
5749.6382721484615	0.0035809126833757396	0.9940223935861618	0.9970451567200476	0.17738684232243157
5749.917529164184	0.0035816576976054446	0.9940248801100243	0.9970466253206609	0.17736216806817273
5750.196728096129	0.0035824027647372992	0.994027365259117	0.9970480931902866	0.17733750065110823
5750.4758689643295	0.00358314788476729	0.9940298490343857	0.9970495603294459	0.17731284006840806
5750.754951788822	0.0035838930576914114	0.9940323314367777	0.997051026738662	0.1772881863172442
5751.033976589617	0.003584638283505653	0.9940348124672377	0.9970524924184556	0.1772635393947899
5751.31294338672	0.003585383562206005	0.9940372921267089	0.9970539573693471	0.17723889929821993
5751.59185220013	0.003586128893788462	0.9940397704161354	0.997055421591857	0.17721426602471085
5751.870703049834	0.003586874278249017	0.9940422473364601	0.9970568850865054	0.17718963957144046
5752.149495955814	0.0035876197155836663	0.994044722888625	0.9970583478538121	0.17716501993558845
5752.428230938031	0.0035883652057884033	0.9940471970735699	0.9970598098942953	0.17714040711433554
5752.70690801645	0.0035891107488592246	0.9940496698922363	0.997061271208474	0.17711580110486458
5752.985527211017	0.003589856344792129	0.9940521413455634	0.9970627317968661	0.17709120190435967
5753.26408854167	0.003590601993583115	0.9940546114344899	0.9970641916599902	0.17706660951000647
5753.5425920283415	0.003591347695228183	0.994057080159954	0.9970656507983626	0.17704202391899218
5753.821037690954	0.0035920934497233334	0.9940595475228927	0.9970671092125009	0.17701744512850554
5754.099425549416	0.00359283925706457	0.994062013524243	0.9970685669029217	0.17699287313573692
5754.377755623631	0.0035935851172478944	0.9940644781649403	0.9970700238701413	0.17696830793787824
5754.65602793349	0.0035943310302693084	0.9940669414459196	0.9970714801146751	0.17694374953212277
5754.934242498874	0.003595076996124817	0.9940694033681147	0.9970729356370376	0.17691919791566543
5755.212399339655	0.003595823014810428	0.9940718639324593	0.997074390437744	0.1768946530857026
5755.4904984756995	0.003596569086322145	0.9940743231398856	0.9970758445173089	0.17687011503943234
5755.768539926862	0.0035973152106559786	0.9940767809913265	0.9970772978762464	0.1768455837740542
5756.046523712985	0.0035980613878079364	0.9940792374877122	0.9970787505150701	0.1768210592867693
5756.324449853904	0.003598807617774029	0.9940816926299736	0.997080202434293	0.17679654157478014
5756.602318369443	0.003599553900550265	0.9940841464190396	0.9970816536344274	0.1767720306352908
5756.880129279418	0.0036003002361326563	0.9940865988558394	0.9970831041159856	0.17674752646550695
5757.157882603639	0.0036010466245172167	0.9940890499413013	0.9970845538794801	0.17672302906263582
5757.435578361901	0.0036017930656999596	0.9940914996763525	0.9970860029254219	0.1766985384238861
5757.713216573991	0.0036025395596769004	0.9940939480619193	0.9970874512543223	0.17667405454646812
5757.990797259685	0.0036032861064440513	0.9940963950989274	0.9970888988666915	0.17664957742759335
5758.268320438752	0.003604032705997431	0.9940988407883018	0.9970903457630397	0.17662510706447523
5758.545786130956	0.0036047793583330588	0.9941012851309674	0.997091791943877	0.17660064345432855
5758.823194356044	0.0036055260634469508	0.9941037281278473	0.997093237409713	0.17657618659436985
5759.100545133756	0.0036062728213351256	0.9941061697798639	0.997094682161056	0.1765517364818166
5759.3778384838215	0.0036070196319936063	0.9941086100879395	0.9970961261984147	0.17652729311388843
5759.655074425964	0.0036077664954184134	0.9941110490529955	0.9970975695222972	0.17650285648780617
5759.932252979894	0.003608513411605569	0.9941134866759522	0.9970990121332112	0.17647842660079216
5760.209374165314	0.003609260380551096	0.9941159229577291	0.9971004540316641	0.1764540034500704
5760.486438001918	0.003610007402251019	0.9941183578992454	0.9971018952181627	0.17642958703286626
5760.76344450939	0.0036107544767013636	0.9941207915014192	0.9971033356932132	0.17640517734640682
5761.040393707403	0.0036115016038981546	0.9941232237651682	0.9971047754573218	0.1763807743879203
5761.317285615626	0.0036122487838374227	0.9941256546914091	0.9971062145109941	0.17635637815463695
5761.594120253708	0.003612996016515194	0.9941280842810574	0.9971076528547351	0.17633198864378813
5761.870897641299	0.003613743301927496	0.9941305125350289	0.9971090904890502	0.17630760585260685
5762.147617798034	0.003614490640070362	0.9941329394542376	0.9971105274144427	0.17628322977832764
5762.424280743545	0.003615238030939824	0.9941353650395979	0.9971119636314179	0.17625886041818656
5762.700886497446	0.003615985474531911	0.9941377892920222	0.9971133991404785	0.1762344977694211
5762.977435079349	0.0036167329708426564	0.9941402122124229	0.9971148339421276	0.17621014182927025
5763.253926508845	0.0036174805198680945	0.9941426338017112	0.9971162680368677	0.17618579259497458
5763.53036080553	0.0036182281216042608	0.9941450540607978	0.9971177014252014	0.17616145006377618
5763.806737988991	0.0036189757760471935	0.9941474729905935	0.9971191341076312	0.17613711423291864
5764.0830580787915	0.003619723483192927	0.9941498905920068	0.9971205660846583	0.176112785099647
5764.359321094494	0.0036204712430375013	0.9941523068659466	0.9971219973567831	0.17608846266120776
5764.6355270556505	0.003621219055576954	0.99415472181332	0.9971234279245065	0.17606414691484898
5764.91167598181	0.0036219669208073257	0.9941571354350351	0.9971248577883295	0.17603983785782032
5765.187767892497	0.0036227148387246535	0.9941595477319969	0.9971262869487506	0.17601553548737262
5765.463802807244	0.0036234628093249834	0.9941619587051119	0.9971277154062705	0.17599123980075865
5765.739780745568	0.0036242108326043597	0.994164368355285	0.997129143161388	0.17596695079523234
5766.01570172697	0.0036249589085588234	0.9941667766834195	0.9971305702146013	0.17594266846804935
5766.291565770948	0.0036257070371844185	0.994169183690419	0.9971319965664087	0.17591839281646657
5766.567372896989	0.0036264552184771936	0.9941715893771863	0.9971334222173082	0.1758941238377427
5766.843123124572	0.0036272034524331936	0.9941739937446232	0.9971348471677972	0.1758698615291377
5767.118816473165	0.003627951739048465	0.9941763967936302	0.997136271418372	0.17584560588791295
5767.394452962231	0.0036287000783190603	0.9941787985251086	0.9971376949695304	0.17582135691133174
5767.670032611221	0.003629448470241027	0.9941811989399578	0.9971391178217679	0.17579711459665837
5767.945555439571	0.003630196914810413	0.9941835980390764	0.9971405399755805	0.17577287894115892
5768.221021466715	0.003630945412023273	0.994185995823363	0.9971419614314632	0.17574864994210082
5768.496430712075	0.00363169396187566	0.9941883922937143	0.9971433821899102	0.17572442759675294
5768.771783195067	0.0036324425643636266	0.9941907874510273	0.9971448022514181	0.17570021190238594
5769.047078935097	0.0036331912194832268	0.9941931812961987	0.9971462216164833	0.17567600285627188
5769.322317951555	0.003633939927230517	0.9941955738301231	0.9971476402855899	0.17565180045568354
5769.597500263829	0.003634688687601551	0.994197965053695	0.9971490582592308	0.17562760469789557
5769.872625891294	0.0036354375005923888	0.9942003549678081	0.9971504755379405	0.1756034155801878
5770.147694853324	0.003636186366199089	0.9942027435733559	0.9971518921221706	0.17557923309983486
5770.422707169267	0.0036369352844177077	0.9942051308712302	0.9971533080122479	0.17555505725410286
5770.697662858476	0.0036376842552443087	0.9942075168623232	0.9971547232086742	0.17553088804027359
5770.972561940295	0.003638433278674951	0.9942099015475253	0.9971561377120742	0.17550672545563978
5771.2474044340515	0.003639182354705699	0.9942122849277271	0.9971575515229754	0.17548256949748825
5771.522190359066	0.0036399314833326143	0.9942146670038177	0.9971589646418676	0.175458420163104
5771.796919734649	0.003640680664551759	0.9942170477766857	0.9971603770692411	0.17543427744977397
5772.071592580109	0.003641429898359201	0.9942194272472193	0.9971617888055855	0.1754101413547862
5772.346208914739	0.0036421791847510063	0.9942218054163058	0.9971631998513907	0.17538601187543046
5772.620768757818	0.003642928523723241	0.9942241822848312	0.9971646102071444	0.1753618890089978
5772.895272128628	0.003643677915271974	0.9942265578536823	0.9971660198733365	0.1753377727527809
5773.169719046434	0.0036444273593932743	0.994228932123744	0.9971674288504547	0.1753136631040739
5773.444109530488	0.003645176856083209	0.9942313050958999	0.9971688371389854	0.17528956006017213
5773.7184436000425	0.003645926405337849	0.9942336767710335	0.9971702447394166	0.17526546361837275
5773.992721274338	0.0036466760071532695	0.994236047150029	0.9971716516522358	0.17524137377597426
5774.266942572601	0.003647425661525542	0.9942384162337677	0.9971730578779286	0.17521729053027654
5774.54110751405	0.003648175368450738	0.9942407840231312	0.9971744634169815	0.17519321387858106
5774.815216117905	0.003648925127924934	0.9942431505190004	0.9971758682698805	0.17516914381819065
5775.0892684033615	0.003649674939944206	0.9942455157222558	0.9971772724371106	0.1751450803464098
5775.363264389615	0.003650424804504629	0.9942478796337758	0.9971786759191562	0.175121023460544
5775.63720409585	0.0036511747216022815	0.9942502422544396	0.9971800787165024	0.17509697315790076
5775.911087541244	0.0036519246912332416	0.9942526035851251	0.997181480829633	0.17507292943578873
5776.184914744961	0.0036526747133935897	0.9942549636267101	0.9971828822590327	0.17504889229151815
5776.458685726154	0.0036534247880794044	0.9942573223800698	0.9971842830051836	0.17502486172240056
5776.732400503977	0.003654174915286769	0.994259679846081	0.9971856830685695	0.17500083772574918
5777.0060590975645	0.0036549250950117626	0.9942620360256179	0.9971870824496716	0.17497682029887837
5777.279661526052	0.003655675327250474	0.994264390919556	0.9971884811489735	0.17495280943910432
5777.553207808555	0.0036564256119989806	0.994266744528768	0.9971898791669562	0.1749288051437444
5777.826697964187	0.0036571759492533724	0.9942690968541275	0.9971912765041017	0.1749048074101176
5778.100132012051	0.0036579263390097345	0.9942714478965063	0.9971926731608908	0.17488081623554422
5778.373509971238	0.0036586767812641515	0.9942737976567758	0.9971940691378033	0.17485683161734605
5778.646831860833	0.003659427276012713	0.9942761461358068	0.9971954644353197	0.17483285355284633
5778.920097699915	0.003660177823251508	0.9942784933344699	0.9971968590539206	0.17480888203936992
5779.193307507549	0.0036609284229766267	0.9942808392536348	0.9971982529940852	0.1747849170742429
5779.4664613027935	0.0036616790751841616	0.9942831838941695	0.9971996462562921	0.17476095865479294
5779.739559104693	0.003662429779870201	0.9942855272569419	0.9972010388410197	0.17473700677834905
5780.01260093229	0.0036631805370308398	0.9942878693428195	0.997202430748747	0.17471306144224166
5780.2855868046145	0.0036639313466621695	0.9942902101526692	0.9972038219799514	0.17468912264380287
5780.558516740688	0.003664682208760285	0.9942925496873564	0.9972052125351104	0.1746651903803659
5780.831390759522	0.0036654331233212847	0.9942948879477462	0.9972066024147013	0.1746412646492657
5781.104208880124	0.0036661840903412656	0.9942972249347042	0.9972079916192014	0.17461734544783852
5781.376971121481	0.0036669351098163197	0.9942995606490929	0.9972093801490854	0.17459343277342204
5781.649677502582	0.003667686181742549	0.9943018950917757	0.9972107680048302	0.17456952662335548
5781.922328042407	0.0036684373061160545	0.9943042282636154	0.9972121551869115	0.17454562699497939
5782.194922759921	0.0036691884829329335	0.9943065601654736	0.9972135416958047	0.17452173388563594
5782.467461674077	0.003669939712189288	0.9943088907982105	0.9972149275319839	0.17449784729266837
5782.739944803831	0.0036706909938812194	0.9943112201626872	0.9972163126959237	0.17447396721342165
5783.012372168126	0.003671442328004833	0.994313548259763	0.9972176971880982	0.17445009364524214
5783.284743785886	0.0036721937145562313	0.994315875090297	0.9972190810089808	0.17442622658547757
5783.557059676039	0.0036729451535315186	0.9943182006551472	0.9972204641590456	0.17440236603147735
5783.8293198574975	0.0036736966449268035	0.9943205249551712	0.9972218466387645	0.17437851198059187
5784.1015243491665	0.0036744481887381916	0.9943228479912258	0.9972232284486103	0.1743546644301733
5784.373673169939	0.003675199784961787	0.9943251697641667	0.9972246095890547	0.17433082337757508
5784.645766338705	0.003675951433593704	0.99432749027485	0.99722599006057	0.17430698882015225
5784.917803874346	0.0036767031346300514	0.9943298095241301	0.9972273698636277	0.17428316075526099
5785.189785795727	0.003677454888066938	0.9943321275128613	0.9972287489986987	0.1742593391802593
5785.461712121706	0.0036782066939004734	0.994334444241896	0.9972301274662526	0.17423552409250617
5785.733582871139	0.0036789585521267757	0.994336759712088	0.9972315052667607	0.17421171548936235
5786.005398062868	0.0036797104627419547	0.9943390739242889	0.9972328824006926	0.17418791336818992
5786.277157715724	0.003680462425742126	0.9943413868793497	0.997234258868517	0.17416411772635218
5786.548861848532	0.0036812144411234025	0.9943436985781213	0.9972356346707039	0.17414032856121428
5786.820510480112	0.0036819665088819037	0.9943460090214539	0.9972370098077218	0.1741165458701424
5787.092103629265	0.003682718629013745	0.9943483182101956	0.9972383842800385	0.17409276965050427
5787.363641314791	0.0036834708015150465	0.9943506261451956	0.9972397580881217	0.17406899989966912
5787.635123555483	0.0036842230263819256	0.9943529328273027	0.9972411312324403	0.17404523661500748
5787.906550370118	0.003684975303610502	0.9943552382573626	0.9972425037134601	0.17402147979389135
5788.1779217774665	0.003685727633196897	0.9943575424362222	0.9972438755316486	0.17399772943369407
5788.449237796293	0.0036864800151372324	0.9943598453647273	0.9972452466874719	0.17397398553179058
5788.720498445354	0.0036872324494276313	0.9943621470437229	0.997246617181396	0.17395024808555715
5788.99170374339	0.0036879849360642184	0.9943644474740543	0.9972479870138868	0.1739265170923714
5789.262853709137	0.0036887374750431178	0.9943667466565643	0.9972493561854098	0.17390279254961236
5789.533948361326	0.0036894900663604568	0.9943690445920962	0.9972507246964298	0.17387907445466053
5789.804987718672	0.0036902427100123573	0.9943713412814922	0.9972520925474107	0.17385536280489783
5790.075971799886	0.0036909954059949485	0.994373636725594	0.9972534597388166	0.1738316575977074
5790.34690062367	0.003691748154304361	0.9943759309252432	0.9972548262711121	0.17380795883047417
5790.617774208717	0.003692500954936724	0.99437822388128	0.9972561921447605	0.17378426650058418
5790.88859257371	0.0036932538078881683	0.9943805155945437	0.9972575573602248	0.173760580605425
5791.159355737322	0.003694006713154823	0.9943828060658734	0.9972589219179674	0.17373690114238555
5791.430063718215	0.0036947596707328197	0.9943850952961069	0.9972602858184503	0.17371322810885587
5791.700716535051	0.003695512680618292	0.9943873832860826	0.9972616490621354	0.1736895615022281
5791.971314206476	0.0036962657428073757	0.994389670036637	0.997263011649485	0.17366590131989526
5792.24185675113	0.003697018857296205	0.9943919555486068	0.9972643735809601	0.17364224755925192
5792.512344187647	0.003697772024080917	0.9943942398228278	0.9972657348570214	0.173618600217694
5792.782776534647	0.003698525243157647	0.9943965228601347	0.9972670954781294	0.17359495929261884
5793.053153810741	0.003699278514522534	0.994398804661361	0.9972684554447439	0.1735713247814252
5793.323476034532	0.0037000318381717116	0.9944010852273407	0.9972698147573241	0.1735476966815131
5793.59374322462	0.0037007852141013246	0.9944033645589072	0.9972711734163301	0.17352407499028427
5793.863955399588	0.003701538642307513	0.9944056426568926	0.9972725314222208	0.17350045970514152
5794.134112578016	0.0037022921227864176	0.9944079195221281	0.9972738887754544	0.1734768508234893
5794.404214778475	0.0037030456555341806	0.9944101951554448	0.9972752454764896	0.1734532483427333
5794.674262019523	0.003703799240546945	0.994412469557673	0.9972766015257837	0.17342965226028056
5794.94425431971	0.0037045528778208545	0.9944147427296417	0.9972779569237943	0.1734060625735396
5795.214191697586	0.003705306567352057	0.994417014672181	0.9972793116709789	0.1733824792799205
5795.484074171682	0.0037060603091366973	0.994419285386118	0.9972806657677941	0.17335890237683452
5795.753901760521	0.003706814103170921	0.9944215548722812	0.9972820192146961	0.17333533186169417
5796.0236744826225	0.003707567949450877	0.9944238231314969	0.9972833720121407	0.17331176773191373
5796.293392356497	0.0037083218479727143	0.9944260901645912	0.997284724160584	0.17328820998490857
5796.56305540064	0.003709075798732582	0.99442835597239	0.9972860756604808	0.17326465861809556
5796.832663633546	0.00370982980172663	0.9944306205557178	0.9972874265122862	0.17324111362889294
5797.102217073695	0.0037105838569510136	0.9944328839153994	0.9972887767164549	0.17321757501472035
5797.371715739563	0.003711337964401881	0.9944351460522581	0.9972901262734409	0.17319404277299888
5797.6411596496155	0.003712092124075388	0.9944374069671172	0.9972914751836987	0.17317051690115082
5797.910548822307	0.0037128463359676904	0.9944396666607985	0.9972928234476806	0.1731469973966
5798.179883276085	0.00371360060007494	0.9944419251341238	0.9972941710658401	0.17312348425677154
5798.449163029389	0.003714354916393296	0.9944441823879137	0.9972955180386299	0.17309997747909198
5798.718388100646	0.003715109284918913	0.9944464384229884	0.9972968643665024	0.17307647706098925
5798.987558508284	0.0037158637056479513	0.9944486932401679	0.9972982100499098	0.17305298299989266
5799.256674270711	0.003716618178576569	0.994450946840271	0.9972995550893032	0.17302949529323297
5799.525735406337	0.003717372703700926	0.9944531992241165	0.9973008994851348	0.1730060139384421
5799.794741933553	0.003718127281017183	0.9944554503925211	0.9973022432378545	0.17298253893295357
5800.063693870749	0.003718881910521501	0.9944577003463027	0.9973035863479134	0.1729590702742022
5800.3325912363025	0.0037196365922100437	0.9944599490862766	0.9973049288157612	0.17293560795962415
5800.601434048584	0.0037203913260789763	0.9944621966132596	0.9973062706418487	0.172912151986657
5800.870222325956	0.003721146112124461	0.9944644429280662	0.9973076118266244	0.17288870235273968
5801.138956086765	0.003721900950342662	0.9944666880315102	0.9973089523705372	0.17286525905531233
5801.407635349363	0.003722655840729748	0.9944689319244062	0.9973102922740363	0.17284182209181675
5801.6762601320825	0.0037234107832818867	0.994471174607567	0.9973116315375703	0.1728183914596961
5801.94483045325	0.0037241657779952426	0.9944734160818045	0.9973129701615868	0.17279496715639459
5802.213346331186	0.00372492082486599	0.9944756563479309	0.997314308146534	0.17277154917935816
5802.481807784201	0.0037256759238902966	0.9944778954067575	0.9973156454928589	0.17274813752603382
5802.750214830591	0.0037264310750643325	0.9944801332590942	0.9973169822010077	0.17272473219387013
5803.0185674886525	0.0037271862783842696	0.9944823699057512	0.997318318271428	0.17270133318031708
5803.286865776671	0.003727941533846282	0.994484605347538	0.997319653704566	0.17267794048282578
5803.55510971292	0.0037286968414465414	0.9944868395852617	0.9973209885008664	0.17265455409884883
5803.823299315667	0.003729452201181223	0.9944890726197312	0.9973223226607757	0.17263117402584027
5804.091434603171	0.003730207613046504	0.994491304451754	0.9973236561847394	0.17260780026125555
5804.359515593681	0.003730963077038559	0.9944935350821363	0.9973249890732014	0.1725844328025511
5804.627542305439	0.003731718593153566	0.9944957645116839	0.9973263213266065	0.17256107164718512
5804.895514756679	0.003732474161387703	0.9944979927412017	0.9973276529453985	0.17253771679261695
5805.163432965625	0.0037332297817371488	0.9945002197714947	0.9973289839300213	0.1725143682363074
5805.431296950493	0.003733985454198085	0.9945024456033672	0.9973303142809187	0.1724910259757187
5805.699106729488	0.003734741178766689	0.994504670237622	0.9973316439985331	0.17246769000831413
5805.966862320811	0.0037354969554391454	0.9945068936750617	0.9973329730833074	0.17244436033155863
5806.234563742655	0.003736252784211638	0.9945091159164892	0.997334301535684	0.17242103694291844
5806.502211013197	0.0037370086650803497	0.9945113369627051	0.9973356293561049	0.17239771983986107
5806.769804150609	0.0037377645980414633	0.9945135568145105	0.9973369565450113	0.17237440901985537
5807.037343173064	0.003738520583091165	0.994515775472705	0.9973382831028447	0.17235110448037164
5807.304828098711	0.0037392766202256397	0.9945179929380884	0.9973396090300458	0.17232780621888147
5807.572258945702	0.0037400327094410796	0.9945202092114601	0.9973409343270554	0.17230451423285784
5807.839635732173	0.0037407888507336694	0.9945224242936174	0.9973422589943133	0.17228122851977504
5808.106958476261	0.0037415450440995974	0.9945246381853584	0.9973435830322599	0.1722579490771087
5808.374227196082	0.003742301289535056	0.9945268508874794	0.997344906441334	0.1722346759023358
5808.64144190975	0.003743057587036234	0.9945290624007774	0.9973462292219755	0.1722114089929347
5808.908602635378	0.0037438139365993267	0.9945312727260482	0.9973475513746227	0.17218814834638516
5809.175709391057	0.003744570338220523	0.9945334818640861	0.997348872899714	0.17216489396016804
5809.442762194878	0.003745326791896019	0.9945356898156857	0.9973501937976876	0.17214164583176586
5809.709761064919	0.0037460832976220076	0.9945378965816408	0.9973515140689813	0.17211840395866243
5809.976706019252	0.003746839855394683	0.9945401021627442	0.9973528337140318	0.17209516833834249
5810.243597075943	0.0037475964652102455	0.9945423065597888	0.997354152733277	0.17207193896829276
5810.510434253046	0.0037483531270648914	0.9945445097735665	0.9973554711271533	0.17204871584600076
5810.777217568609	0.0037491098409548162	0.9945467118048684	0.9973567888960972	0.17202549896895586
5811.043947040667	0.003749866606876219	0.994548912654485	0.9973581060405442	0.1720022883346483
5811.310622687251	0.003750623424825303	0.9945511123232057	0.99735942256093	0.17197908394056974
5811.577244526381	0.0037513802947982677	0.9945533108118205	0.9973607384576901	0.1719558857842134
5811.843812576077	0.0037521372167913175	0.9945555081211184	0.9973620537312603	0.1719326938630737
5812.110326854331	0.0037528941908006484	0.9945577042518863	0.9973633683820734	0.1719095081746464
5812.376787379151	0.0037536512168224686	0.9945598992049125	0.9973646824105644	0.17188632871642862
5812.64319416852	0.0037544082948529818	0.9945620929809836	0.9973659958171677	0.17186315548591877
5812.909547240415	0.0037551654248883922	0.9945642855808853	0.9973673086023163	0.17183998848061652
5813.175846612812	0.003755922606924909	0.9945664770054036	0.9973686207664436	0.17181682769802312
5813.442092303674	0.0037566798409587377	0.9945686672553239	0.9973699323099827	0.17179367313564106
5813.708284330949	0.0037574371269860863	0.9945708563314295	0.9973712432333657	0.17177052479097396
5813.974422712585	0.0037581944650031617	0.9945730442345043	0.9973725535370247	0.1717473826615269
5814.240507466521	0.0037589518550061774	0.9945752309653315	0.9973738632213917	0.17172424674480624
5814.506538610689	0.003759709296991343	0.9945774165246937	0.9973751722868982	0.17170111703831986
5814.772516163008	0.003760466790954869	0.9945796009133725	0.9973764807339753	0.1716779935395768
5815.038440141389	0.0037612243368929685	0.9945817841321489	0.9973777885630539	0.1716548762460874
5815.304310563736	0.0037619819348018546	0.9945839661818034	0.9973790957745641	0.1716317651553635
5815.570127447948	0.0037627395846777435	0.9945861470631162	0.9973804023689368	0.17160866026491803
5815.835890811911	0.0037634972865168495	0.9945883267768665	0.997381708346601	0.17158556157226534
5816.101600673503	0.0037642550403153875	0.9945905053238328	0.9973830137079862	0.17156246907492106
5816.367257050596	0.0037650128460695754	0.9945926827047933	0.9973843184535214	0.17153938277040237
5816.632859961052	0.003765770703775631	0.994594858920525	0.9973856225836355	0.17151630265622744
5816.898409422727	0.003766528613429773	0.9945970339718053	0.997386926098757	0.17149322872991607
5817.163905453465	0.0037672865750282233	0.9945992078594105	0.9973882289993141	0.17147016098898912
5817.429348071101	0.0037680445885671984	0.9946013805841153	0.9973895312857342	0.1714470994309689
5817.69473729347	0.0037688026540429217	0.9946035521466955	0.9973908329584443	0.17142404405337897
5817.960073138394	0.003769560771451616	0.9946057225479249	0.9973921340178714	0.17140099485374413
5818.225355623685	0.0037703189407895066	0.9946078917885773	0.9973934344644444	0.17137795182959095
5818.4905847671425	0.0037710771620528155	0.9946100598694263	0.9973947342985897	0.17135491497844696
5818.755760586565	0.0037718354352377667	0.9946122267912441	0.9973960335207225	0.1713318842978401
5819.020883099745	0.0037725937603405877	0.9946143925548026	0.997397332131277	0.1713088597853012
5819.285952324458	0.0037733521373575036	0.9946165571608723	0.9973986301307193	0.17128584143836492
5819.550968278477	0.0037741105662847454	0.994618720610225	0.9973999275194043	0.17126282925455874
5819.815930979565	0.00377486904711854	0.9946208829036298	0.9974012242975986	0.17123982323140435
5820.0808404454765	0.003775627579855117	0.9946230440418566	0.9974025204657796	0.17121682336644134
5820.345696693961	0.0037763861644907063	0.9946252040256747	0.9974038160245126	0.17119382965721736
5820.610499742754	0.0037771448010215395	0.9946273628558512	0.9974051109742328	0.17117084210127131
5820.875249609588	0.0037779034894438483	0.9946295205331543	0.997406405315347	0.17114786069614132
5821.139946312181	0.0037786622297538673	0.994631677058351	0.9974076990482817	0.1711248854393682
5821.404589868252	0.0037794210219478297	0.9946338324322074	0.9974089921734632	0.17110191632849414
5821.669180295504	0.0037801798660219684	0.9946359866554892	0.9974102846913112	0.1710789533610622
5821.933717611637	0.003780938761972521	0.9946381397289616	0.997411576602248	0.17105599653461712
5822.198201834338	0.0037816977097957236	0.9946402916533899	0.9974128679066954	0.17103304584670462
5822.46263298129	0.0037824567094878175	0.9946424424295375	0.9974141586050748	0.17101010129487193
5822.727011070164	0.003783215761045037	0.9946445920581672	0.9974154486978064	0.17098716287666726
5822.991336118621	0.003783974864463619	0.9946467405400417	0.9974167381853108	0.1709642305896405
5823.255608144325	0.003784734019739809	0.994648887875924	0.9974180270680092	0.1709413044313427
5823.5198271649215	0.003785493226869846	0.9946510340665752	0.9974193153463203	0.1709183843993262
5823.78399319805	0.00378625248584997	0.994653179112756	0.9974206030206639	0.17089547049114456
5824.048106261342	0.0037870117966764265	0.9946553230152265	0.9974218900914594	0.17087256270435278
5824.312166372422	0.0037877711593454592	0.9946574657747469	0.9974231765591259	0.17084966103650712
5824.576173548909	0.0037885305738533117	0.9946596073920764	0.9974244624240819	0.17082676548516496
5824.840127808407	0.0037892900401962307	0.9946617478679731	0.9974257476867455	0.1708038760478853
5825.104029168516	0.0037900495583704603	0.9946638872031949	0.9974270323475345	0.1707809927222281
5825.367877646822	0.0037908091283722464	0.9946660253984987	0.9974283164068659	0.17075811550575473
5825.631673260915	0.003791568750197843	0.9946681624546421	0.9974295998651578	0.170735244396028
5825.895416028369	0.003792328423843494	0.9946702983723803	0.9974308827228269	0.1707123793906118
5826.159105966753	0.0037930881493054534	0.9946724331524699	0.99743216498029	0.1706895204870715
5826.422743093622	0.00379384792657997	0.9946745667956649	0.9974334466379627	0.1706666676829735
5826.6863274265215	0.0037946077556632912	0.9946766993027192	0.997434727696261	0.17064382097588573
5826.949858983001	0.003795367636551674	0.9946788306743871	0.9974360081556007	0.1706209803633773
5827.213337780594	0.0037961275692413726	0.9946809609114217	0.9974372880163971	0.17059814584301872
5827.476763836827	0.003796887553728642	0.9946830900145759	0.9974385672790651	0.17057531741238155
5827.740137169218	0.0037976475900097333	0.9946852179846006	0.9974398459440191	0.17055249506903886
5828.003457795273	0.003798407678080904	0.9946873448222475	0.9974411240116738	0.17052967881056477
5828.266725732498	0.0037991678179384106	0.9946894705282676	0.9974424014824426	0.170506868634535
5828.5299409983845	0.0037999280095785126	0.9946915951034108	0.9974436783567389	0.1704840645385263
5828.793103610421	0.003800688252997469	0.9946937185484265	0.9974449546349765	0.17046126652011678
5829.056213586082	0.0038014485481915367	0.9946958408640637	0.9974462303175684	0.17043847457688588
5829.319270942841	0.003802208895156979	0.9946979620510711	0.9974475054049272	0.1704156887064143
5829.582275698156	0.0038029692938900553	0.9947000821101959	0.9974487798974649	0.17039290890628386
5829.845227869481	0.0038037297443870278	0.9947022010421853	0.9974500537955935	0.17037013517407779
5830.108127474263	0.003804490246644162	0.994704318847786	0.997451327099725	0.17034736750738075
5830.370974529936	0.0038052508006577185	0.9947064355277437	0.9974525998102699	0.17032460590377832
5830.633769053934	0.003806011406423963	0.9947085510828041	0.9974538719276401	0.17030185036085765
5830.896511063676	0.0038067720639391616	0.9947106655137121	0.9974551434522461	0.1702791008762071
5831.159200576574	0.003807532773199581	0.9947127788212115	0.9974564143844978	0.17025635744741618
5831.421837610031	0.003808293534201489	0.9947148910060458	0.9974576847248052	0.17023362007207588
5831.684422181452	0.0038090543469411547	0.9947170020689587	0.997458954473579	0.17021088874777826
5831.946954308218	0.0038098152114148446	0.9947191120106919	0.9974602236312275	0.1701881634721167
5832.209434007713	0.003810576127618829	0.9947212208319872	0.9974614921981599	0.17016544424268593
5832.471861297311	0.003811337095549382	0.9947233285335866	0.9974627601747854	0.1701427310570819
5832.734236194378	0.0038120981152027743	0.9947254351162305	0.9974640275615122	0.17012002391290185
5832.996558716267	0.0038128591865752752	0.9947275405806586	0.9974652943587482	0.17009732280774423
5833.258828880331	0.0038136203096631634	0.9947296449276111	0.9974665605669015	0.17007462773920892
5833.52104670391	0.0038143814844627086	0.9947317481578256	0.9974678261863791	0.17005193870489665
5833.783212204335	0.0038151427109701895	0.9947338502720412	0.9974690912175883	0.17002925570240995
5834.045325398932	0.003815903989181881	0.994735951270996	0.997470355660936	0.17000657872935224
5834.307386305018	0.0038166653190940597	0.9947380511554269	0.9974716195168287	0.16998390778332845
5834.569394939903	0.0038174267007030018	0.9947401499260705	0.9974728827856725	0.16996124286194458
5834.831351320887	0.0038181881340049887	0.9947422475836624	0.9974741454678727	0.16993858396280795
5835.093255465264	0.003818949618996301	0.9947443441289383	0.9974754075638358	0.16991593108352715
5835.355107390316	0.003819711155673216	0.9947464395626325	0.997476669073966	0.16989328422171207
5835.616907113326	0.0038204727440320175	0.9947485338854805	0.9974779299986691	0.1698706433749739
5835.8786546515585	0.003821234384068986	0.9947506270982149	0.9974791903383492	0.1698480085409248
5836.140350022279	0.003821996075780406	0.9947527192015696	0.9974804500934107	0.16982537971717865
5836.401993242734	0.003822757819162559	0.994754810196276	0.9974817092642565	0.1698027569013501
5836.663584330174	0.0038235196142117323	0.9947569000830669	0.9974829678512915	0.16978014009105546
5836.925123301834	0.0038242814609242117	0.9947589888626736	0.9974842258549186	0.16975752928391205
5837.186610174948	0.003825043359296284	0.9947610765358267	0.9974854832755412	0.16973492447753857
5837.448044966738	0.0038258053093242366	0.9947631631032566	0.9974867401135615	0.16971232566955502
5837.709427694411	0.0038265673110043554	0.9947652485656928	0.9974879963693816	0.16968973285758224
5837.970758375175	0.0038273293643329306	0.9947673329238641	0.9974892520434032	0.1696671460392429
5838.232037026226	0.003828091469306251	0.9947694161784986	0.9974905071360282	0.16964456521216048
5838.493263664758	0.003828853625920611	0.9947714983303252	0.9974917616476591	0.16962199037396014
5838.754438307953	0.003829615834172299	0.9947735793800707	0.9974930155786957	0.16959942152226778
5839.015560972985	0.0038303780940576126	0.9947756593284628	0.99749426892954	0.16957685865471106
5839.2766316770185	0.0038311404055728407	0.9947777381762264	0.9974955217005912	0.1695543017689185
5839.537650437208	0.0038319027687142766	0.9947798159240869	0.9974967738922491	0.16953175086251984
5839.798617270711	0.0038326651834782177	0.9947818925727703	0.9974980255049146	0.16950920593314645
5840.059532194664	0.003833427649860959	0.9947839681230005	0.9974992765389868	0.16948666697843057
5840.320395226206	0.0038341901678587997	0.9947860425755022	0.997500526994865	0.16946413399600607
5840.581206382462	0.0038349527374680367	0.9947881159309978	0.9975017768729479	0.16944160698350755
5840.841965680552	0.003835715358684968	0.9947901881902103	0.997503026173634	0.16941908593857133
5841.102673137587	0.0038364780315058933	0.9947922593538623	0.997504274897322	0.1693965708588346
5841.36332877067	0.0038372407559271117	0.9947943294226751	0.9975055230444091	0.16937406174193614
5841.6239325968945	0.003838003531944926	0.9947963983973699	0.9975067706152932	0.1693515585855157
5841.8844846333495	0.003838766359555637	0.9947984662786667	0.9975080176103718	0.1693290613872144
5842.144984897113	0.0038395292387555487	0.9948005330672857	0.9975092640300415	0.1693065701446745
5842.405433405261	0.003840292169540967	0.9948025987639472	0.9975105098746996	0.16928408485553964
5842.665830174854	0.0038410551519081934	0.9948046633693686	0.9975117551447419	0.16926160551745462
5842.926175222945	0.0038418181858535312	0.9948067268842677	0.9975129998405639	0.16923913212806524
5843.186468566587	0.0038425812713732926	0.9948087893093638	0.9975142439625624	0.1692166646850191
5843.44671022282	0.0038433444084637817	0.9948108506453733	0.9975154875111326	0.1691942031859646
5843.706900208681	0.003844107597121309	0.9948129108930134	0.9975167304866698	0.16917174762855144
5843.967038541185	0.0038448708373421776	0.9948149700529982	0.9975179728895677	0.1691492980104305
5844.227125237354	0.0038456341291227022	0.9948170281260444	0.997519214720222	0.16912685432925412
5844.487160314198	0.003846397472459193	0.9948190851128669	0.9975204559790263	0.16910441658267572
5844.747143788719	0.0038471608673479618	0.99482114101418	0.9975216966663748	0.1690819847683499
5845.007075677907	0.0038479243137853193	0.9948231958306971	0.9975229367826608	0.16905955888393262
5845.266955998749	0.003848687811767578	0.994825249563131	0.9975241763282775	0.1690371389270809
5845.526784768224	0.003849451361291055	0.9948273022121947	0.9975254153036178	0.1690147248954532
5845.786562003304	0.0038502149623520633	0.9948293537786005	0.9975266537090748	0.16899231678670898
5846.046287720949	0.0038509786149469195	0.9948314042630596	0.9975278915450404	0.16896991459850924
5846.305961938116	0.0038517423190719364	0.9948334536662824	0.9975291288119067	0.16894751832851582
5846.565584671747	0.0038525060747234374	0.9948355019889799	0.9975303655100656	0.16892512797439202
5846.825155938787	0.003853269881897738	0.9948375492318616	0.9975316016399081	0.1689027435338024
5847.084675756166	0.0038540337405911598	0.9948395953956377	0.9975328372018262	0.16888036500441264
5847.344144140805	0.0038547976508000186	0.9948416404810156	0.9975340721962098	0.16885799238388965
5847.60356110962	0.003855561612520637	0.9948436844887039	0.9975353066234494	0.1688356256699014
5847.862926679519	0.0038563256257493355	0.9948457274194094	0.9975365404839347	0.16881326486011747
5848.122240867407	0.003857089690482439	0.9948477692738404	0.9975377737780574	0.16879090995220838
5848.381503690176	0.0038578538067162737	0.9948498100527031	0.9975390065062062	0.16876856094384607
5848.640715164709	0.0038586179744471583	0.9948518497567028	0.9975402386687696	0.16874621783270335
5848.899875307878	0.00385938219367142	0.9948538883865451	0.9975414702661369	0.1687238806164546
5849.158984136558	0.003860146464385385	0.9948559259429351	0.9975427012986974	0.16870154929277528
5849.418041667613	0.0038609107865853784	0.994857962426577	0.9975439317668389	0.1686792238593419
5849.677047917894	0.0038616751602677307	0.994859997838174	0.9975451616709496	0.16865690431383257
5849.936002904245	0.0038624395854287698	0.9948620321784293	0.9975463910114171	0.16863459065392625
5850.194906643506	0.0038632040620648245	0.994864065448046	0.9975476197886289	0.16861228287730343
5850.453759152512	0.003863968590172224	0.9948660976477258	0.9975488480029722	0.16858998098164546
5850.7125604480825	0.003864733169747299	0.9948681287781701	0.9975500756548332	0.16856768496463512
5850.971310547033	0.0038654978007863845	0.99487015884008	0.9975513027445996	0.16854539482395636
5851.230009466174	0.0038662624832858125	0.9948721878341562	0.9975525292726575	0.16852311055729455
5851.488657222304	0.003867027217241915	0.9948742157610979	0.9975537552393919	0.16850083216233583
5851.747253832214	0.003867792002651028	0.9948762426216049	0.9975549806451889	0.16847855963676783
5852.005799312692	0.0038685568395094862	0.9948782684163759	0.9975562054904343	0.16845629297827946
5852.264293680512	0.003869321727813623	0.9948802931461085	0.9975574297755119	0.16843403218456052
5852.522736952447	0.00387008666755978	0.994882316811501	0.9975586535008075	0.16841177725330245
5852.781129145253	0.0038708516587442916	0.9948843394132497	0.9975598766667052	0.16838952818219752
5853.03947027569	0.0038716167013634994	0.9948863609520523	0.9975610992735889	0.1683672849689395
5853.297760360506	0.003872381795413743	0.9948883814286046	0.9975623213218432	0.16834504761122304
5853.555999416435	0.0038731469408913597	0.9948904008436016	0.9975635428118508	0.16832281610674427
5853.814187460205	0.0038739121377926898	0.9948924191977379	0.9975647637439948	0.16830059045320028
5854.072324508547	0.0038746773861140795	0.9948944364917085	0.9975659841186586	0.16827837064828965
5854.330410578175	0.0038754426858518703	0.9948964527262071	0.9975672039362248	0.168256156689712
5854.588445685798	0.003876208037002407	0.994898467901927	0.9975684231970757	0.16823394857516816
5854.846429848112	0.0038769734395620306	0.9949004820195605	0.997569641901593	0.16821174630236008
5855.104363081815	0.00387773889352709	0.9949024950798004	0.9975708600501589	0.16818954986899104
5855.36224540359	0.00387850439889393	0.9949045070833382	0.9975720776431544	0.1681673592727655
5855.620076830117	0.003879269955658898	0.9949065180308649	0.9975732946809606	0.16814517451138908
5855.877857378063	0.003880035563818341	0.9949085279230714	0.9975745111639583	0.16812299558256866
5856.135587064092	0.0038808012233686085	0.994910536760647	0.9975757270925284	0.16810082248401212
5856.393265904862	0.003881566934306051	0.9949125445442821	0.9975769424670513	0.16807865521342877
5856.650893917022	0.0038823326966270213	0.9949145512746661	0.9975781572879071	0.16805649376852916
5856.908471117203	0.0038830985103278644	0.9949165569524858	0.9975793715554744	0.16803433814702468
5857.165997522041	0.0038838643754049353	0.9949185615784298	0.9975805852701328	0.16801218834662818
5857.4234731481665	0.0038846302918545896	0.9949205651531858	0.997581798432262	0.1679900443650536
5857.6808980121905	0.003885396259673178	0.9949225676774404	0.9975830110422405	0.16796790620001634
5857.938272130723	0.003886162278857056	0.9949245691518798	0.9975842231004466	0.16794577384923245
5858.1955955203675	0.003886928349402579	0.9949265695771897	0.9975854346072587	0.1679236473104198
5858.452868197718	0.0038876944713061032	0.9949285689540555	0.997586645563054	0.1679015265812969
5858.710090179361	0.003888460644563986	0.9949305672831618	0.9975878559682104	0.16787941165958373
5858.967261481878	0.0038892268691725863	0.9949325645651926	0.9975890658231059	0.16785730254300157
5859.224382121839	0.0038899931451282627	0.9949345608008314	0.9975902751281165	0.16783519922927256
5859.481452115808	0.0038907594724273743	0.994936555990762	0.9975914838836195	0.16781310171612038
5859.738471480342	0.003891525851066281	0.9949385501356663	0.9975926920899914	0.1677910100012695
5859.995440231991	0.003892292281041344	0.9949405432362262	0.9975938997476076	0.1677689240824459
5860.252358387294	0.0038930587623489284	0.9949425352931238	0.9975951068568444	0.16774684395737666
5860.509225962789	0.003893825294985394	0.9949445263070397	0.9975963134180775	0.16772476962379002
5860.766042974999	0.003894591878947107	0.9949465162786539	0.9975975194316818	0.1677027010794153
5861.022809440446	0.003895358514230429	0.9949485052086467	0.9975987248980324	0.16768063832198304
5861.27952537564	0.0038961252008317283	0.9949504930976977	0.9975999298175036	0.16765858134922523
5861.536190797083	0.0038968919387473698	0.9949524799464851	0.9976011341904695	0.1676365301588746
5861.792805721272	0.0038976587279737213	0.9949544657556874	0.997602338017305	0.16761448474866547
5862.049370164702	0.003898425568507152	0.9949564505259827	0.9976035412983837	0.1675924451163331
5862.30588414385	0.0038991924603440295	0.9949584342580481	0.997604744034079	0.16757041125961397
5862.562347675186	0.0038999594034807208	0.9949604169525598	0.9976059462247633	0.1675483831762456
5862.8187607751815	0.003900726397913601	0.9949623986101948	0.9976071478708104	0.16752636086396702
5863.0751234602985	0.0039014934436390394	0.9949643792316282	0.9976083489725929	0.16750434432051822
5863.3314357469835	0.0039022605406534086	0.9949663588175354	0.997609549530483	0.16748233354364045
5863.58769765168	0.0039030276889530802	0.9949683373685905	0.997610749544852	0.16746032853107592
5863.843909190828	0.0039037948885344304	0.9949703148854684	0.9976119490160725	0.1674383292805683
5864.100070380855	0.003904562139393832	0.994972291368842	0.9976131479445158	0.16741633578986223
5864.356181238183	0.003905329441527661	0.9949742668193847	0.9976143463305529	0.16739434805670356
5864.612241779227	0.0039060967949322936	0.9949762412377684	0.9976155441745546	0.16737236607883943
5864.868252020394	0.003906864199604108	0.9949782146246658	0.997616741476892	0.16735038985401804
5865.124211978078	0.003907631655539481	0.9949801869807475	0.9976179382379343	0.16732841937998866
5865.380121668675	0.003908399162734791	0.9949821583066853	0.9976191344580522	0.16730645465450197
5865.635981108573	0.003909166721186418	0.9949841286031494	0.9976203301376154	0.16728449567530984
5865.891790314144	0.003909934330890744	0.9949860978708097	0.9976215252769934	0.16726254244016486
5866.147549301759	0.003910701991844148	0.9949880661103351	0.9976227198765554	0.16724059494682128
5866.403258087779	0.003911469704043014	0.994990033322395	0.9976239139366702	0.16721865319303425
5866.658916688562	0.003912237467483723	0.9949919995076576	0.9976251074577054	0.16719671717656015
5866.9145251204545	0.003913005282162662	0.9949939646667905	0.9976263004400308	0.16717478689515664
5867.170083399794	0.003913773148076212	0.9949959288004608	0.9976274928840166	0.16715286234658258
5867.425591542913	0.003914541065220759	0.9949978919093357	0.9976286847900233	0.1671309435285974
5867.681049566139	0.003915309033592692	0.9949998539940819	0.9976298761584124	0.1671090304389615
5867.936457485788	0.003916077053188396	0.9950018150553642	0.9976310669895866	0.16708712307543994
5868.191815318171	0.003916845124004258	0.9950037750938482	0.9976322572839147	0.16706522143579605
5868.447123079587	0.003917613246036666	0.9950057341101979	0.9976334470416095	0.16704332551778286
5868.702380786341	0.003918381419282014	0.9950076921050788	0.9976346362629676	0.16702143531916075
5868.957588454713	0.003919149643736689	0.9950096490791539	0.99763582494851	0.1669995508377083
5869.212746100987	0.003919917919397084	0.9950116050330865	0.9976370130986879	0.16697767207119996
5869.467853741435	0.00392068624625959	0.995013559967539	0.9976382007138318	0.1669557990174022
5869.72291139232	0.0039214546243205965	0.995015513883173	0.9976393877942936	0.16693393167408432
5869.9779190699055	0.003922223053576502	0.9950174667806512	0.9976405743404497	0.1669120700390187
5870.232876790443	0.003922991534023699	0.9950194186606341	0.9976417603526653	0.16689021410997806
5870.487784570176	0.003923760065658585	0.995021369523783	0.9976429458313025	0.16686836388473594
5870.742642425338	0.003924528648477553	0.9950233193707572	0.9976441307767246	0.16684651936106726
5870.997450372156	0.003925297282476998	0.9950252682022155	0.9976453151892956	0.16682468053674793
5871.252208426859	0.003926065967653323	0.9950272160188186	0.99764649906938	0.16680284740955542
5871.506916605658	0.003926834704002925	0.9950291628212239	0.9976476824173398	0.1667810199772679
5871.761574924762	0.003927603491522204	0.9950311086100905	0.9976488652335384	0.16675919823766513
5872.016183400365	0.003928372330207555	0.9950330533860746	0.9976500475183376	0.1667373821885276
5872.270742048664	0.003929141220055386	0.9950349971498341	0.9976512292721005	0.1667155718276372
5872.525250885846	0.003929910161062096	0.9950369399020254	0.997652410495189	0.16669376715277678
5872.779709928085	0.0039306791532240865	0.9950388816433037	0.9976535911879645	0.1666719681617305
5873.034119191555	0.0039314481965377615	0.995040822374325	0.9976547713507882	0.16665017485228367
5873.288478692416	0.0039322172909995266	0.9950427620957449	0.9976559509840218	0.16662838722222267
5873.542788446825	0.0039329864366057865	0.9950447008082173	0.9976571300880259	0.16660660526933507
5873.797048470932	0.003933755633352946	0.9950466385123959	0.9976583086631609	0.16658482899140944
5874.051258780876	0.003934524881237411	0.9950485752089343	0.9976594867097869	0.1665630583862357
5874.305419392792	0.0039352941802555915	0.9950505108984853	0.9976606642282646	0.16654129345160484
5874.559530322807	0.003936063530403895	0.9950524455817019	0.9976618412189537	0.16651953418530901
5874.81359158704	0.003936832931678732	0.995054379259236	0.9976630176822133	0.16649778058514147
5875.0676032016045	0.00393760238407651	0.9950563119317382	0.9976641936184024	0.16647603264889638
5875.321565182602	0.0039383718875936405	0.9950582435998596	0.99766536902788	0.16645429037436948
5875.5754775461355	0.003939141442226537	0.9950601742642514	0.9976665439110053	0.1664325537593575
5875.829340308291	0.003939911047971609	0.995062103925563	0.9976677182681364	0.16641082280165823
5876.08315348515	0.003940680704825271	0.9950640325844438	0.9976688920996309	0.1663890974990704
5876.336917092794	0.003941450412783937	0.9950659602415426	0.9976700654058472	0.16636737784939434
5876.590631147288	0.003942220171844024	0.9950678868975079	0.9976712381871424	0.16634566385043112
5876.844295664693	0.003942989982001945	0.9950698125529874	0.9976724104438739	0.1663239554999832
5877.097910661066	0.003943759843254117	0.9950717372086293	0.9976735821763989	0.16630225279585406
5877.351476152448	0.003944529755596958	0.9950736608650795	0.9976747533850737	0.16628055573584827
5877.6049921548865	0.003945299719026889	0.9950755835229854	0.9976759240702557	0.16625886431777173
5877.858458684405	0.003946069733540323	0.9950775051829919	0.9976770942322998	0.16623717853943107
5878.111875757035	0.0039468397991336834	0.9950794258457447	0.9976782638715624	0.16621549839863453
5878.365243388792	0.003947609915803389	0.9950813455118888	0.9976794329883991	0.16619382389319112
5878.618561595687	0.0039483800835458625	0.9950832641820685	0.997680601583165	0.16617215502091123
5878.871830393724	0.003949150302357525	0.995085181856928	0.9976817696562157	0.16615049177960622
5879.1250497988985	0.003949920572234801	0.9950870985371105	0.9976829372079055	0.16612883416708868
5879.3782198272	0.0039506908931741126	0.9950890142232589	0.997684104238589	0.16610718218117218
5879.63134049461	0.003951461265171888	0.9950909289160159	0.9976852707486208	0.16608553581967164
5879.884411817103	0.003952231688224548	0.9950928426160228	0.9976864367383542	0.16606389508040287
5880.137433810647	0.003953002162328522	0.9950947553239214	0.9976876022081436	0.16604225996118296
5880.390406491201	0.0039537726874802346	0.9950966670403529	0.997688767158342	0.16602063045983012
5880.643329874716	0.0039545432636761135	0.9950985777659568	0.9976899315893019	0.16599900657416344
5880.896203977141	0.003955313890912591	0.9951004875013738	0.9976910955013771	0.16597738830200362
5881.149028814417	0.003956084569186094	0.9951023962472435	0.9976922588949206	0.16595577564117212
5881.401804402471	0.0039568552984930545	0.9951043040042045	0.9976934217702838	0.16593416858949153
5881.654530757226	0.003957626078829901	0.995106210772895	0.9976945841278189	0.16591256714478558
5881.9072078946	0.0039583969101930645	0.9951081165539531	0.9976957459678776	0.16589097130487931
5882.159835830506	0.003959167792578981	0.9951100213480164	0.9976969072908117	0.1658693810675986
5882.412414580846	0.003959938725984084	0.9951119251557219	0.9976980680969726	0.16584779643077077
5882.664944161517	0.003960709710404806	0.9951138279777063	0.997699228386711	0.165826217392224
5882.917424588402	0.0039614807458375825	0.995115729814605	0.9977003881603778	0.16580464394978767
5883.169855877388	0.003962251832278851	0.9951176306670542	0.9977015474183235	0.16578307610129228
5883.422238044346	0.003963022969725046	0.9951195305356884	0.9977027061608978	0.1657615138445694
5883.674571105142	0.003963794158172603	0.9951214294211419	0.9977038643884504	0.1657399571774517
5883.926855075637	0.003964565397617964	0.9951233273240494	0.9977050221013316	0.16571840609777316
5884.179089971683	0.003965336688057568	0.9951252242450441	0.9977061792998906	0.16569686060336877
5884.431275809129	0.003966108029487854	0.9951271201847591	0.9977073359844764	0.16567532069207447
5884.683412603813	0.003966879421905266	0.9951290151438269	0.997708492155438	0.16565378636172753
5884.935500371564	0.0039676508653062395	0.9951309091228797	0.9977096478131239	0.16563225761016612
5885.187539128206	0.003968422359687219	0.9951328021225487	0.997710802957882	0.1656107344352298
5885.439528889555	0.003969193905044648	0.9951346941434651	0.99771195759006	0.1655892168347589
5885.691469671424	0.003969965501374972	0.9951365851862601	0.9977131117100069	0.16556770480659525
5885.943361489616	0.003970737148674636	0.9951384752515637	0.9977142653180696	0.1655461983485815
5886.195204359927	0.0039715088469400835	0.9951403643400054	0.9977154184145952	0.16552469745856146
5886.446998298142	0.003972280596167762	0.9951422524522139	0.99771657099993	0.16550320213438016
5886.698743320046	0.0039730523963541165	0.9951441395888183	0.9977177230744221	0.1654817123738835
5886.950439441409	0.003973824247495596	0.9951460257504467	0.9977188746384167	0.16546022817491887
5887.202086678005	0.003974596149588651	0.9951479109377269	0.9977200256922606	0.16543874953533433
5887.45368504559	0.0039753681026297285	0.995149795151286	0.9977211762362992	0.16541727645297938
5887.70523455992	0.00397614010661528	0.9951516783917509	0.9977223262708785	0.1653958089257044
5887.956735236738	0.003976912161541757	0.9951535606597475	0.9977234757963435	0.1653743469513611
5888.208187091787	0.003977684267405613	0.995155441955902	0.99772462481304	0.1653528905278021
5888.459590140797	0.003978456424203298	0.9951573222808396	0.9977257733213123	0.16533143965288127
5888.710944399494	0.003979228631931267	0.9951592016351853	0.9977269213215049	0.16530999432445337
5888.9622498835915	0.003980000890585973	0.9951610800195632	0.997728068813962	0.1652885545403744
5889.213506608804	0.0039807732001638715	0.9951629574345967	0.9977292157990276	0.16526712029850144
5889.464714590837	0.003981545560661419	0.9951648338809099	0.9977303622770459	0.16524569159669275
5889.715873845384	0.0039823179720750715	0.9951667093591252	0.9977315082483604	0.16522426843280763
5889.966984388136	0.0039830904344012865	0.9951685838698652	0.9977326537133137	0.16520285080470637
5890.218046234779	0.003983862947636525	0.9951704574137528	0.9977337986722496	0.1651814387102506
5890.469059400984	0.003984635511777244	0.9951723299914079	0.9977349431255106	0.16516003214730274
5890.720023902423	0.003985408126819902	0.9951742016034523	0.9977360870734386	0.16513863111372662
5890.970939754752	0.003986180792760959	0.9951760722505056	0.9977372305163755	0.16511723560738673
5891.221806973634	0.003986953509596881	0.9951779419331893	0.9977383734546645	0.16509584562614926
5891.47262557471	0.003987726277324127	0.9951798106521219	0.9977395158886465	0.16507446116788094
5891.723395573623	0.003988499095939162	0.995181678407923	0.9977406578186632	0.16505308223044998
5891.974116986008	0.003989271965438448	0.9951835452012111	0.9977417992450551	0.16503170881172544
5892.22478982749	0.003990044885818451	0.9951854110326039	0.9977429401681637	0.16501034090957753
5892.475414113691	0.003990817857075637	0.9951872759027202	0.99774408058833	0.16498897852187772
5892.725989860218	0.003991590879206469	0.9951891398121756	0.9977452205058931	0.1649676216464982
5892.9765170826795	0.003992363952207416	0.9951910027615876	0.9977463599211938	0.16494627028131267
5893.2269957966755	0.003993137076074946	0.9951928647515725	0.9977474988345718	0.1649249244241955
5893.477426017795	0.003993910250805525	0.9951947257827457	0.9977486372463666	0.16490358407302258
5893.727807761625	0.0039946834763956275	0.9951965858557228	0.997749775156918	0.16488224922567057
5893.978141043743	0.003995456752841721	0.9951984449711184	0.9977509125665645	0.16486091988001747
5894.22842587972	0.003996230080140277	0.9952003031295474	0.9977520494756453	0.16483959603394205
5894.478662285119	0.003997003458287767	0.9952021603316233	0.9977531858844986	0.16481827768532448
5894.728850275495	0.003997776887280663	0.9952040165779592	0.9977543217934627	0.16479696483204564
5894.978989866399	0.003998550367115437	0.9952058718691681	0.997755457202876	0.1647756574719879
5895.2290810733775	0.003999323897788568	0.9952077262058632	0.9977565921130761	0.16475435560303464
5895.479123911961	0.004000097479296526	0.9952095795886554	0.9977577265244	0.16473305922306997
5895.72911839768	0.00400087111163579	0.9952114320181566	0.9977588604371851	0.16471176832997952
5895.979064546059	0.004001644794802833	0.9952132834949783	0.9977599938517687	0.16469048292164967
5896.22896237261	0.004002418528794135	0.9952151340197307	0.9977611267684877	0.1646692029959682
5896.478811892845	0.004003192313606176	0.9952169835930242	0.9977622591876784	0.16464792855082364
5896.728613122261	0.004003966149235431	0.9952188322154684	0.9977633911096769	0.1646266595841059
5896.978366076353	0.00400474003567838	0.9952206798876716	0.9977645225348186	0.1646053960937056
5897.228070770609	0.004005513972931503	0.9952225266102434	0.9977656534634398	0.16458413807751485
5897.477727220512	0.0040062879609912855	0.9952243723837924	0.9977667838958761	0.1645628855334266
5897.72733544153	0.0040070619998542065	0.9952262172089255	0.9977679138324625	0.1645416384593349
5897.976895449136	0.004007836089516748	0.9952280610862503	0.9977690432735339	0.16452039685313494
5898.226407258785	0.004008610229975396	0.9952299040163737	0.997770172219425	0.16449916071272286
5898.475870885932	0.004009384421226633	0.9952317459999023	0.9977713006704698	0.16447793003599603
5898.725286346022	0.004010158663266945	0.995233587037442	0.9977724286270029	0.1644567048208528
5898.974653654492	0.004010932956092816	0.9952354271295977	0.9977735560893582	0.16443548506519268
5899.2239728267805	0.004011707299700736	0.9952372662769754	0.9977746830578695	0.16441427076691612
5899.473243878305	0.00401248169408719	0.9952391044801782	0.9977758095328693	0.16439306192392455
5899.722466824489	0.004013256139248667	0.9952409417398114	0.997776935514692	0.1643718585341209
5899.971641680738	0.004014030635181655	0.9952427780564779	0.9977780610036695	0.1643506605954087
5900.220768462467	0.0040148051818826485	0.9952446134307816	0.9977791860001353	0.164329468105693
5900.469847185066	0.004015579779348134	0.9952464478633247	0.9977803105044212	0.1643082810628795
5900.718877863925	0.004016354427574602	0.9952482813547091	0.9977814345168587	0.16428709946487502
5900.967860514429	0.004017129126558546	0.9952501139055367	0.9977825580377807	0.16426592330958767
5901.216795151959	0.00401790387629646	0.9952519455164094	0.9977836810675185	0.16424475259492655
5901.465681791884	0.0040186786767848395	0.9952537761879279	0.9977848036064038	0.16422358731880185
5901.714520449564	0.004019453528020175	0.9952556059206921	0.9977859256547671	0.16420242747912472
5901.963311140358	0.004020228429998964	0.9952574347153021	0.9977870472129393	0.16418127307380734
5902.212053879615	0.004021003382717701	0.9952592625723575	0.9977881682812514	0.16416012410076314
5902.460748682679	0.004021778386172886	0.9952610894924572	0.9977892888600338	0.16413898055790643
5902.709395564885	0.004022553440361015	0.9952629154761998	0.9977904089496165	0.16411784244315278
5902.957994541561	0.004023328545278583	0.995264740524183	0.9977915285503286	0.1640967097544186
5903.206545628031	0.004024103700922093	0.9952665646370051	0.9977926476625004	0.16407558248962156
5903.455048839611	0.004024878907288046	0.9952683878152632	0.9977937662864614	0.16405446064668025
5903.703504191609	0.004025654164372942	0.9952702100595541	0.9977948844225408	0.16403334422351448
5903.951911699324	0.004026429472173281	0.9952720313704733	0.9977960020710664	0.16401223321804476
5904.2002713780585	0.004027204830685567	0.995273851748617	0.997797119232368	0.16399112762819318
5904.448583243091	0.004027980239906298	0.9952756711945807	0.9977982359067733	0.16397002745188244
5904.69684730971	0.004028755699831985	0.9952774897089591	0.9977993520946106	0.16394893268703653
5904.945063593189	0.004029531210459133	0.9952793072923474	0.9978004677962078	0.16392784333158048
5905.193232108795	0.0040303067717842415	0.995281123945339	0.9978015830118925	0.1639067593834403
5905.4413528717905	0.004031082383803821	0.9952829396685275	0.9978026977419918	0.16388568084054322
5905.689425897425	0.004031858046514376	0.9952847544625056	0.9978038119868327	0.16386460770081715
5905.937451200948	0.004032633759912414	0.9952865683278657	0.997804925746742	0.16384353996219145
5906.185428797606	0.004033409523994447	0.9952883812652011	0.9978060390220469	0.1638224776225963
5906.433358702627	0.004034185338756982	0.9952901932751033	0.9978071518130736	0.1638014206799632
5906.681240931238	0.004034961204196528	0.995292004358163	0.9978082641201477	0.16378036913222438
5906.9290754986605	0.0040357371203095975	0.9952938145149713	0.9978093759435953	0.1637593229773133
5907.176862420108	0.004036513087092703	0.9952956237461188	0.9978104872837423	0.1637382822131643
5907.42460171079	0.004037289104542355	0.995297432052195	0.9978115981409137	0.16371724683771313
5907.672293385903	0.004038065172655067	0.9952992394337897	0.9978127085154348	0.16369621684889626
5907.919937460641	0.004038841291427353	0.9953010458914916	0.9978138184076302	0.16367519224465132
5908.167533950191	0.004039617460855731	0.9953028514258896	0.997814927817825	0.1636541730229169
5908.415082869736	0.004040393680936712	0.995304656037572	0.9978160367463433	0.16363315918163288
5908.662584234446	0.004041169951666815	0.9953064597271266	0.9978171451935092	0.16361215071873997
5908.910038059484	0.004041946273042555	0.9953082624951398	0.9978182531596465	0.16359114763217977
5909.157444360014	0.004042722645060453	0.9953100643421993	0.9978193606450791	0.16357014991989544
5909.404803151189	0.0040434990677170254	0.9953118652688909	0.9978204676501303	0.16354915757983066
5909.65211444815	0.00404427554100879	0.9953136652758002	0.9978215741751224	0.16352817060993044
5909.899378266045	0.00404505206493227	0.9953154643635136	0.9978226802203796	0.16350718900814082
5910.146594619996	0.004045828639483984	0.9953172625326152	0.9978237857862235	0.16348621277240877
5910.39376352514	0.004046605264660455	0.9953190597836901	0.9978248908729777	0.1634652419006824
5910.640884996588	0.004047381940458205	0.995320856117322	0.9978259954809631	0.16344427639091083
5910.88795904946	0.004048158666873759	0.9953226515340957	0.9978270996105026	0.16342331624104428
5911.1349856988545	0.004048935443903639	0.995324446034593	0.9978282032619172	0.1634023614490338
5911.381964959875	0.004049712271544371	0.9953262396193974	0.9978293064355285	0.16338141201283163
5911.628896847611	0.004050489149792478	0.9953280322890908	0.9978304091316575	0.16336046793039108
5911.87578137715	0.004051266078644488	0.9953298240442559	0.9978315113506256	0.16333952919966652
5912.122618563573	0.004052043058096931	0.9953316148854735	0.9978326130927535	0.1633185958186133
5912.36940842195	0.004052820088146333	0.9953334048133248	0.9978337143583614	0.16329766778518778
5912.616150967342	0.004053597168789216	0.9953351938283899	0.9978348151477688	0.1632767450973472
5912.862846214815	0.004054374300022116	0.9953369819312496	0.9978359154612964	0.16325582775305025
5913.10949417942	0.004055151481841566	0.9953387691224839	0.9978370152992647	0.1632349157502564
5913.356094876201	0.004055928714244092	0.9953405554026713	0.9978381146619922	0.1632140090869262
5913.602648320196	0.004056705997226227	0.9953423407723907	0.9978392135497979	0.163193107761021
5913.849154526441	0.004057483330784502	0.9953441252322208	0.9978403119630014	0.16317221177050364
5914.0956135099605	0.004058260714915452	0.9953459087827391	0.9978414099019212	0.16315132111333758
5914.342025285771	0.004059038149615607	0.9953476914245233	0.9978425073668757	0.16313043578748757
5914.588389868888	0.00405981563488151	0.9953494731581506	0.997843604358184	0.16310955579091924
5914.834707274314	0.0040605931707096915	0.9953512539841975	0.9978447008761623	0.16308868112159935
5915.080977517047	0.004061370757096687	0.9953530339032404	0.99784579692113	0.16306781177749569
5915.327200612085	0.004062148394039034	0.9953548129158548	0.9978468924934066	0.16304694775657708
5915.57337657441	0.004062926081533272	0.9953565910226161	0.9978479875933047	0.1630260890568131
5915.819505419002	0.004063703819575938	0.995358368224099	0.9978490822211352	0.16300523567617403
5916.065587160831	0.004064481608163571	0.9953601445208777	0.997850176377236	0.1629843876126334
5916.311621814866	0.0040652594472927114	0.9953619199135266	0.997851270061938	0.16296354486416512
5916.557609396064	0.0040660373369599025	0.9953636944026193	0.9978523632754424	0.16294270742873454
5916.803549919383	0.004066815277161682	0.9953654679887292	0.9978534560179638	0.16292187530430893
5917.049443399763	0.004067593267894595	0.9953672406724283	0.9978545482899351	0.1629010484888731
5917.295289852147	0.004068371309155186	0.9953690124542895	0.9978556400917893	0.16288022698041266
5917.541089291462	0.004069149400939994	0.9953707833348838	0.9978567314238179	0.16285941077690402
5917.786841732639	0.004069927543245566	0.9953725533147831	0.9978578222863103	0.16283859987632418
5918.032547190595	0.0040707057360684475	0.9953743223945581	0.997858912679589	0.16281779427665383
5918.278205680247	0.004071483979405185	0.9953760905747797	0.9978600026039752	0.1627969939758744
5918.5238172165	0.004072262273252329	0.9953778578560184	0.9978610920597807	0.16277619897196796
5918.769381814252	0.004073040617606421	0.9953796242388429	0.9978621810473178	0.1627554092629174
5919.014899488395	0.004073819012464012	0.9953813897238228	0.9978632695669012	0.1627346248467069
5919.260370253819	0.004074597457821651	0.9953831543115269	0.9978643576188448	0.16271384572132172
5919.505794125404	0.00407537595367589	0.9953849180025237	0.9978654452034621	0.1626930718847479
5919.75117111802	0.004076154500023277	0.9953866807973809	0.9978665323210664	0.16267230333497268
5919.996501246536	0.004076933096860366	0.9953884426966662	0.9978676189719703	0.16265154006998428
5920.241784525812	0.004077711744183707	0.9953902037009464	0.9978687051564866	0.16263078208777193
5920.487020970701	0.004078490441989853	0.9953919638107882	0.9978697908749274	0.16261002938632574
5920.732210596054	0.00407926919027536	0.9953937230267583	0.9978708761276058	0.16258928196363714
5920.977353416707	0.00408004798903678	0.9953954813494221	0.9978719609148335	0.1625685398176983
5921.222449447495	0.004080826838270668	0.9953972387793448	0.9978730452369218	0.16254780294650253
5921.467498703249	0.0040816057379735845	0.9953989953170916	0.9978741290941827	0.16252707134804406
5921.712501198785	0.004082384688142082	0.9954007509632268	0.9978752124869269	0.16250634502031827
5921.957456948919	0.004083163688772719	0.9954025057183147	0.9978762954154661	0.16248562396132138
5922.202365968461	0.004083942739862055	0.995404259582919	0.9978773778801112	0.16246490816905085
5922.44722827221	0.004084721841406649	0.9954060125576022	0.9978784598811725	0.16244419764150494
5922.692043874963	0.004085500993403058	0.995407764642928	0.9978795414189603	0.162423492376683
5922.936812791505	0.004086280195847845	0.9954095158394585	0.9978806224937845	0.16240279237258534
5923.181535036621	0.004087059448737572	0.9954112661477553	0.9978817031059556	0.1623820976272134
5923.426210625085	0.004087838752068802	0.9954130155683805	0.9978827832557832	0.16236140813856959
5923.670839571665	0.004088618105838093	0.9954147641018944	0.9978838629435758	0.16234072390465706
5923.915421891126	0.004089397510042011	0.9954165117488587	0.997884942169644	0.1623200449234805
5924.15995759822	0.004090176964677122	0.9954182585098328	0.9978860209342955	0.16229937119304502
5924.404446707698	0.004090956469739989	0.9954200043853767	0.9978870992378398	0.16227870271135733
5924.648889234305	0.004091736025227181	0.9954217493760502	0.9978881770805853	0.16225803947642464
5924.893285192774	0.004092515631135262	0.995423493482412	0.9978892544628402	0.16223738148625538
5925.137634597833	0.0040932952874607985	0.9954252367050201	0.997890331384912	0.16221672873885892
5925.381937464212	0.004094074994200361	0.9954269790444338	0.9978914078471094	0.16219608123224577
5925.626193806623	0.004094854751350518	0.9954287205012102	0.9978924838497395	0.16217543896442727
5925.870403639777	0.0040956345589078375	0.9954304610759064	0.9978935593931098	0.1621548019334159
5926.114566978376	0.00409641441686889	0.9954322007690797	0.9978946344775272	0.16213417013722503
5926.358683837121	0.00409719432523025	0.9954339395812862	0.9978957091032988	0.16211354357386912
5926.602754230698	0.004097974283988486	0.9954356775130822	0.9978967832707306	0.1620929222413635
5926.846778173794	0.004098754293140171	0.9954374145650225	0.9978978569801294	0.16207230613772466
5927.090755681087	0.004099534352681876	0.9954391507376633	0.9978989302318018	0.16205169526097002
5927.334686767251	0.004100314462610182	0.995440886031559	0.9979000030260534	0.16203108960911794
5927.578571446946	0.0041010946229216565	0.995442620447264	0.99790107536319	0.16201048918018796
5927.822409734836	0.004101874833612881	0.9954443539853325	0.9979021472435171	0.16198989397220034
5928.066201645568	0.004102655094680427	0.9954460866463175	0.9979032186673397	0.1619693039831766
5928.309947193789	0.004103435406120876	0.9954478184307721	0.9979042896349631	0.16194871921113907
5928.553646394138	0.004104215767930803	0.9954495493392491	0.9979053601466918	0.16192813965411113
5928.797299261252	0.004104996180106787	0.9954512793723012	0.9979064302028308	0.1619075653101172
5929.040905809753	0.0041057766426454085	0.9954530085304802	0.9979074998036848	0.1618869961771828
5929.28446605426	0.004106557155543247	0.9954547368143369	0.9979085689495567	0.16186643225333405
5929.5279800093895	0.004107337718796882	0.9954564642244226	0.9979096376407512	0.1618458735365985
5929.771447689751	0.0041081183324028995	0.9954581907612883	0.9979107058775719	0.16182532002500447
5930.014869109937	0.004108898996357876	0.9954599164254837	0.9979117736603222	0.1618047717165812
5930.258244284544	0.004109679710658396	0.9954616412175582	0.9979128409893049	0.16178422860935912
5930.501573228163	0.004110460475301045	0.995463365138062	0.9979139078648236	0.1617636907013696
5930.744855955374	0.004111241290282408	0.9954650881875441	0.9979149742871808	0.16174315799064504
5930.988092480757	0.004112022155599072	0.9954668103665526	0.9979160402566793	0.16172263047521862
5931.2312828188715	0.004112803071247618	0.9954685316756354	0.9979171057736205	0.16170210815312458
5931.474426984284	0.004113584037224636	0.9954702521153408	0.9979181708383074	0.16168159102239824
5931.717524991547	0.004114365053526712	0.9954719716862154	0.9979192354510412	0.16166107908107594
5931.960576855216	0.004115146120150436	0.9954736903888064	0.9979202996121239	0.1616405723271949
5932.20358258983	0.004115927237092396	0.9954754082236607	0.9979213633218569	0.16162007075879345
5932.446542209929	0.004116708404349185	0.9954771251913239	0.9979224265805414	0.16159957437391068
5932.68945573004	0.004117489621917388	0.9954788412923417	0.997923489388478	0.16157908317058686
5932.932323164686	0.004118270889793599	0.9954805565272593	0.9979245517459677	0.1615585971468632
5933.175144528385	0.004119052207974409	0.9954822708966218	0.9979256136533107	0.16153811630078188
5933.41791983565	0.004119833576456414	0.9954839844009731	0.9979266751108073	0.16151764063038604
5933.660649100985	0.004120614995236206	0.9954856970408579	0.9979277361187581	0.16149717013371984
5933.903332338887	0.004121396464310376	0.9954874088168193	0.9979287966774626	0.1614767048088284
5934.14596956385	0.004122177983675522	0.9954891197294007	0.99792985678722	0.16145624465375782
5934.388560790356	0.004122959553328241	0.9954908297791444	0.9979309164483298	0.16143578966655517
5934.631106032889	0.004123741173265126	0.9954925389665933	0.9979319756610912	0.16141533984526849
5934.873605305918	0.004124522843482777	0.9954942472922892	0.9979330344258031	0.16139489518794692
5935.116058623912	0.004125304563977788	0.9954959547567734	0.9979340927427642	0.16137445569264036
5935.35846600133	0.004126086334746763	0.9954976613605877	0.9979351506122731	0.16135402135739996
5935.600827452628	0.0041268681557863	0.9954993671042729	0.9979362080346286	0.1613335921802776
5935.843142992252	0.004127650027092999	0.9955010719883686	0.9979372650101275	0.16131316815932628
5936.085412634642	0.004128431948663457	0.9955027760134144	0.9979383215390679	0.16129274929259976
5936.327636394234	0.00412921392049428	0.9955044791799509	0.997939377621748	0.16127233557815315
5936.569814285457	0.004129995942582071	0.9955061814885168	0.9979404332584646	0.16125192701404226
5936.811946322734	0.00413077801492343	0.995507882939651	0.9979414884495155	0.16123152359832402
5937.054032520479	0.004131560137514963	0.9955095835338914	0.9979425431951967	0.16121112532905607
5937.296072893101	0.004132342310353273	0.9955112832717762	0.9979435974958054	0.16119073220429736
5937.538067455005	0.004133124533434966	0.9955129821538425	0.9979446513516378	0.16117034422210755
5937.78001622059	0.00413390680675665	0.9955146801806284	0.9979457047629907	0.16114996138054755
5938.021919204243	0.0041346891303149285	0.9955163773526696	0.9979467577301594	0.1611295836776789
5938.263776420351	0.004135471504106413	0.9955180736705027	0.9979478102534403	0.16110921111156434
5938.50558788329	0.004136253928127707	0.9955197691346634	0.997948862333128	0.1610888436802675
5938.74735360743	0.004137036402375421	0.9955214637456873	0.9979499139695186	0.161068481381853
5938.989073607139	0.004137818926846166	0.9955231575041096	0.997950965162907	0.1610481242143865
5939.23074789678	0.004138601501536554	0.9955248504104652	0.9979520159135887	0.1610277721759345
5939.4723764906985	0.004139384126443194	0.9955265424652877	0.9979530662218574	0.16100742526456446
5939.713959403247	0.004140166801562699	0.9955282336691118	0.9979541160880085	0.16098708347834503
5939.955496648761	0.004140949526891679	0.9955299240224704	0.9979551655123355	0.16096674681534562
5940.196988241583	0.004141732302426753	0.9955316135258973	0.9979562144951337	0.16094641527363662
5940.438434196035	0.004142515128164532	0.9955333021799248	0.9979572630366957	0.16092608885128948
5940.679834526436	0.004143298004101627	0.9955349899850842	0.9979583111373149	0.16090576754637634
5940.921189247104	0.004144080930234658	0.9955366769419084	0.9979593587972851	0.16088545135697074
5941.16249837235	0.004144863906560241	0.995538363050929	0.9979604060168998	0.1608651402811469
5941.403761916473	0.004145646933074996	0.9955400483126767	0.9979614527964515	0.16084483431698002
5941.644979893772	0.004146430009775535	0.9955417327276823	0.9979624991362326	0.1608245334625463
5941.886152318535	0.004147213136658481	0.9955434162964764	0.9979635450365362	0.16080423771592298
5942.12727920505	0.004147996313720451	0.9955450990195882	0.9979645904976547	0.1607839470751881
5942.368360567596	0.004148779540958065	0.995546780897548	0.99796563551988	0.16076366153842087
5942.609396420437	0.0041495628183679445	0.9955484619308842	0.9979666801035038	0.1607433811037012
5942.8503867778445	0.0041503461459467105	0.9955501421201258	0.9979677242488175	0.16072310576911017
5943.091331654075	0.004151129523690985	0.9955518214658011	0.9979687679561127	0.16070283553272963
5943.332231063382	0.004151912951597392	0.9955534999684381	0.9979698112256804	0.16068257039264258
5943.573085020013	0.004152696429662558	0.9955551776285645	0.997970854057812	0.16066231034693296
5943.813893538208	0.004153479957883102	0.9955568544467069	0.9979718964527983	0.16064205539368556
5944.054656632201	0.004154263536255651	0.9955585304233924	0.9979729384109293	0.1606218055309862
5944.29537431622	0.0041550471647768305	0.9955602055591469	0.9979739799324956	0.16060156075692145
5944.536046604486	0.0041558308434432685	0.9955618798544967	0.9979750210177871	0.16058132106957915
5944.776673511215	0.00415661457225159	0.9955635533099676	0.9979760616670934	0.16056108646704795
5945.017255050617	0.004157398351198426	0.9955652259260842	0.9979771018807049	0.16054085694741746
5945.257791236899	0.004158182180280407	0.9955668977033724	0.9979781416589117	0.16052063250877832
5945.498282084251	0.004158966059494159	0.9955685686423553	0.9979791810020017	0.16050041314922187
5945.738727606865	0.0041597499888363105	0.995570238743557	0.997980219910264	0.16048019886684056
5945.979127818927	0.004160533968303496	0.9955719080075013	0.9979812583839873	0.16045998965972794
5946.219482734619	0.0041613179978923455	0.9955735764347118	0.9979822964234613	0.16043978552597832
5946.459792368109	0.004162102077599493	0.995575244025711	0.9979833340289739	0.16041958646368706
5946.700056733566	0.004162886207421569	0.9955769107810208	0.9979843712008127	0.16039939247095042
5946.940275845147	0.00416367038735521	0.9955785767011639	0.997985407939266	0.16037920354586557
5947.180449717005	0.004164454617397051	0.995580241786662	0.9979864442446217	0.16035901968653066
5947.4205783632915	0.004165238897543724	0.9955819060380363	0.997987480117167	0.16033884089104478
5947.660661798142	0.004166023227791867	0.995583569455807	0.9979885155571891	0.16031866715750803
5947.9007000357005	0.004166807608138119	0.9955852320404952	0.9979895505649758	0.16029849848402147
5948.140693090091	0.004167592038579115	0.9955868937926211	0.9979905851408138	0.16027833486868703
5948.380640975435	0.004168376519111493	0.9955885547127039	0.997991619284989	0.16025817630960745
5948.620543705849	0.0041691610497318924	0.995590214801263	0.9979926529977884	0.16023802280488678
5948.860401295446	0.004169945630436952	0.9955918740588173	0.9979936862794982	0.1602178743526296
5949.100213758332	0.0041707302612233165	0.9955935324858857	0.9979947191304047	0.1601977309509419
5949.339981108601	0.004171514942087623	0.9955951900829856	0.9979957515507929	0.16017759259793002
5949.579703360348	0.004172299673026512	0.9955968468506354	0.9979967835409491	0.16015745929170186
5949.819380527661	0.004173084454036633	0.995598502789353	0.9979978151011588	0.16013733103036584
5950.059012624615	0.004173869285114623	0.9956001578996541	0.9979988462317069	0.16011720781203145
5950.298599665287	0.004174654166257125	0.9956018121820558	0.9979998769328781	0.16009708963480915
5950.538141663745	0.004175439097460788	0.9956034656370741	0.998000907204957	0.16007697649681032
5950.777638634048	0.004176224078722257	0.9956051182652254	0.9980019370482289	0.16005686839614727
5951.017090590255	0.004177009110038176	0.995606770067025	0.9980029664629779	0.16003676533093325
5951.256497546412	0.004177794191405194	0.995608421042988	0.998003995449488	0.1600166672992825
5951.495859516561	0.004178579322819956	0.995610071193628	0.9980050240080425	0.15999657429930994
5951.735176514745	0.004179364504279114	0.9956117205194606	0.9980060521389258	0.15997648632913183
5951.974448554988	0.004180149735779313	0.9956133690209988	0.998007079842421	0.15995640338686518
5952.213675651323	0.004180935017317206	0.9956150166987571	0.998008107118812	0.15993632547062797
5952.452857817762	0.004181720348889443	0.9956166635532481	0.9980091339683815	0.15991625257853892
5952.6919950683205	0.004182505730492677	0.9956183095849844	0.9980101603914122	0.15989618470871797
5952.931087417006	0.0041832911621235555	0.9956199547944788	0.9980111863881868	0.15987612185928568
5953.170134877816	0.004184076643778733	0.9956215991822427	0.9980122119589877	0.15985606402836397
5953.409137464749	0.004184862175454864	0.9956232427487886	0.9980132371040975	0.15983601121407542
5953.648095191788	0.004185647757148602	0.9956248854946264	0.9980142618237977	0.1598159634145434
5953.88700807292	0.004186433388856602	0.9956265274202679	0.9980152861183704	0.1597959206278924
5954.12587612212	0.0041872190705755175	0.9956281685262234	0.9980163099880967	0.15977588285224795
5954.3646993533575	0.004188004802302008	0.9956298088130033	0.9980173334332586	0.1597558500857363
5954.603477780598	0.0041887905840327306	0.9956314482811167	0.9980183564541372	0.15973582232648484
5954.842211417798	0.004189576415764342	0.9956330869310734	0.9980193790510133	0.1597157995726216
5955.080900278907	0.004190362297493497	0.9956347247633817	0.9980204012241675	0.15969578182227578
5955.319544377879	0.004191148229216862	0.9956363617785511	0.9980214229738804	0.15967576907357744
5955.558143728646	0.00419193421093109	0.9956379979770892	0.9980224443004324	0.1596557613246576
5955.796698345147	0.004192720242632845	0.9956396333595041	0.9980234652041041	0.1596357585736482
5956.035208241306	0.004193506324318788	0.995641267926303	0.9980244856851748	0.15961576081868192
5956.273673431043	0.004194292455985579	0.9956429016779926	0.998025505743924	0.15959576805789255
5956.512093928278	0.0041950786376298834	0.9956445346150805	0.9980265253806322	0.15957578028941488
5956.750469746922	0.004195864869248366	0.9956461667380725	0.9980275445955782	0.15955579751138457
5956.9888009008755	0.004196651150837686	0.9956477980474744	0.9980285633890409	0.15953581972193798
5957.227087404038	0.004197437482394512	0.9956494285437921	0.9980295817612992	0.1595158469192127
5957.465329270298	0.004198223863915508	0.9956510582275305	0.998030599712632	0.159495879101347
5957.7035265135455	0.004199010295397343	0.995652687099195	0.9980316172433179	0.1594759162664804
5957.941679147653	0.0041997967768366805	0.9956543151592887	0.9980326343536347	0.15945595841275284
5958.179787186501	0.004200583308230189	0.995655942408317	0.9980336510438605	0.15943600553830573
5958.417850643954	0.004201369889574537	0.9956575688467827	0.9980346673142735	0.15941605764128097
5958.655869533875	0.004202156520866398	0.99565919447519	0.9980356831651516	0.15939611471982174
5958.893843870117	0.0042029432021024335	0.9956608192940408	0.9980366985967715	0.15937617677207164
5959.1317736665305	0.00420372993327932	0.9956624433038385	0.9980377136094108	0.15935624379617583
5959.369658936963	0.004204516714393727	0.9956640665050844	0.9980387282033465	0.15933631579027982
5959.607499695247	0.004205303545442327	0.9956656888982812	0.9980397423788557	0.15931639275253048
5959.845295955213	0.004206090426421795	0.9956673104839302	0.9980407561362146	0.15929647468107527
5960.083047730686	0.004206877357328799	0.9956689312625319	0.9980417694756997	0.1592765615740627
5960.320755035492	0.004207664338160017	0.9956705512345874	0.9980427823975874	0.15925665342964218
5960.558417883441	0.004208451368912125	0.995672170400597	0.9980437949021537	0.15923675024596415
5960.7960362883405	0.004209238449581796	0.9956737887610606	0.9980448069896745	0.15921685202117974
5961.033610263991	0.004210025580165707	0.9956754063164781	0.998045818660425	0.15919695875344123
5961.27113982419	0.004210812760660532	0.9956770230673482	0.9980468299146809	0.1591770704409016
5961.508624982725	0.004211599991062955	0.9956786390141699	0.9980478407527171	0.15915718708171492
5961.746065753385	0.004212387271369649	0.9956802541574418	0.9980488511748092	0.159137308674036
5961.983462149939	0.004213174601577295	0.9956818684976618	0.9980498611812314	0.15911743521602073
5962.2208141861665	0.004213961981682576	0.9956834820353279	0.9980508707722586	0.1590975667058259
5962.458121875831	0.0042147494116821695	0.9956850947709375	0.9980518799481654	0.15907770314160904
5962.695385232689	0.004215536891572753	0.9956867067049872	0.998052888709225	0.15905784452152874
5962.932604270496	0.004216324421351012	0.9956883178379734	0.9980538970557132	0.15903799084374454
5963.169779003005	0.004217112001013632	0.9956899281703934	0.998054904987902	0.1590181421064167
5963.406909443953	0.004217899630557294	0.9956915377027422	0.9980559125060617	0.15899829830770632
5963.643995607076	0.004218687309978682	0.9956931464355159	0.9980569196104748	0.15897845944577624
5963.881037506102	0.004219475039274477	0.9956947543692087	0.9980579263014148	0.15895862551878945
5964.118035154762	0.00422026281844137	0.9956963615043167	0.9980589325790776	0.1589387965249045
5964.354988566771	0.0042210506474760455	0.9956979678413335	0.9980599384436594	0.15891897246228043
5964.591897755839	0.004221838526375189	0.9956995733807534	0.998060943895512	0.1588991533290891
5964.828762735674	0.004222626455135489	0.9957011781230696	0.9980619489350073	0.1588793391235044
5965.065583519979	0.004223414433753635	0.995702782068776	0.998062953562409	0.15885952984369361
5965.302360122445	0.004224202462226317	0.9957043852183658	0.9980639577779647	0.15883972548782316
5965.5390925567635	0.004224990540550223	0.9957059875723311	0.9980649615819495	0.15881992605406298
5965.775780836618	0.004225778668722041	0.995707589131164	0.9980659649746406	0.15880013154058364
5966.012424975682	0.004226566846738465	0.9957091898953568	0.9980669679563087	0.15878034194555657
5966.2490249876255	0.0042273550745961855	0.9957107898654008	0.9980679705272227	0.15876055726715355
5966.485580886117	0.004228143352291896	0.9957123890417872	0.9980689726876545	0.1587407775035478
5966.722092684814	0.0042289316798222905	0.9957139874250066	0.9980699744378748	0.15872100265291314
5966.958560397369	0.00422972005718406	0.9957155850155489	0.9980709757781538	0.1587012327134246
5967.194984037431	0.004230508484373901	0.9957171818139054	0.9980719767087622	0.15868146768325783
5967.431363618643	0.004231296961388511	0.9957187778205654	0.9980729772299705	0.15866170756058956
5967.667699154637	0.004232085488224583	0.9957203730360175	0.9980739773420477	0.15864195234359724
5967.903990659042	0.004232874064878813	0.9957219674607508	0.9980749770452637	0.15862220203045924
5968.140238145486	0.0042336626913479	0.9957235610952544	0.9980759763398881	0.15860245661935513
5968.376441627587	0.004234451367628545	0.9957251539400167	0.9980769752261909	0.15858271610846508
5968.6126011189535	0.004235240093717444	0.9957267459955252	0.9980779737044401	0.15856298049597023
5968.848716633195	0.004236028869611296	0.9957283372622677	0.9980789717749055	0.15854324978005258
5969.084788183907	0.0042368176953068	0.9957299277407304	0.9980799694378549	0.15852352395889502
5969.320815784688	0.004237606570800661	0.9957315174314011	0.9980809666935577	0.15850380303068143
5969.5567994491275	0.00423839549608958	0.9957331063347661	0.998081963542282	0.15848408699359662
5969.792739190807	0.0042391844711702565	0.9957346944513118	0.9980829599842961	0.15846437584582615
5970.028635023301	0.004239973496039395	0.9957362817815228	0.9980839560198672	0.15844466958555653
5970.264486960185	0.004240762570693699	0.9957378683258853	0.9980849516492635	0.15842496821097501
5970.500295015021	0.0042415516951298735	0.9957394540848842	0.9980859468727525	0.1584052717202702
5970.736059201371	0.004242340869344624	0.9957410390590042	0.9980869416906017	0.15838558011163104
5970.971779532784	0.0042431300933346554	0.9957426232487292	0.9980879361030783	0.15836589338324775
5971.207456022811	0.004243919367096675	0.9957442066545433	0.9980889301104486	0.15834621153331116
5971.443088684991	0.004244708690627389	0.9957457892769301	0.9980899237129797	0.15832653456001325
5971.678677532867	0.004245498063923509	0.9957473711163733	0.9980909169109387	0.1583068624615468
5971.914222579963	0.004246287486981738	0.9957489521733552	0.9980919097045913	0.1582871952361054
5972.149723839806	0.00424707695979879	0.9957505324483586	0.998092902094204	0.15826753288188358
5972.385181325912	0.004247866482371371	0.995752111941865	0.998093894080042	0.15824787539707674
5972.620595051795	0.004248656054696195	0.9957536906543569	0.9980948856623719	0.15822822277988122
5972.8559650309635	0.004249445676769973	0.9957552685863156	0.9980958768414592	0.15820857502849422
5973.091291276918	0.0042502353485894175	0.9957568457382223	0.9980968676175693	0.15818893214111385
5973.326573803152	0.004251025070151238	0.995758422110557	0.9980978579909668	0.15816929411593889
5973.56181262316	0.0042518148414521515	0.9957599977038009	0.9980988479619177	0.15814966095116947
5973.797007750423	0.004252604662488874	0.995761572518434	0.9980998375306862	0.15813003264500625
5974.032159198413	0.004253394533258115	0.9957631465549355	0.9981008266975365	0.15811040919565073
5974.26726698061	0.004254184453756593	0.9957647198137844	0.9981018154627335	0.15809079060130546
5974.502331110475	0.004254974423981022	0.9957662922954602	0.9981028038265408	0.15807117686017383
5974.737351601474	0.004255764443928125	0.995767864000442	0.9981037917892237	0.15805156797046022
5974.972328467058	0.004256554513594615	0.9957694349292074	0.9981047793510449	0.15803196393036967
5975.207261720678	0.00425734463297721	0.9957710050822343	0.9981057665122687	0.1580123647381083
5975.442151375775	0.004258134802072631	0.9957725744599998	0.998106753273158	0.15799277039188295
5975.67699744579	0.004258925020877597	0.9957741430629825	0.9981077396339766	0.15797318088990153
5975.911799944151	0.00425971528938883	0.9957757108916581	0.9981087255949866	0.1579535962303726
5976.146558884284	0.004260505607603049	0.9957772779465035	0.998109711156452	0.15793401641150573
5976.381274279608	0.004261295975516975	0.9957788442279942	0.9981106963186347	0.15791444143151143
5976.615946143545	0.004262086393127335	0.9957804097366071	0.998111681081798	0.15789487128860102
5976.8505744894965	0.004262876860430849	0.9957819744728167	0.9981126654462031	0.15787530598098662
5977.085159330867	0.00426366737742424	0.9957835384370984	0.9981136494121124	0.15785574550688125
5977.319700681053	0.004264457944104234	0.9957851016299272	0.998114632979788	0.15783618986449904
5977.554198553449	0.004265248560467559	0.9957866640517776	0.9981156161494925	0.15781663905205473
5977.788652961435	0.004266039226510936	0.9957882257031228	0.9981165989214859	0.15779709306776402
5978.023063918396	0.004266829942231097	0.9957897865844372	0.99811758129603	0.15777755190984347
5978.2574314377025	0.004267620707624764	0.9957913466961938	0.9981185632733862	0.15775801557651056
5978.491755532731	0.004268411522688671	0.9957929060388663	0.9981195448538156	0.15773848406598356
5978.726036216834	0.004269202387419541	0.9957944646129268	0.9981205260375786	0.15771895737648173
5978.9602735033695	0.004269993301814105	0.9957960224188471	0.9981215068249355	0.15769943550622514
5979.194467405693	0.0042707842658690955	0.9957975794570998	0.9981224872161469	0.1576799184534347
5979.428617937148	0.0042715752795812415	0.9957991357281566	0.9981234672114734	0.1576604062163323
5979.6627251110785	0.004272366342947277	0.9958006912324886	0.9981244468111746	0.15764089879314058
5979.89678894081	0.004273157455963931	0.9958022459705663	0.9981254260155105	0.157621396182083
5980.130809439678	0.004273948618627939	0.9958037999428613	0.9981264048247405	0.15760189838138416
5980.364786621003	0.004274739830936033	0.995805353149843	0.998127383239124	0.1575824053892693
5980.598720498101	0.004275531092884946	0.9958069055919813	0.9981283612589201	0.1575629172039645
5980.832611084284	0.004276322404471415	0.9958084572697454	0.998129338884388	0.15754343382369695
5981.066458392858	0.00427711376569218	0.9958100081836059	0.9981303161157871	0.15752395524669452
5981.300262437123	0.004277905176543971	0.9958115583340307	0.9981312929533755	0.15750448147118598
5981.534023230369	0.0042786966370235244	0.9958131077214879	0.9981322693974113	0.15748501249540084
5981.767740785887	0.004279488147127579	0.9958146563464458	0.9981332454481531	0.15746554831756976
5982.0014151169635	0.004280279706852878	0.9958162042093731	0.9981342211058596	0.1574460889359241
5982.2350462368695	0.004281071316196156	0.9958177513107365	0.998135196370788	0.1574266343486961
5982.46863415888	0.004281862975154154	0.9958192976510032	0.998136171243196	0.15740718455411878
5982.702178896261	0.004282654683723613	0.9958208432306401	0.9981371457233412	0.1573877395504263
5982.935680462269	0.004283446441901272	0.9958223880501137	0.9981381198114813	0.15736829933585322
5983.169138870162	0.004284238249683876	0.9958239321098898	0.9981390935078732	0.15734886390863548
5983.402554133187	0.0042850301070681655	0.9958254754104344	0.9981400668127736	0.15732943326700946
5983.635926264588	0.004285822014050886	0.9958270179522133	0.9981410397264399	0.1573100074092129
5983.869255277603	0.004286613970628779	0.9958285597356911	0.9981420122491284	0.15729058633348372
5984.102541185458	0.004287405976798588	0.9958301007613324	0.9981429843810952	0.15727117003806126
5984.335784001385	0.004288198032557063	0.9958316410296019	0.9981439561225965	0.15725175852118548
5984.568983738602	0.004288990137900946	0.9958331805409635	0.9981449274738888	0.1572323517810973
5984.802140410326	0.004289782292826985	0.9958347192958813	0.9981458984352279	0.15721294981603834
5985.035254029763	0.004290574497331927	0.9958362572948181	0.9981468690068692	0.15719355262425136
5985.26832461012	0.0042913667514125195	0.9958377945382375	0.9981478391890685	0.1571741602039797
5985.501352164588	0.004292159055065512	0.9958393310266014	0.9981488089820802	0.15715477255346771
5985.734336706361	0.004292951408287654	0.9958408667603726	0.9981497783861601	0.1571353896709604
5985.967278248632	0.004293743811075696	0.9958424017400137	0.9981507474015632	0.1571160115547041
5986.200176804578	0.004294536263426387	0.9958439359659855	0.998151716028544	0.1570966382029454
5986.433032387373	0.004295328765336479	0.9958454694387495	0.998152684267357	0.1570772696139322
5986.665845010186	0.004296121316802726	0.995847002158767	0.9981536521182567	0.15705790578591305
5986.898614686184	0.00429691391782188	0.9958485341264985	0.9981546195814972	0.15703854671713743
5987.131341428521	0.004297706568390691	0.9958500653424042	0.9981555866573317	0.15701919240585546
5987.364025250355	0.004298499268505918	0.9958515958069445	0.9981565533460153	0.15699984285031854
5987.596666164831	0.004299292018164315	0.9958531255205793	0.9981575196478013	0.15698049804877864
5987.829264185087	0.004300084817362635	0.9958546544837666	0.9981584855629425	0.15696115799948848
5988.061819324262	0.004300877666097634	0.9958561826969662	0.9981594510916925	0.15694182270070192
5988.294331595487	0.004301670564366074	0.9958577101606374	0.9981604162343047	0.15692249215067347
5988.526801011887	0.00430246351216471	0.9958592368752379	0.9981613809910316	0.15690316634765858
5988.759227586578	0.004303256509490297	0.9958607628412252	0.9981623453621254	0.15688384528991345
5988.991611332672	0.004304049556339593	0.995862288059057	0.998163309347839	0.1568645289756952
5989.2239522632835	0.004304842652709366	0.9958638125291914	0.9981642729484255	0.15684521740326196
5989.456250391511	0.004305635798596369	0.9958653362520853	0.998165236164136	0.1568259105708724
5989.688505730451	0.0043064289939973655	0.9958668592281945	0.9981661989952227	0.1568066084767862
5989.920718293193	0.004307222238909117	0.9958683814579757	0.9981671614419376	0.15678731111926392
5990.152888092826	0.004308015533328384	0.9958699029418852	0.998168123504532	0.1567680184965669
5990.385015142428	0.004308808877251932	0.9958714236803783	0.9981690851832574	0.1567487306069575
5990.617099455073	0.0043096022706765255	0.9958729436739108	0.9981700464783658	0.1567294474486986
5990.849141043833	0.004310395713598927	0.995874462922937	0.9981710073901072	0.15671016902005427
5991.081139921769	0.004311189206015901	0.995875981427912	0.9981719679187325	0.15669089531928904
5991.313096101936	0.004311982747924213	0.9958774991892898	0.9981729280644924	0.15667162634466864
5991.545009597388	0.0043127763393206306	0.9958790162075244	0.9981738878276377	0.15665236209445949
5991.776880421171	0.00431356998020192	0.9958805324830694	0.9981748472084189	0.15663310256692897
5992.00870858633	0.004314363670564852	0.9958820480163784	0.9981758062070859	0.1566138477603451
5992.240494105896	0.004315157410406189	0.9958835628079041	0.9981767648238885	0.1565945976729769
5992.472236992901	0.004315951199722706	0.9958850768580996	0.9981777230590764	0.15657535230309427
5992.703937260367	0.00431674503851117	0.995886590167417	0.9981786809128993	0.15655611164896782
5992.935594921311	0.0043175389267683505	0.9958881027363076	0.9981796383856065	0.1565368757088689
5993.167209988751	0.00431833286449102	0.9958896145652236	0.9981805954774475	0.15651764448107003
5993.398782475695	0.00431912685167595	0.9958911256546168	0.9981815521886708	0.15649841796384437
5993.630312395141	0.004319920888319913	0.9958926360049374	0.9981825085195256	0.15647919615546596
5993.86179976009	0.004320714974419683	0.9958941456166366	0.9981834644702609	0.1564599790542096
5994.093244583533	0.0043215091099720335	0.9958956544901648	0.9981844200411251	0.1564407666583511
5994.324646878449	0.004322303294973738	0.9958971626259716	0.998185375232366	0.15642155896616686
5994.556006657821	0.0043230975294215705	0.9958986700245067	0.9981863300442317	0.1564023559759344
5994.787323934629	0.0043238918133123114	0.9959001766862199	0.9981872844769707	0.15638315768593192
5995.018598721835	0.0043246861466427295	0.9959016826115596	0.9981882385308304	0.1563639640944384
5995.249831032406	0.00432548052940961	0.9959031878009754	0.998189192206059	0.1563447751997338
5995.481020879302	0.004326274961609729	0.9959046922549152	0.9981901455029032	0.15632559100009885
5995.712168275469	0.004327069443239862	0.9959061959738265	0.99819109842161	0.15630641149381502
5995.943273233856	0.004327863974296788	0.9959076989581575	0.9981920509624268	0.15628723667916483
5996.174335767411	0.00432865855477729	0.995909201208356	0.9981930031256011	0.1562680665544316
5996.405355889064	0.0043294531846781465	0.9959107027248685	0.9981939549113791	0.15624890111789924
5996.636333611744	0.004330247863996139	0.9959122035081418	0.9981949063200066	0.15622974036785264
5996.867268948378	0.004331042592728051	0.9959137035586223	0.9981958573517309	0.15621058430257762
5997.098161911888	0.004331837370870664	0.9959152028767567	0.9981968080067982	0.1561914329203608
5997.329012515183	0.004332632198420759	0.9959167014629899	0.998197758285454	0.15617228621948945
5997.5598207711755	0.004333427075375124	0.9959181993177681	0.9981987081879442	0.15615314419825194
5997.790586692767	0.00433422200173054	0.9959196964415359	0.998199657714514	0.15613400685493725
5998.021310292852	0.004335016977483791	0.9959211928347377	0.9982006068654092	0.1561148741878353
5998.251991584331	0.004335812002631669	0.9959226884978194	0.9982015556408761	0.15609574619523683
5998.482630580083	0.004336607077170956	0.995924183431224	0.9982025040411584	0.1560766228754334
5998.713227292991	0.004337402201098441	0.9959256776353956	0.9982034520665014	0.15605750422671735
5998.943781735931	0.0043381973744109105	0.9959271711107776	0.9982043997171499	0.15603839024738206
5999.174293921774	0.004338992597105153	0.9959286638578135	0.9982053469933485	0.1560192809357214
5999.404763863382	0.004339787869177959	0.9959301558769456	0.9982062938953417	0.15600017629003027
5999.635191573616	0.004340583190626118	0.9959316471686168	0.9982072404233729	0.15598107630860436
5999.865577065329	0.00434137856144642	0.9959331377332694	0.9982081865776868	0.1559619809897403
6000.095920351373	0.004342173981635658	0.9959346275713455	0.9982091323585278	0.15594289033173536
6000.326221444587	0.00434296945119062	0.9959361166832861	0.9982100777661385	0.1559238043328878
6000.556480357806	0.0043437649701081	0.9959376050695324	0.9982110228007625	0.15590472299149644
6000.786697103867	0.004344560538384895	0.9959390927305259	0.9982119674626436	0.1558856463058613
6001.016871695596	0.0043453561560177975	0.9959405796667071	0.9982129117520253	0.15586657427428294
6001.247004145811	0.0043461518230036	0.995942065878516	0.9982138556691499	0.15584750689506288
6001.477094467329	0.004346947539339096	0.9959435513663923	0.9982147992142602	0.15582844416650338
6001.7071426729635	0.004347743305021085	0.9959450361307766	0.9982157423875989	0.15580938608690767
6001.937148775516	0.004348539120046363	0.9959465201721075	0.9982166851894085	0.1557903326545795
6002.167112787787	0.004349334984411728	0.9959480034908244	0.9982176276199315	0.15577128386782388
6002.397034722568	0.004350130898113975	0.995949486087365	0.9982185696794093	0.15575223972494612
6002.626914592646	0.004350926861149905	0.9959509679621689	0.9982195113680843	0.1557332002242528
6002.856752410809	0.004351722873516315	0.9959524491156735	0.9982204526861982	0.1557141653640511
6003.086548189835	0.004352518935210009	0.9959539295483173	0.9982213936339928	0.15569513514264924
6003.3163019424965	0.004353315046227785	0.9959554092605372	0.9982223342117094	0.15567610955835592
6003.546013681557	0.004354111206566441	0.9959568882527696	0.9982232744195887	0.15565708860948083
6003.77568341978	0.004354907416222784	0.9959583665254521	0.998224214257872	0.1556380722943344
6004.005311169916	0.004355703675193613	0.9959598440790204	0.9982251537267998	0.15561906061122807
6004.234896944725	0.004356499983475735	0.9959613209139121	0.9982260928266139	0.15560005355847403
6004.464440756948	0.00435729634106595	0.9959627970305622	0.9982270315575541	0.15558105113438522
6004.693942619321	0.004358092747961065	0.9959642724294056	0.9982279699198607	0.15556205333727532
6004.923402544584	0.0043588892041578845	0.9959657471108785	0.9982289079137743	0.155543060165459
6005.152820545467	0.004359685709653212	0.9959672210754154	0.9982298455395342	0.15552407161725157
6005.382196634689	0.00436048226444386	0.9959686943234508	0.9982307827973804	0.15550508769096932
6005.611530824968	0.004361278868526629	0.9959701668554186	0.9982317196875528	0.1554861083849293
6005.840823129019	0.004362075521898329	0.9959716386717534	0.9982326562102904	0.15546713369744933
6006.070073559552	0.004362872224555772	0.995973109772889	0.9982335923658335	0.15544816362684813
6006.299282129265	0.00436366897649576	0.9959745801592574	0.9982345281544202	0.15542919817144507
6006.528448850857	0.00436446577771511	0.995976049831293	0.99823546357629	0.15541023732956052
6006.757573737019	0.00436526262821063	0.9959775187894275	0.9982363986316815	0.1553912810995155
6006.986656800441	0.00436605952797913	0.9959789870340943	0.9982373333208333	0.15537232947963206
6007.2156980537975	0.004366856477017424	0.9959804545657247	0.9982382676439843	0.15535338246823283
6007.444697509765	0.004367653475322322	0.9959819213847504	0.9982392016013723	0.15533444006364133
6007.673655181015	0.004368450522890638	0.9959833874916032	0.9982401351932353	0.15531550226418192
6007.902571080211	0.004369247619719185	0.9959848528867139	0.998241068419811	0.15529656906817976
6008.131445220015	0.00437004476580478	0.9959863175705134	0.9982420012813377	0.15527764047396078
6008.360277613078	0.0043708419611442366	0.9959877815434324	0.998242933778053	0.15525871647985182
6008.589068272051	0.0043716392057343715	0.9959892448059009	0.9982438659101941	0.1552397970841804
6008.817817209574	0.004372436499571997	0.9959907073583487	0.9982447976779981	0.15522088228527497
6009.0465244382885	0.004373233842653935	0.9959921692012056	0.9982457290817022	0.1552019720814646
6009.2751899708255	0.004374031234977002	0.9959936303349007	0.9982466601215435	0.15518306647107943
6009.503813819812	0.004374828676538015	0.9959950907598626	0.998247590797758	0.15516416545245015
6009.732395997871	0.004375626167333793	0.9959965504765208	0.9982485211105835	0.15514526902390857
6009.960936517618	0.004376423707361158	0.9959980094853029	0.9982494510602552	0.1551263771837868
6010.189435391664	0.004377221296616929	0.9959994677866371	0.9982503806470101	0.15510748993041823
6010.417892632617	0.004378018935097928	0.9960009253809512	0.9982513098710849	0.15508860726213694
6010.6463082530745	0.004378816622800974	0.9960023822686722	0.9982522387327126	0.15506972917727763
6010.874682265636	0.00437961435972289	0.9960038384502276	0.9982531672321221	0.15505085567417531
6011.103014682888	0.004380412145860502	0.996005293926044	0.9982540953695037	0.1550319867511633
6011.331305517415	0.004381209981210631	0.9960067486965478	0.9982550231450494	0.15501312240657544
6011.5595547817975	0.004382007865770102	0.9960082027621653	0.9982559505590414	0.15499426263875343
6011.78776248861	0.004382805799535738	0.996009656123322	0.9982568776117818	0.15497540744604077
6012.015928650421	0.004383603782504368	0.9960111087804442	0.9982578043035067	0.1549565568267774
6012.244053279793	0.004384401814672817	0.9960125607339566	0.9982587306344329	0.15493771077930224
6012.472136389286	0.004385199896037912	0.9960140119842842	0.998259656604795	0.1549188693019568
6012.700177991453	0.004385998026596478	0.9960154625318511	0.9982605822148319	0.15490003239308317
6012.92817809884	0.004386796206345348	0.9960169123770823	0.9982615074647776	0.1548812000510244
6013.15613672399	0.004387594435281346	0.9960183615204017	0.9982624323548648	0.1548623722741239
6013.384053879438	0.004388392713401304	0.9960198099622326	0.9982633568853274	0.15484354906072614
6013.611929577719	0.004389191040702053	0.9960212577029991	0.9982642810563997	0.15482473040917644
6013.839763831357	0.0043899894171804225	0.9960227047431236	0.9982652048683148	0.15480591631782076
6014.067556652876	0.004390787842833244	0.996024151083029	0.9982661283213058	0.15478710678500585
6014.29530805479	0.0043915863176573495	0.9960255967231382	0.998267051415606	0.1547683018090795
6014.52301804961	0.004392384841649574	0.9960270416638731	0.9982679741514489	0.15474950138839
6014.75068664984	0.004393183414806746	0.9960284859056553	0.9982688965290663	0.15473070552128668
6014.978313867982	0.0043939820371257056	0.9960299294489067	0.9982698185486913	0.15471191420611932
6015.20589971653	0.004394780708603284	0.996031372294048	0.998270740210556	0.15469312744123895
6015.433444207973	0.004395579429236317	0.9960328144415013	0.9982716615148935	0.15467434522499704
6015.660947354799	0.004396378199021642	0.9960342558916865	0.9982725824619356	0.15465556755574614
6015.888409169481	0.004397177017956092	0.9960356966450238	0.9982735030519142	0.1546367944318392
6016.115829664497	0.004397975886036507	0.9960371367019331	0.9982744232850606	0.1546180258516303
6016.343208852313	0.004398774803259727	0.9960385760628343	0.9982753431616072	0.15459926181347414
6016.570546745395	0.004399573769622587	0.9960400147281474	0.998276262681785	0.15458050231572637
6016.7978433561975	0.004400372785121928	0.9960414526982911	0.9982771818458254	0.15456174735674325
6017.0250986971805	0.00440117184975459	0.9960428899736846	0.9982781006539597	0.15454299693488202
6017.252312780785	0.004401970963517415	0.9960443265547458	0.998279019106419	0.15452425104850054
6017.479485619455	0.004402770126407241	0.9960457624418931	0.9982799372034334	0.15450550969595755
6017.706617225627	0.004403569338420911	0.9960471976355445	0.9982808549452337	0.15448677287561247
6017.933707611732	0.004404368599555268	0.9960486321361176	0.9982817723320507	0.15446804058582564
6018.160756790205	0.004405167909807158	0.9960500659440303	0.9982826893641152	0.15444931282495822
6018.387764773459	0.004405967269173421	0.9960514990596988	0.9982836060416567	0.15443058959137201
6018.61473157391	0.004406766677650901	0.99605293148354	0.998284522364905	0.15441187088342967
6018.841657203972	0.004407566135236444	0.9960543632159705	0.9982854383340901	0.15439315669949466
6019.06854167605	0.004408365641926899	0.9960557942574063	0.9982863539494417	0.1543744470379311
6019.295385002545	0.004409165197719109	0.9960572246082635	0.9982872692111894	0.15435574189710413
6019.5221871958565	0.004409964802609922	0.9960586542689573	0.9982881841195623	0.15433704127537953
6019.748948268366	0.004410764456596185	0.9960600832399034	0.9982890986747898	0.1543183451711239
6019.975668232462	0.004411564159674748	0.9960615115215161	0.9982900128771007	0.15429965358270453
6020.202347100526	0.004412363911842458	0.9960629391142103	0.9982909267267236	0.15428096650848955
6020.428984884933	0.004413163713096166	0.9960643660184	0.9982918402238873	0.15426228394684793
6020.65558159805	0.004413963563432723	0.9960657922344999	0.9982927533688206	0.1542436058961495
6020.882137252244	0.004414763462848979	0.9960672177629236	0.998293666161752	0.15422493235476464
6021.10865185987	0.004415563411341784	0.9960686426040841	0.9982945786029088	0.1542062633210647
6021.335125433287	0.004416363408907993	0.9960700667583947	0.99829549069252	0.15418759879342164
6021.561557984837	0.004417163455544456	0.9960714902262678	0.9982964024308122	0.15416893877020832
6021.787949526867	0.004417963551248028	0.9960729130081166	0.9982973138180137	0.15415028324979843
6022.01430007172	0.0044187636960155655	0.9960743351043536	0.9982982248543527	0.15413163223056636
6022.2406096317245	0.004419563889843923	0.9960757565153906	0.9982991355400561	0.15411298571088736
6022.466878219206	0.00442036413272995	0.9960771772416384	0.9983000458753507	0.15409434368913724
6022.693105846491	0.004421164424670509	0.9960785972835088	0.9983009558604639	0.15407570616369284
6022.919292525897	0.004421964765662456	0.9960800166414132	0.9983018654956224	0.15405707313293163
6023.145438269735	0.004422765155702645	0.9960814353157625	0.998302774781053	0.154038444595232
6023.371543090313	0.004423565594787934	0.9960828533069663	0.9983036837169822	0.1540198205489729
6023.597606999931	0.004424366082915184	0.9960842706154356	0.9983045923036364	0.15400120099253423
6023.823630010891	0.004425166620081255	0.9960856872415801	0.9983055005412418	0.15398258592429667
6024.049612135479	0.004425967206283007	0.9960871031858087	0.9983064084300243	0.15396397534264153
6024.275553385984	0.0044267678415172975	0.9960885184485315	0.9983073159702098	0.153945369245951
6024.50145377469	0.004427568525780992	0.9960899330301577	0.9983082231620246	0.15392676763260818
6024.727313313871	0.00442836925907095	0.9960913469310955	0.9983091300056938	0.15390817050099667
6024.953132015797	0.004429170041384032	0.996092760151753	0.9983100365014428	0.15388957784950105
6025.178909892738	0.004429970872717105	0.996094172692539	0.9983109426494969	0.15387098967650645
6025.404646956953	0.004430771753067032	0.9960955845538613	0.9983118484500815	0.15385240598039904
6025.630343220695	0.004431572682430675	0.9960969957361265	0.9983127539034204	0.1538338267595655
6025.855998696216	0.004432373660804899	0.9960984062397426	0.9983136590097396	0.1538152520123936
6026.081613395765	0.0044331746881865735	0.9960998160651167	0.9983145637692635	0.1537966817372716
6026.307187331579	0.004433975764572563	0.9961012252126551	0.9983154681822163	0.15377811593258875
6026.532720515896	0.004434776889959735	0.9961026336827644	0.9983163722488224	0.15375955459673485
6026.758212960942	0.004435578064344955	0.9961040414758504	0.9983172759693055	0.15374099772810063
6026.983664678945	0.004436379287725091	0.996105448592319	0.9983181793438901	0.15372244532507745
6027.2090756821235	0.004437180560097013	0.9961068550325755	0.9983190823727994	0.15370389738605758
6027.434445982694	0.004437981881457593	0.9961082607970255	0.9983199850562576	0.15368535390943402
6027.659775592871	0.004438783251803704	0.9961096658860742	0.9983208873944889	0.15366681489360057
6027.88506452485	0.004439584671132208	0.9961110703001256	0.9983217893877153	0.15364828033695166
6028.1103127908345	0.0044403861394399806	0.9961124740395839	0.9983226910361603	0.15362975023788267
6028.335520403019	0.004441187656723893	0.9961138771048533	0.9983235923400471	0.15361122459478954
6028.560687373592	0.004441989222980819	0.9961152794963375	0.9983244932995986	0.1535927034060692
6028.785813714738	0.004442790838207634	0.9961166812144403	0.998325393915037	0.15357418667011913
6029.010899438637	0.004443592502401211	0.9961180822595652	0.9983262941865857	0.15355567438533782
6029.235944557462	0.004444394215558422	0.9961194826321143	0.9983271941144666	0.15353716655012428
6029.460949083384	0.004445195977676143	0.9961208823324905	0.9983280936989017	0.15351866316287854
6029.685913028563	0.004445997788751251	0.9961222813610957	0.9983289929401131	0.15350016422200102
6029.9108364051635	0.004446799648780623	0.9961236797183325	0.9983298918383232	0.15348166972589333
6030.135719225334	0.004447601557761136	0.9961250774046023	0.9983307903937533	0.15346317967295756
6030.360561501226	0.004448403515689666	0.9961264744203068	0.9983316886066251	0.15344469406159672
6030.58536324498	0.004449205522563095	0.9961278707658471	0.9983325864771601	0.1534262128902144
6030.810124468739	0.004450007578378299	0.9961292664416238	0.9983334840055793	0.15340773615721512
6031.03484518463	0.004450809683132158	0.9961306614480374	0.9983343811921035	0.15338926386100407
6031.259525404788	0.004451611836821553	0.9961320557854885	0.9983352780369543	0.15337079599998732
6031.484165141336	0.00445241403944337	0.9961334494543777	0.998336174540353	0.15335233257257164
6031.7087644063895	0.004453216290994483	0.9961348424551042	0.9983370707025195	0.15333387357716446
6031.933323212059	0.004454018591471776	0.9961362347880666	0.9983379665236742	0.15331541901217396
6032.15784157046	0.004454820940872135	0.996137626453665	0.9983388620040377	0.15329696887600938
6032.382319493688	0.00445562333919244	0.9961390174522978	0.9983397571438296	0.1532785231670803
6032.606756993845	0.004456425786429578	0.9961404077843639	0.99834065194327	0.1532600818837974
6032.831154083024	0.004457228282580431	0.9961417974502617	0.9983415464025793	0.1532416450245719
6033.0555107733135	0.004458030827641888	0.9961431864503891	0.9983424405219775	0.15322321258781604
6033.2798270767935	0.004458833421610834	0.9961445747851437	0.9983433343016834	0.15320478457194242
6033.504103005544	0.004459636064484153	0.9961459624549227	0.9983442277419164	0.15318636097536475
6033.728338571639	0.004460438756258735	0.9961473494601237	0.9983451208428963	0.15316794179649723
6033.952533787144	0.004461241496931468	0.9961487358011436	0.998346013604842	0.1531495270337551
6034.176688664121	0.004462044286499239	0.9961501214783788	0.9983469060279719	0.15313111668555407
6034.4008032146285	0.004462847124958939	0.9961515064922255	0.998347798112505	0.1531127107503109
6034.624877450723	0.004463650012307457	0.9961528908430796	0.9983486898586601	0.1530943092264427
6034.848911384447	0.004464452948541682	0.9961542745313369	0.9983495812666553	0.15307591211236782
6035.072905027848	0.004465255933658508	0.9961556575573935	0.9983504723367095	0.15305751940650494
6035.296858392959	0.004466058967654825	0.996157039921644	0.9983513630690402	0.15303913110727382
6035.520771491817	0.004466862050527529	0.9961584216244835	0.998352253463866	0.15302074721309472
6035.744644336444	0.004467665182273506	0.9961598026663061	0.9983531435214038	0.15300236772238876
6035.968476938867	0.004468468362889655	0.9961611830475068	0.9983540332418722	0.15298399263357784
6036.192269311098	0.004469271592372868	0.9961625627684791	0.9983549226254881	0.15296562194508456
6036.41602146516	0.004470074870720043	0.9961639418296175	0.9983558116724697	0.15294725565533232
6036.639733413055	0.004470878197928072	0.9961653202313148	0.9983567003830334	0.15292889376274524
6036.863405166782	0.0044716815739938515	0.9961666979739643	0.9983575887573963	0.15291053626574813
6037.087036738343	0.004472484998914282	0.9961680750579591	0.9983584767957756	0.15289218316276676
6037.310628139729	0.004473288472686255	0.9961694514836915	0.9983593644983878	0.15287383445222724
6037.534179382927	0.0044740919953066725	0.9961708272515544	0.9983602518654495	0.15285549013255692
6037.7576904799225	0.004474895566772433	0.9961722023619396	0.9983611388971778	0.15283715020218358
6037.981161442693	0.004475699187080439	0.9961735768152393	0.9983620255937886	0.15281881465953595
6038.204592283208	0.004476502856227584	0.9961749506118444	0.9983629119554974	0.15280048350304315
6038.427983013435	0.00447730657421077	0.996176323752146	0.9983637979825207	0.15278215673113546
6038.651333645341	0.004478110341026902	0.9961776962365363	0.9983646836750747	0.15276383434224375
6038.874644190882	0.00447891415667288	0.9961790680654048	0.9983655690333749	0.15274551633479969
6039.0979146620075	0.004479718021145604	0.9961804392391421	0.9983664540576358	0.1527272027072353
6039.321145070668	0.00448052193444198	0.9961818097581385	0.9983673387480739	0.15270889345798397
6039.544335428806	0.004481325896558909	0.996183179622784	0.9983682231049044	0.15269058858547938
6039.767485748359	0.004482129907493297	0.9961845488334679	0.9983691071283417	0.15267228808815622
6039.990596041262	0.00448293396724205	0.9961859173905798	0.9983699908186013	0.15265399196444976
6040.213666319441	0.004483738075802074	0.9961872852945084	0.9983708741758978	0.15263570021279615
6040.436696594819	0.004484542233170272	0.9961886525456425	0.9983717572004454	0.1526174128316321
6040.659686879315	0.004485346439343553	0.9961900191443709	0.998372639892459	0.15259912981939522
6040.882637184838	0.004486150694318823	0.996191385091081	0.9983735222521524	0.15258085117452372
6041.105547523301	0.004486954998092994	0.9961927503861617	0.9983744042797409	0.15256257689545677
6041.3284179066095	0.004487759350662973	0.9961941150300004	0.9983752859754376	0.152544306980634
6041.551248346657	0.004488563752025666	0.9961954790229842	0.9983761673394563	0.1525260414284961
6041.774038855337	0.004489368202177986	0.9961968423654998	0.9983770483720106	0.1525077802374841
6041.996789444537	0.004490172701116842	0.9961982050579347	0.9983779290733145	0.15248952340604024
6042.219500126142	0.004490977248839146	0.996199567100675	0.998378809443581	0.15247127093260707
6042.442170912031	0.004491781845341807	0.9962009284941071	0.9983796894830237	0.15245302281562823
6042.664801814078	0.0044925864906217436	0.9962022892386175	0.9983805691918556	0.15243477905354777
6042.887392844151	0.004493391184675865	0.9962036493345909	0.9983814485702898	0.15241653964481083
6043.109944014115	0.0044941959275010875	0.9962050087824137	0.9983823276185387	0.152398304587863
6043.332455335827	0.004495000719094322	0.9962063675824706	0.9983832063368149	0.1523800738811507
6043.5549268211425	0.004495805559452487	0.9962077257351466	0.9983840847253316	0.15236184752312104
6043.777358481905	0.004496610448572492	0.9962090832408258	0.9983849627843	0.15234362551222194
6043.999750329964	0.004497415386451259	0.9962104400998932	0.9983858405139331	0.15232540784690213
6044.222102377158	0.004498220373085704	0.9962117963127326	0.9983867179144429	0.152307194525611
6044.444414635321	0.004499025408472743	0.9962131518797277	0.9983875949860409	0.15228898554679848
6044.666687116282	0.004499830492609295	0.9962145068012623	0.9983884717289391	0.15227078090891563
6044.888919831866	0.004500635625492275	0.9962158610777195	0.9983893481433492	0.1522525806104139
6045.111112793891	0.004501440807118608	0.9962172147094824	0.9983902242294829	0.15223438464974565
6045.333266014173	0.0045022460374852125	0.9962185676969337	0.9983910999875507	0.15221619302536388
6045.5553795045225	0.004503051316589008	0.9962199200404553	0.998391975417764	0.1521980057357224
6045.777453276743	0.0045038566444269125	0.9962212717404303	0.9983928505203342	0.1521798227792757
6045.999487342632	0.004504662020995851	0.9962226227972395	0.9983937252954714	0.15216164415447908
6046.221481713989	0.0045054674462927475	0.9962239732112657	0.9983945997433871	0.15214346985978833
6046.443436402602	0.004506272920314525	0.9962253229828892	0.9983954738642914	0.1521252998936604
6046.665351420257	0.004507078443058103	0.9962266721124917	0.9983963476583946	0.15210713425455255
6046.887226778733	0.004507884014520408	0.9962280206004536	0.9983972211259073	0.1520889729409231
6047.109062489808	0.004508689634698365	0.9962293684471557	0.9983980942670393	0.15207081595123073
6047.330858565249	0.004509495303588901	0.9962307156529786	0.9983989670820008	0.1520526632839353
6047.552615016825	0.004510301021188942	0.9962320622183016	0.9983998395710014	0.15203451493749695
6047.774331856293	0.00451110678749541	0.9962334081435045	0.9984007117342505	0.15201637091037687
6047.996009095417	0.004511912602505238	0.9962347534289674	0.9984015835719585	0.15199823120103692
6048.217646745943	0.004512718466215352	0.9962360980750692	0.998402455084334	0.15198009580793964
6048.439244819614	0.004513524378622678	0.9962374420821883	0.9984033262715862	0.15196196472954812
6048.660803328177	0.004514330339724152	0.9962387854507043	0.9984041971339247	0.1519438379643266
6048.882322283366	0.004515136349516695	0.9962401281809949	0.998405067671558	0.1519257155107396
6049.103801696914	0.004515942407997245	0.9962414702734382	0.998405937884695	0.15190759736725268
6049.325241580544	0.004516748515162727	0.9962428117284121	0.9984068077735437	0.1518894835323319
6049.546641945983	0.004517554671010076	0.9962441525462942	0.9984076773383134	0.15187137400444428
6049.768002804945	0.004518360875536222	0.9962454927274619	0.9984085465792119	0.15185326878205727
6049.989324169145	0.004519167128738101	0.9962468322722923	0.9984094154964477	0.15183516786363943
6050.210606050293	0.004519973430612649	0.9962481711811625	0.9984102840902292	0.1518170712476597
6050.431848460084	0.0045207797811567954	0.9962495094544485	0.9984111523607637	0.15179897893258792
6050.65305141022	0.0045215861803674755	0.9962508470925265	0.9984120203082587	0.15178089091689453
6050.874214912392	0.004522392628241624	0.996252184095773	0.9984128879329224	0.1517628071990509
6051.095338978291	0.004523199124776176	0.9962535204645626	0.9984137552349618	0.1517447277775288
6051.316423619601	0.0045240056699680726	0.9962548561992721	0.9984146222145848	0.1517266526508011
6051.537468848001	0.004524812263814249	0.9962561913002759	0.9984154888719979	0.1517085818173411
6051.758474675159	0.00452561890631164	0.9962575257679491	0.9984163552074082	0.15169051527562302
6051.979441112746	0.004526425597457186	0.9962588596026662	0.9984172212210226	0.15167245302412152
6052.200368172427	0.004527232337247829	0.9962601928048017	0.9984180869130482	0.15165439506131234
6052.421255865864	0.004528039125680505	0.9962615253747299	0.9984189522836912	0.15163634138567164
6052.6421042047095	0.004528845962752158	0.9962628573128243	0.9984198173331583	0.15161829199567653
6052.86291320061	0.004529652848459724	0.9962641886194586	0.9984206820616554	0.15160024688980464
6053.083682865214	0.004530459782800146	0.9962655192950063	0.9984215464693884	0.1515822060665345
6053.3044132101595	0.004531266765770368	0.9962668493398406	0.9984224105565642	0.1515641695243452
6053.5251042470845	0.004532073797367333	0.9962681787543337	0.9984232743233883	0.15154613726171676
6053.745755987617	0.004532880877587982	0.9962695075388586	0.998424137770066	0.15152810927712948
6053.966368443383	0.00453368800642926	0.9962708356937873	0.9984250008968031	0.15151008556906492
6054.186941626003	0.004534495183888112	0.9962721632194921	0.9984258637038049	0.151492066136005
6054.407475547094	0.004535302409961484	0.9962734901163446	0.998426726191277	0.15147405097643252
6054.627970218267	0.004536109684646319	0.9962748163847162	0.9984275883594244	0.15145604008883087
6054.848425651127	0.004536917007939564	0.9962761420249782	0.9984284502084518	0.15143803347168436
6055.068841857274	0.004537724379838166	0.9962774670375011	0.9984293117385639	0.15142003112347766
6055.28921884831	0.0045385318003390756	0.9962787914226564	0.9984301729499657	0.15140203304269653
6055.509556635828	0.004539339269439241	0.9962801151808143	0.9984310338428624	0.15138403922782728
6055.729855231409	0.004540146787135605	0.9962814383123445	0.9984318944174573	0.1513660496773569
6055.950114646637	0.004540954353425124	0.9962827608176171	0.9984327546739548	0.15134806438977302
6056.170334893093	0.004541761968304744	0.9962840826970023	0.9984336146125594	0.15133008336356427
6056.390515982349	0.004542569631771417	0.9962854039508686	0.9984344742334743	0.1513121065972196
6056.610657925973	0.004543377343822096	0.9962867245795861	0.9984353335369052	0.1512941340892293
6056.830760735524	0.00454418510445373	0.9962880445835226	0.9984361925230566	0.1512761658380837
6057.050824422565	0.004544992913663273	0.9962893639630477	0.9984370511921272	0.15125820184227404
6057.270848998651	0.004545800771447676	0.9962906827185288	0.9984379095443093	0.15124024210029122
6057.49083447533	0.004546608677803894	0.9962920008503345	0.9984387675797866	0.15122228661062678
6057.710780864146	0.004547416632728883	0.9962933183588328	0.9984396252987415	0.15120433537177272
6057.930688176637	0.004548224636219594	0.9962946352443911	0.9984404827013963	0.15118638838222445
6058.150556424337	0.004549032688272987	0.9962959515073764	0.9984413397879932	0.15116844564047965
6058.370385618783	0.004549840788886019	0.9962972671481563	0.9984421965587432	0.15115050714503445
6058.590175771495	0.004550648938055641	0.996298582167097	0.9984430530138377	0.15113257289438428
6058.809926893996	0.004551457135778813	0.9962998965645651	0.9984439091534772	0.15111464288702606
6059.029638997799	0.0045522653820524945	0.9963012103409274	0.9984447649778667	0.1510967171214576
6059.249312094416	0.004553073676873643	0.9963025234965494	0.9984456204872089	0.15107879559617737
6059.468946195355	0.004553882020239217	0.9963038360317968	0.9984464756817049	0.15106087830968437
6059.688541312121	0.00455469041214618	0.9963051479470357	0.9984473305615569	0.15104296526047845
6059.908097456205	0.004555498852591487	0.9963064592426308	0.9984481851269661	0.15102505644706007
6060.127614639098	0.0045563073415720995	0.9963077699189473	0.998449039378134	0.15100715186793043
6060.347092872292	0.004557115879084982	0.9963090799763495	0.998449893315262	0.15098925152159143
6060.566532167268	0.004557924465127095	0.9963103894152026	0.9984507469385517	0.15097135540654566
6060.785932535507	0.004558733099695404	0.9963116982358703	0.9984516002482038	0.15095346352129654
6061.005293988479	0.00455954178278687	0.9963130064387168	0.9984524532444197	0.150935575864348
6061.224616537654	0.0045603505143984565	0.9963143140241054	0.9984533059274	0.1509176924342048
6061.443900194493	0.004561159294527129	0.9963156209923995	0.9984541582973451	0.15089981322937232
6061.663144970462	0.004561968123169853	0.9963169273439632	0.9984550103544562	0.15088193824835677
6061.882350877012	0.004562777000323595	0.9963182330791585	0.998455862098933	0.150864067489665
6062.101517925591	0.00456358592598532	0.9963195381983482	0.9984567135309759	0.1508462009518044
6062.320646127642	0.004564394900151995	0.996320842701895	0.9984575646507854	0.15082833863328327
6062.539735494612	0.004565203922820589	0.996322146590161	0.998458415458561	0.1508104805326106
6062.758786037933	0.004566012993988069	0.9963234498635081	0.9984592659545029	0.15079262664829596
6062.9777977690355	0.004566822113651405	0.9963247525222978	0.9984601161388107	0.15077477697884975
6063.196770699349	0.004567631281807565	0.9963260545668915	0.9984609660116837	0.15075693152278286
6063.415704840292	0.004568440498453521	0.9963273559976503	0.9984618155733216	0.15073909027860713
6063.634600203281	0.00456924976358624	0.9963286568149352	0.9984626648239232	0.15072125324483499
6063.85345679973	0.004570059077202699	0.9963299570191073	0.9984635137636884	0.15070342041997958
6064.072274641047	0.004570868439299865	0.9963312566105261	0.9984643623928159	0.15068559180255467
6064.291053738635	0.0045716778498747146	0.9963325555895525	0.9984652107115043	0.15066776739107476
6064.50979410389	0.004572487308924216	0.9963338539565458	0.9984660587199525	0.15064994718405514
6064.728495748207	0.0045732968164453455	0.9963351517118658	0.9984669064183589	0.15063213118001173
6064.947158682974	0.004574106372435078	0.9963364488558717	0.9984677538069223	0.1506143193774611
6065.165782919577	0.004574915976890387	0.9963377453889231	0.9984686008858407	0.15059651177492056
6065.384368469396	0.004575725629808248	0.9963390413113783	0.9984694476553122	0.15057870837090806
6065.602915343806	0.004576535331185642	0.9963403366235967	0.9984702941155356	0.1505609091639425
6065.821423554172	0.004577345081019537	0.9963416313259362	0.9984711402667079	0.150543114152543
6066.039893111864	0.0045781548793069156	0.9963429254187545	0.9984719861090271	0.1505253233352299
6066.258324028244	0.004578964726044754	0.9963442189024097	0.9984728316426906	0.15050753671052378
6066.4767163146635	0.004579774621230032	0.9963455117772593	0.998473676867896	0.15048975427694622
6066.6950699824765	0.004580584564859727	0.9963468040436609	0.9984745217848409	0.15047197603301926
6066.913385043033	0.0045813945569308226	0.9963480957019721	0.9984753663937226	0.15045420197726594
6067.13166150767	0.004582204597440296	0.9963493867525489	0.9984762106947378	0.15043643210820964
6067.3498993877265	0.004583014686385128	0.9963506771957479	0.9984770546880832	0.15041866642437474
6067.568098694541	0.004583824823762299	0.9963519670319261	0.998477898373956	0.1504009049242861
6067.786259439436	0.004584635009568794	0.9963532562614393	0.9984787417525528	0.1503831476064694
6068.004381633735	0.004585445243801593	0.9963545448846433	0.9984795848240702	0.1503653944694508
6068.222465288758	0.00458625552645768	0.9963558329018933	0.9984804275887041	0.15034764551175747
6068.440510415819	0.004587065857534038	0.996357120313545	0.9984812700466509	0.15032990073191693
6068.658517026232	0.0045878762370276565	0.9963584071199536	0.9984821121981069	0.1503121601284578
6068.8764851313	0.004588686664935516	0.9963596933214743	0.9984829540432683	0.150294423699909
6069.0944147423215	0.004589497141254602	0.996360978918461	0.9984837955823306	0.15027669144480035
6069.3123058705905	0.004590307665981902	0.996362263911268	0.9984846368154893	0.15025896336166217
6069.530158527404	0.004591118239114402	0.9963635483002503	0.9984854777429403	0.15024123944902573
6069.747972724045	0.004591928860649092	0.9963648320857613	0.9984863183648789	0.15022351970542278
6069.965748471797	0.004592739530582957	0.9963661152681541	0.9984871586815001	0.1502058041293859
6070.183485781938	0.004593550248912987	0.9963673978477827	0.9984879986929994	0.15018809271944816
6070.401184665738	0.004594361015636171	0.9963686798249998	0.9984888383995717	0.15017038547414355
6070.618845134467	0.004595171830749499	0.9963699612001583	0.9984896778014118	0.15015268239200658
6070.836467199391	0.004595982694249962	0.9963712419736112	0.9984905168987146	0.15013498347157256
6071.054050871763	0.004596793606134551	0.9963725221457104	0.9984913556916745	0.15011728871137736
6071.271596162841	0.004597604566400256	0.9963738017168083	0.9984921941804861	0.15009959810995765
6071.489103083876	0.004598415575044069	0.9963750806872568	0.9984930323653437	0.15008191166585066
6071.706571646113	0.004599226632062982	0.996376359057407	0.9984938702464412	0.15006422937759445
6071.92400186079	0.004600037737453994	0.9963776368276112	0.9984947078239729	0.15004655124372765
6072.141393739144	0.004600848891214096	0.99637891399822	0.9984955450981332	0.15002887726278968
6072.358747292407	0.004601660093340281	0.9963801905695843	0.9984963820691152	0.1500112074333205
6072.576062531807	0.004602471343829545	0.9963814665420546	0.9984972187371125	0.14999354175386087
6072.793339468566	0.004603282642678884	0.9963827419159818	0.9984980551023194	0.1499758802229522
6073.010578113899	0.004604093989885294	0.9963840166917153	0.998498891164928	0.14995822283913654
6073.22777847902	0.004604905385445773	0.9963852908696058	0.9984997269251328	0.1499405696009566
6073.444940575141	0.004605716829357319	0.9963865644500026	0.9985005623831267	0.14992292050695594
6073.662064413459	0.004606528321616927	0.9963878374332549	0.9985013975391019	0.14990527555567848
6073.8791500051775	0.004607339862221598	0.996389109819712	0.9985022323932516	0.1498876347456692
6074.096197361492	0.0046081514511683306	0.9963903816097228	0.9985030669457686	0.1498699980754736
6074.313206493594	0.004608963088454128	0.9963916528036366	0.998503901196846	0.14985236554363784
6074.530177412669	0.004609774774075988	0.9963929234018016	0.998504735146676	0.14983473714870868
6074.747110129895	0.004610586508030912	0.9963941934045657	0.9985055687954506	0.1498171128892336
6074.964004656447	0.0046113982903159	0.9963954628122765	0.9985064021433615	0.14979949276376084
6075.180861003499	0.004612210120927954	0.9963967316252821	0.9985072351906015	0.1497818767708393
6075.397679182221	0.004613021999864081	0.9963979998439301	0.9985080679373624	0.14976426490901845
6075.614459203773	0.004613833927121283	0.9963992674685678	0.9985089003838359	0.14974665717684854
6075.831201079315	0.004614645902696563	0.9964005344995419	0.9985097325302137	0.1497290535728806
6076.0479048199995	0.004615457926586926	0.9964018009371991	0.9985105643766868	0.1497114540956661
6076.264570436976	0.004616269998789378	0.9964030667818863	0.9985113959234471	0.14969385874375724
6076.481197941387	0.004617082119300921	0.9964043320339491	0.9985122271706858	0.1496762675157069
6076.6977873443775	0.004617894288118566	0.9964055966937342	0.9985130581185939	0.14965868041006886
6076.914338657078	0.004618706505239317	0.9964068607615866	0.9985138887673621	0.1496410974253973
6077.130851890622	0.004619518770660184	0.9964081242378524	0.9985147191171818	0.1496235185602472
6077.347327056137	0.004620331084378177	0.9964093871228774	0.9985155491682437	0.14960594381317416
6077.563764164742	0.004621143446390301	0.9964106494170055	0.9985163789207379	0.14958837318273444
6077.780163227559	0.004621955856693565	0.9964119111205822	0.998517208374855	0.14957080666748507
6077.996524255695	0.0046227683152849815	0.9964131722339519	0.9985180375307853	0.1495532442659836
6078.212847260263	0.00462358082216156	0.9964144327574591	0.9985188663887192	0.1495356859767884
6078.429132252364	0.004624393377320311	0.9964156926914476	0.9985196949488465	0.1495181317984585
6078.645379243098	0.004625205980758248	0.9964169520362613	0.9985205232113572	0.14950058172955344
6078.861588243561	0.004626018632472383	0.9964182107922439	0.9985213511764411	0.14948303576863362
6079.077759264839	0.004626831332459725	0.9964194689597382	0.9985221788442874	0.14946549391425995
6079.293892318028	0.004627644080717295	0.9964207265390886	0.9985230062150866	0.14944795616499423
6079.509987414201	0.004628456877242102	0.9964219835306372	0.9985238332890278	0.14943042251939867
6079.726044564436	0.004629269722031162	0.9964232399347268	0.9985246600663001	0.14941289297603644
6079.942063779803	0.004630082615081488	0.9964244957516994	0.9985254865470923	0.14939536753347096
6080.158045071373	0.004630895556390097	0.9964257509818969	0.9985263127315933	0.1493778461902667
6080.373988450208	0.004631708545954008	0.9964270056256622	0.9985271386199925	0.14936032894498863
6080.589893927368	0.004632521583770235	0.9964282596833367	0.9985279642124785	0.14934281579620254
6080.805761513904	0.0046333346698357964	0.9964295131552616	0.9985287895092394	0.14932530674247463
6081.021591220866	0.0046341478041477075	0.996430766041778	0.9985296145104641	0.14930780178237202
6081.237383059306	0.004634960986702995	0.9964320183432274	0.9985304392163413	0.14929030091446224
6081.453137040261	0.004635774217498674	0.9964332700599503	0.9985312636270592	0.14927280413731386
6081.668853174767	0.004636587496531765	0.9964345211922876	0.9985320877428053	0.14925531144949564
6081.88453147385	0.004637400823799282	0.9964357717405783	0.9985329115637673	0.1492378228495773
6082.100171948545	0.004638214199298255	0.9964370217051637	0.9985337350901337	0.14922033833612927
6082.3157746098705	0.004639027623025703	0.996438271086383	0.998534558322092	0.14920285790772256
6082.531339468848	0.004639841094978648	0.996439519884576	0.9985353812598304	0.14918538156292874
6082.746866536489	0.004640654615154113	0.996440768100082	0.998536203903535	0.14916790930032017
6082.962355823803	0.00464146818354912	0.9964420157332398	0.998537026253394	0.1491504411184698
6083.177807341794	0.004642281800160693	0.9964432627843882	0.998537848309594	0.14913297701595138
6083.393221101464	0.004643095464985857	0.996444509253866	0.9985386700723223	0.14911551699133901
6083.608597113811	0.004643909178021641	0.996445755142012	0.9985394915417661	0.14909806104320797
6083.8239353898225	0.004644722939265065	0.9964470004491638	0.9985403127181123	0.14908060917013374
6084.03923594049	0.00464553674871316	0.9964482451756597	0.9985411336015473	0.14906316137069278
6084.254498776791	0.004646350606362948	0.9964494893218366	0.9985419541922571	0.1490457176434617
6084.469723909704	0.004647164512211462	0.9964507328880327	0.9985427744904282	0.14902827798701837
6084.684911350207	0.004647978466255727	0.9964519758745847	0.9985435944962474	0.149010842399941
6084.900061109268	0.004648792468492774	0.9964532182818302	0.9985444142099009	0.1489934108808087
6085.115173197851	0.004649606518919632	0.9964544601101054	0.9985452336315745	0.14897598342820084
6085.330247626914	0.00465042061753333	0.9964557013597473	0.9985460527614541	0.1489585600406978
6085.545284407416	0.004651234764330896	0.9964569420310915	0.9985468715997253	0.14894114071688047
6085.760283550301	0.004652048959309359	0.9964581821244737	0.9985476901465731	0.14892372545533034
6085.975245066526	0.0046528632024657604	0.996459421640231	0.9985485084021845	0.1489063142546298
6086.19016896703	0.004653677493797125	0.996460660578698	0.9985493263667439	0.1488889071133617
6086.40505526275	0.004654491833300489	0.9964618989402103	0.9985501440404365	0.14887150403010954
6086.619903964619	0.004655306220972882	0.9964631367251032	0.9985509614234476	0.14885410500345758
6086.834715083568	0.004656120656811339	0.9964643739337109	0.9985517785159618	0.1488367100319906
6087.04948863052	0.004656935140812897	0.9964656105663686	0.9985525953181646	0.14881931911429416
6087.264224616399	0.004657749672974591	0.9964668466234107	0.9985534118302406	0.1488019322489545
6087.4789230521155	0.0046585642532934535	0.9964680821051711	0.998554228052374	0.14878454943455838
6087.693583948585	0.004659378881766524	0.9964693170119838	0.9985550439847496	0.14876717066969333
6087.908207316711	0.004660193558390836	0.9964705513441826	0.9985558596275514	0.14874979595294738
6088.122793167402	0.0046610082831634305	0.996471785102101	0.9985566749809643	0.14873242528290948
6088.337341511551	0.0046618230560813425	0.996473018286072	0.9985574900451719	0.14871505865816892
6088.551852360055	0.0046626378771416135	0.9964742508964287	0.998558304820358	0.14869769607731595
6088.7663257238	0.004663452746341281	0.9964754829335037	0.9985591193067063	0.14868033753894117
6088.980761613672	0.004664267663677383	0.9964767143976297	0.9985599335044009	0.14866298304163614
6089.195160040555	0.004665082629146964	0.9964779452891397	0.9985607474136257	0.14864563258399283
6089.409521015319	0.004665897642747062	0.9964791756083647	0.9985615610345635	0.14862828616460397
6089.623844548842	0.004666712704474718	0.9964804053556369	0.9985623743673979	0.1486109437820628
6089.838130651985	0.004667527814326975	0.9964816345312879	0.9985631874123123	0.1485936054349635
6090.0523793356215	0.004668342972300878	0.9964828631356497	0.9985640001694897	0.14857627112190072
6090.266590610601	0.004669158178393466	0.9964840911690528	0.9985648126391128	0.14855894084146978
6090.480764487778	0.004669973432601787	0.9964853186318282	0.9985656248213644	0.14854161459226647
6090.694900978005	0.00467078873492288	0.9964865455243065	0.9985664367164272	0.14852429237288758
6090.909000092124	0.004671604085353794	0.9964877718468182	0.9985672483244837	0.14850697418193032
6091.123061840982	0.004672419483891573	0.9964889975996938	0.9985680596457168	0.1484896600179926
6091.337086235412	0.004673234930533264	0.9964902227832634	0.9985688706803084	0.14847234987967292
6091.551073286248	0.004674050425275913	0.9964914473978564	0.9985696814284408	0.14845504376557062
6091.765023004313	0.004674865968116569	0.9964926714438026	0.9985704918902966	0.14843774167428536
6091.978935400435	0.004675681559052279	0.9964938949214313	0.9985713020660573	0.14842044360441792
6092.192810485434	0.004676497198080091	0.9964951178310716	0.9985721119559045	0.14840314955456918
6092.40664827012	0.00467731288519705	0.9964963401730519	0.9985729215600195	0.1483858595233411
6092.620448765306	0.004678128620400209	0.9964975619477014	0.9985737308785847	0.148368573509336
6092.834211981796	0.004678944403686618	0.996498783155348	0.998574539911781	0.14835129151115706
6093.047937930396	0.004679760235053331	0.9965000037963206	0.9985753486597901	0.1483340135274079
6093.261626621903	0.004680576114497399	0.9965012238709472	0.9985761571227936	0.14831673955669317
6093.475278067104	0.004681392042015868	0.9965024433795546	0.9985769653009714	0.14829946959761758
6093.688892276793	0.004682208017605793	0.9965036623224708	0.998577773194505	0.14828220364878694
6093.902469261753	0.004683024041264227	0.9965048807000236	0.9985785808035754	0.14826494170880752
6094.116009032762	0.0046838401129882246	0.9965060985125392	0.9985793881283633	0.14824768377628633
6094.3295116005975	0.00468465623277484	0.9965073157603449	0.9985801951690502	0.148230429849831
6094.54297697603	0.004685472400621128	0.9965085324437672	0.9985810019258144	0.1482131799280497
6094.756405169824	0.004686288616524142	0.9965097485631322	0.9985818083988337	0.14819593400955103
6094.969796192744	0.004687104880480938	0.9965109641187667	0.9985826145882941	0.14817869209294496
6095.183150055548	0.004687921192488575	0.996512179110996	0.9985834204943861	0.1481614541768424
6095.3964667689925	0.0046887375525441095	0.9965133935401459	0.9985842261172724	0.14814422025985297
6095.609746343823	0.004689553960644596	0.9965146074065422	0.9985850314570879	0.14812699034058482
6095.822988790784	0.004690370416787095	0.9965158207105095	0.9985858365140088	0.14810976441764992
6096.0361941206165	0.004691186920968666	0.9965170334523733	0.9985866412882564	0.14809254248966391
6096.24936234406	0.004692003473186368	0.9965182456324586	0.9985874457800323	0.14807532455524175
6096.462493471844	0.004692820073437258	0.9965194572510895	0.998588249989509	0.1480581106129969
6096.6755875147	0.0046936367217184005	0.9965206683085911	0.998589053916862	0.14804090066154385
6096.888644483349	0.004694453418026854	0.9965218788052866	0.9985898575622717	0.148023694699498
6097.101664388504	0.004695270162359678	0.9965230887415001	0.9985906609259178	0.14800649272547511
6097.314647240887	0.004696086954713939	0.9965242981175554	0.998591464007979	0.14798929473809197
6097.527593051211	0.0046969037950867	0.9965255069337763	0.9985922668086343	0.14797210073596576
6097.7405018301715	0.00469772068347502	0.9965267151904856	0.9985930693280615	0.14795491071771422
6097.95337358848	0.0046985376198759666	0.9965279228880062	0.9985938715664395	0.1479377246819558
6098.166208336827	0.0046993546042866	0.9965291300266609	0.9985946735239466	0.14792054262730972
6098.379006085913	0.004700171636703989	0.9965303366067728	0.9985954752007608	0.14790336455239564
6098.591766846423	0.0047009887171252	0.9965315426286642	0.9985962765970606	0.14788619045583407
6098.80449062904	0.004701805845547295	0.9965327480926565	0.9985970777130233	0.14786902033624583
6099.017177444445	0.004702623021967345	0.9965339529990719	0.9985978785488272	0.14785185419225275
6099.229827303315	0.004703440246382416	0.9965351573482324	0.9985986791046499	0.147834692022477
6099.44244021632	0.004704257518789573	0.996536361140459	0.9985994793806688	0.14781753382554164
6099.6550161941295	0.004705074839185885	0.9965375643760729	0.9986002793770618	0.14780037960007011
6099.867555247405	0.004705892207568422	0.9965387670553952	0.9986010790940056	0.14778322934468663
6100.080057386808	0.004706709623934257	0.9965399691787474	0.998601878531678	0.14776608305801603
6100.29252262299	0.004707527088280455	0.9965411707464491	0.9986026776902557	0.1477489407386838
6100.504950966601	0.0047083446006040905	0.9965423717588212	0.9986034765699161	0.14773180238531597
6100.717342428286	0.0047091621609022345	0.9965435722161833	0.9986042751708358	0.14771466799653932
6100.9296970186915	0.004709979769171955	0.9965447721188553	0.9986050734931912	0.14769753757098114
6101.142014748451	0.004710797425410324	0.9965459714671576	0.9986058715371593	0.14768041110726948
6101.3542956282	0.0047116151296144205	0.9965471702614092	0.9986066693029169	0.14766328860403294
6101.566539668562	0.004712432881781314	0.9965483685019292	0.9986074667906398	0.1476461700599008
6101.778746880165	0.004713250681908078	0.9965495661890368	0.9986082640005043	0.14762905547350283
6101.99091727363	0.004714068529991788	0.9965507633230507	0.9986090609326866	0.14761194484346962
6102.203050859572	0.004714886426029523	0.9965519599042894	0.9986098575873631	0.1475948381684323
6102.415147648605	0.004715704370018354	0.9965531559330715	0.9986106539647093	0.14757773544702268
6102.627207651335	0.0047165223619553606	0.996554351409715	0.9986114500649014	0.1475606366778731
6102.8392308783605	0.004717340401837614	0.9965555463345377	0.9986122458881143	0.14754354185961657
6103.051217340286	0.004718158489662197	0.9965567407078576	0.9986130414345239	0.14752645099088685
6103.263167047703	0.004718976625426186	0.9965579345299919	0.9986138367043056	0.14750936407031806
6103.475080011204	0.004719794809126662	0.9965591278012581	0.9986146316976349	0.14749228109654522
6103.686956241374	0.0047206130407607	0.9965603205219726	0.9986154264146867	0.14747520206820383
6103.898795748794	0.004721431320325382	0.9965615126924531	0.9986162208556363	0.14745812698393015
6104.110598544044	0.004722249647817787	0.9965627043130153	0.9986170150206578	0.1474410558423608
6104.322364637696	0.004723068023235	0.9965638953839769	0.9986178089099271	0.1474239886421334
6104.534094040318	0.004723886446574096	0.9965650859056524	0.9986186025236184	0.14740692538188577
6104.745786762477	0.0047247049178321615	0.9965662758783591	0.9986193958619065	0.14738986606025672
6104.957442814733	0.004725523437006279	0.9965674653024121	0.9986201889249656	0.14737281067588548
6105.169062207643	0.004726342004093532	0.9965686541781273	0.9986209817129702	0.1473557592274121
6105.380644951757	0.004727160619091	0.9965698425058197	0.9986217742260941	0.14733871171347687
6105.592191057622	0.004727979281995771	0.9965710302858043	0.9986225664645119	0.14732166813272118
6105.803700535783	0.004728797992804928	0.9965722175183956	0.9986233584283969	0.14730462848378667
6106.0151733967805	0.004729616751515559	0.9965734042039089	0.9986241501179237	0.1472875927653159
6106.226609651149	0.004730435558124745	0.9965745903426585	0.9986249415332658	0.1472705609759518
6106.43800930942	0.004731254412629577	0.9965757759349589	0.9986257326745971	0.1472535331143381
6106.64937238212	0.004732073315027142	0.9965769609811237	0.9986265235420906	0.14723650917911904
6106.860698879769	0.0047328922653145245	0.9965781454814663	0.9986273141359193	0.1472194891689395
6107.071988812891	0.004733711263488816	0.9965793294363011	0.9986281044562575	0.14720247308244502
6107.283242191995	0.004734530309547102	0.9965805128459408	0.998628894503278	0.14718546091828177
6107.494459027594	0.004735349403486475	0.9965816957106991	0.9986296842771534	0.14716845267509646
6107.705639330189	0.004736168545304024	0.9965828780308882	0.9986304737780568	0.1471514483515365
6107.916783110287	0.0047369877349968375	0.9965840598068214	0.9986312630061611	0.14713444794624994
6108.1278903783805	0.004737806972562009	0.996585241038811	0.998632051961639	0.14711745145788535
6108.338961144967	0.004738626257996629	0.9965864217271694	0.9986328406446634	0.1471004588850921
6108.549995420532	0.0047394455912977895	0.9965876018722084	0.9986336290554059	0.1470834702265199
6108.760993215561	0.004740264972462582	0.9965887814742399	0.9986344171940391	0.1470664854808193
6108.971954540533	0.004741084401488101	0.996589960533576	0.9986352050607353	0.1470495046466413
6109.1828794059265	0.00474190387837144	0.9965911390505272	0.9986359926556666	0.14703252772263778
6109.393767822214	0.004742723403109694	0.9965923170254053	0.9986367799790052	0.14701555470746103
6109.604619799864	0.004743542975699961	0.9965934944585216	0.998637567030923	0.14699858559976403
6109.815435349334	0.004744362596139332	0.9965946713501861	0.9986383538115914	0.14698162039820023
6110.026214481088	0.004745182264424902	0.9965958477007097	0.9986391403211816	0.1469646591014239
6110.23695720558	0.004746001980553768	0.9965970235104028	0.9986399265598656	0.1469477017080898
6110.447663533266	0.004746821744523031	0.996598198779576	0.998640712527815	0.14693074821685348
6110.658333474586	0.004747641556329787	0.9965993735085388	0.9986414982252012	0.14691379862637086
6110.868967039983	0.004748461415971134	0.9966005476976002	0.9986422836521944	0.1468968529352986
6111.079564239897	0.004749281323444169	0.9966017213470707	0.9986430688089661	0.1468799111422939
6111.290125084765	0.004750101278745994	0.9966028944572595	0.9986438536956874	0.14686297324601486
6111.5006495850175	0.0047509212818737075	0.9966040670284747	0.998644638312529	0.14684603924511969
6111.71113775108	0.004751741332824412	0.9966052390610265	0.9986454226596622	0.14682910913826774
6111.9215895933685	0.0047525614315952055	0.9966064105552227	0.9986462067372562	0.1468121829241186
6112.132005122303	0.004753381578183192	0.996607581511372	0.9986469905454823	0.14679526060133263
6112.342384348302	0.004754201772585472	0.9966087519297828	0.998647774084511	0.1467783421685708
6112.55272728177	0.004755022014799149	0.9966099218107627	0.998648557354512	0.14676142762449465
6112.763033933113	0.004755842304821328	0.9966110911546198	0.9986493403556553	0.14674451696776633
6112.973304312731	0.0047566626426491085	0.9966122599616615	0.9986501230881116	0.14672761019704872
6113.183538431023	0.004757483028279599	0.9966134282321951	0.9986509055520503	0.1467107073110051
6113.393736298381	0.004758303461709904	0.9966145959665282	0.9986516877476412	0.14669380830829953
6113.603897925195	0.004759123942937127	0.9966157631649675	0.9986524696750542	0.14667691318759657
6113.814023321845	0.004759944471958375	0.9966169298278196	0.998653251334458	0.14666002194756153
6114.024112498715	0.004760765048770756	0.9966180959553914	0.9986540327260228	0.14664313458686018
6114.234165466177	0.004761585673371374	0.996619261547989	0.9986548138499178	0.14662625110415903
6114.44418223461	0.0047624063457573414	0.9966204266059187	0.9986555947063122	0.14660937149812509
6114.654162814378	0.004763227065925762	0.9966215911294863	0.998656375295375	0.14659249576742606
6114.864107215844	0.004764047833873747	0.9966227551189972	0.998657155617275	0.14657562391073017
6115.074015449363	0.004764868649598403	0.996623918574757	0.9986579356721804	0.14655875592670625
6115.283887525299	0.004765689513096844	0.9966250814970714	0.9986587154602614	0.14654189181402394
6115.4937234539975	0.004766510424366178	0.9966262438862453	0.9986594949816856	0.14652503157135321
6115.703523245806	0.004767331383403516	0.9966274057425833	0.9986602742366213	0.14650817519736484
6115.91328691107	0.004768152390205973	0.9966285670663904	0.9986610532252376	0.14649132269073006
6116.123014460125	0.004768973444770656	0.9966297278579705	0.9986618319477021	0.14647447405012085
6116.332705903309	0.004769794547094682	0.9966308881176288	0.9986626104041838	0.1464576292742097
6116.5423612509485	0.004770615697175162	0.9966320478456683	0.9986633885948497	0.14644078836166977
6116.751980513377	0.004771436895009212	0.9966332070423937	0.9986641665198688	0.14642395131117478
6116.961563700912	0.004772258140593944	0.9966343657081077	0.9986649441794078	0.14640711812139906
6117.17111082387	0.0047730794339264715	0.9966355238431142	0.9986657215736348	0.14639028879101745
6117.3806218925665	0.0047739007750039145	0.9966366814477164	0.9986664987027177	0.14637346331870574
6117.5900969173135	0.004774722163823386	0.9966378385222177	0.9986672755668234	0.14635664170313986
6117.799535908414	0.004775543600382003	0.9966389950669203	0.9986680521661199	0.14633982394299677
6118.0089388761735	0.004776365084676882	0.996640151082127	0.9986688285007741	0.14632301003695367
6118.218305830884	0.004777186616705142	0.9966413065681397	0.9986696045709529	0.14630619998368852
6118.4276367828425	0.004778008196463901	0.9966424615252614	0.9986703803768235	0.14628939378187994
6118.636931742338	0.004778829823950279	0.9966436159537934	0.998671155918553	0.1462725914302071
6118.846190719655	0.004779651499161393	0.9966447698540377	0.9986719311963078	0.14625579292734975
6119.055413725078	0.004780473222094367	0.9966459232262963	0.9986727062102551	0.14623899827198827
6119.264600768882	0.004781294992746315	0.9966470760708696	0.9986734809605605	0.14622220746280362
6119.473751861339	0.004782116811114361	0.9966482283880594	0.9986742554473915	0.14620542049847746
6119.682867012719	0.004782938677195628	0.9966493801781663	0.998675029670914	0.1461886373776918
6119.891946233285	0.004783760590987239	0.9966505314414916	0.9986758036312942	0.14617185809912958
6120.1009895333	0.004784582552486313	0.9966516821783349	0.9986765773286976	0.14615508266147406
6120.309996923022	0.004785404561689975	0.9966528323889973	0.9986773507632912	0.14613831106340922
6120.518968412696	0.004786226618595347	0.9966539820737781	0.99867812393524	0.14612154330361968
6120.727904012578	0.004787048723199556	0.9966551312329781	0.9986788968447106	0.1461047793807906
6120.93680373291	0.004787870875499727	0.9966562798668965	0.9986796694918683	0.1460880192936078
6121.145667583935	0.0047886930754929835	0.996657427975833	0.9986804418768784	0.14607126304075752
6121.354495575885	0.004789515323176453	0.9966585755600864	0.9986812139999064	0.1460545106209268
6121.5632877189955	0.004790337618547262	0.9966597226199565	0.9986819858611179	0.14603776203280322
6121.772044023492	0.004791159961602535	0.9966608691557418	0.9986827574606778	0.14602101727507497
6121.980764499598	0.004791982352339403	0.9966620151677411	0.9986835287987513	0.14600427634643068
6122.189449157536	0.0047928047907549905	0.9966631606562527	0.9986842998755033	0.14598753924555988
6122.398098007522	0.004793627276846429	0.996664305621575	0.9986850706910989	0.1459708059711524
6122.606711059768	0.0047944498106108485	0.996665450064006	0.9986858412457029	0.14595407652189882
6122.8152883244775	0.004795272392045375	0.9966665939838436	0.9986866115394792	0.14593735089649024
6123.023829811857	0.004796095021147142	0.9966677373813853	0.9986873815725935	0.14592062909361847
6123.232335532109	0.0047969176979132805	0.9966688802569288	0.9986881513452094	0.14590391111197584
6123.440805495425	0.004797740422340921	0.9966700226107712	0.998688920857491	0.14588719695025532
6123.649239711999	0.004798563194427194	0.9966711644432098	0.9986896901096033	0.1458704866071503
6123.857638192018	0.004799386014169235	0.9966723057545417	0.9986904591017102	0.14585378008135497
6124.066000945663	0.0048002088815641735	0.9966734465450622	0.9986912278339748	0.14583707737156393
6124.274327983116	0.004801031796609147	0.9966745868150688	0.9986919963065619	0.14582037847647264
6124.48261931455	0.004801854759301285	0.9966757265648575	0.9986927645196347	0.1458036833947769
6124.69087495014	0.004802677769637727	0.9966768657947247	0.9986935324733576	0.1457869921251733
6124.899094900048	0.004803500827615605	0.9966780045049659	0.9986943001678935	0.14577030466635882
6125.107279174444	0.004804323933232059	0.9966791426958769	0.9986950676034061	0.14575362101703113
6125.315427783479	0.004805147086484219	0.9966802803677526	0.9986958347800581	0.1457369411758885
6125.523540737318	0.004805970287369229	0.9966814175208891	0.9986966016980134	0.1457202651416299
6125.731618046105	0.004806793535884221	0.996682554155581	0.9986973683574348	0.14570359291295465
6125.939659719988	0.004807616832026334	0.9966836902721232	0.9986981347584859	0.14568692448856285
6126.14766576911	0.004808440175792708	0.9966848258708099	0.9986989009013283	0.1456702598671551
6126.355636203613	0.00480926356718048	0.996685960951936	0.9986996667861258	0.14565359904743255
6126.563571033628	0.004810087006186792	0.9966870955157956	0.9987004324130405	0.1456369420280971
6126.77147026929	0.004810910492808784	0.996688229562683	0.9987011977822352	0.14562028880785108
6126.979333920721	0.004811734027043595	0.9966893630928914	0.9987019628938723	0.14560363938539753
6127.18716199805	0.004812557608888368	0.9966904961067153	0.9987027277481145	0.14558699375944004
6127.394954511393	0.004813381238340244	0.9966916286044477	0.9987034923451236	0.14557035192868278
6127.602711470862	0.0048142049153963645	0.9966927605863811	0.9987042566850612	0.1455537138918303
6127.81043288657	0.004815028640053873	0.9966938920528094	0.9987050207680899	0.14553707964758814
6128.018118768624	0.004815852412309912	0.9966950230040252	0.9987057845943713	0.14552044919466212
6128.225769127129	0.004816676232161627	0.9966961534403218	0.9987065481640678	0.14550382253175886
6128.433383972179	0.004817500099606164	0.9966972833619905	0.9987073114773404	0.14548719965758533
6128.640963313875	0.004818324014640665	0.9966984127693239	0.9987080745343512	0.14547058057084936
6128.848507162307	0.004819147977262274	0.9966995416626142	0.9987088373352604	0.14545396527025903
6129.056015527559	0.004819971987468141	0.9967006700421535	0.9987095998802308	0.14543735375452332
6129.263488419692	0.004820796045255414	0.9967017979082332	0.9987103621694233	0.1454207460223517
6129.470925848813	0.004821620150621238	0.9967029252611449	0.998711124202999	0.1454041420724541
6129.678327825068	0.004822444303562759	0.9967040521011791	0.9987118859811182	0.14538754190354117
6129.885694358461	0.004823268504077126	0.9967051784286272	0.9987126475039423	0.14537094551432403
6130.093025458768	0.00482409275216149	0.9967063042437806	0.9987134087716322	0.1453543529035145
6130.300321136221	0.004824917047812999	0.9967074295469298	0.9987141697843485	0.14533776406982502
6130.507581401927	0.004825741391028803	0.9967085543383649	0.9987149305422516	0.1453211790119685
6130.714806265694	0.004826565781806052	0.9967096786183763	0.9987156910455024	0.14530459772865842
6130.921995733797	0.004827390220141899	0.9967108023872541	0.998716451294261	0.14528802021860898
6131.129149814168	0.004828214706033493	0.996711925645288	0.9987172112886874	0.14527144648053467
6131.336268522118	0.004829039239477985	0.9967130483927678	0.998717971028942	0.14525487651315097
6131.543351872858	0.00482986382047253	0.9967141706299829	0.9987187305151846	0.1452383103151736
6131.750399874193	0.004830688449014282	0.9967152923572226	0.9987194897475753	0.14522174788531908
6131.957412532418	0.004831513125100395	0.9967164135747762	0.9987202487262747	0.1452051892223044
6132.1643898573675	0.004832337848728022	0.996717534282932	0.9987210074514412	0.1451886343248472
6132.371331860112	0.004833162619894316	0.9967186544819793	0.9987217659232339	0.1451720831916654
6132.578238550817	0.004833987438596435	0.9967197741722065	0.9987225241418144	0.14515553582147817
6132.785109939214	0.004834812304831534	0.9967208933539015	0.9987232821073453	0.14513899221300494
6132.991946035243	0.00483563721859677	0.996722012027353	0.9987240398199785	0.1451224523649651
6133.198746848987	0.004836462179889297	0.996723130192848	0.998724797279859	0.14510591627607802
6133.405512390479	0.004837287188706276	0.9967242478506751	0.9987255544871403	0.14508938394506446
6133.612242669694	0.0048381122450448615	0.9967253650011212	0.9987263114419818	0.14507285537064607
6133.818937696623	0.004838937348902218	0.9967264816444741	0.9987270681445504	0.1450563305515457
6134.025597481261	0.0048397625002755	0.9967275977810207	0.9987278245950177	0.14503980948648718
6134.2322220335955	0.004840587699161868	0.996728713411048	0.9987285807935501	0.14502329217419427
6134.438811363613	0.004841412945558482	0.9967298285348424	0.9987293367403025	0.14500677861339084
6134.6453654812885	0.004842238239462502	0.9967309431526905	0.9987300924354311	0.14499026880280116
6134.851884396602	0.004843063580871091	0.996732057264879	0.9987308478790952	0.1449737627411505
6135.058368119526	0.00484388896978141	0.9967331708716942	0.998731603071454	0.14495726042716456
6135.264816660021	0.004844714406190619	0.9967342839734215	0.9987323580126646	0.14494076185956958
6135.471230028054	0.004845539890095886	0.9967353965703466	0.998733112702885	0.14492426703709235
6135.677608233587	0.004846365421494371	0.9967365086627558	0.9987338671422734	0.14490777595846038
6135.883951286576	0.004847191000383239	0.9967376202509342	0.9987346213309878	0.1448912886224016
6136.090259196972	0.004848016626759654	0.9967387313351666	0.9987353752691854	0.14487480502764463
6136.296531974724	0.004848842300620779	0.9967398419157382	0.9987361289570238	0.14485832517291852
6136.502769629774	0.004849668021963782	0.9967409519929338	0.9987368823946609	0.14484184905695308
6136.708972172065	0.004850493790785831	0.9967420615670382	0.9987376355822537	0.14482537667847853
6136.915139611528	0.004851319607084089	0.9967431706383351	0.9987383885199588	0.1448089080362257
6137.1212719581	0.004852145470855724	0.9967442792071093	0.9987391412079344	0.14479244312892603
6137.327369221708	0.004852971382097901	0.9967453872736449	0.9987398936463369	0.14477598195531163
6137.53343141228	0.004853797340807795	0.9967464948382259	0.9987406458353237	0.144759524514115
6137.739458539735	0.004854623346982571	0.9967476019011359	0.9987413977750514	0.14474307080406937
6137.945450613986	0.004855449400619399	0.9967487084626576	0.9987421494656765	0.14472662082390833
6138.151407644948	0.004856275501715445	0.9967498145230747	0.9987429009073555	0.14471017457236618
6138.357329642529	0.004857101650267884	0.99675092008267	0.9987436521002451	0.14469373204817784
6138.563216616635	0.004857927846273887	0.9967520251417271	0.998744403044502	0.14467729325007875
6138.769068577168	0.004858754089730621	0.9967531297005282	0.998745153740282	0.1446608581768049
6138.974885534022	0.004859580380635261	0.9967542337593557	0.9987459041877416	0.1446444268270928
6139.180667497096	0.004860406718984981	0.9967553373184926	0.998746654387037	0.14462799919967972
6139.386414476271	0.00486123310477695	0.9967564403782199	0.9987474043383235	0.1446115752933033
6139.592126481442	0.004862059538008348	0.9967575429388206	0.9987481540417581	0.14459515510670193
6139.797803522485	0.004862886018676342	0.9967586450005756	0.9987489034974957	0.14457873863861417
6140.00344560928	0.004863712546778112	0.9967597465637672	0.9987496527056923	0.1445623258877797
6140.209052751697	0.004864539122310827	0.9967608476286758	0.9987504016665029	0.1445459168529384
6140.414624959607	0.004865365745271668	0.9967619481955833	0.9987511503800837	0.14452951153283095
6140.620162242878	0.0048661924156578095	0.9967630482647704	0.9987518988465893	0.14451310992619826
6140.825664611373	0.004867019133466431	0.9967641478365183	0.9987526470661761	0.1444967120317822
6141.031132074949	0.004867845898694705	0.9967652469111069	0.9987533950389982	0.14448031784832488
6141.236564643458	0.004868672711339811	0.9967663454888169	0.9987541427652109	0.14446392737456928
6141.441962326752	0.004869499571398929	0.9967674435699284	0.9987548902449692	0.14444754060925866
6141.647325134675	0.004870326478869234	0.9967685411547214	0.9987556374784277	0.14443115755113697
6141.852653077076	0.004871153433747911	0.9967696382434762	0.9987563844657416	0.14441477819894882
6142.057946163791	0.004871980436032136	0.9967707348364722	0.9987571312070652	0.14439840255143924
6142.263204404653	0.004872807485719091	0.9967718309339886	0.9987578777025532	0.1443820306073539
6142.468427809493	0.004873634582805954	0.9967729265363047	0.9987586239523597	0.14436566236543893
6142.673616388141	0.004874461727289911	0.9967740216436999	0.9987593699566396	0.14434929782444128
6142.87877015042	0.004875288919168141	0.996775116256453	0.9987601157155466	0.14433293698310815
6143.0838891061485	0.0048761161584378295	0.9967762103748427	0.9987608612292349	0.1443165798401875
6143.288973265137	0.004876943445096157	0.9967773039991469	0.9987616064978582	0.14430022639442766
6143.4940226372055	0.004877770779140308	0.9967783971296447	0.9987623515215708	0.14428387664457787
6143.69903723216	0.004878598160567468	0.9967794897666142	0.9987630963005268	0.14426753058938763
6143.904017059802	0.0048794255893748195	0.9967805819103336	0.9987638408348799	0.14425118822760713
6144.1089621299325	0.0048802530655595484	0.9967816735610795	0.9987645851247828	0.14423484955798696
6144.313872452347	0.004881080589118839	0.9967827647191301	0.9987653291703894	0.14421851457927853
6144.51874803684	0.00488190816004988	0.9967838553847629	0.9987660729718532	0.14420218329023363
6144.723588893201	0.004882735778349859	0.9967849455582554	0.998766816529328	0.14418585568960474
6144.928395031211	0.004883563444015962	0.9967860352398842	0.9987675598429661	0.14416953177614472
6145.133166460654	0.004884391157045376	0.9967871244299265	0.9987683029129211	0.14415321154860714
6145.337903191305	0.00488521891743529	0.9967882131286584	0.9987690457393457	0.14413689500574603
6145.542605232938	0.0048860467251828936	0.9967893013363562	0.9987697883223926	0.14412058214631612
6145.747272595321	0.004886874580285376	0.9967903890532971	0.9987705306622152	0.14410427296907258
6145.951905288222	0.004887702482739926	0.9967914762797566	0.9987712727589655	0.14408796747277117
6146.156503321404	0.004888530432543736	0.9967925630160107	0.9987720146127967	0.14407166565616816
6146.361066704622	0.004889358429693998	0.9967936492623348	0.9987727562238612	0.14405536751802045
6146.565595447629	0.004890186474187899	0.9967947350190047	0.9987734975923107	0.14403907305708552
6146.770089560178	0.004891014566022635	0.9967958202862961	0.998774238718298	0.1440227822721213
6146.974549052014	0.004891842705195396	0.9967969050644833	0.9987749796019749	0.14400649516188643
6147.178973932881	0.004892670891703378	0.9967979893538419	0.9987757202434941	0.1439902117251399
6147.3833642125155	0.0048934991255437715	0.9967990731546467	0.9987764606430073	0.14397393196064154
6147.587719900653	0.004894327406713773	0.9968001564671722	0.9987772008006658	0.1439576558671514
6147.7920410070265	0.00489515573521058	0.9968012392916932	0.9987779407166223	0.14394138344343047
6147.99632754136	0.004895984111031383	0.9968023216284829	0.9987786803910275	0.14392511468823982
6148.200579513382	0.004896812534173381	0.9968034034778162	0.9987794198240337	0.1439088496003416
6148.404796932807	0.004897641004633764	0.9968044848399663	0.9987801590157916	0.143892588178498
6148.6089798093535	0.004898469522409737	0.9968055657152075	0.9987808979664533	0.14387633042147224
6148.813128152731	0.004899298087498492	0.9968066461038131	0.9987816366761697	0.14386007632802775
6149.017241972652	0.0049001266998972325	0.9968077260060567	0.9987823751450927	0.14384382589692876
6149.221321278818	0.0049009553596031505	0.9968088054222112	0.9987831133733721	0.14382757912693983
6149.42536608093	0.004901784066613447	0.9968098843525492	0.9987838513611589	0.14381133601682614
6149.629376388683	0.00490261282092532	0.9968109627973434	0.9987845891086045	0.14379509656535353
6149.833352211775	0.004903441622535974	0.9968120407568669	0.9987853266158597	0.14377886077128837
6150.037293559891	0.0049042704714426085	0.9968131182313918	0.9987860638830753	0.14376262863339756
6150.241200442717	0.004905099367642423	0.9968141952211905	0.9987868009104013	0.1437464001504484
6150.445072869934	0.0049059283111326174	0.9968152717265347	0.9987875376979883	0.14373017532120894
6150.648910851222	0.004906757301910396	0.9968163477476967	0.998788274245987	0.14371395414444768
6150.852714396254	0.0049075863399729615	0.9968174232849478	0.9987890105545474	0.1436977366189338
6151.0564835147015	0.004908415425317517	0.99681849833856	0.9987897466238199	0.14368152274343696
6151.260218216225	0.004909244557941263	0.9968195729088037	0.9987904824539535	0.14366531251672718
6151.463918510493	0.004910073737841409	0.9968206469959506	0.9987912180450993	0.14364910593757527
6151.667584407163	0.004910902965015156	0.9968217206002715	0.9987919533974068	0.14363290300475257
6151.871215915892	0.004911732239459713	0.9968227937220374	0.9987926885110262	0.14361670371703092
6152.074813046329	0.00491256156117228	0.9968238663615187	0.998793423386106	0.1436005080731827
6152.278375808121	0.0049133909301500665	0.9968249385189858	0.9987941580227968	0.14358431607198086
6152.481904210913	0.004914220346390279	0.9968260101947084	0.9987948924212473	0.14356812771219876
6152.685398264343	0.004915049809890124	0.9968270813889571	0.9987956265816071	0.14355194299261065
6152.88885797805	0.0049158793206468135	0.9968281521020019	0.998796360504026	0.143535761911991
6153.092283361661	0.00491670887865755	0.9968292223341115	0.998797094188652	0.1435195844691149
6153.295674424814	0.004917538483919546	0.9968302920855567	0.9987978276356354	0.14350341066275807
6153.499031177127	0.004918368136430009	0.9968313613566059	0.9987985608451243	0.14348724049169684
6153.702353628225	0.004919197836186152	0.996832430147529	0.9987992938172681	0.14347107395470798
6153.905641787722	0.004920027583185182	0.9968334984585943	0.9988000265522153	0.14345491105056876
6154.10889566523	0.00492085737742431	0.9968345662900702	0.9988007590501143	0.14343875177805698
6154.312115270362	0.00492168721890075	0.9968356336422258	0.9988014913111141	0.14342259613595115
6154.515300612723	0.004922517107611712	0.9968367005153297	0.9988022233353626	0.14340644412303016
6154.718451701917	0.004923347043554408	0.9968377669096496	0.9988029551230085	0.14339029573807366
6154.921568547541	0.004924177026726054	0.9968388328254538	0.9988036866742002	0.14337415097986156
6155.124651159192	0.004925007057123863	0.9968398982630108	0.9988044179890858	0.14335800984717464
6155.327699546458	0.004925837134745047	0.9968409632225873	0.9988051490678135	0.14334187233879384
6155.5307137189275	0.0049266672595868225	0.9968420277044512	0.9988058799105308	0.14332573845350097
6155.733693686182	0.004927497431646401	0.9968430917088694	0.9988066105173852	0.14330960819007818
6155.936639457805	0.004928327650921001	0.9968441552361093	0.9988073408885251	0.14329348154730837
6156.139551043372	0.004929157917407838	0.996845218286438	0.9988080710240986	0.14327735852397483
6156.342428452453	0.00492998823110413	0.9968462808601223	0.9988088009242526	0.1432612391188613
6156.545271694617	0.004930818592007094	0.9968473429574292	0.9988095305891351	0.1432451233307524
6156.748080779429	0.004931649000113947	0.9968484045786242	0.9988102600188927	0.14322901115843295
6156.950855716454	0.004932479455421906	0.9968494657239746	0.9988109892136733	0.14321290260068856
6157.153596515245	0.004933309957928192	0.9968505263937458	0.9988117181736237	0.1431967976563051
6157.356303185357	0.004934140507630024	0.9968515865882036	0.9988124468988913	0.14318069632406927
6157.558975736337	0.004934971104524619	0.9968526463076136	0.9988131753896227	0.14316459860276806
6157.761614177734	0.0049358017486092	0.9968537055522417	0.9988139036459649	0.14314850449118938
6157.964218519095	0.00493663243988099	0.9968547643223539	0.9988146316680653	0.14313241398812127
6158.1667887699505	0.004937463178337206	0.996855822618214	0.9988153594560694	0.1431163270923525
6158.369324939838	0.004938293963975069	0.9968568804400878	0.9988160870101249	0.14310024380267225
6158.57182703829	0.004939124796791805	0.9968579377882397	0.9988168143303779	0.14308416411787045
6158.774295074836	0.004939955676784636	0.9968589946629353	0.998817541416975	0.1430680880367375
6158.976729059	0.004940786603950788	0.9968600510644383	0.9988182682700617	0.14305201555806435
6159.179129000297	0.004941617578287478	0.9968611069930132	0.998818994889785	0.14303594668064232
6159.381494908243	0.0049424485997919335	0.9968621624489237	0.9988197212762908	0.14301988140326344
6159.583826792358	0.0049432796684613835	0.9968632174324344	0.9988204474297253	0.14300381972472023
6159.786124662149	0.004944110784293052	0.9968642719438089	0.998821173350234	0.1429877616438057
6159.9883885271165	0.00494494194728416	0.9968653259833101	0.9988218990379625	0.1429717071593135
6160.190618396764	0.004945773157431938	0.9968663795512023	0.9988226244930574	0.1429556562700378
6160.39281428059	0.004946604414733612	0.9968674326477482	0.9988233497156636	0.14293960897477326
6160.594976188091	0.004947435719186411	0.9968684852732111	0.9988240747059269	0.14292356527231503
6160.797104128756	0.004948267070787563	0.9968695374278541	0.9988247994639926	0.142907525161459
6160.9991981120675	0.004949098469534294	0.9968705891119394	0.9988255239900062	0.14289148864100124
6161.201258147515	0.0049499299154238344	0.9968716403257298	0.9988262482841127	0.14287545570973875
6161.403284244574	0.004950761408453415	0.9968726910694875	0.9988269723464576	0.14285942636646878
6161.605276412722	0.0049515929486202625	0.996873741343475	0.9988276961771856	0.1428434006099893
6161.807234661431	0.004952424535921611	0.9968747911479542	0.998828419776442	0.1428273784390987
6162.0091590001675	0.004953256170354692	0.9968758404831868	0.9988291431443711	0.14281135985259594
6162.211049438396	0.004954087851916734	0.9968768893494342	0.998829866281118	0.1427953448492805
6162.4129059855795	0.0049549195806049716	0.9968779377469582	0.9988305891868274	0.14277933342795246
6162.614728651176	0.004955751356416638	0.9968789856760205	0.9988313118616441	0.1427633255874124
6162.8165174446385	0.004956583179348966	0.9968800331368819	0.9988320343057121	0.1427473213264613
6163.018272375414	0.004957415049399187	0.9968810801298036	0.9988327565191761	0.14273132064390096
6163.2199934529535	0.004958246966564537	0.9968821266550458	0.9988334785021803	0.14271532353853347
6163.4216806866925	0.004959078930842248	0.9968831727128692	0.9988342002548684	0.1426993300091615
6163.623334086076	0.0049599109422295605	0.9968842183035345	0.9988349217773849	0.1426833400545883
6163.824953660537	0.004960743000723707	0.9968852634273019	0.9988356430698739	0.1426673536736177
6164.026539419506	0.004961575106321924	0.9968863080844316	0.9988363641324793	0.14265137086505383
6164.228091372413	0.004962407259021449	0.9968873522751833	0.9988370849653447	0.14263539162770167
6164.429609528681	0.0049632394588195175	0.9968883959998169	0.9988378055686137	0.14261941596036656
6164.631093897733	0.004964071705713369	0.9968894392585922	0.9988385259424303	0.14260344386185442
6164.832544488982	0.004964903999700243	0.9968904820517683	0.9988392460869377	0.14258747533097155
6165.033961311841	0.004965736340777376	0.9968915243796043	0.9988399660022793	0.142571510366525
6165.235344375723	0.004966568728942007	0.9968925662423593	0.9988406856885986	0.14255554896732223
6165.436693690033	0.004967401164191376	0.9968936076402924	0.9988414051460386	0.14253959113217132
6165.638009264173	0.0049682336465227276	0.9968946485736623	0.998842124374743	0.1425236368598807
6165.83929110754	0.004969066175933299	0.9968956890427274	0.9988428433748544	0.1425076861492595
6166.040539229528	0.004969898752420331	0.996896729047746	0.9988435621465156	0.14249173899911727
6166.241753639532	0.004970731375981066	0.9968977685889763	0.9988442806898694	0.14247579540826424
6166.442934346934	0.004971564046612747	0.9968988076666764	0.9988449990050591	0.14245985537551104
6166.64408136112	0.004972396764312616	0.9968998462811045	0.998845717092227	0.14244391889966881
6166.845194691485	0.00497322952907792	0.9969008844325181	0.9988464349515158	0.14242798597954934
6167.0462743474045	0.0049740623409058994	0.9969019221211741	0.998847152583068	0.1424120566139648
6167.247320338203	0.004974895199793798	0.9969029593473301	0.9988478699870257	0.14239613080172797
6167.44833267323	0.0049757281057388626	0.9969039961112437	0.9988485871635315	0.14238020854165215
6167.649311362013	0.004976561058738339	0.996905032413172	0.9988493041127278	0.14236428983255128
6167.850256414036	0.00497739405878947	0.996906068253371	0.9988500208347557	0.14234837467323946
6168.051167838164	0.004978227105889506	0.9969071036320974	0.9988507373297577	0.14233246306253183
6168.252045643129	0.004979060200035693	0.9969081385496088	0.9988514535978764	0.14231655499924367
6168.45288983977	0.004979893341225279	0.9969091730061606	0.998852169639253	0.14230065048219093
6168.6537004402	0.004980726529455511	0.9969102070020088	0.9988528854540293	0.14228474951019007
6168.854477452896	0.004981559764723637	0.9969112405374101	0.9988536010423473	0.14226885208205808
6169.055220882742	0.0049823930470269066	0.9969122736126196	0.9988543164043479	0.14225295819661246
6169.255930737414	0.004983226376362567	0.9969133062278931	0.9988550315401724	0.14223706785267112
6169.456607028871	0.004984059752727871	0.996914338383486	0.9988557464499626	0.1422211810490528
6169.657249768307	0.004984893176120073	0.9969153700796543	0.9988564611338602	0.14220529778457647
6169.857858964556	0.0049857266465364175	0.996916401316652	0.9988571755920054	0.14218941805806176
6170.058434626351	0.004986560163974156	0.9969174320947346	0.9988578898245393	0.14217354186832873
6170.258976763091	0.004987393728430544	0.9969184624141569	0.9988586038316044	0.14215766921419828
6170.459485384264	0.004988227339902833	0.9969194922751735	0.9988593176133419	0.1421418000944914
6170.6599604991825	0.004989060998388276	0.996920521678039	0.9988600311698858	0.14212593450802943
6170.860402117104	0.004989894703884127	0.9969215506230072	0.9988607445013692	0.14211007245363386
6171.060810247329	0.004990728456387643	0.9969225791103331	0.9988614576079378	0.14209421393012786
6171.261184899165	0.004991562255896073	0.9969236071402697	0.9988621704897407	0.14207835893633536
6171.461526081914	0.004992396102406674	0.996924634713071	0.9988628831469207	0.14206250747108046
6171.661833804869	0.004993229995916702	0.9969256618289906	0.998863595579616	0.14204665953318715
6171.862108077316	0.004994063936423411	0.9969266884882818	0.9988643077879653	0.1420308151214801
6172.062348908542	0.004994897923924062	0.9969277146911983	0.9988650197721097	0.14201497423478485
6172.262556307832	0.0049957319584159115	0.9969287404379927	0.99886573153219	0.14199913687192717
6172.462730284463	0.004996566039896214	0.9969297657289182	0.9988664430683449	0.1419833030317335
6172.662870847713	0.0049974001683622295	0.996930790564228	0.9988671543807155	0.1419674727130308
6172.862978006853	0.004998234343811218	0.996931814944174	0.998867865469441	0.14195164591464643
6173.063051771146	0.004999068566240436	0.9969328388690084	0.9988685763346604	0.14193582263540824
6173.263092149861	0.004999902835647144	0.9969338623389836	0.9988692869765141	0.14192000287414477
6173.463099152262	0.005000737152028603	0.9969348853543526	0.9988699973951418	0.141904186629685
6173.663072787601	0.005001571515382072	0.9969359079153666	0.9988707075906823	0.14188837390085846
6173.863013065136	0.0050024059257048155	0.9969369300222775	0.9988714175632754	0.14187256468649512
6174.06291999411	0.00500324038299409	0.9969379516753365	0.9988721273130594	0.14185675898542552
6174.262793583778	0.005004074887247162	0.996938972874795	0.9988728368401742	0.1418409567964806
6174.462633843381	0.005004909438461294	0.996939993620905	0.998873546144759	0.14182515811849206
6174.6624407821555	0.005005744036633747	0.9969410139139169	0.998874255226952	0.14180936295029195
6174.862214409342	0.005006578681761788	0.9969420337540823	0.9988749640868931	0.14179357129071302
6175.0619547341685	0.005007413373842677	0.996943053141651	0.9988756727247201	0.14177778313858813
6175.261661765863	0.005008248112873678	0.996944072076874	0.9988763811405719	0.14176199849275098
6175.461335513659	0.005009082898852063	0.9969450905600021	0.9988770893345877	0.14174621735203582
6175.660975986769	0.005009917731775093	0.9969461085912854	0.9988777973069052	0.14173043971527718
6175.860583194416	0.005010752611640035	0.9969471261709736	0.998878505057663	0.14171466558131035
6176.060157145813	0.005011587538444154	0.9969481432993166	0.9988792125869995	0.14169889494897098
6176.25969785017	0.005012422512184718	0.9969491599765644	0.9988799198950528	0.14168312781709524
6176.459205316695	0.005013257532858997	0.9969501762029667	0.998880626981961	0.14166736418451986
6176.658679554594	0.0050140926004642586	0.9969511919787729	0.9988813338478625	0.14165160405008206
6176.858120573065	0.005014927714997771	0.9969522073042323	0.9988820404928952	0.14163584741261964
6177.057528381306	0.005015762876456802	0.9969532221795936	0.9988827469171967	0.14162009427097086
6177.256902988511	0.005016598084838622	0.9969542366051061	0.9988834531209047	0.14160434462397448
6177.456244403865	0.005017433340140499	0.996955250581018	0.9988841591041564	0.1415885984704697
6177.655552636558	0.005018268642359709	0.9969562641075784	0.9988848648670904	0.14157285580929643
6177.8548276957745	0.005019103991493522	0.9969572771850364	0.9988855704098438	0.14155711663929504
6178.054069590691	0.005019939387539208	0.9969582898136391	0.9988862757325541	0.14154138095930627
6178.253278330485	0.005020774830494039	0.996959301993635	0.9988869808353585	0.1415256487681714
6178.452453924323	0.005021610320355287	0.9969603137252718	0.9988876857183939	0.1415099200647323
6178.651596381375	0.005022445857120226	0.9969613250087979	0.9988883903817974	0.14149419484783132
6178.850705710806	0.00502328144078613	0.9969623358444601	0.9988890948257063	0.14147847311631137
6179.0497819217835	0.005024117071350274	0.9969633462325069	0.9988897990502581	0.14146275486901583
6179.248825023462	0.005024952748809933	0.996964356173185	0.9988905030555892	0.14144704010478865
6179.447835024994	0.005025788473162383	0.9969653656667412	0.9988912068418363	0.14143132882247406
6179.646811935529	0.005026624244404898	0.9969663747134226	0.9988919104091357	0.14141562102091715
6179.845755764215	0.005027460062534753	0.996967383313476	0.9988926137576244	0.14139991669896318
6180.044666520197	0.005028295927549224	0.9969683914671487	0.998893316887439	0.1413842158554582
6180.243544212614	0.005029131839445592	0.9969693991746863	0.9988940197987156	0.14136851848924858
6180.442388850607	0.005029967798221135	0.9969704064363359	0.9988947224915911	0.14135282459918133
6180.641200443303	0.005030803803873128	0.9969714132523428	0.9988954249662013	0.14133713418410387
6180.839978999834	0.005031639856398851	0.9969724196229537	0.9988961272226825	0.14132144724286413
6181.038724529322	0.005032475955795582	0.9969734255484138	0.9988968292611703	0.14130576377431053
6181.237437040897	0.005033312102060603	0.9969744310289691	0.998897531081801	0.14129008377729216
6181.436116543675	0.005034148295191193	0.9969754360648652	0.9988982326847106	0.14127440725065848
6181.634763046771	0.005034984535184634	0.9969764406563473	0.9988989340700347	0.1412587341932595
6181.833376559296	0.0050358208220382065	0.9969774448036606	0.9988996352379089	0.14124306460394562
6182.031957090358	0.00503665715574919	0.9969784485070496	0.9989003361884691	0.1412273984815679
6182.230504649064	0.00503749353631487	0.9969794517667598	0.9989010369218506	0.14121173582497787
6182.429019244514	0.005038329963732527	0.9969804545830355	0.9989017374381889	0.14119607663302747
6182.627500885808	0.005039166437999445	0.9969814569561216	0.9989024377376199	0.1411804209045693
6182.82594958204	0.005040002959112911	0.9969824588862624	0.9989031378202781	0.14116476863845637
6183.0243653422995	0.005040839527070203	0.9969834603737019	0.9989038376862989	0.14114911983354222
6183.2227481756745	0.005041676141868609	0.9969844614186842	0.9989045373358173	0.14113347448868088
6183.421098091246	0.005042512803505411	0.9969854620214529	0.9989052367689679	0.14111783260272684
6183.619415098097	0.005043349511977898	0.9969864621822516	0.9989059359858858	0.14110219417453518
6183.817699205308	0.005044186267283359	0.9969874619013247	0.9989066349867068	0.14108655920296145
6184.015950421947	0.005045023069419076	0.9969884611789149	0.9989073337715646	0.1410709276868617
6184.214168757087	0.005045859918382338	0.9969894600152658	0.998908032340594	0.14105529962509245
6184.412354219794	0.005046696814170432	0.9969904584106206	0.9989087306939297	0.14103967501651088
6184.610506819128	0.005047533756780646	0.9969914563652216	0.9989094288317062	0.14102405385997444
6184.808626564155	0.005048370746210272	0.9969924538793125	0.9989101267540584	0.14100843615434133
6185.006713463924	0.0050492077824565934	0.9969934509531346	0.9989108244611192	0.14099282189846982
6185.204767527494	0.005050044865516904	0.9969944475869317	0.9989115219530244	0.1409772110912193
6185.402788763907	0.00505088199538849	0.9969954437809443	0.998912219229906	0.140961603731449
6185.600777182212	0.0050517191720686454	0.9969964395354158	0.9989129162918997	0.1409459998180193
6185.798732791454	0.005052556395554664	0.9969974348505884	0.9989136131391393	0.14093039934979076
6185.996655600669	0.005053393665843833	0.9969984297267035	0.9989143097717587	0.1409148023256243
6186.194545618888	0.005054230982933444	0.9969994241640023	0.9989150061898906	0.1408992087443815
6186.39240285515	0.005055068346820791	0.9970004181627268	0.9989157023936696	0.14088361860492454
6186.590227318479	0.005055905757503169	0.9970014117231178	0.9989163983832291	0.14086803190611588
6186.7880190179	0.00505674321497787	0.9970024048454172	0.9989170941587028	0.14085244864681873
6186.985777962438	0.00505758071924219	0.9970033975298659	0.998917789720224	0.14083686882589655
6187.183504161102	0.005058418270293417	0.997004389776704	0.9989184850679256	0.14082129244221334
6187.3811976229135	0.005059255868128852	0.9970053815861727	0.9989191802019411	0.14080571949463386
6187.578858356883	0.005060093512745791	0.9970063729585124	0.9989198751224038	0.14079014998202305
6187.776486372012	0.005060931204141526	0.997007363893963	0.9989205698294461	0.14077458390324654
6187.974081677315	0.005061768942313359	0.9970083543927657	0.9989212643232019	0.14075902125717038
6188.171644281787	0.005062606727258584	0.9970093444551605	0.9989219586038042	0.14074346204266117
6188.369174194421	0.005063444558974498	0.9970103340813865	0.9989226526713848	0.14072790625858586
6188.566671424214	0.005064282437458399	0.9970113232716837	0.9989233465260773	0.14071235390381212
6188.7641359801555	0.0050651203627075855	0.9970123120262917	0.9989240401680134	0.14069680497720788
6188.961567871236	0.00506595833471936	0.9970133003454503	0.9989247335973267	0.14068125947764187
6189.158967106435	0.005066796353491019	0.9970142882293982	0.9989254268141486	0.14066571740398304
6189.356333694734	0.005067634419019863	0.9970152756783748	0.9989261198186127	0.1406501787551009
6189.553667645106	0.005068472531303192	0.9970162626926186	0.9989268126108499	0.14063464352986554
6189.750968966525	0.005069310690338304	0.997017249272369	0.9989275051909935	0.14061911172714744
6189.948237667961	0.005070148896122504	0.9970182354178643	0.9989281975591748	0.1406035833458177
6190.145473758381	0.005070987148653098	0.9970192211293433	0.9989288897155263	0.1405880583847478
6190.3426772467465	0.005071825447927383	0.997020206407044	0.99892958166018	0.1405725368428098
6190.539848142016	0.005072663793942663	0.9970211912512045	0.9989302733932673	0.14055701871887616
6190.736986453148	0.0050735021866962415	0.997022175662063	0.9989309649149207	0.14054150401181997
6190.934092189094	0.005074340626185424	0.9970231596398571	0.998931656225271	0.1405259927205147
6191.131165358803	0.005075179112407511	0.997024143184825	0.9989323473244505	0.14051048484383433
6191.328205971218	0.005076017645359814	0.9970251262972036	0.9989330382125904	0.1404949803806534
6191.52521403528	0.00507685622503963	0.9970261089772304	0.9989337288898219	0.14047947932984672
6191.7221895599305	0.005077694851444273	0.9970270912251431	0.9989344193562767	0.14046398169029
6191.919132554107	0.005078533524571048	0.997028073041179	0.9989351096120864	0.14044848746085917
6192.1160430267355	0.005079372244417257	0.9970290544255738	0.9989357996573813	0.14043299664043057
6192.312920986745	0.0050802110109802075	0.9970300353785648	0.9989364894922927	0.14041750922788118
6192.509766443061	0.005081049824257211	0.9970310159003886	0.9989371791169516	0.14040202522208847
6192.706579404606	0.005081888684245574	0.9970319959912819	0.9989378685314891	0.14038654462193045
6192.9033598803	0.005082727590942608	0.9970329756514813	0.9989385577360365	0.14037106742628558
6193.100107879055	0.00508356654434562	0.9970339548812223	0.9989392467307237	0.14035559363403258
6193.2968234097825	0.005084405544451921	0.9970349336807408	0.9989399355156817	0.140340123244051
6193.493506481391	0.005085244591258822	0.9970359120502731	0.9989406240910412	0.14032465625522073
6193.690157102784	0.005086083684763631	0.9970368899900547	0.9989413124569329	0.14030919266642214
6193.886775282864	0.005086922824963662	0.9970378675003211	0.9989420006134863	0.14029373247653615
6194.083361030527	0.005087762011856224	0.9970388445813074	0.9989426885608322	0.14027827568444412
6194.279914354665	0.00508860124543863	0.9970398212332489	0.9989433762991007	0.14026282228902784
6194.476435264172	0.005089440525708195	0.9970407974563809	0.9989440638284223	0.14024737228916975
6194.672923767935	0.005090279852662231	0.9970417732509383	0.9989447511489272	0.14023192568375265
6194.869379874835	0.0050911192262980505	0.9970427486171558	0.9989454382607448	0.14021648247165985
6195.065803593756	0.0050919586466129695	0.9970437235552677	0.9989461251640053	0.14020104265177524
6195.262194933572	0.005092798113604299	0.9970446980655084	0.9989468118588379	0.14018560622298304
6195.45855390316	0.005093637627269358	0.9970456721481127	0.9989474983453736	0.1401701731841681
6195.654880511392	0.005094477187605465	0.9970466458033146	0.9989481846237411	0.14015474353421567
6195.851174767131	0.00509531679460993	0.9970476190313479	0.99894887069407	0.14013931727201154
6196.047436679241	0.005096156448280075	0.9970485918324462	0.9989495565564902	0.14012389439644196
6196.243666256579	0.00509699614861321	0.9970495642068431	0.9989502422111303	0.1401084749063936
6196.439863508005	0.0050978358956066585	0.9970505361547728	0.9989509276581202	0.14009305880075382
6196.636028442375	0.0050986756892577355	0.9970515076764682	0.9989516128975893	0.14007764607841022
6196.832161068537	0.005099515529563762	0.9970524787721627	0.9989522979296663	0.1400622367382511
6197.028261395339	0.005100355416522057	0.9970534494420892	0.9989529827544806	0.14004683077916505
6197.224329431621	0.00510119535012994	0.9970544196864808	0.9989536673721608	0.1400314282000413
6197.4203651862235	0.005102035330384729	0.9970553895055697	0.9989543517828358	0.14001602899976945
6197.616368667985	0.005102875357283748	0.997056358899589	0.9989550359866347	0.14000063317723968
6197.812339885739	0.005103715430824315	0.9970573278687711	0.998955719983686	0.13998524073134264
6198.00827884831	0.00510455555100375	0.9970582964133481	0.9989564037741182	0.13996985166096942
6198.204185564528	0.005105395717819377	0.9970592645335524	0.99895708735806	0.13995446596501157
6198.400060043219	0.00510623593126852	0.997060232229616	0.9989577707356403	0.1399390836423613
6198.595902293199	0.0051070761913485025	0.9970611995017705	0.9989584539069867	0.13992370469191107
6198.791712323285	0.005107916498056645	0.9970621663502475	0.998959136872228	0.13990832911255388
6198.987490142289	0.005108756851390275	0.9970631327752788	0.9989598196314924	0.13989295690318337
6199.183235759022	0.00510959725134671	0.9970640987770956	0.9989605021849078	0.1398775880626935
6199.37894918229	0.005110437697923282	0.9970650643559291	0.9989611845326023	0.13986222258997874
6199.574630420893	0.005111278191117312	0.9970660295120107	0.9989618666747037	0.13984686048393408
6199.770279483634	0.00511211873092613	0.9970669942455712	0.99896254861134	0.13983150174345496
6199.965896379308	0.005112959317347059	0.9970679585568409	0.9989632303426391	0.13981614636743736
6200.161481116709	0.005113799950377429	0.9970689224460512	0.9989639118687291	0.13980079435477769
6200.357033704623	0.005114640630014563	0.997069885913432	0.998964593189737	0.13978544570437287
6200.552554151838	0.005115481356255789	0.9970708489592139	0.9989652743057904	0.13977010041512022
6200.748042467136	0.005116322129098439	0.9970718115836268	0.9989659552170169	0.13975475848591773
6200.943498659298	0.005117162948539839	0.9970727737869012	0.9989666359235441	0.13973941991566363
6201.138922737099	0.005118003814577324	0.9970737355692666	0.9989673164254994	0.13972408470325684
6201.33431470931	0.005118844727208214	0.9970746969309526	0.9989679967230091	0.13970875284759648
6201.5296745847045	0.0051196856864298475	0.9970756578721893	0.9989686768162014	0.13969342434758258
6201.725002372043	0.005120526692239549	0.9970766183932056	0.9989693567052027	0.13967809920211519
6201.92029808009	0.005121367744634654	0.9970775784942312	0.9989700363901403	0.13966277741009522
6202.11556171761	0.005122208843612495	0.9970785381754952	0.9989707158711412	0.13964745897042385
6202.3107932933535	0.0051230499891704	0.9970794974372261	0.998971395148332	0.13963214388200276
6202.505992816074	0.005123891181305702	0.997080456279653	0.9989720742218392	0.13961683214373413
6202.70116029452	0.005124732420015739	0.9970814147030049	0.9989727530917899	0.13960152375452056
6202.896295737437	0.005125573705297837	0.9970823727075094	0.9989734317583102	0.1395862187132653
6203.091399153569	0.005126415037149335	0.9970833302933956	0.9989741102215267	0.13957091701887178
6203.286470551657	0.00512725641556757	0.9970842874608918	0.9989747884815658	0.1395556186702443
6203.481509940432	0.00512809784054987	0.9970852442102259	0.9989754665385541	0.13954032366628735
6203.676517328633	0.0051289393120935774	0.997086200541626	0.9989761443926178	0.139525032005906
6203.871492724985	0.005129780830196024	0.9970871564553191	0.9989768220438826	0.13950974368800564
6204.066436138215	0.005130622394854549	0.9970881119515338	0.9989774994924748	0.1394944587114924
6204.261347577043	0.005131464006066485	0.997089067030497	0.9989781767385209	0.13947917707527274
6204.456227050193	0.005132305663829174	0.997090021692437	0.998978853782146	0.13946389877825366
6204.651074566379	0.005133147368139951	0.9970909759375797	0.9989795306234767	0.13944862381934248
6204.845890134311	0.005133989118996155	0.9970919297661521	0.9989802072626376	0.13943335219744704
6205.040673762703	0.0051348309163951255	0.9970928831783819	0.9989808836997552	0.13941808391147587
6205.235425460258	0.005135672760334202	0.9970938361744957	0.9989815599349551	0.13940281896033768
6205.430145235681	0.005136514650810724	0.9970947887547202	0.9989822359683628	0.139387557342942
6205.624833097669	0.0051373565878220315	0.9970957409192817	0.9989829118001036	0.13937229905819842
6205.81948905492	0.005138198571365466	0.9970966926684065	0.9989835874303029	0.13935704410501745
6206.014113116125	0.005139040601438369	0.9970976440023205	0.9989842628590858	0.13934179248230955
6206.208705289976	0.005139882678038082	0.99709859492125	0.9989849380865777	0.13932654418898613
6206.403265585155	0.005140724801161945	0.9970995454254205	0.9989856131129033	0.1393112992239588
6206.597794010347	0.005141566970807302	0.9971004955150579	0.9989862879381878	0.1392960575861397
6206.792290574237	0.005142409186971498	0.9971014451903881	0.9989869625625561	0.13928081927444158
6206.986755285493	0.005143251449651875	0.9971023944516361	0.9989876369861332	0.13926558428777744
6207.181188152793	0.005144093758845778	0.9971033432990275	0.9989883112090453	0.13925035262506102
6207.375589184802	0.005144936114550551	0.9971042917327869	0.9989889852314152	0.1392351242852062
6207.569958390189	0.005145778516763536	0.9971052397531396	0.9989896590533636	0.13921989926712766
6207.764295777621	0.005146620965482085	0.9971061873603105	0.9989903326750129	0.13920467756974014
6207.958601355751	0.005147463460703538	0.9971071345545239	0.9989910060964902	0.13918945919195938
6208.1528751332435	0.005148306002425248	0.9971080813360054	0.9989916793179229	0.1391742441327012
6208.347117118746	0.005149148590644555	0.9971090277049781	0.9989923523394354	0.13915903239088206
6208.541327320909	0.005149991225358811	0.997109973661667	0.9989930251611532	0.1391438239654188
6208.73550574838	0.005150833906565363	0.997110919206296	0.9989936977832001	0.13912861885522876
6208.929652409801	0.005151676634261558	0.9971118643390886	0.9989943702057004	0.13911341705922983
6209.123767313815	0.005152519408444748	0.9971128090602696	0.9989950424287779	0.13909821857634036
6209.317850469055	0.005153362229112276	0.9971137533700617	0.9989957144525562	0.13908302340547896
6209.511901884161	0.0051542050962615	0.9971146972686893	0.9989963862771595	0.13906783154556496
6209.7059215677555	0.005155048009889764	0.9971156407563748	0.9989970579027113	0.13905264299551798
6209.89990952847	0.005155890969994425	0.997116583833342	0.9989977293293352	0.13903745775425824
6210.093865774925	0.005156733976572826	0.9971175264998136	0.9989984005571547	0.13902227582070636
6210.287790315748	0.005157577029622327	0.9971184687560131	0.9989990715862938	0.13900709719378346
6210.481683159549	0.0051584201291402735	0.9971194106021628	0.9989997424168751	0.13899192187241113
6210.675544314948	0.005159263275124024	0.997120352038486	0.9990004130490231	0.13897674985551142
6210.869373790547	0.005160106467570928	0.9971212930652044	0.99900108348286	0.13896158114200685
6211.063171594959	0.005160949706478339	0.9971222336825406	0.9990017537185092	0.13894641573082028
6211.256937736787	0.005161792991843613	0.997123173890717	0.9990024237560937	0.13893125362087516
6211.450672224633	0.005162636323664104	0.9971241136899557	0.999003093595737	0.13891609481109557
6211.644375067096	0.005163479701937166	0.9971250530804784	0.9990037632375618	0.13890093930040576
6211.838046272767	0.0051643231266601565	0.9971259920625072	0.9990044326816908	0.1388857870877306
6212.031685850239	0.0051651665978304315	0.9971269306362633	0.9990051019282468	0.13887063817199535
6212.2252938080965	0.005166010115445343	0.9971278688019681	0.999005770977352	0.1388554925521258
6212.418870154931	0.005166853679502254	0.9971288065598435	0.9990064398291302	0.1388403502270482
6212.6124148993185	0.005167697289998518	0.9971297439101107	0.9990071084837034	0.1388252111956893
6212.805928049837	0.005168540946931495	0.9971306808529902	0.9990077769411936	0.13881007545697618
6212.999409615062	0.0051693846502985415	0.997131617388703	0.9990084452017234	0.13879494300983652
6213.192859603566	0.0051702284000970196	0.9971325535174703	0.9990091132654155	0.13877981385319843
6213.386278023916	0.005171072196324285	0.9971334892395124	0.9990097811323914	0.13876468798599048
6213.579664884682	0.005171916038977701	0.9971344245550504	0.9990104488027743	0.13874956540714167
6213.77302019442	0.005172759928054626	0.9971353594643036	0.9990111162766853	0.13873444611558144
6213.966343961689	0.005173603863552419	0.997136293967493	0.9990117835542469	0.13871933011023985
6214.159636195049	0.0051744478454684465	0.9971372280648386	0.9990124506355813	0.1387042173900473
6214.352896903042	0.005175291873800062	0.9971381617565596	0.9990131175208091	0.13868910795393455
6214.5461260942275	0.0051761359485446344	0.9971390950428765	0.9990137842100532	0.13867400180083295
6214.739323777147	0.005176980069699523	0.9971400279240086	0.9990144507034345	0.13865889892967437
6214.932489960344	0.005177824237262094	0.9971409604001753	0.9990151170010753	0.13864379933939106
6215.125624652359	0.005178668451229708	0.9971418924715966	0.9990157831030969	0.13862870302891586
6215.318727861724	0.005179512711599731	0.997142824138491	0.9990164490096204	0.1386136099971818
6215.511799596974	0.005180357018369527	0.9971437554010778	0.9990171147207674	0.13859852024312264
6215.7048398666375	0.005181201371536461	0.9971446862595758	0.999017780236659	0.13858343376567234
6215.897848679238	0.005182045771097895	0.9971456167142034	0.9990184455574165	0.13856835056376554
6216.090826043305	0.0051828902170512	0.9971465467651801	0.9990191106831612	0.13855327063633732
6216.283771967356	0.005183734709393743	0.9971474764127242	0.9990197756140143	0.13853819398232325
6216.476686459907	0.005184579248122887	0.9971484056570539	0.9990204403500965	0.1385231206006592
6216.669569529471	0.005185423833236001	0.997149334498387	0.9990211048915285	0.13850805049028136
6216.862421184558	0.005186268464730452	0.9971502629369421	0.9990217692384313	0.13849298365012694
6217.055241433674	0.005187113142603609	0.9971511909729367	0.9990224333909257	0.13847792007913307
6217.248030285325	0.0051879578668528395	0.9971521186065889	0.9990230973491321	0.1384628597762377
6217.440787748011	0.005188802637475517	0.9971530458381164	0.9990237611131711	0.1384478027403789
6217.633513830229	0.005189647454469008	0.9971539726677368	0.9990244246831641	0.13843274897049557
6217.826208540474	0.005190492317830683	0.997154899095667	0.9990250880592307	0.13841769846552668
6218.018871887231	0.00519133722755791	0.9971558251221241	0.999025751241491	0.13840265122441198
6218.211503878996	0.005192182183648064	0.9971567507473257	0.9990264142300657	0.1383876072460915
6218.404104524249	0.0051930271860985144	0.9971576759714885	0.999027077025075	0.1383725665295058
6218.5966738314755	0.0051938722349066345	0.9971586007948297	0.9990277396266389	0.13835752907359597
6218.789211809147	0.0051947173300697985	0.9971595252175655	0.9990284020348774	0.13834249487730327
6218.98171846574	0.005195562471585376	0.9971604492399125	0.9990290642499107	0.1383274639395698
6219.17419380973	0.0051964076594507415	0.9971613728620871	0.9990297262718586	0.13831243625933773
6219.366637849583	0.005197252893663268	0.9971622960843052	0.9990303881008408	0.1382974118355501
6219.559050593765	0.005198098174220333	0.9971632189067835	0.9990310497369772	0.13828239066715003
6219.751432050735	0.0051989435011193085	0.9971641413297379	0.9990317111803871	0.13826737275308135
6219.943782228956	0.005199788874357572	0.9971650633533837	0.9990323724311901	0.1382523580922882
6220.136101136883	0.0052006342939324955	0.9971659849779372	0.9990330334895061	0.13823734668371526
6220.328388782966	0.005201479759841459	0.9971669062036131	0.9990336943554543	0.13822233852630755
6220.5206451756585	0.005202325272081839	0.9971678270306281	0.9990343550291546	0.13820733361901083
6220.712870323401	0.005203170830651012	0.9971687474591964	0.9990350155107253	0.1381923319607709
6220.905064234641	0.005204016435546356	0.9971696674895332	0.9990356758002861	0.1381773335505343
6221.097226917815	0.005204862086765248	0.9971705871218538	0.9990363358979559	0.13816233838724798
6221.289358381362	0.005205707784305066	0.9971715063563726	0.9990369958038539	0.13814734646985927
6221.481458633713	0.0052065535281631894	0.997172425193305	0.9990376555180993	0.13813235779731609
6221.673527683301	0.005207399318337	0.997173343632865	0.9990383150408109	0.13811737236856658
6221.865565538552	0.005208245154823875	0.9971742616752673	0.9990389743721069	0.1381023901825596
6222.057572207888	0.005209091037621197	0.9971751793207261	0.9990396335121068	0.13808741123824425
6222.249547699734	0.005209936966726346	0.9971760965694557	0.9990402924609291	0.1380724355345703
6222.441492022501	0.005210782942136704	0.9971770134216698	0.9990409512186921	0.13805746307048772
6222.633405184611	0.005211628963849653	0.9971779298775825	0.9990416097855147	0.1380424938449471
6222.8252871944715	0.005212475031862578	0.9971788459374078	0.9990422681615154	0.13802752785689948
6223.017138060488	0.005213321146172855	0.9971797616013587	0.9990429263468119	0.1380125651052962
6223.208957791067	0.005214167306777871	0.9971806768696488	0.9990435843415227	0.13799760558908925
6223.400746394612	0.005215013513675011	0.9971815917424917	0.9990442421457666	0.13798264930723098
6223.59250387952	0.005215859766861658	0.9971825062201006	0.9990448997596613	0.1379676962586742
6223.784230254187	0.005216706066335195	0.9971834203026886	0.9990455571833248	0.1379527464423721
6223.975925527004	0.005217552412093008	0.9971843339904679	0.999046214416875	0.13793779985727844
6224.167589706362	0.0052183988041324845	0.9971852472836519	0.9990468714604301	0.13792285650234734
6224.359222800643	0.005219245242451007	0.9971861601824529	0.9990475283141074	0.13790791637653346
6224.550824818233	0.005220091727045967	0.9971870726870835	0.9990481849780251	0.1378929794787918
6224.742395767512	0.005220938257914748	0.9971879847977565	0.9990488414523011	0.13787804580807794
6224.933935656854	0.005221784835054739	0.9971888965146836	0.9990494977370528	0.13786311536334778
6225.1254444946335	0.005222631458463325	0.9971898078380774	0.9990501538323976	0.13784818814355773
6225.316922289223	0.0052234781281379	0.9971907187681496	0.999050809738453	0.13783326414766464
6225.508369048985	0.005224324844075847	0.9971916293051115	0.9990514654553362	0.13781834337462578
6225.699784782281	0.0052251716062745555	0.997192539449175	0.9990521209831642	0.13780342582339894
6225.891169497479	0.005226018414731418	0.997193449200552	0.9990527763220552	0.13778851149294236
6226.082523202933	0.0052268652694438264	0.9971943585594537	0.9990534314721259	0.1377736003822146
6226.273845906997	0.0052277121704091675	0.9971952675260914	0.9990540864334935	0.13775869249017483
6226.465137618027	0.005228559117624838	0.9971961761006771	0.9990547412062752	0.13774378781578264
6226.656398344366	0.005229406111088224	0.9971970842834202	0.9990553957905874	0.1377288863579979
6226.847628094357	0.005230253150796718	0.9971979920745322	0.9990560501865468	0.137713988115781
6227.038826876346	0.005231100236747715	0.997198899474224	0.9990567043942707	0.13769909308809297
6227.229994698669	0.0052319473689386034	0.997199806482706	0.9990573584138754	0.13768420127389505
6227.421131569659	0.005232794547366782	0.9972007131001887	0.9990580122454777	0.13766931267214905
6227.612237497658	0.005233641772029643	0.9972016193268827	0.9990586658891948	0.13765442728181718
6227.80331249099	0.0052344890429245824	0.9972025251629978	0.9990593193451424	0.13763954510186213
6227.99435655798	0.005235336360048991	0.9972034306087442	0.9990599726134372	0.137624666131247
6228.185369706949	0.005236183723400268	0.9972043356643319	0.9990606256941952	0.13760979036893525
6228.37635194622	0.0052370311329758045	0.9972052403299704	0.999061278587533	0.13759491781389108
6228.567303284109	0.005237878588773002	0.9972061446058695	0.9990619312935667	0.13758004846507874
6228.75822372893	0.005238726090789254	0.9972070484922386	0.9990625838124123	0.13756518232146328
6228.949113288993	0.005239573639021959	0.9972079519892874	0.999063236144186	0.13755031938200998
6229.139971972605	0.005240421233468515	0.9972088550972247	0.9990638882890037	0.13753545964568464
6229.33079978807	0.005241268874126318	0.9972097578162598	0.9990645402469811	0.13752060311145337
6229.521596743693	0.00524211656099277	0.9972106601466021	0.9990651920182345	0.13750574977828298
6229.712362847768	0.005242964294065265	0.9972115620884593	0.9990658436028792	0.13749089964514047
6229.9030981085925	0.005243812073341208	0.9972124636420413	0.9990664950010316	0.1374760527109935
6230.093802534454	0.005244659898817994	0.997213364807556	0.9990671462128062	0.13746120897481
6230.2844761336455	0.005245507770493027	0.9972142655852119	0.9990677972383188	0.13744636843555838
6230.475118914451	0.005246355688363707	0.9972151659752176	0.9990684480776855	0.13743153109220768
6230.665730885154	0.005247203652427436	0.9972160659777809	0.9990690987310211	0.13741669694372702
6230.85631205403	0.00524805166268161	0.9972169655931097	0.9990697491984412	0.1374018659890863
6231.04686242936	0.0052488997191236396	0.9972178648214124	0.9990703994800606	0.13738703822725565
6231.237382019414	0.0052497478217509224	0.9972187636628963	0.9990710495759949	0.13737221365720587
6231.427870832465	0.005250595970560862	0.9972196621177694	0.999071699486359	0.13735739227790786
6231.618328876777	0.005251444165550866	0.9972205601862391	0.9990723492112676	0.13734257408833325
6231.808756160618	0.005252292406718333	0.9972214578685128	0.9990729987508365	0.1373277590874541
6231.999152692244	0.005253140694060671	0.9972223551647973	0.9990736481051801	0.13731294727424262
6232.189518479913	0.005253989027575283	0.9972232520753003	0.9990742972744128	0.13729813864767182
6232.379853531882	0.005254837407259576	0.9972241486002285	0.9990749462586498	0.13728333320671485
6232.570157856399	0.005255685833110952	0.9972250447397882	0.9990755950580051	0.1372685309503456
6232.760431461718	0.0052565343051268225	0.9972259404941866	0.9990762436725941	0.13725373187753814
6232.950674356081	0.005257382823304593	0.99722683586363	0.9990768921025308	0.1372389359872672
6233.140886547734	0.005258231387641673	0.9972277308483257	0.9990775403479301	0.13722414327850768
6233.331068044911	0.005259079998135465	0.9972286254484796	0.999078188408906	0.13720935375023527
6233.521218855847	0.005259928654783379	0.9972295196642972	0.9990788362855724	0.13719456740142563
6233.711338988777	0.005260777357582822	0.9972304134959847	0.9990794839780437	0.1371797842310554
6233.901428451934	0.0052616261065312085	0.9972313069437485	0.9990801314864345	0.1371650042381012
6234.09148725354	0.005262474901625941	0.9972322000077937	0.9990807788108584	0.13715022742154037
6234.281515401822	0.005263323742864436	0.9972330926883266	0.9990814259514297	0.13713545378035064
6234.471512904999	0.005264172630244105	0.9972339849855528	0.9990820729082625	0.1371206833135099
6234.66147977129	0.005265021563762352	0.9972348768996773	0.99908271968147	0.13710591601999697
6234.851416008906	0.005265870543416591	0.997235768430905	0.9990833662711663	0.13709115189879068
6235.041321626062	0.005266719569204234	0.9972366595794413	0.9990840126774652	0.13707639094887053
6235.231196630968	0.005267568641122695	0.9972375503454913	0.99908465890048	0.13706163316921638
6235.421041031824	0.005268417759169385	0.9972384407292598	0.9990853049403247	0.13704687855880854
6235.610854836836	0.005269266923341721	0.9972393307309516	0.9990859507971125	0.13703212711662766
6235.800638054197	0.005270116133637108	0.997240220350771	0.9990865964709565	0.13701737884165507
6235.990390692113	0.005270965390052969	0.9972411095889225	0.9990872419619704	0.13700263373287225
6236.18011275877	0.005271814692586713	0.9972419984456107	0.9990878872702676	0.13698789178926138
6236.369804262359	0.00527266404123576	0.9972428869210397	0.9990885323959613	0.13697315300980487
6236.559465211068	0.005273513435997521	0.9972437750154133	0.9990891773391644	0.13695841739348555
6236.749095613078	0.005274362876869413	0.9972446627289355	0.9990898220999898	0.13694368493928694
6236.938695476576	0.005275212363848856	0.9972455500618107	0.999090466678551	0.13692895564619265
6237.128264809734	0.0052760618969332615	0.9972464370142416	0.9990911110749603	0.13691422951318707
6237.317803620729	0.005276911476120051	0.9972473235864325	0.9990917552893311	0.13689950653925476
6237.507311917731	0.005277761101406638	0.9972482097785862	0.9990923993217758	0.1368847867233808
6237.69678970891	0.005278610772790444	0.9972490955909061	0.9990930431724069	0.1368700700645508
6237.886237002429	0.005279460490268888	0.997249981023596	0.9990936868413376	0.1368553565617506
6238.0756538064525	0.005280310253839389	0.9972508660768583	0.9990943303286802	0.13684064621396666
6238.265040129141	0.005281160063499362	0.9972517507508957	0.9990949736345469	0.13682593902018575
6238.454395978647	0.005282009919246232	0.9972526350459112	0.9990956167590503	0.13681123497939518
6238.643721363127	0.00528285982107742	0.9972535189621077	0.9990962597023028	0.13679653409058262
6238.83301629073	0.0052837097689903455	0.9972544024996872	0.9990969024644166	0.1367818363527362
6239.022280769605	0.0052845597629824275	0.9972552856588528	0.9990975450455041	0.13676714176484442
6239.211514807893	0.00528540980305109	0.9972561684398061	0.9990981874456771	0.13675245032589634
6239.400718413739	0.005286259889193756	0.9972570508427496	0.9990988296650479	0.1367377620348813
6239.589891595275	0.0052871100214078445	0.9972579328678846	0.999099471703728	0.13672307689078916
6239.779034360642	0.005287960199690786	0.9972588145154133	0.9991001135618299	0.13670839489261027
6239.968146717969	0.005288810424039995	0.9972596957855377	0.999100755239465	0.13669371603933525
6240.157228675385	0.005289660694452905	0.9972605766784591	0.9991013967367453	0.1366790403299553
6240.346280241018	0.005290511010926935	0.9972614571943794	0.9991020380537828	0.13666436776346194
6240.5353014229895	0.005291361373459514	0.9972623373334998	0.9991026791906891	0.13664969833884724
6240.724292229419	0.005292211782048061	0.997263217096021	0.9991033201475749	0.13663503205510352
6240.9132526684225	0.0052930622366900056	0.9972640964821442	0.9991039609245521	0.13662036891122367
6241.102182748114	0.005293912737382772	0.99726497549207	0.9991046015217322	0.136605708906201
6241.291082476607	0.005294763284123794	0.9972658541260003	0.9991052419392267	0.13659105203902921
6241.479951862004	0.005295613876910489	0.9972667323841348	0.9991058821771464	0.13657639830870247
6241.668790912417	0.0052964645157402915	0.9972676102666751	0.9991065222356034	0.13656174771421534
6241.857599635943	0.00529731520061063	0.9972684877738213	0.9991071621147084	0.1365471002545629
6242.046378040682	0.005298165931518929	0.9972693649057729	0.999107801814572	0.13653245592874044
6242.235126134727	0.005299016708462621	0.9972702416627303	0.9991084413353055	0.1365178147357439
6242.423843926174	0.005299867531439133	0.9972711180448941	0.99910908067702	0.13650317667456957
6242.6125314231085	0.005300718400445896	0.9972719940524635	0.999109719839826	0.1364885417442141
6242.801188633621	0.00530156931548034	0.997272869685639	0.9991103588238346	0.1364739099436747
6242.98981556579	0.005302420276539896	0.9972737449446195	0.9991109976291556	0.1364592812719489
6243.178412227706	0.005303271283621998	0.9972746198296056	0.9991116362559008	0.13644465572803477
6243.36697862744	0.005304122336724076	0.9972754943407962	0.9991122747041806	0.13643003331093062
6243.5555147730665	0.005304973435843562	0.9972763684783906	0.999112912974106	0.13641541401963547
6243.744020672658	0.005305824580977889	0.9972772422425877	0.9991135510657877	0.13640079785314843
6243.932496334281	0.005306675772124487	0.9972781156335866	0.9991141889793316	0.1363861848104692
6244.120941766004	0.0053075270092807925	0.9972789886515863	0.9991148267148415	0.1363715748905975
6244.309356975888	0.005308378292444242	0.9972798612967857	0.9991154642724096	0.13635696809253323
6244.497741971994	0.0053092296216122655	0.9972807335693833	0.9991161016521283	0.13634236441527658
6244.686096762377	0.005310080996782301	0.9972816054695776	0.9991167388541211	0.1363277638578295
6244.874421355092	0.005310932417951784	0.9972824769975673	0.9991173758785298	0.1363131664191952
6245.062715758187	0.0053117838851181485	0.99728334815355	0.9991180127254775	0.1362985720983764
6245.250979979708	0.005312635398278828	0.997284218937724	0.9991186493950663	0.1362839808943755
6245.439214027704	0.005313486957431264	0.9972850893502876	0.999119285887401	0.13626939280619532
6245.627417910214	0.00531433856257289	0.9972859593914385	0.9991199222025919	0.13625480783283953
6245.815591635281	0.005315190213701151	0.9972868290613751	0.9991205583407516	0.13624022597331212
6246.0037352109375	0.005316041910813479	0.9972876983602946	0.9991211943019892	0.1362256472266175
6246.191848645215	0.005316893653907314	0.9972885672883944	0.9991218300864136	0.13621107159176038
6246.379931946143	0.005317745442980094	0.9972894358458717	0.999122465694134	0.13619649906774603
6246.5679851217465	0.005318597278029259	0.9972903040329238	0.9991231011252597	0.13618192965357998
6246.756008180055	0.0053194491590522475	0.9972911718497487	0.9991237363799005	0.13616736334826846
6246.944001129085	0.005320301086046503	0.9972920392965423	0.9991243714581655	0.13615280015081785
6247.131963976858	0.005321153059009466	0.9972929063735019	0.9991250063601639	0.1361382400602351
6247.319896731381	0.0053220050779385734	0.997293773080824	0.9991256410860041	0.13612368307552752
6247.507799400671	0.005322857142831269	0.9972946394187054	0.9991262756357958	0.13610912919570275
6247.695671992736	0.005323709253684996	0.9972955053873431	0.9991269100096477	0.1360945784197692
6247.883514515583	0.005324561410497198	0.9972963709869328	0.9991275442076689	0.13608003074673533
6248.071326977213	0.005325413613265318	0.9972972362176713	0.9991281782299684	0.1360654861756102
6248.2591093856245	0.0053262658619867955	0.9972981010797539	0.9991288120766539	0.13605094470540308
6248.446861748816	0.005327118156659077	0.9972989655733773	0.9991294457478351	0.13603640633512404
6248.634584074785	0.005327970497279609	0.9972998296987375	0.9991300792436207	0.13602187106378333
6248.822276371517	0.005328822883845833	0.9973006934560299	0.9991307125641185	0.1360073388903916
6249.009938647002	0.005329675316355197	0.9973015568454505	0.9991313457094374	0.13599280981396003
6249.197570909225	0.005330527794805141	0.997302419867194	0.9991319786796858	0.13597828383350002
6249.385173166165	0.005331380319193116	0.9973032825214563	0.9991326114749717	0.13596376094802365
6249.572745425808	0.005332232889516571	0.9973041448084329	0.9991332440954037	0.13594924115654317
6249.760287696125	0.0053330855057729465	0.9973050067283183	0.9991338765410899	0.13593472445807148
6249.947799985091	0.005333938167959697	0.9973058682813084	0.9991345088121386	0.13592021085162184
6250.135282300673	0.005334790876074266	0.9973067294675974	0.9991351409086578	0.1359057003362078
6250.322734650839	0.005335643630114101	0.9973075902873799	0.9991357728307552	0.13589119291084342
6250.510157043556	0.005336496430076652	0.9973084507408514	0.9991364045785388	0.13587668857454321
6250.697549486787	0.005337349275959369	0.9973093108282054	0.9991370361521167	0.135862187326322
6250.8849119884835	0.005338202167759702	0.9973101705496369	0.9991376675515966	0.1358476891651951
6251.072244556606	0.005339055105475103	0.9973110299053405	0.9991382987770865	0.13583319409017833
6251.2595471991035	0.0053399080891030175	0.9973118888955096	0.9991389298286935	0.1358187021002877
6251.44681992393	0.005340761118640903	0.9973127475203386	0.9991395607065254	0.1358042131945399
6251.6340627390255	0.005341614194086201	0.9973136057800207	0.9991401914106895	0.13578972737195177
6251.82127565234	0.005342467315436371	0.9973144636747503	0.9991408219412936	0.13577524463154075
6252.008458671811	0.005343320482688866	0.9973153212047213	0.9991414522984449	0.13576076497232464
6252.195611805379	0.005344173695841136	0.9973161783701273	0.9991420824822511	0.1357462883933218
6252.382735060974	0.005345026954890635	0.9973170351711612	0.9991427124928188	0.13573181489355074
6252.5698284465325	0.005345880259834818	0.9973178916080163	0.9991433423302558	0.1357173444720305
6252.756891969979	0.005346733610671136	0.9973187476808855	0.9991439719946686	0.13570287712778054
6252.943925639242	0.005347587007397045	0.9973196033899623	0.9991446014861648	0.13568841285982078
6253.130929462243	0.005348440450010003	0.9973204587354396	0.999145230804851	0.13567395166717158
6253.317903446906	0.005349293938507461	0.9973213137175103	0.9991458599508346	0.13565949354885368
6253.504847601144	0.005350147472886878	0.997322168336367	0.999146488924222	0.1356450385038881
6253.691761932874	0.005351001053145709	0.9973230225922023	0.9991471177251204	0.13563058653129645
6253.8786464500035	0.005351854679281411	0.9973238764852076	0.9991477463536358	0.13561613763010058
6254.065501160446	0.0053527083512914415	0.9973247300155762	0.9991483748098753	0.13560169179932305
6254.252326072102	0.005353562069173259	0.9973255831835003	0.9991490030939455	0.13558724903798652
6254.439121192875	0.005354415832924319	0.9973264359891717	0.9991496312059527	0.13557280934511423
6254.625886530668	0.005355269642542083	0.997327288432783	0.9991502591460039	0.1355583727197298
6254.812622093372	0.005356123498024008	0.9973281405145249	0.9991508869142044	0.13554393916085722
6254.999327888887	0.0053569773993675535	0.9973289922345896	0.9991515145106618	0.135529508667521
6255.186003925098	0.005357831346570181	0.9973298435931686	0.9991521419354815	0.1355150812387459
6255.372650209897	0.005358685339629348	0.9973306945904534	0.9991527691887702	0.13550065687355733
6255.559266751169	0.00535953937854252	0.9973315452266358	0.9991533962706336	0.13548623557098083
6255.74585355679	0.0053603934633071545	0.997332395501906	0.9991540231811772	0.13547181733004254
6255.9324106346485	0.005361247593920716	0.997333245416456	0.9991546499205084	0.13545740214976895
6256.118937992612	0.005362101770380662	0.9973340949704759	0.9991552764887319	0.135442990029187
6256.305435638557	0.005362955992684458	0.9973349441641572	0.9991559028859539	0.13542858096732394
6256.491903580355	0.0053638102608295655	0.9973357929976908	0.9991565291122805	0.13541417496320768
6256.678341825875	0.00536466457481345	0.9973366414712668	0.9991571551678172	0.13539977201586623
6256.864750382981	0.005365518934633579	0.997337489585076	0.9991577810526698	0.13538537212432822
6257.051129259532	0.005366373340287411	0.9973383373393087	0.9991584067669438	0.1353709752876226
6257.237478463387	0.0053672277917724085	0.9973391847341546	0.9991590323107444	0.13535658150477864
6257.4237980024	0.00536808228908604	0.9973400317698042	0.9991596576841771	0.13534219077482626
6257.610087884428	0.005368936832225776	0.9973408784464479	0.9991602828873479	0.13532780309679557
6257.796348117319	0.0053697914211890746	0.9973417247642751	0.9991609079203614	0.13531341846971728
6257.982578708922	0.005370646055973407	0.9973425707234754	0.9991615327833228	0.13529903689262227
6258.168779667082	0.005371500736576239	0.997343416324239	0.9991621574763381	0.13528465836454215
6258.3549509996365	0.005372355462995038	0.997344261566755	0.9991627819995118	0.13527028288450862
6258.541092714426	0.0053732102352272715	0.9973451064512132	0.9991634063529493	0.13525591045155408
6258.7272048192835	0.005374065053270408	0.9973459509778022	0.9991640305367551	0.13524154106471098
6258.913287322047	0.005374919917121915	0.997346795146712	0.9991646545510344	0.13522717472301252
6259.099340230543	0.005375774826779263	0.9973476389581307	0.999165278395892	0.1352128114254921
6259.285363552596	0.005376629782239923	0.9973484824122478	0.9991659020714329	0.1351984511711836
6259.4713572960345	0.005377484783501362	0.9973493255092523	0.9991665255777616	0.13518409395912143
6259.657321468676	0.005378339830561054	0.9973501682493321	0.9991671489149828	0.13516973978834007
6259.843256078338	0.005379194923416465	0.9973510106326764	0.9991677720832008	0.13515538865787483
6260.029161132839	0.005380050062065071	0.9973518526594735	0.9991683950825209	0.13514104056676107
6260.215036639992	0.00538090524650434	0.9973526943299112	0.9991690179130468	0.13512669551403478
6260.400882607606	0.005381760476731749	0.9973535356441791	0.9991696405748837	0.1351123534987323
6260.586699043486	0.0053826157527447635	0.9973543766024637	0.9991702630681348	0.13509801451989034
6260.772485955435	0.005383471074540865	0.9973552172049537	0.9991708853929051	0.13508367857654602
6260.958243351258	0.005384326442117524	0.9973560574518374	0.9991715075492992	0.13506934566773687
6261.143971238747	0.005385181855472212	0.9973568973433015	0.9991721295374202	0.13505501579250084
6261.329669625701	0.005386037314602404	0.997357736879534	0.9991727513573729	0.1350406889498763
6261.515338519914	0.005386892819505577	0.997358576060723	0.9991733730092612	0.13502636513890204
6261.700977929173	0.005387748370179203	0.9973594148870552	0.9991739944931891	0.1350120443586172
6261.886587861267	0.005388603966620759	0.997360253358718	0.9991746158092603	0.13499772660806125
6262.0721683239735	0.005389459608827723	0.997361091475898	0.9991752369575784	0.13498341188627425
6262.257719325076	0.00539031529679757	0.9973619292387833	0.9991758579382475	0.13496910019229666
6262.443240872353	0.005391171030527779	0.9973627666475601	0.9991764787513713	0.1349547915251692
6262.628732973582	0.005392026810015825	0.9973636037024152	0.9991770993970532	0.13494048588393295
6262.814195636535	0.005392882635259189	0.9973644404035356	0.999177719875397	0.1349261832676297
6262.99962886898	0.005393738506255345	0.9973652767511075	0.9991783401865062	0.13491188367530127
6263.1850326786835	0.005394594423001775	0.9973661127453176	0.9991789603304839	0.1348975871059901
6263.370407073406	0.005395450385495953	0.997366948386352	0.9991795803074335	0.13488329355873901
6263.555752060909	0.005396306393735366	0.9973677836743966	0.9991802001174583	0.1348690030325912
6263.741067648953	0.005397162447717491	0.9973686186096382	0.9991808197606619	0.13485471552659034
6263.926353845296	0.005398018547439809	0.9973694531922621	0.9991814392371472	0.1348404310397803
6264.1116106576865	0.0053988746928998015	0.9973702874224548	0.9991820585470175	0.13482614957120567
6264.296838093872	0.005399730884094945	0.9973711213004013	0.9991826776903755	0.13481187111991105
6264.4820361616	0.005400587121022727	0.9973719548262876	0.9991832966673241	0.13479759568494185
6264.667204868616	0.005401443403680626	0.997372788000299	0.9991839154779668	0.13478332326534356
6264.852344222661	0.005402299732066131	0.997373620822621	0.9991845341224062	0.13476905386016227
6265.037454231468	0.005403156106176717	0.9973744532934387	0.9991851526007446	0.13475478746844438
6265.222534902778	0.005404012526009873	0.9973752854129376	0.9991857709130855	0.1347405240892367
6265.407586244319	0.005404868991563078	0.9973761171813023	0.9991863890595308	0.1347262637215865
6265.592608263824	0.005405725502833823	0.9973769485987181	0.9991870070401836	0.1347120063645413
6265.777600969018	0.005406582059819587	0.9973777796653693	0.9991876248551459	0.13469775201714929
6265.962564367623	0.0054074386625178605	0.9973786103814408	0.9991882425045211	0.13468350067845872
6266.147498467362	0.005408295310926127	0.9973794407471175	0.9991888599884109	0.1346692523475186
6266.332403275951	0.005409152005041869	0.9973802707625831	0.9991894773069174	0.1346550070233779
6266.517278801108	0.005410008744862575	0.9973811004280225	0.9991900944601433	0.13464076470508646
6266.702125050543	0.005410865530385737	0.9973819297436198	0.9991907114481908	0.13462652539169423
6266.886942031969	0.005411722361608839	0.9973827587095591	0.9991913282711623	0.1346122890822516
6267.07172975309	0.005412579238529369	0.9973835873260241	0.9991919449291595	0.13459805577580952
6267.256488221606	0.005413436161144815	0.997384415593199	0.9991925614222844	0.13458382547141906
6267.441217445219	0.005414293129452663	0.9973852435112671	0.9991931777506385	0.13456959816813188
6267.625917431636	0.005415150143450407	0.9973860710804126	0.9991937939143247	0.134555373865
6267.810588188543	0.005416007203135533	0.9973868983008183	0.9991944099134443	0.1345411525610759
6267.995229723636	0.005416864308505535	0.9973877251726679	0.9991950257480986	0.1345269342554123
6268.179842044603	0.005417721459557898	0.997388551696145	0.9991956414183902	0.13451271894706252
6268.364425159134	0.00541857865629012	0.9973893778714323	0.9991962569244202	0.13449850663508003
6268.548979074913	0.005419435898699685	0.9973902036987137	0.9991968722662908	0.134484297318519
6268.733503799618	0.00542029318678409	0.9973910291781711	0.9991974874441029	0.1344700909964337
6268.917999340931	0.005421150520540826	0.9973918543099879	0.999198102457958	0.13445588766787903
6269.102465706524	0.005422007899967383	0.9973926790943464	0.9991987173079574	0.13444168733191017
6269.286902904069	0.005422865325061259	0.9973935035314293	0.9991993319942024	0.1344274899875826
6269.47131094124	0.005423722795819944	0.9973943276214191	0.9991999465167946	0.1344132956339524
6269.655689825701	0.005424580312240934	0.9973951513644983	0.9992005608758348	0.13439910427007595
6269.840039565121	0.005425437874321719	0.9973959747608491	0.9992011750714247	0.13438491589501006
6270.0243601671555	0.0054262954820597994	0.9973967978106536	0.9992017891036649	0.13437073050781193
6270.208651639467	0.005427153135452668	0.997397620514094	0.9992024029726566	0.13435654810753905
6270.392913989705	0.005428010834497819	0.9973984428713516	0.9992030166785003	0.13434236869324942
6270.577147225531	0.00542886857919275	0.9973992648826084	0.9992036302212972	0.1343281922640014
6270.761351354593	0.0054297263695349575	0.9974000865480466	0.9992042436011482	0.1343140188188538
6270.945526384538	0.005430584205521939	0.9974009078678477	0.9992048568181546	0.1342998483568658
6271.129672323011	0.005431442087151193	0.9974017288421926	0.9992054698724162	0.13428568087709677
6271.313789177651	0.005432300014420214	0.9974025494712627	0.999206082764034	0.13427151637860685
6271.4978769561	0.005433157987326502	0.9974033697552394	0.9992066954931085	0.13425735486045628
6271.681935665993	0.005434016005867555	0.9974041896943036	0.99920730805974	0.1342431963217058
6271.865965314961	0.005434874070040874	0.9974050092886365	0.999207920464029	0.13422904076141653
6272.049965910638	0.00543573217984396	0.9974058285384191	0.9992085327060762	0.13421488817865004
6272.233937460652	0.0054365903352743055	0.9974066474438318	0.9992091447859818	0.13420073857246814
6272.417879972625	0.005437448536329419	0.9974074660050553	0.9992097567038457	0.13418659194193325
6272.601793454182	0.005438306783006796	0.9974082842222701	0.9992103684597687	0.134172448286108
6272.785677912944	0.005439165075303944	0.997409102095657	0.999210980053851	0.13415830760405553
6272.969533356526	0.005440023413218358	0.9974099196253962	0.999211591486192	0.1341441698948393
6273.15335979254	0.005440881796747545	0.9974107368116679	0.999212202756892	0.13413003515752317
6273.337157228599	0.0054417402258890015	0.9974115536546516	0.9992128138660509	0.13411590339117146
6273.520925672309	0.005442598700640234	0.9974123701545275	0.9992134248137682	0.13410177459484868
6273.704665131278	0.005443457220998746	0.9974131863114758	0.9992140356001444	0.13408764876762003
6273.888375613107	0.005444315786962045	0.997414002125676	0.999214646225279	0.13407352590855084
6274.072057125397	0.005445174398527628	0.9974148175973079	0.9992152566892717	0.13405940601670704
6274.255709675745	0.005446033055693006	0.9974156327265509	0.9992158669922224	0.13404528909115482
6274.4393332717445	0.005446891758455683	0.9974164475135846	0.9992164771342303	0.13403117513096083
6274.622927920989	0.005447750506813161	0.9974172619585877	0.9992170871153949	0.13401706413519213
6274.8064936310675	0.005448609300762949	0.9974180760617398	0.9992176969358159	0.13400295610291588
6274.990030409565	0.0054494681403025515	0.99741888982322	0.9992183065955924	0.13398885103320013
6275.173538264066	0.005450327025429482	0.9974197032432077	0.9992189160948244	0.13397474892511288
6275.357017202146	0.005451185956141236	0.9974205163218804	0.9992195254336101	0.1339606497777228
6275.540467231384	0.005452044932435326	0.9974213290594174	0.9992201346120492	0.1339465535900987
6275.723888359362	0.005452903954309262	0.9974221414559977	0.999220743630241	0.1339324603613101
6275.907280593646	0.005453763021760556	0.9974229535118001	0.9992213524882846	0.13391837009042662
6276.090643941806	0.005454622134786712	0.9974237652270025	0.9992219611862789	0.13390428277651847
6276.27397841141	0.005455481293385242	0.9974245766017831	0.9992225697243228	0.13389019841865613
6276.457284010021	0.005456340497553652	0.9974253876363198	0.9992231781025152	0.13387611701591046
6276.640560745201	0.0054571997472894545	0.9974261983307912	0.999223786320955	0.13386203856735282
6276.823808624509	0.0054580590425901635	0.9974270086853753	0.9992243943797411	0.13384796307205474
6277.007027655498	0.005458918383453283	0.9974278187002495	0.9992250022789719	0.1338338905290885
6277.19021784572	0.005459777769876329	0.9974286283755917	0.9992256100187462	0.1338198209375264
6277.373379202728	0.005460637201856811	0.9974294377115791	0.9992262175991624	0.13380575429644131
6277.556511734069	0.005461496679392247	0.9974302467083899	0.9992268250203197	0.1337916906049065
6277.739615447289	0.005462356202480144	0.9974310553662014	0.9992274322823161	0.1337776298619956
6277.922690349928	0.005463215771118021	0.9974318636851909	0.9992280393852502	0.13376357206678252
6278.105736449522	0.0054640753853033835	0.9974326716655346	0.9992286463292197	0.13374951721834163
6278.288753753608	0.00546493504503375	0.9974334793074101	0.9992292531143233	0.1337354653157478
6278.471742269724	0.005465794750306635	0.9974342866109949	0.9992298597406595	0.13372141635807616
6278.6547020053995	0.005466654501119554	0.9974350935764655	0.9992304662083261	0.13370737034440228
6278.83763296816	0.005467514297470023	0.9974359002039985	0.9992310725174215	0.13369332727380207
6279.0205351655295	0.0054683741393555555	0.9974367064937706	0.9992316786680434	0.13367928714535185
6279.203408605037	0.005469234026773673	0.9974375124459584	0.9992322846602905	0.13366524995812837
6279.386253294198	0.005470093959721882	0.9974383180607381	0.9992328904942601	0.1336512157112087
6279.569069240528	0.005470953938197709	0.9974391233382859	0.9992334961700495	0.13363718440367023
6279.751856451545	0.0054718139621986695	0.9974399282787783	0.9992341016877562	0.1336231560345907
6279.934614934757	0.005472674031722278	0.9974407328823909	0.9992347070474803	0.13360913060304874
6280.117344697674	0.005473534146766053	0.9974415371492996	0.9992353122493234	0.13359510810812336
6280.300045747805	0.005474394307327517	0.9974423410796809	0.9992359172933759	0.13358108854889275
6280.482718092648	0.005475254513404188	0.9974431446737101	0.9992365221797193	0.13356707192443468
6280.665361739709	0.005476114764993586	0.9974439479315629	0.999237126908446	0.13355305823382815
6280.847976696481	0.005476975062093226	0.9974447508534148	0.9992377314796671	0.13353904747615497
6281.030562970463	0.005477835404700637	0.9974455534394411	0.9992383358934916	0.13352503965049692
6281.213120569143	0.005478695792813331	0.997446355689817	0.9992389401500172	0.13351103475593504
6281.395649500015	0.005479556226428835	0.9974471576047179	0.9992395442493394	0.13349703279155034
6281.578149770565	0.005480416705544669	0.9974479591843187	0.9992401481915545	0.13348303375642456
6281.760621388277	0.005481277230158355	0.9974487604287947	0.9992407519767611	0.13346903764963985
6281.943064360628	0.005482137800267418	0.9974495613383205	0.9992413556050554	0.1334550444702786
6282.125478695102	0.005482998415869379	0.9974503619130709	0.9992419590765352	0.13344105421742375
6282.307864399175	0.0054838590769617605	0.9974511621532203	0.999242562391297	0.13342706689015846
6282.490221480317	0.005484719783542088	0.9974519620589435	0.9992431655494378	0.13341308248756642
6282.672549946003	0.005485580535607885	0.9974527616304146	0.9992437685510541	0.13339910100873145
6282.854849803696	0.005486441333156672	0.9974535608678083	0.999244371396243	0.13338512245273812
6283.037121060865	0.0054873021761859845	0.9974543597712986	0.9992449740851013	0.13337114681867104
6283.219363724969	0.005488163064693339	0.9974551583410596	0.9992455766177255	0.13335717410561543
6283.401577803471	0.005489023998676265	0.9974559565772654	0.9992461789942122	0.13334320431265678
6283.583763303822	0.0054898849781322865	0.9974567544800892	0.9992467812146574	0.13332923743888095
6283.7659202334835	0.0054907460030589345	0.9974575520497059	0.9992473832791585	0.13331527348337435
6283.9480485999065	0.005491607073453733	0.9974583492862882	0.9992479851878115	0.13330131244522345
6284.130148410537	0.005492468189314211	0.9974591461900105	0.9992485869407132	0.1332873543235155
6284.312219672818	0.005493329350637893	0.9974599427610451	0.9992491885379586	0.13327339911733763
6284.4942623942	0.0054941905574223135	0.9974607389995664	0.9992497899796453	0.13325944682577798
6284.676276582115	0.0054950518096649964	0.9974615349057468	0.9992503912658686	0.1332454974479244
6284.858262244008	0.005495913107363474	0.9974623304797597	0.999250992396725	0.13323155098286565
6285.040219387314	0.005496774450515275	0.9974631257217786	0.9992515933723108	0.13321760742969066
6285.222148019461	0.00549763583911793	0.997463920631976	0.9992521941927219	0.13320366678748866
6285.404048147883	0.005498497273168967	0.9974647152105245	0.9992527948580538	0.13318972905534943
6285.5859197800055	0.0054993587526659185	0.9974655094575969	0.9992533953684025	0.13317579423236298
6285.767762923253	0.005500220277606319	0.9974663033733657	0.9992539957238639	0.1331618623176198
6285.949577585048	0.005501081847987699	0.9974670969580038	0.9992545959245343	0.13314793331021071
6286.13136377281	0.00550194346380759	0.9974678902116829	0.9992551959705088	0.13313400720922688
6286.313121493951	0.00550280512506352	0.9974686831345755	0.999255795861883	0.1331200840137599
6286.494850755891	0.00550366683175303	0.9974694757268542	0.9992563955987526	0.1331061637229018
6286.676551566039	0.005504528583873648	0.9974702679886907	0.9992569951812134	0.1330922463357449
6286.8582239318	0.005505390381422911	0.9974710599202566	0.9992575946093605	0.13307833185138188
6287.039867860582	0.005506252224398355	0.997471851521724	0.9992581938832897	0.13306442026890583
6287.221483359786	0.005507114112797509	0.9974726427932648	0.999258793003096	0.13305051158741027
6287.403070436815	0.005507976046617913	0.9974734337350505	0.9992593919688745	0.13303660580598897
6287.584629099067	0.005508838025857098	0.9974742243472524	0.9992599907807211	0.1330227029237363
6287.7661593539315	0.0055097000505126064	0.9974750146300416	0.9992605894387303	0.13300880293974668
6287.947661208806	0.005510562120581967	0.9974758045835902	0.9992611879429977	0.13299490585311527
6288.129134671078	0.005511424236062726	0.997476594208069	0.9992617862936183	0.13298101166293722
6288.310579748136	0.005512286396952414	0.9974773835036491	0.9992623844906872	0.13296712036830846
6288.491996447359	0.005513148603248569	0.9974781724705012	0.9992629825342987	0.13295323196832493
6288.673384776133	0.00551401085494873	0.9974789611087966	0.9992635804245483	0.13293934646208325
6288.854744741838	0.005514873152050437	0.997479749418706	0.9992641781615309	0.13292546384868023
6289.036076351845	0.005515735494551228	0.9974805374003994	0.9992647757453407	0.132911584127213
6289.21737961353	0.005516597882448643	0.9974813250540481	0.9992653731760728	0.13289770729677927
6289.398654534265	0.005517460315740221	0.9974821123798221	0.9992659704538217	0.13288383335647694
6289.579901121413	0.005518322794423503	0.9974828993778917	0.999266567578682	0.13286996230540443
6289.761119382346	0.0055191853184960275	0.9974836860484275	0.9992671645507483	0.13285609414266045
6289.942309324421	0.005520047887955339	0.9974844723915995	0.9992677613701154	0.13284222886734415
6290.1234709550035	0.005520910502798976	0.9974852584075776	0.999268358036877	0.1328283664785549
6290.304604281445	0.005521773163024478	0.9974860440965312	0.9992689545511276	0.13281450697539257
6290.485709311105	0.005522635868629396	0.9974868294586312	0.9992695509129622	0.13280065035695746
6290.66678605133	0.005523498619611265	0.9974876144940463	0.9992701471224744	0.13278679662235007
6290.8478345094745	0.005524361415967632	0.9974883992029467	0.9992707431797588	0.13277294577067145
6291.028854692882	0.005525224257696039	0.9974891835855018	0.9992713390849091	0.1327590978010229
6291.209846608897	0.005526087144794026	0.9974899676418805	0.9992719348380193	0.13274525271250617
6291.3908102648675	0.005526950077259147	0.9974907513722531	0.9992725304391844	0.13273141050422332
6291.571745668122	0.00552781305508894	0.9974915347767878	0.9992731258884973	0.1327175711752768
6291.752652826002	0.005528676078280952	0.9974923178556538	0.9992737211860523	0.13270373472476943
6291.933531745836	0.005529539146832728	0.9974931006090201	0.9992743163319427	0.13268990115180443
6292.11438243496	0.005530402260741813	0.9974938830370557	0.999274911326263	0.13267607045548535
6292.2952049007	0.005531265420005755	0.9974946651399293	0.999275506169107	0.1326622426349161
6292.475999150382	0.005532128624622105	0.9974954469178099	0.9992761008605682	0.13264841768920113
6292.656765191328	0.005532991874588399	0.9974962283708655	0.9992766954007396	0.132634595617445
6292.837503030857	0.005533855169902196	0.9974970094992647	0.9992772897897151	0.13262077641875286
6293.0182126762875	0.005534718510561039	0.9974977903031755	0.9992778840275883	0.13260696009223005
6293.198894134934	0.0055355818965624765	0.9974985707827666	0.999278478114453	0.1325931466369824
6293.379547414108	0.005536445327904057	0.9974993509382059	0.9992790720504022	0.13257933605211614
6293.56017252112	0.0055373088045833335	0.9975001307696617	0.999279665835529	0.13256552833673774
6293.74076946328	0.0055381723265978565	0.9975009102773023	0.9992802594699274	0.13255172348995417
6293.9213382478865	0.005539035893945168	0.9975016894612939	0.9992808529536896	0.1325379215108726
6294.101878882246	0.005539899506622828	0.9975024683218059	0.9992814462869097	0.13252412239860076
6294.282391373652	0.005540763164628381	0.9975032468590049	0.9992820394696802	0.1325103261522467
6294.462875729403	0.005541626867959382	0.9975040250730589	0.9992826325020944	0.1324965327709187
6294.643331956791	0.005542490616613381	0.9975048029641348	0.999283225384245	0.13248274225372558
6294.823760063111	0.005543354410587934	0.9975055805324003	0.9992838181162252	0.13246895459977645
6295.00416005565	0.005544218249880587	0.9975063577780227	0.9992844106981281	0.13245516980818095
6295.184531941692	0.0055450821344889	0.9975071347011687	0.9992850031300461	0.13244138787804868
6295.364875728518	0.00554594606441042	0.9975079113020051	0.9992855954120717	0.13242760880849005
6295.5451914234145	0.005546810039642707	0.9975086875806991	0.9992861875442982	0.13241383259861553
6295.725479033656	0.005547674060183312	0.9975094635374178	0.9992867795268181	0.13240005924753623
6295.9057385665155	0.0055485381260297895	0.9975102391723273	0.9992873713597238	0.13238628875436342
6296.085970029268	0.005549402237179697	0.9975110144855948	0.999287963043108	0.13237252111820874
6296.266173429182	0.0055502663936305855	0.9975117894773856	0.9992885545770627	0.13235875633818436
6296.446348773526	0.0055511305953800175	0.9975125641478669	0.9992891459616807	0.13234499441340258
6296.626496069565	0.005551994842425545	0.997513338497205	0.9992897371970547	0.1323312353429764
6296.806615324564	0.005552859134764728	0.9975141125255663	0.999290328283277	0.13231747912601882
6296.986706545775	0.00555372347239512	0.9975148862331163	0.999290919220439	0.1323037257616435
6297.166769740458	0.005554587855314281	0.9975156596200211	0.9992915100086336	0.13228997524896421
6297.3468049158655	0.005555452283519764	0.9975164326864457	0.9992921006479524	0.13227622758709523
6297.526812079251	0.0055563167570091354	0.9975172054325571	0.9992926911384877	0.1322624827751513
6297.706791237866	0.005557181275779951	0.9975179778585207	0.9992932814803323	0.13224874081224738
6297.886742398953	0.005558045839829771	0.9975187499645015	0.9992938716735769	0.1322350016974988
6298.066665569756	0.005558910449156152	0.9975195217506656	0.9992944617183142	0.13222126543002133
6298.246560757515	0.005559775103756658	0.9975202932171775	0.9992950516146356	0.13220753200893098
6298.42642796947	0.005560639803628843	0.9975210643642031	0.9992956413626333	0.1321938014333443
6298.606267212857	0.005561504548770274	0.9975218351919071	0.9992962309623986	0.13218007370237808
6298.786078494913	0.005562369339178514	0.997522605700455	0.9992968204140239	0.1321663488151496
6298.965861822861	0.00556323417485112	0.9975233758900115	0.9992974097176003	0.13215262677077627
6299.1456172039325	0.005564099055785656	0.9975241457607411	0.9992979988732192	0.13213890756837604
6299.325344645353	0.005564963981979683	0.9975249153128088	0.9992985878809726	0.1321251912070672
6299.5050441543435	0.005565828953430766	0.9975256845463792	0.9992991767409516	0.13211147768596845
6299.684715738128	0.005566693970136468	0.997526453461617	0.999299765453248	0.1320977670041988
6299.864359403922	0.005567559032094352	0.9975272220586867	0.9993003540179527	0.13208405916087762
6300.0439751589365	0.005568424139301984	0.9975279903377514	0.9993009424351569	0.13207035415512455
6300.223563010389	0.005569289291756928	0.9975287582989766	0.9993015307049523	0.1320566519860597
6300.403122965485	0.005570154489456748	0.997529525942526	0.9993021188274298	0.13204295265280366
6300.582655031439	0.0055710197323990095	0.9975302932685637	0.999302706802681	0.13202925615447716
6300.762159215448	0.005571885020581278	0.9975310602772538	0.9993032946307964	0.13201556249020152
6300.941635524718	0.005572750354001121	0.9975318269687596	0.9993038823118672	0.1320018716590981
6301.1210839664445	0.005573615732656108	0.9975325933432447	0.9993044698459842	0.13198818366028886
6301.300504547826	0.005574481156543799	0.9975333594008731	0.9993050572332384	0.13197449849289614
6301.479897276058	0.0055753466256617664	0.997534125141808	0.9993056444737206	0.1319608161560425
6301.659262158333	0.005576212140007577	0.9975348905662135	0.999306231567522	0.1319471366488511
6301.838599201838	0.005577077699578804	0.9975356556742521	0.9993068185147331	0.13193345997044503
6302.01790841376	0.005577943304373009	0.9975364204660877	0.9993074053154446	0.1319197861199483
6302.19718980128	0.005578808954387762	0.9975371849418826	0.9993079919697468	0.13190611509648473
6302.376443371582	0.005579674649620633	0.9975379491018002	0.9993085784777306	0.13189244689917895
6302.555669131842	0.005580540390069196	0.9975387129460029	0.9993091648394863	0.13187878152715565
6302.734867089235	0.00558140617573102	0.9975394764746542	0.9993097510551042	0.13186511897954004
6302.914037250942	0.0055822720066036734	0.9975402396879167	0.9993103371246754	0.13185145925545771
6303.093179624129	0.005583137882684726	0.9975410025859528	0.99931092304829	0.13183780235403442
6303.2722942159635	0.005584003803971751	0.997541765168925	0.9993115088260378	0.13182414827439654
6303.451381033611	0.0055848697704623225	0.9975425274369956	0.9993120944580093	0.1318104970156705
6303.630440084236	0.0055857357821540166	0.9975432893903271	0.9993126799442951	0.13179684857698348
6303.809471374998	0.005586601839044397	0.9975440510290813	0.9993132652849849	0.13178320295746263
6303.988474913057	0.005587467941131042	0.9975448123534205	0.999313850480169	0.13176956015623573
6304.167450705565	0.005588334088411523	0.9975455733635067	0.9993144355299367	0.13175592017243068
6304.34639875968	0.005589200280883418	0.9975463340595024	0.9993150204343788	0.13174228300517607
6304.525319082544	0.005590066518544296	0.9975470944415683	0.9993156051935856	0.13172864865360054
6304.704211681309	0.005590932801391735	0.9975478545098666	0.9993161898076479	0.13171501711683326
6304.883076563123	0.005591799129423313	0.9975486142645589	0.9993167742766517	0.1317013883940037
6305.061913735122	0.005592665502636598	0.9975493737058065	0.9993173586006814	0.13168776248424144
6305.2407232044525	0.0055935319210291745	0.9975501328337714	0.9993179427798377	0.131674139386677
6305.419504978248	0.005594398384598615	0.997550891648614	0.9993185268142301	0.13166051910044146
6305.598259063647	0.0055952648933424946	0.9975516501504961	0.9993191107039342	0.13164690162466536
6305.776985467777	0.005596131447258397	0.9975524083395786	0.9993196944489663	0.13163328695847795
6305.95568419777	0.005596998046343895	0.9975531662160225	0.9993202780493573	0.13161967510100928
6306.134355260751	0.005597864690596567	0.9975539237799891	0.9993208615052255	0.13160606605139208
6306.312998663846	0.00559873138001399	0.9975546810316385	0.9993214448167107	0.13159245980876008
6306.491614414179	0.005599598114593746	0.9975554379711318	0.9993220279839337	0.13157885637224678
6306.670202518863	0.00560046489433341	0.9975561945986288	0.9993226110070007	0.1315652557409858
6306.848762985022	0.0056013317192305685	0.9975569509142913	0.9993231938860114	0.13155165791411072
6307.027295819768	0.005602198589282797	0.997557706918279	0.9993237766210508	0.13153806289075531
6307.205801030211	0.005603065504487679	0.997558462610752	0.9993243592122034	0.13152447067005338
6307.384278623462	0.0056039324648427934	0.9975592179918711	0.9993249416595595	0.13151088125113966
6307.562728606631	0.005604799470345724	0.9975599730617963	0.9993255239632087	0.13149729463314888
6307.741150986813	0.005605666520994047	0.997560727820687	0.9993261061232392	0.1314837108152162
6307.919545771117	0.00560653361678535	0.9975614822687037	0.9993266881397402	0.13147012979647718
6308.097912966636	0.005607400757717212	0.9975622364060056	0.9993272700127998	0.13145655157606762
6308.276252580469	0.005608267943787214	0.9975629902327529	0.999327851742507	0.1314429761531239
6308.454564619712	0.005609135174992947	0.9975637437491046	0.9993284333289507	0.13142940352678245
6308.632849091456	0.005610002451331989	0.9975644969552213	0.9993290147722194	0.1314158336961804
6308.811106002788	0.00561086977280193	0.9975652498512618	0.9993295960724013	0.13140226666045496
6308.989335360795	0.005611737139400349	0.9975660024373855	0.9993301772295847	0.1313887024187439
6309.167537172561	0.005612604551124835	0.9975667547137513	0.999330758243858	0.1313751409701851
6309.345711445166	0.005613472007972966	0.9975675066805184	0.9993313391153099	0.131361582313917
6309.523858185688	0.005614339509942333	0.9975682583378459	0.999331919844028	0.13134802644907825
6309.701977401207	0.005615207057030525	0.997569009685893	0.9993325004301015	0.13133447337480803
6309.88006909879	0.005616074649235126	0.9975697607248182	0.9993330808736175	0.1313209230902457
6310.058133285514	0.005616942286553722	0.9975705114547805	0.9993336611746652	0.13130737559453107
6310.2361699684425	0.0056178099689839014	0.9975712618759383	0.9993342413333317	0.13129383088680427
6310.414179154644	0.005618677696523251	0.9975720119884501	0.9993348213497055	0.13128028896620583
6310.592160851184	0.005619545469169362	0.9975727617924749	0.9993354012238749	0.13126674983187653
6310.770115065122	0.0056204132869198216	0.9975735112881703	0.999335980955927	0.1312532134829576
6310.948041803515	0.005621281149772215	0.9975742604756948	0.99933656054595	0.1312396799185905
6311.125941073418	0.005622149057724138	0.9975750093552062	0.9993371399940317	0.13122614913791725
6311.303812881882	0.005623017010773172	0.9975757579268628	0.9993377193002595	0.13121262114007992
6311.481657235961	0.005623885008916918	0.9975765061908228	0.9993382984647218	0.1311990959242213
6311.659474142706	0.0056247530521529605	0.9975772541472441	0.9993388774875058	0.13118557348948434
6311.837263609161	0.005625621140478891	0.9975780017962841	0.9993394563686991	0.13117205383501218
6312.015025642368	0.005626489273892301	0.9975787491381006	0.9993400351083898	0.1311585369599487
6312.192760249365	0.005627357452390785	0.9975794961728514	0.9993406137066646	0.13114502286343765
6312.370467437193	0.005628225675971929	0.9975802429006936	0.9993411921636114	0.1311315115446236
6312.548147212886	0.005629093944633332	0.9975809893217842	0.9993417704793167	0.13111800300265103
6312.725799583478	0.0056299622583725825	0.9975817354362811	0.9993423486538692	0.13110449723666528
6312.903424556001	0.0056308306171872794	0.9975824812443417	0.9993429266873556	0.13109099424581158
6313.08102213748	0.0056316990210750146	0.9975832267461224	0.999343504579863	0.13107749402923566
6313.2585923349425	0.0056325674700333775	0.9975839719417805	0.9993440823314784	0.13106399658608375
6313.436135155411	0.005633435964059969	0.9975847168314728	0.999344659942289	0.13105050191550213
6313.613650605905	0.005634304503152381	0.9975854614153561	0.9993452374123821	0.1310370100166378
6313.791138693447	0.005635173087308211	0.9975862056935875	0.9993458147418451	0.1310235208886378
6313.968599425044	0.0056360417165250525	0.9975869496663228	0.9993463919307641	0.1310100345306497
6314.146032807718	0.005636910390800504	0.9975876933337193	0.9993469689792268	0.13099655094182125
6314.3234388484725	0.005637779110132159	0.9975884366959327	0.9993475458873197	0.13098307012130073
6314.500817554319	0.00563864787451762	0.99758917975312	0.9993481226551297	0.13096959206823675
6314.678168932261	0.00563951668395448	0.997589922505437	0.9993486992827434	0.1309561167817781
6314.8554929893	0.005640385538440339	0.9975906649530395	0.9993492757702473	0.1309426442610741
6315.032789732437	0.005641254437972789	0.9975914070960834	0.9993498521177278	0.1309291745052741
6315.210059168673	0.0056421233825494355	0.9975921489347255	0.9993504283252725	0.13091570751352838
6315.387301305001	0.005642992372167879	0.997592890469121	0.9993510043929675	0.13090224328498706
6315.5645161484135	0.005643861406825717	0.9975936316994263	0.9993515803208995	0.1308887818188009
6315.741703705905	0.005644730486520549	0.9975943726257966	0.9993521561091551	0.13087532311412078
6315.918863984459	0.005645599611249973	0.9975951132483872	0.9993527317578197	0.13086186717009796
6316.095996991061	0.005646468781011591	0.9975958535673536	0.9993533072669802	0.1308484139858842
6316.2731027326945	0.0056473379958030066	0.9975965935828517	0.9993538826367233	0.13083496356063165
6316.450181216341	0.005648207255621821	0.9975973332950365	0.9993544578671352	0.13082151589349256
6316.627232448978	0.005649076560465634	0.997598072704063	0.9993550329583019	0.13080807098361966
6316.804256437583	0.005649945910332048	0.997598811810086	0.9993556079103094	0.130794628830166
6316.98125318912	0.005650815305218664	0.9975995506132604	0.9993561827232436	0.13078118943228492
6317.15822271057	0.0056516847451230905	0.9976002891137422	0.9993567573971911	0.13076775278913028
6317.335165008891	0.0056525542300429246	0.9976010273116848	0.9993573319322371	0.13075431889985623
6317.512080091056	0.005653423759975773	0.9976017652072435	0.9993579063284682	0.1307408877636171
6317.688967964028	0.005654293334919242	0.9976025028005732	0.9993584805859705	0.13072745937956776
6317.865828634764	0.005655162954870933	0.997603240091828	0.9993590547048296	0.1307140337468633
6318.042662110223	0.005656032619828457	0.9976039770811624	0.9993596286851311	0.1307006108646592
6318.21946839736	0.005656902329789412	0.9976047137687308	0.9993602025269607	0.13068719073211138
6318.396247503129	0.005657772084751408	0.9976054501546875	0.9993607762304042	0.13067377334837585
6318.57299943448	0.005658641884712051	0.9976061862391863	0.9993613497955471	0.13066035871260934
6318.749724198362	0.005659511729668947	0.997606922022381	0.9993619232224752	0.13064694682396852
6318.926421801716	0.005660381619619701	0.9976076575044257	0.9993624965112737	0.1306335376816107
6319.103092251494	0.005661251554561927	0.997608392685475	0.9993630696620289	0.13062013128469344
6319.279735554625	0.005662121534493223	0.9976091275656818	0.9993636426748251	0.1306067276323745
6319.456351718056	0.005662991559411207	0.9976098621452003	0.9993642155497485	0.13059332672381224
6319.632940748718	0.005663861629313481	0.9976105964241834	0.9993647882868842	0.13057992855816522
6319.809502653547	0.005664731744197658	0.9976113304027847	0.9993653608863173	0.13056653313459243
6319.986037439472	0.005665601904061347	0.9976120640811581	0.9993659333481334	0.130553140452253
6320.162545113423	0.005666472108902154	0.9976127974594565	0.9993665056724177	0.13053975051030664
6320.339025682322	0.005667342358717694	0.9976135305378329	0.9993670778592545	0.13052636330791323
6320.515479153096	0.005668212653505575	0.9976142633164409	0.9993676499087297	0.13051297884423313
6320.691905532665	0.005669082993263414	0.9976149957954333	0.9993682218209281	0.13049959711842699
6320.868304827945	0.005669953377988812	0.9976157279749628	0.9993687935959348	0.13048621812965566
6321.044677045854	0.00567082380767939	0.9976164598551822	0.9993693652338347	0.13047284187708066
6321.2210221933055	0.0056716942823327515	0.9976171914362442	0.9993699367347122	0.1304594683598635
6321.39734027721	0.005672564801946516	0.9976179227183013	0.9993705080986524	0.13044609757716624
6321.573631304475	0.005673435366518294	0.9976186537015066	0.9993710793257405	0.13043272952815124
6321.749895282008	0.005674305976045701	0.997619384386012	0.9993716504160609	0.13041936421198108
6321.926132216708	0.005675176630526348	0.9976201147719701	0.9993722213696982	0.13040600162781896
6322.102342115482	0.005676047329957852	0.9976208448595332	0.9993727921867371	0.13039264177482812
6322.278524985229	0.005676918074337827	0.9976215746488531	0.9993733628672623	0.1303792846521724
6322.454680832841	0.005677788863663886	0.9976223041400821	0.9993739334113578	0.13036593025901574
6322.630809665213	0.005678659697933645	0.997623033333372	0.9993745038191085	0.1303525785945225
6322.806911489235	0.0056795305771447195	0.9976237622288749	0.999375074090599	0.13033922965785755
6322.982986311797	0.0056804015012947295	0.9976244908267425	0.9993756442259135	0.13032588344818583
6323.159034139785	0.005681272470381287	0.9976252191271265	0.9993762142251361	0.1303125399646729
6323.335054980085	0.005682143484402014	0.9976259471301786	0.9993767840883516	0.1302991992064844
6323.511048839579	0.005683014543354523	0.9976266748360502	0.9993773538156439	0.1302858611727865
6323.687015725142	0.005683885647236435	0.9976274022448923	0.9993779234070967	0.13027252586274554
6323.862955643651	0.005684756796045364	0.9976281293568567	0.9993784928627949	0.13025919327552832
6324.038868601982	0.0056856279897789345	0.9976288561720947	0.9993790621828225	0.13024586341030198
6324.214754607005	0.005686499228434757	0.9976295826907566	0.999379631367263	0.13023253626623393
6324.390613665591	0.00568737051201046	0.9976303089129946	0.9993802004162009	0.13021921184249205
6324.566445784607	0.00568824184050366	0.9976310348389593	0.9993807693297194	0.13020589013824432
6324.742250970914	0.005689113213911974	0.9976317604688012	0.999381338107903	0.13019257115265934
6324.918029231375	0.0056899846322330284	0.9976324858026713	0.9993819067508355	0.13017925488490584
6325.093780572853	0.005690856095464439	0.9976332108407202	0.9993824752586005	0.13016594133415302
6325.269505002201	0.005691727603603827	0.9976339355830984	0.9993830436312818	0.13015263049957024
6325.445202526276	0.005692599156648819	0.9976346600299566	0.9993836118689632	0.13013932238032744
6325.6208731519255	0.00569347075459703	0.9976353841814444	0.9993841799717273	0.13012601697559464
6325.796516886005	0.005694342397446089	0.9976361080377132	0.9993847479396594	0.13011271428454244
6325.9721337353585	0.00569521408519362	0.9976368315989131	0.9993853157728421	0.13009941430634173
6326.147723706833	0.005696085817837238	0.9976375548651937	0.9993858834713587	0.13008611704016357
6326.323286807269	0.005696957595374574	0.9976382778367056	0.9993864510352931	0.1300728224851795
6326.498823043507	0.005697829417803248	0.9976390005135981	0.9993870184647287	0.13005953064056136
6326.6743324223835	0.005698701285120889	0.9976397228960212	0.9993875857597481	0.13004624150548127
6326.849814950734	0.0056995731973251175	0.9976404449841245	0.9993881529204351	0.1300329550791118
6327.025270635391	0.00570044515441356	0.9976411667780585	0.9993887199468732	0.1300196713606258
6327.200699483185	0.005701317156383846	0.9976418882779722	0.9993892868391452	0.1300063903491965
6327.376101500946	0.005702189203233593	0.9976426094840148	0.9993898535973342	0.12999311204399727
6327.551476695497	0.005703061294960436	0.9976433303963362	0.9993904202215236	0.12997983644420205
6327.726825073659	0.005703933431561997	0.9976440510150854	0.999390986711796	0.12996656354898506
6327.902146642254	0.005704805613035906	0.9976447713404117	0.9993915530682348	0.1299532933575208
6328.077441408103	0.00570567783937979	0.9976454913724647	0.9993921192909228	0.12994002586898426
6328.25270937802	0.005706550110591275	0.9976462111113923	0.9993926853799429	0.1299267610825503
6328.427950558818	0.005707422426667989	0.9976469305573444	0.9993932513353777	0.1299134989973948
6328.603164957306	0.005708294787607564	0.9976476497104695	0.9993938171573101	0.12990023961269342
6328.778352580292	0.005709167193407625	0.9976483685709161	0.9993943828458227	0.12988698292762255
6328.953513434585	0.005710039644065809	0.9976490871388335	0.9993949484009987	0.12987372894135854
6329.128647526988	0.005710912139579737	0.9976498054143699	0.9993955138229205	0.12986047765307837
6329.303754864302	0.005711784679947047	0.9976505233976738	0.9993960791116703	0.1298472290619592
6329.478835453324	0.005712657265165364	0.9976512410888932	0.9993966442673307	0.12983398316717845
6329.653889300852	0.005713529895232322	0.9976519584881773	0.999397209289985	0.1298207399679142
6329.828916413679	0.005714402570145553	0.9976526755956736	0.9993977741797164	0.12980749946334455
6330.003916798597	0.0057152752899026875	0.9976533924115306	0.9993983389366055	0.12979426165264812
6330.1788904623945	0.005716148054501357	0.9976541089358962	0.999398903560731	0.12978102653500365
6330.35383741186	0.005717020863939198	0.9976548251689185	0.9993994680521779	0.12976779410959036
6330.528757653775	0.005717893718213839	0.9976555411107447	0.9994000324110399	0.129754564375588
6330.703651194923	0.005718766617322916	0.9976562567615235	0.9994005966374035	0.1297413373321763
6330.878518042082	0.005719639561264064	0.9976569721214016	0.9994011607313157	0.12972811297853534
6331.0533582020325	0.005720512550034914	0.9976576871905274	0.9994017246928129	0.12971489131384514
6331.228171681548	0.005721385583633102	0.9976584019690481	0.9994022885219552	0.12970167233728644
6331.402958487397	0.005722258662056263	0.997659116457111	0.9994028522188229	0.1296884560480404
6331.577718626354	0.005723131785302033	0.9976598306548635	0.9994034157835131	0.12967524244528866
6331.752452105185	0.00572400495336805	0.9976605445624529	0.9994039792161581	0.1296620315282136
6331.927158930653	0.005724878166251947	0.9976612581800265	0.9994045425168855	0.1296488232959977
6332.10183910952	0.005725751423951362	0.997661971507731	0.9994051056857786	0.12963561774782356
6332.276492648552	0.005726624726463933	0.9976626845457136	0.9994056687229055	0.12962241488287393
6332.451119554502	0.005727498073787292	0.9976633972941206	0.9994062316283417	0.12960921470033182
6332.625719834127	0.005728371465919083	0.9976641097530996	0.9994067944021736	0.12959601719938102
6332.800293494181	0.005729244902856942	0.9976648219227964	0.9994073570444842	0.1295828223792051
6332.974840541411	0.005730118384598503	0.9976655338033582	0.9994079195553552	0.12956963023898846
6333.149360982568	0.005730991911141415	0.9976662453949319	0.9994084819348671	0.12955644077791545
6333.3238548244	0.005731865482483311	0.9976669566976635	0.9994090441831014	0.12954325399517108
6333.498322073647	0.005732739098621832	0.9976676677116992	0.9994096063001389	0.12953006988994037
6333.67276273705	0.005733612759554613	0.9976683784371848	0.9994101682860613	0.12951688846140882
6333.847176821353	0.005734486465279303	0.9976690888742675	0.9994107301409502	0.12950370970876246
6334.021564333289	0.00573536021579354	0.9976697990230926	0.999411291864886	0.12949053363118715
6334.195925279592	0.005736234011094965	0.9976705088838067	0.9994118534579504	0.12947736022786965
6334.37025966699	0.005737107851181217	0.9976712184565552	0.9994124149202239	0.1294641894979965
6334.544567502215	0.005737981736049937	0.9976719277414836	0.9994129762517882	0.12945102144075507
6334.718848791994	0.005738855665698774	0.9976726367387384	0.9994135374527239	0.12943785605533276
6334.893103543052	0.005739729640125364	0.9976733454484649	0.9994140985231125	0.12942469334091736
6335.067331762111	0.005740603659327357	0.9976740538708083	0.9994146594630343	0.129411533296697
6335.241533455889	0.005741477723302389	0.9976747620059145	0.9994152202725702	0.12939837592186007
6335.415708631105	0.005742351832048111	0.9976754698539285	0.9994157809518011	0.12938522121559548
6335.589857294473	0.005743225985562161	0.9976761774149959	0.9994163415008079	0.12937206917709226
6335.763979452707	0.005744100183842192	0.9976768846892621	0.9994169019196716	0.12935891980553993
6335.938075112517	0.00574497442688584	0.9976775916768718	0.9994174622084723	0.12934577310012824
6336.112144280614	0.00574584871469076	0.9976782983779702	0.999418022367291	0.12933262906004722
6336.286186963698	0.0057467230472545905	0.9976790047927019	0.9994185823962081	0.1293194876844874
6336.460203168473	0.005747597424574981	0.997679710921212	0.9994191422953038	0.12930634897263937
6336.634192901634	0.005748471846649575	0.9976804167636445	0.9994197020646587	0.1292932129236943
6336.80815616989	0.00574934631347602	0.9976811223201454	0.9994202617043536	0.12928007953684365
6336.982092979935	0.00575022082505197	0.9976818275908584	0.999420821214469	0.12926694881127906
6337.15600333846	0.005751095381375066	0.9976825325759284	0.9994213805950847	0.1292538207461927
6337.329887252155	0.00575196998244296	0.9976832372754993	0.999421939846281	0.1292406953407768
6337.50374472771	0.0057528446282533	0.9976839416897156	0.9994224989681384	0.12922757259422427
6337.6775757718115	0.005753719318803731	0.9976846458187215	0.9994230579607369	0.1292144525057279
6337.851380391145	0.005754594054091907	0.9976853496626614	0.9994236168241569	0.12920133507448128
6338.02515859239	0.005755468834115474	0.9976860532216791	0.9994241755584784	0.12918822029967794
6338.198910382228	0.005756343658872086	0.9976867564959189	0.9994247341637816	0.12917510818051198
6338.372635767338	0.005757218528359394	0.9976874594855244	0.9994252926401461	0.12916199871617776
6338.546334754394	0.0057580934425750475	0.9976881621906394	0.9994258509876524	0.1291488919058699
6338.7200073500635	0.005758968401516695	0.9976888646114076	0.9994264092063798	0.1291357877487834
6338.893653561019	0.005759843405181991	0.9976895667479725	0.9994269672964085	0.1291226862441135
6339.0672733939255	0.005760718453568583	0.9976902686004772	0.9994275252578178	0.12910958739105594
6339.240866855455	0.005761593546674133	0.9976909701690664	0.9994280830906886	0.12909649118880667
6339.414433952267	0.005762468684496286	0.9976916714538826	0.9994286407951001	0.12908339763656196
6339.587974691022	0.0057633438670327015	0.9976923724550691	0.9994291983711316	0.1290703067335184
6339.761489078378	0.0057642190942810275	0.997693073172769	0.9994297558188631	0.1290572184788729
6339.934977120992	0.005765094366238921	0.9976937736071255	0.9994303131383739	0.1290441328718228
6340.108438825517	0.005765969682904031	0.9976944737582817	0.9994308703297434	0.12903104991156564
6340.281874198601	0.005766845044274018	0.9976951736263803	0.9994314273930516	0.1290179695972993
6340.455283246896	0.005767720450346535	0.9976958732115644	0.9994319843283777	0.12900489192822207
6340.628665977053	0.005768595901119242	0.9976965725139768	0.9994325411358014	0.12899181690353248
6340.802022395708	0.0057694713965897905	0.99769727153376	0.9994330978154016	0.12897874452242944
6340.975352509506	0.005770346936755834	0.9976979702710563	0.9994336543672577	0.12896567478411208
6341.148656325086	0.005771222521615035	0.9976986687260085	0.9994342107914489	0.12895260768778
6341.321933849086	0.005772098151165047	0.9976993668987589	0.9994347670880547	0.12893954323263296
6341.49518508814	0.005772973825403532	0.99770006478945	0.9994353232571539	0.12892648141787114
6341.668410048882	0.005773849544328142	0.9977007623982237	0.9994358792988262	0.12891342224269509
6341.841608737944	0.00577472530793654	0.9977014597252223	0.9994364352131503	0.1289003657063055
6342.014781161952	0.0057756011162263836	0.9977021567705882	0.9994369910002054	0.12888731180790378
6342.187927327528	0.0057764769691953325	0.9977028535344629	0.9994375466600701	0.12887426054669107
6342.361047241297	0.00577735286684104	0.9977035500169884	0.9994381021928236	0.12886121192186933
6342.53414090988	0.005778228809161174	0.9977042462183064	0.9994386575985446	0.12884816593264056
6342.707208339894	0.005779104796153386	0.9977049421385589	0.9994392128773117	0.12883512257820723
6342.8802495379605	0.005779980827815343	0.9977056377778871	0.9994397680292044	0.12882208185777205
6343.0532645106905	0.005780856904144706	0.9977063331364332	0.9994403230543013	0.12880904377053817
6343.226253264694	0.005781733025139135	0.9977070282143381	0.9994408779526808	0.1287960083157089
6343.399215806583	0.005782609190796291	0.997707723011743	0.9994414327244215	0.12878297549248788
6343.572152142961	0.005783485401113836	0.9977084175287901	0.9994419873696028	0.12876994530007926
6343.745062280432	0.005784361656089434	0.9977091117656194	0.9994425418883018	0.1287569177376873
6343.917946225601	0.005785237955720745	0.9977098057223732	0.9994430962805985	0.1287438928045167
6344.090803985066	0.005786114300005435	0.9977104993991917	0.9994436505465703	0.12873087049977247
6344.263635565424	0.005786990688941165	0.9977111927962162	0.9994442046862961	0.1287178508226598
6344.436440973274	0.005787867122525605	0.9977118859135875	0.9994447586998545	0.12870483377238448
6344.609220215208	0.005788743600756411	0.997712578751446	0.9994453125873236	0.12869181934815227
6344.781973297814	0.005789620123631252	0.9977132713099331	0.9994458663487819	0.12867880754916958
6344.954700227681	0.005790496691147794	0.9977139635891892	0.9994464199843074	0.12866579837464295
6345.127401011393	0.005791373303303702	0.9977146555893541	0.9994469734939778	0.12865279182377917
6345.300075655536	0.00579224996009664	0.9977153473105691	0.999447526877872	0.12863978789578567
6345.472724166691	0.005793126661524276	0.9977160387529739	0.9994480801360676	0.12862678658986978
6345.645346551438	0.005794003407584276	0.9977167299167091	0.9994486332686432	0.12861378790523947
6345.817942816351	0.005794880198274307	0.9977174208019152	0.9994491862756766	0.1286007918411029
6345.990512968008	0.005795757033592037	0.997718111408732	0.9994497391572457	0.12858779839666856
6346.163057012981	0.0057966339135351345	0.9977188017372997	0.9994502919134286	0.12857480757114534
6346.335574957835	0.005797510838101267	0.9977194917877577	0.999450844544303	0.1285618193637422
6346.50806680914	0.0057983878072881	0.997720181560246	0.9994513970499466	0.1285488337736687
6346.680532573465	0.005799264821093309	0.9977208710549051	0.9994519494304376	0.1285358508001346
6346.852972257368	0.005800141879514555	0.9977215602718741	0.9994525016858532	0.12852287044234992
6347.025385867408	0.005801018982549511	0.997722249211292	0.9994530538162713	0.12850989269952506
6347.197773410146	0.0058018961301958515	0.9977229378732992	0.9994536058217696	0.12849691757087076
6347.370134892137	0.005802773322451244	0.9977236262580346	0.9994541577024256	0.12848394505559813
6347.542470319938	0.005803650559313359	0.9977243143656382	0.9994547094583173	0.12847097515291844
6347.714779700097	0.005804527840779867	0.9977250021962485	0.9994552610895222	0.12845800786204337
6347.887063039162	0.005805405166848438	0.997725689750005	0.9994558125961172	0.1284450431821849
6348.059320343683	0.005806282537516749	0.9977263770270471	0.9994563639781799	0.12843208111255536
6348.231551620203	0.00580715995278247	0.9977270640275134	0.9994569152357881	0.12841912165236735
6348.403756875264	0.005808037412643271	0.9977277507515427	0.9994574663690186	0.12840616480083372
6348.575936115405	0.005808914917096828	0.9977284371992741	0.9994580173779488	0.12839321055716785
6348.748089347164	0.0058097924661408154	0.9977291233708465	0.9994585682626562	0.1283802589205832
6348.920216577074	0.005810670059772903	0.9977298092663979	0.9994591190232175	0.1283673098902937
6349.092317811672	0.00581154769799077	0.9977304948860676	0.9994596696597106	0.12835436346551352
6349.264393057488	0.0058124253807920875	0.997731180229994	0.9994602201722118	0.12834141964545712
6349.436442321049	0.005813303108174532	0.9977318652983154	0.9994607705607993	0.1283284784293395
6349.608465608881	0.005814180880135781	0.9977325500911701	0.9994613208255492	0.12831553981637564
6349.780462927505	0.0058150586966735016	0.9977332346086961	0.9994618709665383	0.12830260380578104
6349.952434283449	0.005815936557785383	0.9977339188510324	0.9994624209838441	0.12828967039677144
6350.124379683227	0.0058168144634690895	0.997734602818316	0.999462970877543	0.12827673958856295
6350.29629913336	0.005817692413722307	0.997735286510686	0.9994635206477123	0.12826381138037196
6350.468192640359	0.005818570408542706	0.9977359699282792	0.9994640702944285	0.12825088577141516
6350.640060210736	0.005819448447927967	0.9977366530712339	0.9994646198177685	0.12823796276090965
6350.811901851004	0.005820326531875771	0.9977373359396885	0.9994651692178089	0.12822504234807264
6350.983717567668	0.005821204660383791	0.9977380185337794	0.9994657184946265	0.12821212453212188
6351.155507367236	0.005822082833449712	0.9977387008536456	0.9994662676482979	0.12819920931227533
6351.327271256209	0.005822961051071209	0.9977393828994235	0.9994668166788998	0.12818629668775128
6351.499009241088	0.005823839313245963	0.9977400646712511	0.9994673655865081	0.12817338665776826
6351.670721328375	0.00582471761997165	0.9977407461692656	0.9994679143711999	0.1281604792215452
6351.842407524562	0.005825595971245955	0.9977414273936043	0.999468463033051	0.12814757437830132
6352.014067836146	0.005826474367066557	0.9977421083444045	0.9994690115721389	0.12813467212725618
6352.185702269617	0.005827352807431138	0.9977427890218027	0.9994695599885388	0.12812177246762957
6352.357310831464	0.005828231292337375	0.9977434694259364	0.9994701082823275	0.12810887539864166
6352.528893528179	0.005829109821782957	0.9977441495569427	0.9994706564535815	0.12809598091951296
6352.700450366243	0.005829988395765561	0.9977448294149581	0.9994712045023766	0.12808308902946425
6352.871981352137	0.00583086701428287	0.9977455090001197	0.9994717524287892	0.12807019972771655
6353.043486492343	0.005831745677332569	0.9977461883125636	0.999472300232895	0.12805731301349133
6353.21496579334	0.005832624384912338	0.9977468673524268	0.9994728479147704	0.12804442888601025
6353.386419261604	0.005833503137019865	0.9977475461198458	0.9994733954744915	0.12803154734449537
6353.55784690361	0.005834381933652834	0.9977482246149574	0.9994739429121346	0.12801866838816908
6353.729248725828	0.005835260774808929	0.9977489028378973	0.9994744902277753	0.12800579201625392
6353.900624734727	0.005836139660485828	0.997749580788802	0.9994750374214892	0.1279929182279729
6354.071974936773	0.0058370185906812255	0.9977502584678076	0.9994755844933525	0.12798004702254923
6354.243299338431	0.005837897565392798	0.9977509358750505	0.9994761314434406	0.12796717839920663
6354.414597946163	0.00583877658461824	0.9977516130106666	0.9994766782718296	0.1279543123571689
6354.58587076643	0.005839655648355232	0.9977522898747919	0.9994772249785955	0.12794144889566028
6354.757117805692	0.005840534756601467	0.9977529664675624	0.999477771563814	0.1279285880139053
6354.928339070402	0.005841413909354627	0.9977536427891136	0.9994783180275609	0.12791572971112866
6355.099534567013	0.005842293106612398	0.9977543188395811	0.9994788643699104	0.12790287398655564
6355.270704301977	0.005843172348372472	0.9977549946191008	0.9994794105909376	0.1278900208394115
6355.44184828174	0.005844051634632534	0.9977556701278081	0.9994799566907205	0.1278771702689222
6355.612966512751	0.0058449309653902754	0.9977563453658385	0.999480502669338	0.12786432227431374
6355.784059001456	0.0058458103406433815	0.9977570203333275	0.9994810485268608	0.12785147685481246
6355.9551257542935	0.005846689760389546	0.9977576950304103	0.9994815942633525	0.12783863400964499
6356.126166777704	0.005847569224626456	0.9977583694572223	0.9994821398788659	0.12782579373803818
6356.2971820781295	0.005848448733351801	0.9977590436138981	0.9994826853734252	0.12781295603921916
6356.468171661998	0.005849328286563271	0.9977597175005728	0.9994832307470574	0.12780012091241535
6356.639135535748	0.005850207884258561	0.997760391117382	0.9994837759998763	0.12778728835685493
6356.810073705807	0.005851087526435358	0.9977610644644604	0.9994843211320447	0.12777445837176635
6356.980986178607	0.005851967213091357	0.9977617375419426	0.9994848661436855	0.12776163095637838
6357.151872960571	0.005852846944224247	0.9977624103499636	0.9994854110348551	0.1277488061099197
6357.322734058127	0.005853726719831719	0.9977630828886577	0.9994859558056092	0.1277359838316194
6357.493569477693	0.0058546065399114715	0.9977637551581595	0.9994865004560226	0.12772316412070697
6357.664379225687	0.00585548640446119	0.9977644271586038	0.9994870449861765	0.12771034697641223
6357.83516330853	0.005856366313478577	0.9977650988901248	0.9994875893961477	0.1276975323979652
6358.005921732635	0.005857246266961317	0.9977657703528565	0.9994881336860091	0.12768472038459627
6358.1766545044175	0.0058581262649071075	0.9977664415469338	0.9994886778558344	0.12767191093553606
6358.3473616302845	0.0058590063073136415	0.9977671124724902	0.9994892219056984	0.12765910405001565
6358.518043116649	0.005859886394178621	0.9977677831296604	0.9994897658356768	0.12764629972726632
6358.688698969914	0.005860766525499734	0.9977684535185785	0.9994903096458438	0.12763349796651968
6358.859329196484	0.005861646701274681	0.9977691236393779	0.9994908533362739	0.1276206987670076
6359.029933802761	0.005862526921501154	0.9977697934921926	0.9994913969070411	0.12760790212796227
6359.200512795143	0.005863407186176852	0.9977704630771564	0.9994919403582203	0.12759510804861635
6359.37106618003	0.0058642874952994735	0.9977711323944032	0.9994924836898857	0.12758231652820248
6359.541593963812	0.0058651678488667106	0.997771801444066	0.9994930269021118	0.127569527565954
6359.712096152885	0.005866048246876261	0.9977724702262787	0.9994935699949726	0.12755674116110416
6359.882572753639	0.005866928689325826	0.997773138741175	0.9994941129685426	0.1275439573128868
6360.053023772462	0.005867809176213103	0.9977738069888881	0.9994946558228964	0.12753117602053599
6360.223449215744	0.005868689707535793	0.9977744749695512	0.9994951985581076	0.127518397283286
6360.393849089863	0.00586957028329159	0.9977751426832976	0.9994957411742508	0.1275056211003716
6360.564223401202	0.005870450903478194	0.9977758101302602	0.9994962836713998	0.1274928474710277
6360.734572156141	0.005871331568093309	0.9977764773105724	0.9994968260496285	0.12748007639448958
6360.904895361058	0.005872212277134633	0.9977771442243669	0.9994973683090113	0.12746730786999283
6361.075193022332	0.0058730930305998675	0.9977778108717772	0.9994979104496222	0.1274545418967733
6361.245465146328	0.005873973828486707	0.997778477252935	0.999498452471535	0.12744177847406718
6361.415711739419	0.005874854670792861	0.9977791433679735	0.9994989943748234	0.12742901760111094
6361.5859328079705	0.005875735557516025	0.9977798092170252	0.999499536159561	0.12741625927714145
6361.7561283583545	0.005876616488653904	0.9977804748002235	0.9995000778258224	0.12740350350139573
6361.926298396935	0.0058774974642042035	0.9977811401177004	0.9995006193736811	0.12739075027311128
6362.096442930069	0.005878378484164621	0.9977818051695884	0.9995011608032107	0.1273779995915257
6362.266561964118	0.005879259548532861	0.997782469956019	0.9995017021144844	0.127365251455877
6362.436655505437	0.0058801406573066265	0.9977831344771257	0.9995022433075764	0.1273525058654036
6362.606723560382	0.005881021810483625	0.9977837987330397	0.9995027843825602	0.12733976281934395
6362.7767661353055	0.005881903008061556	0.9977844627238939	0.9995033253395096	0.12732702231693716
6362.946783236561	0.005882784250038129	0.9977851264498199	0.9995038661784978	0.12731428435742234
6363.116774870495	0.005883665536411042	0.9977857899109496	0.999504406899598	0.127301548940039
6363.286741043452	0.005884546867178007	0.9977864531074151	0.999504947502884	0.127288816064027
6363.45668176178	0.0058854282423367234	0.9977871160393474	0.9995054879884289	0.1272760857286264
6363.626597031817	0.0058863096618849056	0.9977877787068792	0.9995060283563065	0.12726335793307775
6363.796486859903	0.005887191125820251	0.997788441110142	0.9995065686065898	0.12725063267662173
6363.966351252378	0.005888072634140471	0.9977891032492674	0.9995071087393524	0.12723790995849948
6364.136190215573	0.005888954186843275	0.9977897651243862	0.9995076487546667	0.12722518977795214
6364.306003755823	0.005889835783926366	0.9977904267356301	0.9995081886526065	0.12721247213422135
6364.475791879459	0.0058907174253874555	0.9977910880831304	0.9995087284332447	0.1271997570265492
6364.6455545928075	0.005891599111224248	0.9977917491670183	0.9995092680966542	0.12718704445417786
6364.815291902196	0.005892480841434456	0.9977924099874251	0.9995098076429084	0.1271743344163499
6364.985003813949	0.005893362616015786	0.9977930705444823	0.9995103470720804	0.12716162691230817
6365.154690334388	0.005894244434965947	0.9977937308383202	0.9995108863842429	0.12714892194129576
6365.3243514698315	0.005895126298282648	0.99779439086907	0.9995114255794684	0.12713621950255616
6365.4939872266	0.005896008205963608	0.9977950506368626	0.9995119646578308	0.12712351959533308
6365.6635976110065	0.005896890158006524	0.9977957101418284	0.9995125036194019	0.12711082221887063
6365.833182629367	0.005897772154409115	0.9977963693840989	0.9995130424642554	0.1270981273724131
6366.0027422879875	0.005898654195169089	0.9977970283638036	0.9995135811924633	0.12708543505520511
6366.17227659318	0.005899536280284158	0.9977976870810736	0.9995141198040984	0.12707274526649168
6366.341785551249	0.005900418409752039	0.9977983455360395	0.9995146582992336	0.12706005800551798
6366.5112691685	0.005901300583570439	0.9977990037288317	0.9995151966779416	0.1270473732715297
6366.680727451236	0.005902182801737072	0.9977996616595805	0.9995157349402951	0.12703469106377252
6366.850160405756	0.0059030650642496515	0.9978003193284158	0.9995162730863661	0.12702201138149272
6367.019568038358	0.0059039473711058905	0.9978009767354681	0.9995168111162276	0.12700933422393662
6367.188950355339	0.005904829722303501	0.997801633880867	0.9995173490299515	0.12699665959035103
6367.3583073629925	0.005905712117840202	0.9978022907647429	0.999517886827611	0.12698398747998302
6367.527639067603	0.005906594557713701	0.9978029473872253	0.9995184245092776	0.12697131789207985
6367.696945475465	0.005907477041921719	0.9978036037484448	0.9995189620750241	0.12695865082588925
6367.866226592865	0.005908359570461969	0.9978042598485304	0.9995194995249228	0.1269459862806591
6368.03548242609	0.0059092421433321685	0.9978049156876122	0.999520036859046	0.1269333242556377
6368.204712981416	0.005910124760530031	0.9978055712658194	0.9995205740774654	0.1269206647500735
6368.37391826513	0.005911007422053274	0.9978062265832821	0.9995211111802538	0.12690800776321537
6368.543098283506	0.00591189012789961	0.9978068816401293	0.9995216481674829	0.12689535329431248
6368.712253042824	0.005912772878066763	0.9978075364364909	0.9995221850392254	0.12688270134261426
6368.881382549354	0.005913655672552447	0.9978081909724952	0.9995227217955523	0.12687005190737036
6369.05048680937	0.005914538511354379	0.9978088452482723	0.9995232584365363	0.12685740498783094
6369.219565829137	0.00591542139447028	0.9978094992639506	0.9995237949622489	0.1268447605832461
6369.388619614924	0.005916304321897865	0.9978101530196599	0.9995243313727625	0.12683211869286667
6369.557648172997	0.005917187293634859	0.9978108065155291	0.999524867668149	0.12681947931594342
6369.726651509621	0.005918070309678974	0.9978114597516871	0.99952540384848	0.12680684245172774
6369.895629631053	0.005918953370027934	0.9978121127282623	0.9995259399138272	0.12679420809947092
6370.064582543558	0.00591983647467946	0.9978127654453839	0.9995264758642626	0.126781576258425
6370.233510253384	0.005920719623631269	0.9978134179031801	0.9995270116998576	0.12676894692784194
6370.402412766788	0.005921602816881078	0.9978140701017797	0.9995275474206837	0.1267563201069741
6370.5712900900235	0.005922486054426616	0.9978147220413117	0.9995280830268132	0.1267436957950743
6370.740142229341	0.005923369336265602	0.9978153737219041	0.999528618518317	0.12673107399139544
6370.908969190986	0.005924252662395761	0.9978160251436856	0.9995291538952674	0.12671845469519094
6371.077770981205	0.00592513603281481	0.9978166763067837	0.9995296891577351	0.12670583790571419
6371.2465476062425	0.005926019447520472	0.9978173272113275	0.9995302243057923	0.12669322362221916
6371.415299072334	0.00592690290651047	0.9978179778574444	0.9995307593395093	0.12668061184396
6371.58402538573	0.005927786409782531	0.9978186282452637	0.9995312942589589	0.1266680025701913
6371.752726552655	0.005928669957334375	0.9978192783749124	0.9995318290642116	0.12665539580016774
6371.921402579351	0.005929553549163727	0.9978199282465184	0.9995323637553388	0.12664279153314434
6372.0900534720495	0.005930437185268312	0.9978205778602097	0.9995328983324117	0.12663018976837648
6372.25867923698	0.005931320865645856	0.9978212272161143	0.9995334327955014	0.12661759050511986
6372.427279880371	0.005932204590294083	0.9978218763143597	0.9995339671446796	0.12660499374263032
6372.595855408446	0.005933088359210716	0.9978225251550732	0.9995345013800168	0.12659239948016424
6372.764405827433	0.005933972172393485	0.9978231737383829	0.9995350355015844	0.126579807716978
6372.932931143552	0.005934856029840111	0.9978238220644162	0.9995355695094535	0.12656721845232854
6373.101431363022	0.0059357399315483235	0.9978244701333	0.9995361034036949	0.12655463168547296
6373.269906492064	0.005936623877515853	0.9978251179451624	0.9995366371843799	0.12654204741566868
6373.43835653689	0.005937507867740423	0.9978257655001301	0.9995371708515792	0.12652946564217346
6373.606781503711	0.005938391902219762	0.9978264127983303	0.9995377044053635	0.12651688636424507
6373.775181398742	0.0059392759809515985	0.9978270598398901	0.9995382378458042	0.1265043095811421
6373.94355622819	0.00594016010393366	0.9978277066249365	0.9995387711729715	0.1264917352921229
6374.111905998262	0.005941044271163672	0.9978283531535964	0.9995393043869362	0.12647916349644653
6374.280230715163	0.005941928482639369	0.9978289994259966	0.9995398374877692	0.12646659419337208
6374.448530385095	0.005942812738358477	0.997829645442264	0.9995403704755412	0.126454027382159
6374.6168050142605	0.00594369703831873	0.9978302912025255	0.999540903350323	0.1264414630620671
6374.785054608854	0.005944581382517856	0.9978309367069078	0.9995414361121849	0.12642890123235648
6374.953279175076	0.005945465770953586	0.9978315819555372	0.9995419687611978	0.12641634189228743
6375.121478719115	0.005946350203623649	0.9978322269485402	0.9995425012974319	0.1264037850411206
6375.289653247165	0.005947234680525775	0.9978328716860428	0.9995430337209575	0.12639123067811683
6375.457802765417	0.005948119201657701	0.9978335161681722	0.9995435660318457	0.12637867880253748
6375.625927280056	0.005949003767017155	0.997834160395054	0.9995440982301663	0.12636612941364392
6375.794026797272	0.005949888376601873	0.997834804366815	0.9995446303159902	0.12635358251069814
6375.962101323244	0.005950773030409586	0.9978354480835809	0.9995451622893873	0.1263410380929621
6376.130150864153	0.005951657728438026	0.9978360915454774	0.9995456941504277	0.12632849615969818
6376.298175426179	0.005952542470684925	0.9978367347526307	0.9995462258991816	0.12631595671016915
6376.466175015498	0.00595342725714802	0.9978373777051672	0.99954675753572	0.1263034197436379
6376.634149638285	0.005954312087825042	0.997838020403212	0.9995472890601119	0.12629088525936777
6376.802099300711	0.005955196962713729	0.9978386628468914	0.9995478204724284	0.1262783532566222
6376.970024008951	0.005956081881811817	0.9978393050363309	0.9995483517727394	0.1262658237346652
6377.137923769169	0.005956966845117038	0.9978399469716559	0.9995488829611143	0.12625329669276072
6377.305798587533	0.005957851852627126	0.9978405886529916	0.9995494140376238	0.12624077213017335
6377.473648470206	0.005958736904339822	0.9978412300804641	0.9995499450023375	0.12622825004616772
6377.641473423351	0.005959622000252862	0.997841871254199	0.9995504758553256	0.12621573044000886
6377.809273453125	0.005960507140363979	0.9978425121743207	0.9995510065966575	0.12620321331096207
6377.977048565687	0.005961392324670913	0.997843152840955	0.9995515372264033	0.12619069865829283
6378.144798767194	0.005962277553171398	0.997843793254227	0.999552067744633	0.12617818648126716
6378.312524063798	0.005963162825863176	0.9978444334142615	0.9995525981514161	0.12616567677915114
6378.480224461651	0.005964048142743979	0.9978450733211837	0.999553128446822	0.1261531695512112
6378.647899966903	0.005964933503811556	0.9978457129751187	0.999553658630921	0.12614066479671424
6378.8155505856985	0.005965818909063637	0.997846352376191	0.9995541887037822	0.12612816251492712
6378.983176324184	0.005966704358497965	0.9978469915245254	0.9995547186654757	0.12611566270511723
6379.150777188498	0.005967589852112278	0.9978476304202466	0.9995552485160707	0.12610316536655217
6379.318353184789	0.005968475389904318	0.9978482690634793	0.9995557782556368	0.12609067049849984
6379.48590431919	0.0059693609718718225	0.9978489074543483	0.9995563078842431	0.12607817810022845
6379.653430597838	0.005970246598012534	0.9978495455929779	0.9995568374019588	0.12606568817100644
6379.820932026869	0.005971132268324193	0.9978501834794925	0.9995573668088545	0.12605320071010254
6379.98840861241	0.005972017982804542	0.9978508211140161	0.9995578961050006	0.12604071571678596
6380.155860360599	0.005972903741451322	0.9978514584966736	0.9995584252904658	0.1260282331903259
6380.323287277559	0.005973789544262276	0.9978520956275886	0.9995589543653127	0.12601575312999197
6380.490689369421	0.005974675391235148	0.9978527325068859	0.9995594833296085	0.12600327553505386
6380.658066642301	0.005975561282367675	0.9978533691346888	0.9995600121834389	0.1259908004047823
6380.825419102323	0.005976447217657604	0.9978540055111212	0.999560540926896	0.12597832773844841
6380.992746755609	0.005977333197102679	0.9978546416363079	0.9995610695600015	0.12596585753532166
6381.160049608275	0.0059782192207006426	0.9978552775103717	0.9995615980827024	0.12595338979466958
6381.327327666435	0.00597910528844924	0.9978559131334371	0.9995621264949931	0.12594092451576142
6381.494580936204	0.005979991400346217	0.9978565485056275	0.9995626547970449	0.1259284616978717
6381.661809423693	0.0059808775563893165	0.9978571836270668	0.9995631829890589	0.12591600134027617
6381.829013135011	0.0059817637565762844	0.9978578184978784	0.9995637110711382	0.125903543442248
6381.996192076264	0.005982650000904869	0.9978584531181853	0.9995642390433157	0.1258910880030587
6382.1633462535565	0.005983536289372814	0.9978590874881109	0.999564766905636	0.12587863502198032
6382.330475672994	0.005984422621977868	0.997859721607779	0.9995652946581745	0.12586618449828615
6382.497580340672	0.005985308998717771	0.9978603554773121	0.9995658223010078	0.12585373643124972
6382.664660262694	0.005986195419590275	0.9978609890968344	0.9995663498342063	0.12584129082014478
6382.831715445152	0.005987081884593128	0.9978616224664685	0.9995668772578361	0.12582884766424515
6382.998745894148	0.005987968393724083	0.9978622555863377	0.9995674045719646	0.12581640696282503
6383.16575161576	0.005988854946980875	0.9978628884565638	0.9995679317766597	0.12580396871515886
6383.3327326160925	0.005989741544361267	0.9978635210772708	0.9995684588719914	0.1257915329205215
6383.499688901226	0.0059906281858629964	0.9978641534485813	0.9995689858580278	0.12577909957818806
6383.666620477247	0.005991514871483822	0.9978647855706179	0.9995695127348369	0.12576666868743377
6383.83352735024	0.005992401601221485	0.9978654174435034	0.9995700395024875	0.12575424024753434
6384.00040952629	0.005993288375073744	0.9978660490673606	0.9995705661610477	0.12574181425776573
6384.167267011472	0.0059941751930383405	0.9978666804423115	0.9995710927105853	0.12572939071740408
6384.334099811863	0.005995062055113028	0.9978673115684784	0.999571619151169	0.12571696962572584
6384.5009079335405	0.005995948961295561	0.9978679424459839	0.9995721454828668	0.12570455098200783
6384.6676913825795	0.005996835911583689	0.9978685730749506	0.999572671705747	0.1256921347855272
6384.834450165049	0.005997722905975165	0.9978692034555005	0.9995731978198775	0.12567972103556116
6385.00118428702	0.00599860994446774	0.997869833587756	0.9995737238253269	0.12566730973138746
6385.167893754558	0.005999497027059166	0.9978704634718389	0.9995742497221628	0.12565490087228395
6385.3345785737265	0.006000384153747196	0.9978710931078713	0.9995747755104529	0.12564249445752873
6385.50123875059	0.006001271324529587	0.9978717224959748	0.9995753011902655	0.1256300904864004
6385.667874291209	0.006002158539404085	0.9978723516362716	0.9995758267616682	0.12561768895817768
6385.834485201645	0.006003045798368453	0.9978729805288837	0.9995763522247295	0.12560528987213965
6386.001071487953	0.0060039331014204375	0.9978736091739325	0.9995768775795166	0.12559289322756564
6386.167633156181	0.006004820448557796	0.9978742375715391	0.9995774028260973	0.12558049902373514
6386.334170212391	0.006005707839778285	0.9978748657218264	0.9995779279645399	0.12556810725992823
6386.500682662627	0.006006595275079656	0.9978754936249148	0.9995784529949117	0.12555571793542492
6386.667170512943	0.006007482754459671	0.9978761212809261	0.9995789779172802	0.1255433310495057
6386.833633769381	0.006008370277916081	0.9978767486899819	0.9995795027317135	0.12553094660145145
6387.00007243799	0.006009257845446647	0.9978773758522034	0.9995800274382789	0.12551856459054306
6387.166486524806	0.006010145457049119	0.9978780027677115	0.999580552037044	0.12550618501606192
6387.332876035872	0.006011033112721259	0.9978786294366275	0.9995810765280764	0.12549380787728948
6387.499240977227	0.006011920812460824	0.9978792558590728	0.9995816009114441	0.12548143317350774
6387.665581354904	0.006012808556265574	0.997879882035168	0.9995821251872136	0.12546906090399879
6387.831897174938	0.006013696344133262	0.9978805079650341	0.9995826493554527	0.1254566910680451
6387.998188443362	0.006014584176061651	0.997881133648792	0.9995831734162288	0.1254443236649294
6388.164455166204	0.006015472052048496	0.9978817590865628	0.999583697369609	0.12543195869393464
6388.330697349493	0.006016359972091561	0.9978823842784665	0.9995842212156607	0.12541959615434406
6388.496914999253	0.0060172479361886	0.9978830092246244	0.9995847449544517	0.12540723604544132
6388.663108121508	0.00601813594433738	0.9978836339251569	0.9995852685860485	0.12539487836651017
6388.829276722279	0.006019023996535655	0.9978842583801844	0.9995857921105185	0.1253825231168348
6388.995420807588	0.006019912092781186	0.9978848825898274	0.9995863155279286	0.12537017029569952
6389.161540383451	0.006020800233071737	0.9978855065542063	0.9995868388383464	0.12535781990238914
6389.327635455884	0.0060216884174050704	0.9978861302734416	0.999587362041839	0.12534547193618853
6389.493706030896	0.0060225766457789485	0.997886753747653	0.9995878851384731	0.12533312639638292
6389.6597521144995	0.006023464918191129	0.9978873769769611	0.9995884081283158	0.1253207832822579
6389.825773712709	0.006024353234639377	0.9978879999614858	0.9995889310114341	0.1253084425930992
6389.991770831525	0.006025241595121453	0.9978886227013471	0.9995894537878943	0.12529610432819294
6390.157743476955	0.006026129999635127	0.9978892451966652	0.999589976457764	0.12528376848682543
6390.323691655	0.0060270184481781555	0.9978898674475597	0.9995904990211097	0.1252714350682834
6390.489615371663	0.006027906940748306	0.9978904894541502	0.9995910214779985	0.12525910407185367
6390.655514632944	0.006028795477343337	0.9978911112165569	0.999591543828497	0.1252467754968236
6390.821389444837	0.006029684057961018	0.9978917327348993	0.999592066072672	0.12523444934248054
6390.987239813339	0.0060305726825991175	0.997892354009297	0.99959258821059	0.1252221256081122
6391.153065744439	0.006031461351255395	0.9978929750398693	0.9995931102423179	0.12520980429300665
6391.318867244132	0.006032350063927619	0.9978935958267359	0.999593632167922	0.12519748539645228
6391.484644318404	0.006033238820613552	0.9978942163700161	0.9995941539874689	0.12518516891773765
6391.650396973244	0.006034127621310965	0.9978948366698295	0.9995946757010254	0.12517285485615168
6391.816125214629	0.006035016466017621	0.9978954567262948	0.9995951973086578	0.1251605432109834
6391.981829048546	0.006035905354731292	0.9978960765395314	0.9995957188104323	0.12514823398152228
6392.1475084809745	0.006036794287449739	0.9978966961096581	0.9995962402064157	0.12513592716705801
6392.3131635179	0.006037683264170736	0.9978973154367949	0.9995967614966746	0.12512362276688063
6392.478794165291	0.006038572284892044	0.9978979345210599	0.9995972826812752	0.12511132078028048
6392.644400429121	0.006039461349611437	0.997898553362572	0.9995978037602831	0.12509902120654784
6392.8099823153625	0.006040350458326682	0.9978991719614506	0.9995983247337654	0.1250867240449738
6392.9755398299885	0.006041239611035548	0.997899790317814	0.9995988456017881	0.12507442929484933
6393.141072978968	0.006042128807735807	0.997900408431781	0.9995993663644174	0.12506213695546578
6393.3065817682655	0.006043018048425228	0.99790102630347	0.9995998870217194	0.12504984702611485
6393.472066203842	0.006043907333101578	0.9979016439329996	0.9996004075737599	0.12503755950608833
6393.6375262916645	0.006044796661762633	0.9979022613204889	0.999600928020606	0.1250252743946787
6393.802962037686	0.006045686034406157	0.9979028784660554	0.9996014483623225	0.1250129916911782
6393.968373447869	0.0060465754510299246	0.997903495369818	0.9996019685989759	0.12500071139487964
6394.13376052817	0.006047464911631712	0.9979041120318949	0.9996024887306324	0.12498843350507616
6394.299123284541	0.006048354416209286	0.997904728452404	0.9996030087573577	0.12497615802106088
6394.464461722936	0.006049243964760422	0.9979053446314637	0.9996035286792179	0.12496388494212751
6394.629775849301	0.0060501335572828874	0.9979059605691918	0.9996040484962785	0.12495161426756984
6394.795065669585	0.006051023193774458	0.9979065762657067	0.9996045682086057	0.12493934599668208
6394.9603311897345	0.0060519128742329105	0.9979071917211261	0.999605087816265	0.12492708012875864
6395.125572415693	0.006052802598656016	0.997907806935568	0.9996056073193226	0.12491481666309416
6395.2907893534	0.006053692367041548	0.9979084219091496	0.9996061267178433	0.12490255559898363
6395.455982008797	0.00605458217938728	0.9979090366419892	0.9996066460118935	0.12489029693572223
6395.621150387823	0.006055472035690992	0.9979096511342042	0.9996071652015388	0.12487804067260551
6395.786294496412	0.006056361935950455	0.9979102653859123	0.9996076842868448	0.12486578680892932
6395.951414340496	0.006057251880163447	0.9979108793972313	0.9996082032678768	0.12485353534398963
6396.116509926008	0.00605814186832774	0.9979114931682783	0.9996087221447008	0.1248412862770829
6396.281581258877	0.006059031900441114	0.9979121066991705	0.9996092409173816	0.12482903960750559
6396.446628345027	0.00605992197650134	0.9979127199900252	0.999609759585985	0.12481679533455468
6396.611651190389	0.006060812096506202	0.9979133330409597	0.9996102781505762	0.12480455345752725
6396.776649800884	0.0060617022604534734	0.9979139458520914	0.9996107966112209	0.12479231397572084
6396.941624182435	0.006062592468340933	0.9979145584235375	0.9996113149679846	0.12478007688843315
6397.106574340955	0.006063482720166357	0.9979151707554144	0.9996118332209318	0.12476784219496206
6397.271500282372	0.00606437301592753	0.9979157828478399	0.999612351370129	0.12475560989460599
6397.436402012591	0.00606526335562222	0.9979163947009302	0.9996128694156404	0.12474337998666332
6397.601279537529	0.006066153739248211	0.9979170063148021	0.9996133873575312	0.12473115247043287
6397.766132863099	0.006067044166803288	0.997917617689573	0.9996139051958671	0.12471892734521381
6397.930961995207	0.006067934638285223	0.9979182288253586	0.9996144229307128	0.12470670461030539
6398.095766939762	0.0060688251536918005	0.9979188397222765	0.9996149405621335	0.12469448426500736
6398.260547702667	0.006069715713020798	0.9979194503804426	0.9996154580901945	0.12468226630861952
6398.425304289829	0.006070606316269996	0.9979200607999741	0.9996159755149607	0.12467005074044206
6398.590036707146	0.006071496963437177	0.9979206709809867	0.9996164928364967	0.12465783755977544
6398.754744960522	0.006072387654520127	0.9979212809235969	0.999617010054868	0.12464562676592034
6398.919429055846	0.006073278389516621	0.9979218906279208	0.9996175271701389	0.12463341835817782
6399.084088999023	0.006074169168424448	0.9979225000940756	0.9996180441823751	0.1246212123358491
6399.248724795938	0.0060750599912413805	0.9979231093221763	0.9996185610916408	0.12460900869823571
6399.413336452483	0.0060759508579652085	0.9979237183123395	0.9996190778980003	0.12459680744463941
6399.577923974549	0.006076841768593713	0.9979243270646806	0.9996195946015188	0.12458460857436228
6399.742487368022	0.006077732723124677	0.9979249355793159	0.9996201112022611	0.12457241208670673
6399.907026638789	0.006078623721555889	0.9979255438563619	0.9996206277002921	0.12456021798097537
6400.071541792729	0.006079514763885126	0.9979261518959333	0.9996211440956762	0.12454802625647113
6400.236032835728	0.00608040585011018	0.9979267596981468	0.9996216603884781	0.12453583691249712
6400.400499773663	0.006081296980228833	0.9979273672631179	0.9996221765787624	0.12452364994835677
6400.564942612412	0.0060821881542388705	0.9979279745909622	0.9996226926665935	0.12451146536335382
6400.729361357849	0.0060830793721380755	0.9979285816817945	0.999623208652036	0.12449928315679222
6400.893756015848	0.006083970633924236	0.9979291885357308	0.999623724535154	0.12448710332797623
6401.058126592277	0.006084861939595137	0.9979297951528864	0.9996242403160123	0.12447492587621035
6401.222473093008	0.00608575328914857	0.9979304015333768	0.9996247559946754	0.12446275080079941
6401.386795523906	0.006086644682582314	0.997931007677317	0.9996252715712071	0.12445057810104844
6401.5510938908365	0.006087536119894164	0.9979316135848223	0.999625787045672	0.12443840777626272
6401.715368199664	0.006088427601081903	0.997932219256008	0.9996263024181344	0.124426239825748
6401.879618456251	0.006089319126143323	0.9979328246909891	0.9996268176886589	0.12441407424881004
6402.043844666454	0.006090210695076208	0.9979334298898808	0.9996273328573091	0.12440191104475501
6402.208046836129	0.006091102307878349	0.9979340348527972	0.9996278479241495	0.12438975021288931
6402.372224971131	0.006091993964547533	0.9979346395798536	0.9996283628892438	0.12437759175251954
6402.536379077317	0.006092885665081555	0.9979352440711655	0.999628877752657	0.12436543566295288
6402.700509160534	0.0060937774094781995	0.9979358483268466	0.9996293925144518	0.1243532819434963
6402.864615226634	0.006094669197735261	0.9979364523470121	0.9996299071746937	0.12434113059345751
6403.028697281462	0.006095561029850525	0.9979370561317763	0.9996304217334459	0.12432898161214406
6403.1927553308615	0.006096452905821784	0.9979376596812539	0.9996309361907721	0.12431683499886409
6403.356789380681	0.0060973448256468315	0.9979382629955594	0.9996314505467367	0.12430469075292588
6403.520799436758	0.006098236789323456	0.997938866074807	0.9996319648014034	0.124292548873638
6403.684785504933	0.0060991287968494515	0.9979394689191111	0.9996324789548358	0.12428040936030929
6403.848747591042	0.0061000208482226105	0.9979400715285864	0.9996329930070982	0.12426827221224888
6404.0126857009245	0.006100912943440727	0.9979406739033467	0.9996335069582547	0.12425613742876611
6404.176599840406	0.006101805082501589	0.997941276043506	0.999634020808368	0.12424400500917063
6404.340490015321	0.006102697265402991	0.9979418779491783	0.9996345345575021	0.12423187495277228
6404.5043562315	0.006103589492142731	0.9979424796204777	0.9996350482057208	0.1242197472588813
6404.66819849477	0.006104481762718598	0.9979430810575183	0.9996355617530881	0.12420762192680807
6404.832016810957	0.006105374077128387	0.9979436822604141	0.9996360751996672	0.12419549895586333
6404.9958111858805	0.006106266435369893	0.9979442832292781	0.9996365885455202	0.1241833783453583
6405.159581625364	0.0061071588374409114	0.9979448839642245	0.9996371017907104	0.12417126009460404
6405.32332813523	0.006108051283339242	0.9979454844653673	0.9996376149353068	0.1241591442029118
6405.487050721296	0.0061089437730626785	0.9979460847328203	0.9996381279793766	0.12414703066959287
6405.650749389372	0.006109836306609013	0.9979466847666961	0.9996386409229718	0.1241349194939604
6405.814424145275	0.006110728883976043	0.9979472845671088	0.9996391537661368	0.1241228106753287
6405.978074994815	0.006111621505161564	0.9979478841341713	0.9996396665089267	0.12411070421301111
6406.141701943801	0.006112514170163376	0.9979484834679975	0.9996401791514202	0.12409860010631901
6406.3053049980435	0.0061134068789792766	0.9979490825687002	0.9996406916936977	0.12408649835456369
6406.468884163344	0.006114299631607063	0.9979496814363927	0.9996412041358256	0.12407439895705821
6406.632439445508	0.006115192428044533	0.9979502800711884	0.9996417164778646	0.12406230191311653
6406.795970850339	0.006116085268289483	0.9979508784732	0.9996422287198763	0.12405020722205266
6406.959478383632	0.006116978152339715	0.9979514766425408	0.9996427408619237	0.12403811488318081
6407.12296205119	0.006117871080193026	0.9979520745793239	0.9996432529040714	0.12402602489581534
6407.286421858806	0.006118764051847219	0.9979526722836615	0.9996437648463818	0.1240139372592709
6407.449857812272	0.006119657067300086	0.9979532697556668	0.9996442766889179	0.12400185197286255
6407.613269917385	0.006120550126549437	0.9979538669954527	0.999644788431743	0.12398976903590554
6407.776658179929	0.006121443229593065	0.9979544640031315	0.9996453000749194	0.12397768844771537
6407.940022605698	0.006122336376428775	0.9979550607788161	0.9996458116185106	0.12396561020760777
6408.10336320047	0.0061232295670543635	0.9979556573226188	0.9996463230625792	0.12395353431489886
6408.266679970034	0.006124122801467639	0.9979562536346523	0.9996468344071878	0.12394146076890489
6408.429972920169	0.006125016079666398	0.9979568497150292	0.9996473456523994	0.12392938956894246
6408.593242056657	0.006125909401648445	0.9979574455638613	0.9996478567982767	0.12391732071432843
6408.756487385279	0.006126802767411583	0.9979580411812613	0.9996483678448825	0.1239052542043798
6408.919708911808	0.00612769617695361	0.9979586365673409	0.9996488787922793	0.12389319003841404
6409.0829066420165	0.006128589630272336	0.9979592317222126	0.9996493896405299	0.12388112821574873
6409.246080581679	0.006129483127365561	0.9979598266459886	0.999649900389697	0.12386906873570185
6409.4092307365645	0.006130376668231093	0.9979604213387808	0.9996504110398431	0.12385701159759148
6409.572357112444	0.00613127025286673	0.9979610158007016	0.9996509215910307	0.12384495680073604
6409.73545971508	0.006132163881270281	0.9979616100318621	0.9996514320433223	0.12383290434445425
6409.898538550237	0.006133057553439547	0.9979622040323745	0.9996519423967798	0.12382085422806503
6410.061593623681	0.00613395126937234	0.9979627978023505	0.9996524526514667	0.12380880645088763
6410.224624941172	0.006134845029066459	0.997963391341902	0.9996529628074451	0.12379676101224153
6410.387632508464	0.006135738832519713	0.9979639846511402	0.9996534728647768	0.1237847179114464
6410.550616331315	0.006136632679729904	0.9979645777301768	0.9996539828235245	0.12377267714782232
6410.713576415481	0.006137526570694844	0.9979651705791237	0.9996544926837503	0.12376063872068954
6410.876512766716	0.00613842050541234	0.9979657631980918	0.9996550024455167	0.12374860262936856
6411.039425390765	0.0061393144838801945	0.9979663555871927	0.9996555121088858	0.12373656887318023
6411.202314293386	0.006140208506096225	0.9979669477465379	0.9996560216739195	0.12372453745144553
6411.365179480319	0.0061411025720582305	0.9979675396762384	0.9996565311406808	0.12371250836348592
6411.528020957309	0.006141996681764022	0.9979681313764054	0.9996570405092311	0.12370048160862283
6411.690838730104	0.0061428908352114085	0.9979687228471503	0.999657549779633	0.12368845718617824
6411.85363280444	0.0061437850323982	0.9979693140885838	0.999658058951948	0.12367643509547416
6412.016403186056	0.006144679273322203	0.997969905100817	0.9996585680262382	0.12366441533583294
6412.179149880691	0.006145573557981229	0.9979704958839604	0.9996590770025655	0.12365239790657727
6412.341872894079	0.006146467886373088	0.9979710864381254	0.9996595858809925	0.12364038280703005
6412.504572231953	0.006147362258495589	0.9979716767634228	0.9996600946615805	0.12362837003651439
6412.667247900047	0.006148256674346544	0.9979722668599631	0.9996606033443914	0.12361635959435377
6412.829899904089	0.0061491511339237664	0.9979728567278572	0.9996611119294874	0.12360435147987177
6412.992528249803	0.006150045637225065	0.9979734463672152	0.9996616204169296	0.12359234569239241
6413.155132942916	0.006150940184248252	0.9979740357781477	0.9996621288067802	0.12358034223123983
6413.317713989153	0.00615183477499114	0.9979746249607657	0.9996626370991012	0.12356834109573858
6413.480271394237	0.006152729409451542	0.9979752139151796	0.9996631452939541	0.12355634228521334
6413.642805163888	0.006153624087627268	0.9979758026414994	0.9996636533914001	0.12354434579898904
6413.805315303819	0.006154518809516134	0.9979763911398352	0.9996641613915012	0.12353235163639101
6413.96780181975	0.006155413575115954	0.9979769794102977	0.9996646692943194	0.12352035979674468
6414.130264717391	0.006156308384424542	0.9979775674529965	0.999665177099916	0.12350837027937589
6414.292704002457	0.0061572032374397085	0.9979781552680421	0.9996656848083523	0.1234963830836106
6414.455119680655	0.006158098134159269	0.9979787428555444	0.9996661924196897	0.12348439820877513
6414.617511757698	0.0061589930745810425	0.9979793302156137	0.9996666999339898	0.12347241565419605
6414.779880239286	0.006159888058702838	0.997979917348359	0.9996672073513138	0.12346043541920004
6414.942225131131	0.006160783086522475	0.9979805042538912	0.999667714671724	0.12344845750311435
6415.10454643893	0.006161678158037773	0.9979810909323193	0.9996682218952808	0.1234364819052662
6415.266844168381	0.006162573273246539	0.9979816773837533	0.9996687290220458	0.12342450862498318
6415.429118325187	0.0061634684321465955	0.9979822636083029	0.9996692360520804	0.12341253766159319
6415.591368915042	0.006164363634735758	0.9979828496060772	0.9996697429854454	0.12340056901442424
6415.753595943643	0.006165258881011845	0.9979834353771863	0.9996702498222025	0.1233886026828048
6415.915799416681	0.0061661541709726745	0.9979840209217397	0.999670756562413	0.12337663866606345
6416.077979339846	0.006167049504616064	0.9979846062398464	0.9996712632061376	0.12336467696352903
6416.240135718829	0.006167944881939828	0.997985191331616	0.9996717697534376	0.12335271757453076
6416.4022685593145	0.006168840302941788	0.9979857761971573	0.999672276204374	0.1233407604983979
6416.564377866991	0.006169735767619761	0.9979863608365801	0.999672782559008	0.12332880573446027
6416.726463647539	0.006170631275971572	0.9979869452499932	0.9996732888174006	0.12331685328204772
6416.888525906638	0.006171526827995036	0.9979875294375056	0.9996737949796123	0.12330490314049042
6417.050564649969	0.006172422423687971	0.9979881133992263	0.9996743010457044	0.12329295530911884
6417.212579883209	0.0061733180630482035	0.9979886971352645	0.9996748070157381	0.12328100978726357
6417.374571612034	0.00617421374607355	0.9979892806457288	0.9996753128897741	0.12326906657425572
6417.536539842119	0.006175109472761833	0.9979898639307282	0.9996758186678731	0.12325712566942634
6417.698484579132	0.006176005243110867	0.9979904469903714	0.9996763243500953	0.12324518707210695
6417.8604058287465	0.006176901057118486	0.9979910298247672	0.9996768299365024	0.12323325078162933
6418.022303596626	0.006177796914782502	0.997991612434024	0.9996773354271549	0.1232213167973254
6418.184177888439	0.006178692816100741	0.9979921948182507	0.9996778408221132	0.12320938511852744
6418.346028709849	0.006179588761071025	0.9979927769775557	0.9996783461214384	0.12319745574456789
6418.507856066517	0.006180484749691178	0.9979933589120473	0.9996788513251909	0.12318552867477953
6418.6696599641045	0.006181380781959023	0.9979939406218338	0.999679356433431	0.12317360390849537
6418.831440408272	0.006182276857872385	0.9979945221070239	0.9996798614462198	0.12316168144504869
6418.993197404672	0.006183172977429085	0.9979951033677255	0.9996803663636176	0.12314976128377306
6419.15493095896	0.00618406914062695	0.9979956844040468	0.9996808711856847	0.12313784342400212
6419.316641076784	0.006184965347463798	0.9979962652160956	0.9996813759124814	0.12312592786506998
6419.4783277638035	0.006185861597937461	0.9979968458039811	0.9996818805440689	0.12311401460631098
6419.639991025662	0.006186757892045765	0.9979974261678103	0.9996823850805071	0.12310210364705962
6419.801630868005	0.006187654229786532	0.9979980063076914	0.9996828895218564	0.12309019498665075
6419.9632472964795	0.006188550611157591	0.9979985862237323	0.9996833938681767	0.1230782886244193
6420.124840316727	0.006189447036156766	0.9979991659160408	0.9996838981195291	0.12306638455970076
6420.286409934393	0.006190343504781886	0.9979997453847247	0.9996844022759733	0.12305448279183061
6420.447956155114	0.006191240017030773	0.9980003246298921	0.99968490633757	0.1230425833201447
6420.60947898453	0.006192136572901262	0.9980009036516502	0.9996854103043791	0.12303068614397912
6420.770978428269	0.006193033172391174	0.9980014824501063	0.9996859141764607	0.12301879126267017
6420.932454491965	0.006193929815498341	0.9980020610253679	0.9996864179538743	0.12300689867555441
6421.093907181255	0.006194826502220588	0.998002639377543	0.999686921636681	0.12299500838196882
6421.255336501769	0.0061957232325557466	0.9980032175067387	0.9996874252249404	0.12298312038125042
6421.416742459133	0.006196620006501645	0.9980037954130623	0.9996879287187126	0.12297123467273666
6421.57812505897	0.006197516824056111	0.998004373096621	0.9996884321180577	0.122959351255765
6421.739484306907	0.006198413685216977	0.9980049505575223	0.9996889354230355	0.12294747012967341
6421.900820208567	0.006199310589982071	0.9980055277958731	0.9996894386337064	0.12293559129380005
6422.062132769569	0.006200207538349229	0.9980061048117805	0.9996899417501296	0.12292371474748319
6422.22342199553	0.00620110453031627	0.9980066816053513	0.9996904447723645	0.12291184049006153
6422.384687892069	0.006202001565881037	0.9980072581766929	0.9996909477004711	0.1228999685208738
6422.5459304647975	0.00620289864504135	0.9980078345259111	0.9996914505345099	0.12288809883925939
6422.707149719329	0.00620379576779505	0.9980084106531143	0.9996919532745436	0.12287623144455782
6422.868345661277	0.006204692934139967	0.9980089865584086	0.999692455920629	0.12286436633610857
6423.029518296247	0.006205590144073934	0.9980095622419005	0.9996929584728181	0.12285250351325078
6423.190667629852	0.006206487397594783	0.9980101377036973	0.9996934609311694	0.12284064297532449
6423.351793667689	0.006207384694700347	0.9980107129439046	0.9996939632957645	0.1228287847216722
6423.5128964153655	0.006208282035388454	0.9980112879626293	0.9996944655666811	0.12281692875163637
6423.673975878481	0.006209179419656944	0.9980118627599779	0.999694967743806	0.12280507506454105
6423.835032062635	0.00621007684750365	0.9980124373360565	0.9996954698268472	0.12279322365969322
6423.9960649734285	0.006210974318926408	0.9980130116909722	0.9996959718156607	0.1227813745364145
6424.157074616456	0.006211871833923049	0.998013585824831	0.9996964737106395	0.122769527694079
6424.318060997311	0.006212769392491411	0.9980141597377388	0.9996969755122777	0.12275768313207108
6424.479024121587	0.006213666994629331	0.9980147334298022	0.9996974772207742	0.12274584084974643
6424.63996399487	0.006214564640334639	0.9980153069011267	0.9996979788360745	0.1227340008464365
6424.800880622748	0.006215462329605176	0.9980158801518186	0.9996984803581473	0.122722163121475
6424.9617740108115	0.0062163600624387735	0.9980164531819842	0.9996989817870638	0.12271032767420623
6425.122644164641	0.006217257838833272	0.9980170259917288	0.999699483122913	0.1226984945039761
6425.28349108982	0.006218155658786505	0.9980175985811582	0.9996999843657627	0.12268666361012898
6425.444314791933	0.006219053522296318	0.9980181709503793	0.9997004855156637	0.12267483499200772
6425.605115276555	0.006219951429360541	0.9980187430994967	0.9997009865726676	0.12266300864895548
6425.765892549266	0.006220849379977015	0.9980193150286166	0.9997014875368341	0.12265118458031658
6425.926646615637	0.006221747374143577	0.998019886737844	0.9997019884082231	0.12263936278543548
6426.087377481244	0.006222645411858067	0.9980204582272851	0.9997024891868942	0.12262754326365706
6426.2480851516575	0.006223543493118327	0.9980210294970452	0.9997029898729051	0.12261572601432602
6426.408769632447	0.0062244416179221915	0.9980216005472298	0.9997034904663133	0.12260391103678744
6426.5694309291775	0.006225339786267498	0.9980221713779437	0.9997039909671771	0.12259209833038674
6426.73006904742	0.006226237998152093	0.9980227419892929	0.9997044913755552	0.12258028789446962
6426.890683992735	0.006227136253573814	0.9980233123813821	0.9997049916915056	0.12256847972838188
6427.051275770687	0.006228034552530505	0.9980238825543174	0.9997054919150867	0.1225566738314698
6427.211844386834	0.006228932895020003	0.9980244525082029	0.9997059920463561	0.12254487020307954
6427.372389846734	0.00622983128104015	0.9980250222431439	0.9997064920853721	0.12253306884255791
6427.532912155943	0.006230729710588788	0.9980255917592454	0.9997069920321929	0.12252126974925172
6427.693411320019	0.006231628183663758	0.998026161056613	0.9997074918868768	0.12250947292250824
6427.85388734451	0.006232526700262905	0.9980267301353506	0.9997079916494814	0.12249767836167479
6428.014340234973	0.006233425260384076	0.9980272989955637	0.9997084913200649	0.12248588606609886
6428.174769996951	0.006234323864025104	0.9980278676373567	0.999708990898685	0.12247409603512856
6428.335176635993	0.0062352225111838395	0.9980284360608346	0.9997094903853998	0.12246230826811189
6428.495560157644	0.00623612120185812	0.9980290042661017	0.9997099897802671	0.12245052276439734
6428.655920567448	0.006237019936045797	0.9980295722532627	0.9997104890833449	0.12243873952333352
6428.816257870946	0.0062379187137447095	0.9980301400224222	0.999710988294691	0.12242695854426926
6428.976572073681	0.006238817534952706	0.9980307075736846	0.9997114874143634	0.12241517982655385
6429.136863181188	0.00623971639966763	0.9980312749071543	0.9997119864424197	0.12240340336953655
6429.297131199	0.006240615307887326	0.9980318420229354	0.9997124853789175	0.12239162917256703
6429.457376132658	0.006241514259609639	0.9980324089211328	0.9997129842239149	0.12237985723499527
6429.617597987686	0.006242413254832414	0.9980329756018498	0.999713482977469	0.12236808755617122
6429.77779676962	0.006243312293553502	0.9980335420651912	0.9997139816396381	0.12235632013544546
6429.937972483986	0.006244211375770745	0.9980341083112607	0.9997144802104797	0.12234455497216852
6430.098125136314	0.006245110501481997	0.9980346743401632	0.9997149786900517	0.12233279206569134
6430.258254732125	0.0062460096706851	0.998035240152002	0.9997154770784111	0.12232103141536504
6430.4183612769475	0.006246908883377901	0.9980358057468806	0.9997159753756157	0.122309273020541
6430.578444776297	0.006247808139558249	0.9980363711249037	0.999716473581723	0.12229751688057089
6430.738505235696	0.006248707439223997	0.9980369362861751	0.9997169716967911	0.12228576299480655
6430.89854266066	0.006249606782372989	0.9980375012307982	0.9997174697208768	0.12227401136260013
6431.058557056705	0.006250506169003072	0.998038065958876	0.9997179676540375	0.12226226198330395
6431.218548429344	0.006251405599112099	0.9980386304705131	0.9997184654963311	0.12225051485627073
6431.378516784092	0.00625230507269792	0.9980391947658128	0.9997189632478146	0.12223876998085328
6431.538462126456	0.006253204589758382	0.9980397588448786	0.9997194609085457	0.12222702735640474
6431.698384461948	0.00625410415029134	0.9980403227078141	0.9997199584785814	0.12221528698227851
6431.85828379607	0.006255003754294641	0.9980408863547223	0.9997204559579795	0.12220354885782823
6432.018160134328	0.006255903401766137	0.9980414497857066	0.9997209533467969	0.12219181298240765
6432.178013482226	0.006256803092703676	0.9980420130008701	0.999721450645091	0.122180079355371
6432.337843845265	0.006257702827105116	0.998042576000317	0.9997219478529192	0.12216834797607261
6432.497651228942	0.006258602604968306	0.9980431387841494	0.9997224449703386	0.12215661884386704
6432.657435638756	0.006259502426291101	0.9980437013524709	0.999722941997406	0.12214489195810921
6432.817197080203	0.006260402291071349	0.9980442637053842	0.999723438934179	0.12213316731815413
6432.976935558772	0.006261302199306903	0.998044825842992	0.9997239357807143	0.12212144492335723
6433.136651079963	0.00626220215099562	0.9980453877653979	0.9997244325370696	0.1221097247730741
6433.2963436492555	0.006263102146135352	0.9980459494727045	0.9997249292033016	0.12209800686666056
6433.456013272144	0.006264002184723951	0.9980465109650145	0.9997254257794672	0.12208629120347271
6433.615659954115	0.006264902266759273	0.9980470722424308	0.9997259222656236	0.12207457778286683
6433.77528370065	0.006265802392239177	0.9980476333050559	0.9997264186618279	0.12206286660419959
6433.934884517233	0.006266702561161512	0.9980481941529924	0.999726914968137	0.12205115766682773
6434.094462409344	0.006267602773524134	0.998048754786343	0.9997274111846076	0.12203945097010835
6434.254017382465	0.0062685030293249	0.9980493152052102	0.9997279073112972	0.12202774651339883
6434.41354944207	0.0062694033285616655	0.9980498754096963	0.9997284033482622	0.12201604429605668
6434.5730585936335	0.00627030367123229	0.9980504353999035	0.9997288992955594	0.12200434431743973
6434.732544842627	0.006271204057334624	0.9980509951759343	0.9997293951532454	0.12199264657690598
6434.892008194527	0.006272104486866528	0.9980515547378911	0.9997298909213777	0.12198095107381374
6435.051448654804	0.006273004959825861	0.9980521140858767	0.9997303866000129	0.12196925780752171
6435.210866228921	0.006273905476210477	0.9980526732199924	0.9997308821892075	0.12195756677738846
6435.3702609223465	0.006274806036018236	0.9980532321403404	0.9997313776890182	0.12194587798277319
6435.529632740548	0.006275706639246998	0.9980537908470228	0.9997318730995021	0.12193419142303506
6435.6889816889825	0.006276607285894616	0.9980543493401415	0.9997323684207151	0.12192250709753369
6435.848307773113	0.006277507975958956	0.9980549076197983	0.9997328636527145	0.12191082500562882
6436.0076109983975	0.00627840870943787	0.9980554656860956	0.9997333587955567	0.12189914514668043
6436.1668913702915	0.006279309486329222	0.9980560235391345	0.9997338538492979	0.12188746752004882
6436.326148894255	0.006280210306630869	0.9980565811790175	0.9997343488139951	0.12187579212509449
6436.485383575737	0.006281111170340676	0.9980571386058457	0.9997348436897049	0.12186411896117817
6436.64459542019	0.0062820120774565	0.9980576958197207	0.9997353384764834	0.12185244802766085
6436.8037844330665	0.006282913027976203	0.9980582528207443	0.9997358331743876	0.12184077932390379
6436.962950619809	0.006283814021897644	0.9980588096090177	0.9997363277834733	0.12182911284926844
6437.122093985869	0.006284715059218689	0.998059366184643	0.9997368223037972	0.12181744860311654
6437.281214536687	0.006285616139937198	0.998059922547721	0.9997373167354161	0.12180578658481005
6437.440312277706	0.00628651726405103	0.9980604786983532	0.9997378110783858	0.12179412679371121
6437.59938721437	0.006287418431558052	0.9980610346366412	0.9997383053327629	0.12178246922918247
6437.758439352115	0.006288319642456122	0.9980615903626859	0.9997387994986036	0.12177081389058653
6437.917468696376	0.0062892208967431085	0.9980621458765884	0.9997392935759641	0.12175916077728621
6438.076475252591	0.006290122194416869	0.9980627011784496	0.9997397875649007	0.12174750988864484
6438.235459026193	0.006291023535475276	0.9980632562683713	0.99974028146547	0.12173586122402581
6438.394420022612	0.006291924919916186	0.9980638111464538	0.9997407752777279	0.1217242147827928
6438.553358247282	0.006292826347737466	0.9980643658127986	0.9997412690017305	0.1217125705643098
6438.712273705626	0.006293727818936979	0.9980649202675056	0.9997417626375337	0.1217009285679407
6438.871166403072	0.0062946293335125894	0.9980654745106761	0.999742256185194	0.12168928879305012
6439.030036345044	0.006295530891462168	0.9980660285424112	0.9997427496447672	0.1216776512390026
6439.188883536965	0.006296432492783577	0.9980665823628111	0.9997432430163096	0.12166601590516306
6439.347707984257	0.006297334137474688	0.9980671359719773	0.9997437362998779	0.12165438279089674
6439.506509692335	0.006298235825533359	0.9980676893700093	0.9997442294955274	0.12164275189556885
6439.665288666624	0.006299137556957464	0.998068242557009	0.9997447226033142	0.12163112321854508
6439.8240449125315	0.006300039331744863	0.9980687955330751	0.9997452156232927	0.1216194967591911
6439.982778435473	0.006300941149893426	0.998069348298309	0.9997457085555191	0.12160787251687297
6440.14148924086	0.006301843011401022	0.9980699008528108	0.9997462014000532	0.12159625049095756
6440.300177334103	0.006302744916265519	0.998070453196681	0.9997466941569536	0.12158463068081152
6440.4588427206145	0.006303646864484786	0.9980710053300205	0.9997471868262688	0.12157301308580112
6440.617485405789	0.006304548856056688	0.998071557252928	0.9997476794080397	0.12156139770529187
6440.776105395043	0.006305450890979101	0.9980721089655044	0.9997481719023266	0.1215497845386515
6440.934702693772	0.006306352969249887	0.9980726604678498	0.9997486643092316	0.12153817358525211
6441.093277307382	0.006307255090866921	0.9980732117600641	0.9997491566288508	0.12152656484446522
6441.2518292412715	0.0063081572558280705	0.9980737628422479	0.9997496488611369	0.12151495831564907
6441.410358500835	0.006309059464131207	0.9980743137145002	0.9997501410059507	0.12150335399815317
6441.568865091469	0.0063099617157742	0.9980748643769214	0.9997506330631926	0.1214917518913311
6441.727349018564	0.006310864010754918	0.9980754148296105	0.9997511250328648	0.12148015199454658
6441.885810287517	0.006311766349071236	0.9980759650726682	0.9997516169149991	0.12146855430716628
6442.044248903717	0.006312668730721026	0.9980765151061933	0.9997521087097999	0.12145695882857367
6442.202664872551	0.006313571155702158	0.998077064930286	0.9997526004175884	0.12144536555816378
6442.361058199408	0.006314473624012507	0.9980776145450457	0.9997530920386051	0.12143377449532387
6442.519428889669	0.006315376135649942	0.9980781639505716	0.9997535835728688	0.12142218563942055
6442.677776948723	0.006316278690612341	0.9980787131469638	0.9997540750203674	0.1214105989898174
6442.836102381946	0.0063171812888975715	0.9980792621343216	0.9997545663811374	0.12139901454588314
6442.994405194717	0.00631808393050351	0.9980798109127438	0.9997550576552522	0.12138743230699008
6443.152685392417	0.006318986615428029	0.99808035948233	0.9997555488427807	0.12137585227251035
6443.310942980419	0.006319889343669005	0.9980809078431792	0.9997560399437755	0.12136427444181495
6443.4691779641	0.006320792115224311	0.9980814559953909	0.9997565309582862	0.12135269881427466
6443.627390348826	0.0063216949300918205	0.9980820039390637	0.9997570218863667	0.1213411253892609
6443.785580139973	0.00632259778826941	0.9980825516742968	0.9997575127280727	0.12132955416614566
6443.943747342912	0.006323500689754956	0.9980830992011899	0.9997580034834606	0.12131798514430107
6444.101891963007	0.006324403634546338	0.9980836465198414	0.9997584941525849	0.12130641832309946
6444.260014005619	0.006325306622641421	0.9980841936303495	0.9997589847354996	0.12129485370191323
6444.4181134761175	0.006326209654038091	0.9980847405328138	0.9997594752322596	0.12128329128011514
6444.57619037986	0.00632711272873422	0.9980852872273328	0.9997599656429196	0.12127173105707832
6444.734244722211	0.006328015846727692	0.998085833714006	0.9997604559675344	0.1212601730321759
6444.892276508525	0.006328919008016378	0.9980863799929313	0.9997609462061591	0.12124861720478149
6445.050285744156	0.0063298222125981575	0.9980869260642073	0.9997614363588475	0.12123706357426867
6445.208272434462	0.0063307254604709085	0.9980874719279325	0.9997619264256548	0.12122551214001141
6445.366236584792	0.0063316287516325094	0.9980880175842052	0.999762416406635	0.121213962901384
6445.524178200503	0.006332532086080839	0.9980885630331243	0.9997629063018435	0.1212024158577608
6445.682097286942	0.006333435463813776	0.9980891082747884	0.9997633961113345	0.12119087100851657
6445.839993849457	0.006334338884829203	0.9980896533092953	0.9997638858351623	0.12117932835302613
6445.997867893388	0.006335242349124995	0.998090198136743	0.999764375473381	0.12116778789066462
6446.155719424083	0.006336145856699035	0.9980907427572305	0.9997648650260457	0.12115624962080752
6446.313548446884	0.0063370494075492	0.9980912871708554	0.9997653544932102	0.12114471354283034
6446.471354967132	0.0063379530016733744	0.9980918313777162	0.99976584387493	0.121133179656109
6446.629138990164	0.00633885663906944	0.9980923753779106	0.9997663331712587	0.12112164796001963
6446.786900521317	0.006339760319735276	0.9980929191715366	0.9997668223822509	0.12111011845393843
6446.944639565925	0.006340664043668765	0.9980934627586923	0.9997673115079606	0.12109859113724214
6447.102356129325	0.006341567810867785	0.9980940061394753	0.9997678005484424	0.12108706600930744
6447.260050216844	0.006342471621330222	0.9980945493139833	0.9997682895037499	0.12107554306951138
6447.4177218338145	0.006343375475053958	0.9980950922823146	0.999768778373938	0.1210640223172313
6447.575370985563	0.006344279372036875	0.9980956350445666	0.9997692671590608	0.12105250375184463
6447.732997677416	0.0063451833122768605	0.998096177600837	0.9997697558591727	0.12104098737272931
6447.890601914701	0.006346087295771796	0.9980967199512235	0.9997702444743275	0.12102947317926306
6448.0481837027355	0.006346991322519563	0.9980972620958233	0.9997707330045795	0.12101796117082428
6448.205743046841	0.006347895392518048	0.9980978040347341	0.9997712214499826	0.12100645134679135
6448.363279952335	0.006348799505765129	0.9980983457680532	0.9997717098105912	0.12099494370654301
6448.52079442454	0.0063497036622587	0.9980988872958787	0.9997721980864592	0.12098343824945819
6448.678286468771	0.006350607861996644	0.998099428618307	0.9997726862776408	0.12097193497491603
6448.835756090342	0.006351512104976847	0.9980999697354358	0.9997731743841898	0.12096043388229592
6448.993203294562	0.0063524163911971914	0.9981005106473619	0.9997736624061603	0.12094893497097754
6449.150628086739	0.00635332072065556	0.9981010513541825	0.9997741503436056	0.12093743824034066
6449.308030472186	0.006354225093349848	0.9981015918559951	0.9997746381965805	0.12092594368976552
6449.46541045621	0.006355129509277937	0.9981021321528967	0.9997751259651388	0.12091445131863238
6449.622768044113	0.006356033968437718	0.9981026722449842	0.9997756136493344	0.12090296112632182
6449.780103241202	0.006356938470827075	0.9981032121323543	0.9997761012492207	0.12089147311221472
6449.937416052776	0.006357843016443897	0.9981037518151041	0.9997765887648518	0.120879987275692
6450.094706484133	0.006358747605286071	0.9981042912933302	0.9997770761962813	0.12086850361613506
6450.251974540577	0.006359652237351488	0.99810483056713	0.9997775635435633	0.12085702213292535
6450.4092202274	0.0063605569126380344	0.9981053696365996	0.9997780508067515	0.12084554282544462
6450.566443549897	0.006361461631143601	0.9981059085018359	0.9997785379858999	0.12083406569307487
6450.723644513361	0.006362366392866074	0.9981064471629353	0.9997790250810615	0.1208225907351983
6450.880823123081	0.006363271197803347	0.9981069856199942	0.9997795120922902	0.12081111795119738
6451.037979384347	0.006364176045953305	0.9981075238731096	0.9997799990196395	0.12079964734045473
6451.195113302447	0.0063650809373138415	0.9981080619223776	0.9997804858631634	0.12078817890235334
6451.352224882668	0.006365985871882849	0.9981085997678947	0.9997809726229152	0.12077671263627635
6451.509314130295	0.006366890849658216	0.9981091374097573	0.9997814592989488	0.12076524854160711
6451.666381050605	0.006367795870637831	0.9981096748480609	0.9997819458913172	0.12075378661772923
6451.823425648885	0.006368700934819591	0.9981102120829028	0.9997824324000747	0.12074232686402661
6451.980447930409	0.00636960604220139	0.998110749114379	0.9997829188252745	0.12073086927988332
6452.137447900456	0.006370511192781111	0.9981112859425851	0.9997834051669696	0.12071941386468367
6452.294425564304	0.006371416386556654	0.9981118225676177	0.9997838914252144	0.1207079606178122
6452.451380927223	0.00637232162352591	0.9981123589895724	0.9997843776000614	0.12069650953865377
6452.608313994483	0.006373226903686772	0.9981128952085452	0.9997848636915643	0.12068506062659329
6452.765224771359	0.006374132227037134	0.9981134312246324	0.9997853496997766	0.12067361388101604
6452.9221132631155	0.006375037593574889	0.9981139670379292	0.9997858356247513	0.12066216930130753
6453.078979475016	0.006375943003297926	0.9981145026485315	0.9997863214665416	0.12065072688685338
6453.235823412332	0.006376848456204147	0.9981150380565351	0.9997868072252011	0.12063928663703963
6453.392645080326	0.006377753952291443	0.998115573262036	0.9997872929007835	0.12062784855125247
6453.549444484257	0.006378659491557712	0.9981161082651295	0.9997877784933416	0.12061641262887822
6453.706221629388	0.0063795650740008526	0.9981166430659116	0.9997882640029284	0.12060497886930363
6453.862976520969	0.006380470699618749	0.9981171776644772	0.9997887494295972	0.12059354727191544
6454.01970916426	0.006381376368409307	0.9981177120609218	0.9997892347734011	0.12058211783610086
6454.176419564519	0.006382282080370417	0.9981182462553412	0.9997897200343934	0.12057069056124717
6454.3331077269995	0.006383187835499985	0.998118780247831	0.9997902052126275	0.12055926544674199
6454.489773656946	0.006384093633795898	0.9981193140384856	0.9997906903081559	0.1205478424919731
6454.646417359611	0.006384999475256057	0.998119847627401	0.9997911753210322	0.1205364216963285
6454.803038840243	0.006385905359878358	0.9981203810146722	0.9997916602513093	0.12052500305919654
6454.959638104085	0.0063868112876607035	0.9981209142003937	0.9997921450990395	0.12051358657996558
6455.116215156386	0.006387717258600989	0.9981214471846616	0.9997926298642766	0.1205021722580244
6455.272770002384	0.006388623272697115	0.9981219799675706	0.9997931145470735	0.12049076009276204
6455.429302647321	0.006389529329946976	0.9981225125492155	0.9997935991474828	0.12047935008356754
6455.585813096433	0.0063904354303484755	0.9981230449296915	0.9997940836655579	0.12046794222983048
6455.742301354958	0.0063913415738995095	0.9981235771090927	0.9997945681013508	0.12045653653094028
6455.898767428136	0.00639224776059798	0.9981241090875145	0.9997950524549151	0.120445132986287
6456.055211321198	0.006393153990441788	0.9981246408650515	0.9997955367263033	0.12043373159526072
6456.211633039373	0.00639406026342883	0.9981251724417985	0.9997960209155682	0.12042233235725171
6456.368032587898	0.0063949665795570146	0.9981257038178507	0.9997965050227631	0.12041093527165064
6456.524409971992	0.006395872938824234	0.9981262349933018	0.99979698904794	0.12039954033784821
6456.680765196888	0.006396779341228395	0.9981267659682467	0.9997974729911523	0.12038814755523547
6456.837098267809	0.0063976857867673945	0.9981272967427794	0.9997979568524518	0.12037675692320365
6456.99340918998	0.006398592275439144	0.9981278273169955	0.999798440631892	0.1203653684411443
6457.149697968624	0.006399498807241538	0.9981283576909887	0.9997989243295257	0.12035398210844918
6457.305964608958	0.006400405382172482	0.9981288878648532	0.9997994079454053	0.12034259792451019
6457.462209116203	0.006401312000229878	0.9981294178386839	0.9997998914795836	0.1203312158887195
6457.61843149557	0.006402218661411629	0.998129947612574	0.9998003749321116	0.12031983600046943
6457.774631752274	0.0064031253657156366	0.998130477186618	0.999800858303041	0.12030845825915239
6457.930809891535	0.006404032113139809	0.9981310065609105	0.9998013415924274	0.12029708266416167
6458.08696591856	0.006404938903682052	0.9981315357355455	0.9998018248003286	0.12028570921489076
6458.24309983856	0.006405845737340265	0.9981320647106166	0.9998023079267951	0.12027433791073279
6458.399211656739	0.006406752614112357	0.9981325934862179	0.9998027909718628	0.12026296875107995
6458.555301378307	0.0064076595339962305	0.9981331220624438	0.9998032739355689	0.12025160173532479
6458.711369008471	0.006408566496989796	0.9981336504393877	0.9998037568180024	0.12024023686286425
6458.8674145524255	0.00640947350309095	0.9981341786171434	0.9998042396192852	0.1202288741330984
6459.023438015377	0.006410380552297606	0.9981347065958044	0.9998047223394647	0.12021751354542119
6459.179439402524	0.006411287644607669	0.9981352343754651	0.9998052049783669	0.12020615509920878
6459.335418719064	0.006412194780019044	0.9981357619562184	0.9998056875357918	0.12019479879383516
6459.491375970194	0.00641310195852964	0.9981362893381586	0.9998061700117877	0.12018344462869525
6459.647311161106	0.0064140091801373625	0.9981368165213786	0.9998066524066043	0.12017209260320064
6459.803224296993	0.0064149164448401245	0.9981373435059723	0.9998071347204645	0.12016074271676097
6459.959115383046	0.006415823752635827	0.9981378702920327	0.999807616953469	0.1201493949687762
6460.114984424454	0.0064167311035223835	0.9981383968796536	0.9998080991056929	0.12013804935864414
6460.270831426404	0.006417638497497699	0.9981389232689283	0.9998085811771957	0.12012670588576181
6460.426656394084	0.006418545934559687	0.9981394494599497	0.9998090631680243	0.1201153645495252
6460.582459332677	0.006419453414706253	0.9981399754528115	0.9998095450782254	0.12010402534933064
6460.738240247362	0.00642036093793531	0.9981405012476064	0.9998100269078509	0.12009268828457505
6460.8939991433235	0.006421268504244765	0.998141026844428	0.9998105086569545	0.12008135335465579
6461.049736025739	0.00642217611363253	0.9981415522433694	0.9998109903255885	0.12007002055897023
6461.2054508997835	0.006423083766096516	0.9981420774445232	0.999811471913804	0.12005868989691607
6461.361143770633	0.006423991461634632	0.9981426024479823	0.9998119534216524	0.12004736136789097
6461.516814643464	0.006424899200244787	0.9981431272538396	0.9998124348491852	0.12003603497129317
6461.672463523448	0.006425806981924898	0.9981436518621886	0.999812916196455	0.12002471070652095
6461.828090415754	0.006426714806672877	0.9981441762731216	0.9998133974635126	0.12001338857297274
6461.983695325551	0.00642762267448663	0.9981447004867314	0.9998138786504102	0.12000206857004746
6462.139278258004	0.006428530585364076	0.9981452245031107	0.9998143597571986	0.11999075069714388
6462.294839218281	0.00642943853930312	0.9981457483223518	0.9998148407839295	0.11997943495366131
6462.450378211544	0.006430346536301686	0.998146271944548	0.9998153217306548	0.11996812133899919
6462.605895242957	0.0064312545763576786	0.9981467953697917	0.9998158025974262	0.11995680985255719
6462.761390317677	0.006432162659469018	0.9981473185981752	0.9998162833842952	0.11994550049373522
6462.9168634408625	0.00643307078563361	0.9981478416297903	0.9998167640913125	0.11993419326193329
6463.072314617673	0.006433978954849377	0.9981483644647302	0.9998172447185301	0.1199228881565518
6463.227743853263	0.006434887167114227	0.9981488871030871	0.9998177252659989	0.11991158517699135
6463.383151152782	0.006435795422426081	0.9981494095449532	0.999818205733771	0.11990028432265261
6463.538536521386	0.006436703720782851	0.998149931790421	0.9998186861218972	0.11988898559293673
6463.693899964228	0.006437612062182455	0.9981504538395823	0.9998191664304293	0.11987768898724485
6463.849241486448	0.0064385204466228035	0.9981509756925293	0.9998196466594179	0.11986639450497842
6464.004561093198	0.006439428874101817	0.9981514973493542	0.999820126808915	0.11985510214553925
6464.159858789622	0.0064403373446174144	0.998152018810149	0.9998206068789715	0.11984381190832907
6464.315134580861	0.006441245858167508	0.9981525400750055	0.9998210868696383	0.11983252379275017
6464.470388472059	0.006442154414750018	0.9981530611440157	0.9998215667809673	0.11982123779820482
6464.625620468355	0.0064430630143628605	0.9981535820172714	0.9998220466130093	0.11980995392409559
6464.780830574886	0.006443971657003953	0.9981541026948644	0.9998225263658153	0.11979867216982534
6464.936018796793	0.006444880342671214	0.9981546231768871	0.9998230060394373	0.11978739253479713
6465.091185139207	0.006445789071362562	0.9981551434634302	0.9998234856339252	0.11977611501841413
6465.24632960726	0.006446697843075914	0.9981556635545861	0.9998239651493307	0.11976483962007992
6465.401452206085	0.006447606657809193	0.9981561834504463	0.999824444585705	0.11975356633919808
6465.556552940812	0.006448515515560316	0.998156703151102	0.9998249239430989	0.11974229517517271
6465.71163181657	0.006449424416327205	0.998157222656645	0.9998254032215633	0.11973102612740778
6465.866688838484	0.006450333360107774	0.9981577419671668	0.9998258824211496	0.11971975919530782
6466.021724011678	0.006451242346899949	0.9981582610827582	0.999826361541908	0.1197084943782773
6466.176737341276	0.006452151376701649	0.9981587800035111	0.9998268405838898	0.11969723167572102
6466.331728832399	0.006453060449510793	0.998159298729517	0.9998273195471465	0.11968597108704424
6466.486698490169	0.006453969565325305	0.9981598172608667	0.9998277984317285	0.11967471261165202
6466.641646319702	0.006454878724143104	0.9981603355976519	0.999828277237687	0.11966345624895
6466.796572326114	0.006455787925962116	0.9981608537399632	0.9998287559650724	0.1196522019983438
6466.951476514522	0.00645669717078026	0.998161371687892	0.9998292346139355	0.11964094985923933
6467.106358890034	0.0064576064585954605	0.9981618894415292	0.999829713184327	0.11962969983104281
6467.261219457767	0.006458515789405638	0.998162407000966	0.9998301916762984	0.11961845191316064
6467.416058222825	0.006459425163208716	0.998162924366293	0.9998306700898995	0.11960720610499938
6467.5708751903185	0.006460334580002618	0.9981634415376011	0.9998311484251816	0.11959596240596591
6467.7256703653575	0.0064612440397852685	0.9981639585149815	0.9998316266821954	0.11958472081546719
6467.880443753042	0.006462153542554589	0.998164475298525	0.9998321048609912	0.11957348133291057
6468.035195358476	0.006463063088308506	0.998164991888322	0.9998325829616199	0.11956224395770351
6468.189925186761	0.00646397267704495	0.9981655082844634	0.9998330609841323	0.11955100868925374
6468.344633242997	0.006464882308761835	0.9981660244870397	0.9998335389285791	0.11953977552696925
6468.499319532283	0.006465791983457096	0.9981665404961422	0.9998340167950104	0.11952854447025812
6468.653984059714	0.006466701701128651	0.9981670563118604	0.999834494583477	0.11951731551852879
6468.808626830383	0.00646761146177443	0.9981675719342853	0.9998349722940293	0.1195060886711898
6468.96324784938	0.006468521265392354	0.9981680873635067	0.9998354499267175	0.11949486392764999
6469.117847121806	0.006469431111980359	0.9981686025996156	0.9998359274815929	0.11948364128731846
6469.272424652743	0.006470341001536363	0.9981691176427024	0.9998364049587051	0.1194724207496044
6469.426980447284	0.006471250934058301	0.9981696324928572	0.9998368823581052	0.11946120231391741
6469.581514510509	0.006472160909544091	0.9981701471501702	0.9998373596798429	0.11944998597966706
6469.736026847508	0.00647307092799167	0.9981706616147317	0.9998378369239697	0.11943877174626338
6469.890517463361	0.006473980989398962	0.9981711758866318	0.999838314090535	0.11942755961311657
6470.044986363149	0.006474891093763893	0.9981716899659607	0.9998387911795895	0.11941634957963689
6470.199433551956	0.006475801241084396	0.998172203852808	0.9998392681911832	0.11940514164523497
6470.353859034854	0.006476711431358398	0.9981727175472642	0.9998397451253669	0.11939393580932167
6470.508262816923	0.0064776216645838275	0.998173231049419	0.9998402219821907	0.11938273207130794
6470.6626449032365	0.006478531940758615	0.9981737443593619	0.9998406987617042	0.11937153043060508
6470.81700529887	0.006479442259880695	0.9981742574771832	0.9998411754639586	0.11936033088662458
6470.971344008891	0.006480352621947988	0.9981747704029728	0.9998416520890033	0.1193491334387781
6471.1256610383725	0.006481263026958435	0.9981752831368202	0.9998421286368888	0.11933793808647761
6471.279956392378	0.006482173474909956	0.9981757956788151	0.9998426051076654	0.11932674482913518
6471.434230075978	0.006483083965800489	0.9981763080290469	0.9998430815013828	0.11931555366616321
6471.588482094231	0.006483994499627963	0.998176820187605	0.9998435578180912	0.1193043645969742
6471.742712452211	0.006484905076390315	0.9981773321545797	0.9998440340578411	0.11929317762098106
6471.896921154969	0.00648581569608547	0.9981778439300596	0.999844510220682	0.11928199273759672
6472.051108207573	0.006486726358711365	0.998178355514135	0.9998449863066645	0.11927080994623447
6472.2052736150745	0.006487637064265932	0.9981788669068944	0.9998454623158382	0.11925962924630773
6472.359417382535	0.006488547812747102	0.9981793781084282	0.9998459382482532	0.1192484506372302
6472.513539515007	0.006489458604152815	0.9981798891188252	0.9998464141039595	0.11923727411841573
6472.667640017542	0.006490369438480993	0.9981803999381742	0.9998468898830065	0.11922609968927848
6472.821718895193	0.006491280315729581	0.9981809105665647	0.999847365585445	0.11921492734923271
6472.975776153008	0.0064921912358965024	0.9981814210040852	0.9998478412113241	0.11920375709769301
6473.129811796039	0.006493102198979703	0.9981819312508259	0.9998483167606941	0.11919258893407413
6473.2838258293295	0.006494013204977111	0.9981824413068753	0.9998487922336043	0.11918142285779107
6473.437818257926	0.006494924253886663	0.9981829511723224	0.9998492676301053	0.11917025886825905
6473.591789086871	0.006495835345706295	0.9981834608472562	0.9998497429502466	0.11915909696489348
6473.745738321206	0.0064967464804339455	0.9981839703317651	0.9998502181940778	0.11914793714711001
6473.899665965974	0.006497657658067546	0.9981844796259389	0.9998506933616492	0.11913677941432452
6474.0535720262105	0.006498568878605033	0.9981849887298657	0.9998511684530096	0.11912562376595298
6474.2074565069515	0.006499480142044347	0.9981854976436342	0.999851643468209	0.11911447020141178
6474.361319413231	0.006500391448383419	0.9981860063673329	0.999852118407297	0.11910331872011738
6474.515160750087	0.0065013027976201935	0.998186514901051	0.9998525932703238	0.1190921693214866
6474.668980522544	0.006502214189752602	0.9981870232448764	0.9998530680573383	0.1190810220049363
6474.822778735639	0.006503125624778585	0.9981875313988978	0.9998535427683902	0.1190698767698836
6474.9765553944	0.006504037102696082	0.9981880393632042	0.9998540174035297	0.11905873361574605
6475.130310503851	0.006504948623503032	0.9981885471378843	0.9998544919628064	0.11904759254194114
6475.28404406902	0.006505860187197373	0.9981890547230257	0.9998549664462694	0.11903645354788678
6475.437756094926	0.006506771793777042	0.9981895621187167	0.9998554408539674	0.11902531663300085
6475.591446586591	0.006507683443239978	0.9981900693250458	0.9998559151859496	0.11901418179670163
6475.745115549041	0.006508595135584125	0.9981905763421013	0.9998563894422678	0.11900304903840768
6475.898762987291	0.00650950687080742	0.9981910831699715	0.9998568636229732	0.11899191835753777
6476.052388906362	0.006510418648907806	0.9981915898087443	0.9998573377281127	0.11898078975351069
6476.205993311263	0.006511330469883222	0.9981920962585079	0.9998578117577279	0.11896966322574538
6476.359576207012	0.006512242333731608	0.9981926025193504	0.9998582857118646	0.11895853877366099
6476.513137598619	0.0065131542404509085	0.9981931085913597	0.9998587595905934	0.11894741639667776
6476.6666774910955	0.00651406619003906	0.9981936144746237	0.9998592333939913	0.11893629609421633
6476.8201958894515	0.006514978182494011	0.9981941201692303	0.999859707122083	0.11892517786569584
6476.973692798692	0.006515890217813699	0.9981946256752673	0.9998601807748092	0.11891406171053324
6477.127168223827	0.006516802295996069	0.9981951309928225	0.9998606543521187	0.11890294762814575
6477.280622169851	0.0065177144170390595	0.9981956361219837	0.9998611278541092	0.11889183561795554
6477.434054641774	0.006518626580940618	0.9981961410628386	0.9998616012809532	0.1188807256793873
6477.587465644595	0.006519538787698684	0.9981966458154748	0.9998620746327802	0.11886961781186452
6477.740855183314	0.006520451037311208	0.9981971503799802	0.99986254790962	0.118858512014808
6477.894223262926	0.006521363329776128	0.998197654756442	0.9998630211114901	0.11884740828763815
6478.047569888431	0.006522275665091394	0.9981981589449476	0.9998634942384311	0.11883630662977648
6478.20089506482	0.006523188043254946	0.9981986629455848	0.9998639672905008	0.11882520704064523
6478.354198797087	0.006524100464264729	0.9981991667584408	0.9998644402677548	0.11881410951966662
6478.507481090224	0.006525012928118692	0.9981996703836032	0.9998649131702413	0.11880301406626306
6478.660741949215	0.006525925434814775	0.9982001738211589	0.9998653859980062	0.11879192067985703
6478.81398137905	0.006526837984350924	0.998200677071195	0.999865858751098	0.11878082935987122
6478.967199384719	0.00652775057672509	0.9982011801337991	0.9998663314295663	0.11876974010572881
6479.120395971202	0.00652866321193522	0.9982016830090584	0.9998668040334605	0.11875865291685289
6479.273571143487	0.0065295758899792606	0.9982021856970603	0.9998672765628294	0.11874756779266699
6479.426724906549	0.006530488610855156	0.9982026881978912	0.999867749017721	0.11873648473259461
6479.579857265371	0.006531401374560852	0.9982031905116381	0.9998682213981847	0.11872540373605969
6479.732968224932	0.006532314181094302	0.9982036926383885	0.9998686937042691	0.11871432480248635
6479.886057790208	0.006533227030453447	0.9982041945782291	0.999869165936023	0.11870324793129884
6480.039125966173	0.006534139922636245	0.9982046963312472	0.9998696380934958	0.11869217312192168
6480.192172757796	0.0065350528576406325	0.9982051978975284	0.9998701101767346	0.11868110037377952
6480.345198170054	0.006535965835464568	0.9982056992771604	0.9998705821857892	0.11867002968629732
6480.498202207913	0.006536878856105998	0.9982062004702298	0.9998710541207076	0.11865896105890021
6480.651184876345	0.0065377919195628706	0.9982067014768229	0.9998715259815392	0.11864789449101358
6480.804146180318	0.006538705025833139	0.9982072022970271	0.9998719977683325	0.11863682998206306
6480.957086124793	0.006539618174914751	0.9982077029309285	0.9998724694811356	0.11862576753147437
6481.110004714735	0.006540531366805657	0.9982082033786134	0.9998729411199971	0.11861470713867345
6481.262901955105	0.006541444601503807	0.9982087036401687	0.999873412684966	0.1186036488030866
6481.415777850864	0.006542357879007155	0.9982092037156804	0.9998738841760899	0.11859259252414017
6481.568632406971	0.006543271199313649	0.9982097036052352	0.9998743555934182	0.11858153830126088
6481.7214656283795	0.006544184562421239	0.9982102033089191	0.9998748269369986	0.1185704861338755
6481.874277520051	0.006545097968327883	0.9982107028268189	0.9998752982068804	0.11855943602141117
6482.027068086935	0.006546011417031533	0.9982112021590207	0.9998757694031114	0.11854838796329512
6482.179837333985	0.006546924908530136	0.9982117013056105	0.9998762405257399	0.11853734195895485
6482.332585266153	0.006547838442821652	0.9982122002666747	0.999876711574815	0.11852629800781803
6482.4853118883875	0.0065487520199040295	0.9982126990422993	0.9998771825503845	0.11851525610931264
6482.6380172056315	0.006549665639775219	0.9982131976325699	0.9998776534524966	0.11850421626286677
6482.790701222836	0.00655057930243318	0.998213696037573	0.9998781242811998	0.11849317846790876
6482.943363944943	0.006551493007875864	0.9982141942573945	0.9998785950365424	0.11848214272386719
6483.096005376893	0.006552406756101228	0.9982146922921199	0.999879065718572	0.11847110903017068
6483.248625523628	0.006553320547107224	0.9982151901418354	0.9998795363273376	0.11846007738624842
6483.401224390096	0.006554234380891809	0.9982156878066273	0.9998800068628889	0.11844904779152965
6483.553801981225	0.006555148257452936	0.9982161852865806	0.999880477325272	0.11843802024544359
6483.706358301954	0.006556062176788562	0.9982166825817816	0.9998809477145332	0.1184269947474196
6483.8588933572155	0.006556976138896643	0.9982171796923153	0.9998814180307202	0.11841597129688748
6484.011407151943	0.006557890143775137	0.9982176766182675	0.9998818882738881	0.1184049498932781
6484.163899691069	0.006558804191421996	0.998218173359724	0.9998823584440925	0.11839393053602261
6484.3163709795235	0.006559718281835179	0.9982186699167703	0.9998828285413707	0.11838291322455013
6484.468821022235	0.006560632415012645	0.9982191662894919	0.9998832985657407	0.11837189795828774
6484.621249824129	0.006561546590952349	0.998219662477974	0.9998837685172267	0.1183608847366634
6484.773657390132	0.006562460809652253	0.9982201584823023	0.9998842383958895	0.11834987355910978
6484.926043725167	0.006563375071110309	0.9982206543025621	0.9998847082018028	0.11833886442506131
6485.0784088341525	0.00656428937532448	0.998221149938838	0.9998851779350313	0.11832785733395147
6485.230752722012	0.006565203722292723	0.9982216453912163	0.999885647595627	0.11831685228521256
6485.383075393664	0.006566118112012996	0.9982221406597817	0.9998861171836397	0.1183058492782767
6485.535376854025	0.006567032544483261	0.9982226357446197	0.9998865866991183	0.11829484831257611
6485.687657108011	0.006567947019701475	0.9982231306458144	0.9998870561421089	0.11828384938754305
6485.839916160531	0.006568861537665596	0.9982236253634513	0.9998875255126587	0.11827285250260988
6485.992154016506	0.006569776098373589	0.9982241198976158	0.999887994810816	0.11826185765720959
6486.1443706808395	0.006570690701823412	0.9982246142483928	0.9998884640366279	0.11825086485077499
6486.296566158441	0.006571605348013024	0.9982251084158668	0.9998889331901424	0.11823987408273927
6486.448740454221	0.006572520036940388	0.998225602400123	0.9998894022714071	0.1182288853525359
6486.600893573083	0.006573434768603469	0.9982260962012459	0.9998898712804696	0.11821789865959838
6486.753025519935	0.006574349543000223	0.9982265898193207	0.9998903402173775	0.11820691400336064
6486.905136299682	0.006575264360128617	0.9982270832544322	0.9998908090821789	0.11819593138325665
6487.057225917216	0.006576179219986608	0.9982275765066646	0.9998912778749196	0.11818495079872053
6487.209294377442	0.006577094122572162	0.9982280695761027	0.9998917465956481	0.11817397224918685
6487.361341685254	0.006578009067883238	0.9982285624628308	0.9998922152444114	0.11816299573409013
6487.513367845548	0.0065789240559178015	0.9982290551669333	0.9998926838212573	0.11815202125286528
6487.665372863225	0.006579839086673819	0.9982295476884954	0.9998931523262331	0.1181410488049474
6487.817356743177	0.0065807541601492535	0.9982300400276017	0.9998936207593867	0.11813007838977176
6487.969319490294	0.006581669276342066	0.9982305321843362	0.9998940891207647	0.11811911000677383
6488.121261109464	0.00658258443525022	0.9982310241587831	0.9998945574104151	0.1181081436553893
6488.273181605576	0.006583499636871684	0.9982315159510263	0.9998950256283841	0.11809717933505401
6488.4250809835185	0.006584414881204423	0.9982320075611509	0.9998954937747202	0.11808621704520417
6488.576959248177	0.006585330168246397	0.9982324989892406	0.9998959618494702	0.11807525678527601
6488.728816404435	0.006586245497995577	0.9982329902353796	0.9998964298526808	0.11806429855470606
6488.880652457172	0.006587160870449927	0.9982334812996521	0.9998968977843998	0.11805334235293112
6489.0324674112735	0.006588076285607417	0.9982339721821422	0.9998973656446746	0.1180423881793881
6489.184261271612	0.006588991743466006	0.998234462882934	0.9998978334335515	0.11803143603351413
6489.336034043071	0.006589907244023669	0.9982349534021114	0.9998983011510789	0.11802048591474659
6489.487785730522	0.006590822787278365	0.9982354437397581	0.9998987687973029	0.11800953782252308
6489.639516338843	0.006591738373228067	0.9982359338959583	0.9998992363722707	0.11799859175628132
6489.791225872903	0.006592654001870738	0.9982364238707955	0.9998997038760299	0.11798764771545926
6489.942914337576	0.006593569673204351	0.9982369136643537	0.9999001713086272	0.11797670569949523
6490.094581737731	0.00659448538722687	0.998237403276717	0.9999006386701099	0.11796576570782755
6490.246228078234	0.006595401143936268	0.9982378927079683	0.9999011059605248	0.11795482773989481
6490.397853363952	0.006596316943330509	0.9982383819581916	0.9999015731799186	0.11794389179513577
6490.549457599749	0.006597232785407566	0.9982388710274708	0.9999020403283381	0.11793295787298938
6490.701040790491	0.006598148670165409	0.998239359915889	0.9999025074058313	0.11792202597289515
6490.852602941037	0.0065990645976020034	0.99823984862353	0.9999029744124459	0.11791109609429266
6491.00414405625	0.006599980567715325	0.9982403371504771	0.9999034413482276	0.11790016823662125
6491.155664140986	0.0066008965805033374	0.9982408254968137	0.9999039082132197	0.1178892423993201
6491.307163200103	0.006601812635964015	0.9982413136626233	0.9999043750074682	0.11787831858182901
6491.458641238455	0.006602728734095328	0.9982418016479893	0.9999048417310299	0.11786739678359041
6491.610098260899	0.006603644874895253	0.998242289452995	0.9999053083839625	0.11785647700404704
6491.761534272282	0.006604561058361755	0.9982427770777231	0.9999057749663001	0.1178455592426369
6491.91294927746	0.006605477284492808	0.9982432645222576	0.9999062414780474	0.117834643498792
6492.06434328128	0.0066063935532863815	0.998243751786681	0.9999067079192104	0.11782372977194472
6492.215716288591	0.006607309864740451	0.9982442388710766	0.9999071742898209	0.11781281806153314
6492.3670683042355	0.006608226218852988	0.9982447257755274	0.9999076405899201	0.11780190836699775
6492.518399333061	0.006609142615621968	0.9982452125001166	0.999908106819571	0.1177910006877836
6492.669709379909	0.006610059055045364	0.998245699044927	0.9999085729788778	0.11778009502334491
6492.820998449622	0.006610975537121148	0.9982461854100415	0.9999090390679465	0.1177691913731363
6492.972266547036	0.006611892061847292	0.9982466715955428	0.9999095050868371	0.11775828973660296
6493.123513676992	0.006612808629221772	0.9982471576015137	0.9999099710355795	0.11774739011318397
6493.27473984433	0.006613725239242567	0.9982476434280376	0.9999104369142069	0.11773649250231913
6493.425945053881	0.006614641891907644	0.998248129075197	0.9999109027227672	0.11772559690345172
6493.577129310479	0.006615558587214984	0.9982486145430741	0.9999113684613103	0.1177147033160256
6493.728292618956	0.006616475325162558	0.9982490998317517	0.9999118341298843	0.11770381173948444
6493.879434984142	0.006617392105748343	0.9982495849413124	0.9999122997285339	0.11769292217327144
6494.030556410866	0.006618308928970318	0.9982500698718391	0.9999127652573041	0.11768203461683006
6494.181656903957	0.006619225794826463	0.9982505546234139	0.999913230716241	0.11767114906960417
6494.332736468241	0.006620142703314745	0.9982510391961198	0.9999136961053908	0.1176602655310379
6494.483795108541	0.006621059654433145	0.9982515235900387	0.9999141614247994	0.1176493840005755
6494.634832829677	0.006621976648179643	0.9982520078052529	0.9999146266745123	0.11763850447766144
6494.785849636473	0.0066228936845522095	0.9982524918418446	0.9999150918545754	0.11762762696174038
6494.936845533746	0.006623810763548828	0.9982529756998966	0.9999155569650341	0.11761675145225721
6495.087820526316	0.0066247278851674744	0.998253459379491	0.9999160220059348	0.11760587794865705
6495.238774619001	0.006625645049406132	0.9982539428807098	0.9999164869773232	0.11759500645038513
6495.389707816613	0.006626562256262771	0.9982544262036352	0.9999169518792447	0.11758413695688705
6495.5406201239675	0.006627479505735382	0.9982549093483496	0.9999174167117456	0.11757326946760842
6495.691511545876	0.006628396797821931	0.9982553923149344	0.999917881474871	0.11756240398199513
6495.842382087147	0.006629314132520407	0.998255875103472	0.9999183461686669	0.11755154049949333
6495.993231752588	0.006630231509828785	0.998256357714044	0.9999188107931786	0.11754067901954934
6496.144060547011	0.00663114892974505	0.9982568401467329	0.9999192753484517	0.11752981954160967
6496.2948684752155	0.006632066392267177	0.9982573224016202	0.9999197398345322	0.11751896206512102
6496.445655542011	0.006632983897393152	0.9982578044787878	0.9999202042514653	0.11750810658953031
6496.596421752197	0.006633901445120952	0.9982582863783174	0.999920668599297	0.11749725311428476
6496.747167110574	0.006634819035448556	0.9982587681002904	0.9999211328780724	0.11748640163883153
6496.897891621941	0.006635736668373952	0.998259249644789	0.9999215970878371	0.11747555216261825
6497.0485952910985	0.006636654343895118	0.9982597310118945	0.9999220612286365	0.1174647046850927
6497.1992781228455	0.0066375720620100425	0.9982602122016894	0.9999225253005167	0.1174538592057028
6497.3499401219715	0.0066384898227167	0.9982606932142544	0.9999229893035226	0.11744301572389672
6497.50058129327	0.00663940762601308	0.9982611740496711	0.9999234532376996	0.11743217423912272
6497.651201641533	0.0066403254718971575	0.9982616547080208	0.9999239171030934	0.11742133475082937
6497.801801171549	0.006641243360366923	0.9982621351893848	0.9999243808997488	0.11741049725846549
6497.952379888113	0.006642161291420359	0.9982626154938452	0.9999248446277121	0.11739966176148006
6498.102937796007	0.006643079265055445	0.9982630956214829	0.9999253082870279	0.11738882825932213
6498.253474900019	0.0066439972812701725	0.998263575572379	0.9999257718777415	0.11737799675144109
6498.40399120493	0.006644915340062524	0.998264055346615	0.9999262353998978	0.11736716723728638
6498.554486715525	0.006645833441430481	0.998264534944272	0.9999266988535439	0.11735633971630825
6498.704961436583	0.006646751585372028	0.998265014365431	0.9999271622387255	0.11734551418795668
6498.855415372885	0.006647669771885158	0.9982654936101736	0.9999276255554854	0.11733469065168133
6499.005848529207	0.006648588000967847	0.9982659726785801	0.9999280888038642	0.11732386910693149
6499.156260910326	0.006649506272618089	0.9982664515707318	0.9999285519839078	0.11731304955315781
6499.306652521018	0.0066504245868338665	0.9982669302867101	0.9999290150956762	0.11730223198981472
6499.457023366055	0.00665134294361317	0.9982674088265955	0.9999294781392265	0.11729141641635596
6499.607373450212	0.006652261342953983	0.9982678871904692	0.9999299411145199	0.11728060283221287
6499.757702778255	0.006653179784854295	0.9982683653784119	0.9999304040214275	0.11726979123679579
6499.9080113549535	0.006654098269312087	0.9982688433905038	0.9999308668598704	0.1172589816295271
6500.058299185074	0.006655016796325356	0.9982693212268263	0.999931329630042	0.11724817400989351
6500.20856627338	0.006655935365892083	0.9982697988874596	0.9999317923322172	0.11723736837740134
6500.358812624641	0.00665685397801026	0.9982702763724848	0.9999322549665637	0.11722656473153163
6500.509038243619	0.006657772632677878	0.9982707536819828	0.9999327175330778	0.1172157630717255
6500.65924313507	0.00665869132989292	0.9982712308160332	0.999933180031746	0.11720496339742159
6500.8094273037605	0.006659610069653385	0.9982717077747179	0.9999336424626031	0.11719416570807027
6500.959590754444	0.0066605288519572545	0.9982721845581164	0.9999341048257082	0.11718337000312808
6501.109733491878	0.00666144767680252	0.998272661166309	0.9999345671211177	0.11717257628205063
6501.259855520813	0.006662366544187168	0.9982731375993761	0.9999350293488732	0.11716178454429074
6501.409956846008	0.006663285454109194	0.9982736138573984	0.9999354915090142	0.11715099478930062
6501.560037472213	0.006664204406566589	0.9982740899404562	0.9999359536015829	0.11714020701653358
6501.710097404179	0.006665123401557347	0.9982745658486298	0.9999364156266245	0.11712942122544358
6501.860136646655	0.006666042439079453	0.9982750415819995	0.9999368775841837	0.11711863741548482
6502.010155204385	0.006666961519130902	0.9982755171406451	0.9999373394743041	0.11710785558611142
6502.160153082118	0.006667880641709684	0.998275992524647	0.999937801297029	0.11709707573677773
6502.310130284598	0.006668799806813797	0.9982764677340851	0.9999382630524022	0.11708629786693815
6502.460086816564	0.006669719014441222	0.9982769427690392	0.9999387247404669	0.11707552197604756
6502.610022682764	0.006670638264589962	0.9982774176295898	0.9999391863612676	0.11706474806356089
6502.759937887935	0.00667155755725801	0.9982778923158165	0.9999396479148478	0.11705397612893331
6502.909832436809	0.006672476892443353	0.998278366827799	0.9999401094012504	0.11704320617162019
6503.059706334131	0.00667339627014399	0.9982788411656183	0.9999405708205201	0.11703243819107703
6503.2095595846295	0.006674315690357908	0.9982793153293525	0.9999410321726995	0.11702167218675963
6503.359392193044	0.006675235153083112	0.998279789319083	0.999941493457833	0.117010908158124
6503.509204164103	0.006676154658317592	0.9982802631348889	0.9999419546759639	0.11700014610462622
6503.658995502539	0.006677074206059343	0.9982807367768498	0.9999424158271356	0.1169893860257227
6503.808766213078	0.006677993796306358	0.9982812102450448	0.9999428769113914	0.11697862792086991
6503.95851630045	0.006678913429056634	0.9982816835395542	0.999943337928775	0.11696787178952466
6504.10824576938	0.006679833104308165	0.9982821566604573	0.99994379887933	0.11695711763114393
6504.257954624595	0.006680752822058952	0.9982826296078341	0.9999442597631001	0.1169463654451848
6504.407642870814	0.006681672582306987	0.9982831023817635	0.999944720580128	0.11693561523110473
6504.557310512761	0.006682592385050268	0.9982835749823252	0.9999451813304574	0.1169248669883612
6504.706957555154	0.006683512230286793	0.9982840474095982	0.9999456420141317	0.11691412071641198
6504.856584002714	0.006684432118014559	0.9982845196636623	0.9999461026311943	0.11690337641471507
6505.006189860156	0.00668535204823156	0.9982849917445963	0.9999465631816887	0.11689263408272842
6505.155775132199	0.006686272020935796	0.9982854636524799	0.9999470236656584	0.11688189371991067
6505.3053398235525	0.006687192036125268	0.9982859353873923	0.9999474840831465	0.11687115532572023
6505.45488393893	0.0066881120937979715	0.9982864069494123	0.9999479444341963	0.11686041889961592
6505.604407483043	0.006689032193951911	0.9982868783386194	0.99994840471885	0.11684968444105638
6505.753910460598	0.006689952336585072	0.9982873495550924	0.9999488649371503	0.11683895194950056
6505.903392876309	0.0066908725216954686	0.9982878205989104	0.9999493250891432	0.11682822142440853
6506.0528547348795	0.006691792749281089	0.9982882914701527	0.9999497851748755	0.11681749286524072
6506.202296041012	0.006692713019339941	0.9982887621688974	0.9999502451943887	0.11680676627145639
6506.351716799411	0.006693633331870023	0.9982892326952241	0.9999507051477132	0.11679604164251244
6506.501117014784	0.006694553686869335	0.998289703049212	0.9999511650348808	0.11678531897786613
6506.650496691823	0.006695474084335875	0.9982901732309394	0.9999516248559593	0.1167745982769839
6506.799855835231	0.006696394524267648	0.9982906432404851	0.9999520846110448	0.11676387953933925
6506.949194449704	0.006697315006662654	0.9982911130779277	0.9999525443001902	0.11675316276439539
6507.098512539938	0.0066982355315188934	0.9982915827433461	0.9999530039232832	0.11674244795157504
6507.247810110628	0.0066991560988343656	0.9982920522368182	0.999953463480173	0.11673173510029168
6507.397087166467	0.0067000767086070785	0.9982925215584235	0.9999539229708689	0.1167210242099983
6507.546343712146	0.006700997360835033	0.9982929907082404	0.9999543823955919	0.11671031528020026
6507.695579752355	0.00670191805551623	0.9982934596863475	0.9999548417545608	0.11669960831040241
6507.844795291785	0.006702838792648677	0.9982939284928234	0.9999553010478578	0.11668890330007628
6507.993990335119	0.006703759572230372	0.9982943971277459	0.9999557602754986	0.11667820024867738
6508.143164887044	0.0067046803942593216	0.9982948655911941	0.9999562194375079	0.11666749915566343
6508.2923189522435	0.006705601258733529	0.9982953338832457	0.9999566785339318	0.11665680002049778
6508.4414525354	0.006706522165650999	0.9982958020039792	0.9999571375648189	0.11664610284264448
6508.590565641192	0.006707443115009734	0.9982962699534726	0.9999575965302128	0.11663540762156677
6508.739658274301	0.0067083641068077385	0.9982967377318046	0.9999580554301535	0.11662471435672694
6508.888730439406	0.0067092851410430225	0.9982972053390532	0.9999585142646811	0.11661402304758753
6509.037782141179	0.006710206217713586	0.9982976727752966	0.9999589730338392	0.11660333369361224
6509.1868133843045	0.00671112733681744	0.9982981400406129	0.9999594317376723	0.1165926462942651
6509.335824173446	0.006712048498352588	0.99829860713508	0.9999598903762208	0.11658196084900946
6509.484814513281	0.006712969702317038	0.9982990740587758	0.9999603489495192	0.11657127735730753
6509.6337844084765	0.0067138909487087905	0.9982995408117785	0.9999608074576037	0.11656059581862202
6509.7827338637035	0.00671481223752586	0.998300007394166	0.9999612659005319	0.11654991623242078
6509.931662883627	0.006715733568766244	0.9983004738060157	0.999961724278374	0.11653923859817486
6510.080571472917	0.006716654942427961	0.9983009400474062	0.9999621825911911	0.1165285629153532
6510.229459636235	0.006717576358509012	0.9983014061184148	0.9999626408390143	0.11651788918341824
6510.3783273782465	0.006718497817007409	0.9983018720191195	0.9999630990218682	0.116507217401831
6510.52717470361	0.006719419317921157	0.9983023377495979	0.9999635571397754	0.11649654757005234
6510.676001616987	0.006720340861248264	0.9983028033099273	0.999964015192756	0.11648587968754287
6510.824808123035	0.00672126244698674	0.9983032687001854	0.9999644731808333	0.11647521375376389
6510.97359422641	0.006722184075134593	0.99830373392045	0.9999649311040494	0.11646454976818141
6511.122359931772	0.006723105745689837	0.9983041989707987	0.9999653889624545	0.11645388773026329
6511.271105243773	0.00672402745865048	0.9983046638513093	0.9999658467560958	0.11644322763947694
6511.419830167064	0.006724949214014533	0.9983051285620589	0.9999663044850154	0.11643256949528902
6511.568534706296	0.00672587101178	0.9983055931031244	0.9999667621492552	0.11642191329716613
6511.71721886612	0.006726792851944898	0.9983060574745836	0.9999672197488579	0.11641125904457536
6511.8658826511855	0.006727714734507236	0.9983065216765141	0.9999676772838673	0.11640060673698416
6512.014526066136	0.006728636659465026	0.998306985708993	0.9999681347543267	0.11638995637386002
6512.163149115619	0.006729558626816277	0.9983074495720974	0.9999685921602802	0.11637930795467111
6512.311751804275	0.006730480636559005	0.9983079132659041	0.9999690495017723	0.11636866147888562
6512.460334136753	0.006731402688691217	0.9983083767904913	0.9999695067788456	0.11635801694597149
6512.608896117685	0.006732324783210926	0.998308840145935	0.9999699639915374	0.11634737435539583
6512.757437751716	0.006733246920116151	0.9983093033323128	0.9999704211399026	0.11633673370662978
6512.905959043484	0.0067341690994048966	0.9983097663497021	0.9999708782241349	0.11632609499917843
6513.05445999762	0.006735091321075182	0.9983102291981789	0.9999713352445011	0.11631545823256463
6513.202940618767	0.00673601358512502	0.9983106918778213	0.9999717922011286	0.11630482340627778
6513.351400911551	0.00673693589155242	0.9983111543887053	0.9999722490937545	0.11629419051971342
6513.499840880609	0.0067378582403554	0.9983116167309083	0.9999727059220582	0.1162835595722536
6513.648260530564	0.0067387806315319715	0.9983120789045066	0.999973162685953	0.11627293056333665
6513.796659866051	0.006739703065080152	0.998312540909577	0.9999736193855859	0.11626230349245764
6513.945038891699	0.0067406255409979575	0.9983130027461973	0.9999740760211	0.11625167835911061
6514.093397612131	0.006741548059283399	0.9983134644144428	0.9999745325925553	0.1162410551627701
6514.241736031972	0.0067424706199344965	0.9983139259143909	0.9999749890999823	0.11623043390290357
6514.390054155842	0.006743393222949259	0.9983143872461177	0.9999754455434171	0.11621981457898006
6514.538351988367	0.006744315868325707	0.9983148484097001	0.999975901922908	0.11620919719047172
6514.686629534166	0.006745238556061861	0.998315309405215	0.9999763582385066	0.11619858173685164
6514.834886797858	0.006746161286155737	0.9983157702327384	0.9999768144902924	0.11618796821759993
6514.983123784057	0.006747084058605345	0.9983162308923468	0.9999772706783644	0.11617735663220174
6515.1313404973835	0.006748006873408702	0.9983166913841163	0.9999777268027855	0.11616674698013349
6515.279536942447	0.006748929730563832	0.9983171517081235	0.9999781828634705	0.11615613926083594
6515.427713123861	0.006749852630068751	0.998317611864445	0.999978638860305	0.1161455334737428
6515.57586904624	0.006750775571921478	0.998318071853157	0.9999790947935079	0.11613492961836908
6515.724004714193	0.006751698556120028	0.9983185316743357	0.9999795506637605	0.11612432769434226
6515.872120132328	0.006752621582662424	0.9983189913280572	0.9999800064716796	0.11611372770127432
6516.02021530525	0.006753544651546677	0.9983194508143975	0.9999804622170276	0.11610312963856988
6516.168290237563	0.006754467762770814	0.9983199101334327	0.999980917899126	0.11609253350552678
6516.3163449338745	0.00675539091633285	0.9983203692852386	0.9999813735174897	0.11608193930148997
6516.464379398786	0.006756314112230808	0.9983208282698917	0.9999818290721834	0.11607134702593803
6516.6123936369	0.006757237350462713	0.9983212870874683	0.9999822845633632	0.11606075667837218
6516.760387652816	0.006758160631026575	0.998321745738044	0.9999827399911372	0.11605016825828206
6516.90836145113	0.006759083953920422	0.9983222042216948	0.9999831953555651	0.11603958176514577
6517.056315036439	0.006760007319142269	0.9983226625384961	0.9999836506567055	0.11602899719844131
6517.204248413334	0.0067609307266901396	0.9983231206885236	0.999984105894631	0.11601841455765033
6517.3521615864165	0.006761854176562056	0.9983235786718537	0.9999845610694197	0.1160078338422559
6517.500054560274	0.006762777668756042	0.9983240364885618	0.9999850161811545	0.11599725505174248
6517.647927339499	0.0067637012032701165	0.9983244941387237	0.9999854712299319	0.11598667818559794
6517.795779928683	0.006764624780102309	0.9983249516224155	0.9999859262158455	0.11597610324330954
6517.94361233241	0.0067655483992506305	0.998325408939712	0.9999863811389335	0.11596553022435187
6518.09142455527	0.006766472060713113	0.9983258660906893	0.999986835999194	0.11595495912819019
6518.239216601845	0.006767395764487772	0.9983263230754227	0.9999872907966825	0.1159443899543034
6518.38698847672	0.0067683195105726415	0.9983267798939879	0.9999877455317098	0.11593382270223082
6518.534740184474	0.006769243298965735	0.9983272365464599	0.9999882002046517	0.11592325737152717
6518.68247172969	0.006770167129665082	0.9983276930329144	0.9999886548157111	0.1159126939617071
6518.830183116948	0.006771091002668709	0.9983281493534268	0.9999891093648302	0.11590213247222492
6518.977874350825	0.006772014917974636	0.9983286055080723	0.9999895638519263	0.1158915729025288
6519.125545435896	0.00677293887558089	0.9983290614969264	0.9999900182768843	0.11588101525205524
6519.273196376736	0.006773862875485495	0.998329517320064	0.9999904726395694	0.1158704595202341
6519.420827177923	0.006774786917686479	0.9983299729775608	0.9999909269398571	0.11585990570650301
6519.568437844022	0.006775711002181867	0.9983304284694914	0.9999913811776511	0.11584935381032421
6519.716028379609	0.006776635128969684	0.9983308837959313	0.9999918353528705	0.11583880383116618
6519.863598789252	0.0067775592980479585	0.9983313389569554	0.9999922894657035	0.11582825576853716
6520.011149077516	0.0067784835094147145	0.9983317939526386	0.9999927435166474	0.11581770962199094
6520.158679248965	0.006779407763067977	0.998332248783056	0.9999931975061588	0.1158071653910748
6520.306189308168	0.006780332059005779	0.9983327034482826	0.9999936514342966	0.1157966230752726
6520.453679259684	0.00678125639722614	0.9983331579483933	0.9999941053009467	0.11578608267404084
6520.6011491080835	0.006782180777727098	0.9983336122834634	0.9999945591059748	0.11577554418683204
6520.748598857918	0.0067831052005066774	0.9983340664535669	0.9999950128491979	0.11576500761308954
6520.89602851375	0.006784029665562903	0.9983345204587792	0.9999954665304502	0.11575447295225953
6521.043438080138	0.00678495417289381	0.9983349742991755	0.9999959201499902	0.115743940203864
6521.190827561635	0.00678587872249742	0.9983354279748293	0.9999963737084531	0.11573340936749218
6521.338196962797	0.0067868033143717674	0.9983358814858162	0.9999968272064331	0.11572288044272981
6521.485546288177	0.006787727948514876	0.9983363348322098	0.9999972806442368	0.11571235342913148
6521.632875542324	0.00678865262492478	0.9983367880140855	0.9999977340220747	0.11570182832624103
6521.7801847297915	0.00678957734359951	0.9983372410315179	0.9999981873398961	0.1156913051335316
6521.927473855129	0.006790502104537096	0.9983376938845814	0.999998640597175	0.11568078385034801
6522.07474292288	0.006791426907735568	0.9983381465733504	0.999999093793336	0.11567026447602144
6522.221991937596	0.006792351753192959	0.9983385990978995	0.999999546927803	0.11565974700988307
6522.36922090382	0.006793276640907294	0.9983390514583028	1.0000000000000002	0.11564923145126414
