    0.0010000000   3.33560027e-07   9.99999666e-01   3.33560051e-04   3.08210213e-01   5.20667320e-01   9.99999826e-01
    0.0010045074   3.35063504e-07   9.99999665e-01   3.33560052e-04   3.08210214e-01   5.20667321e-01   9.99999826e-01
    0.0010090350   3.36573757e-07   9.99999663e-01   3.33560052e-04   3.08210215e-01   5.20667322e-01   9.99999825e-01
    0.0010135831   3.38090818e-07   9.99999662e-01   3.33560052e-04   3.08210216e-01   5.20667323e-01   9.99999824e-01
    0.0010181517   3.39614716e-07   9.99999660e-01   3.33560052e-04   3.08210217e-01   5.20667324e-01   9.99999823e-01
    0.0010227409   3.41145484e-07   9.99999659e-01   3.33560053e-04   3.08210218e-01   5.20667325e-01   9.99999822e-01
    0.0010273508   3.42683151e-07   9.99999657e-01   3.33560053e-04   3.08210219e-01   5.20667326e-01   9.99999822e-01
    0.0010319814   3.44227749e-07   9.99999656e-01   3.33560053e-04   3.08210220e-01   5.20667327e-01   9.99999821e-01
    0.0010366329   3.45779309e-07   9.99999654e-01   3.33560053e-04   3.08210221e-01   5.20667328e-01   9.99999820e-01
    0.0010413054   3.47337862e-07   9.99999653e-01   3.33560054e-04   3.08210222e-01   5.20667329e-01   9.99999819e-01
    0.0010459990   3.48903440e-07   9.99999651e-01   3.33560054e-04   3.08210223e-01   5.20667330e-01   9.99999818e-01
    0.0010507137   3.50476076e-07   9.99999650e-01   3.33560054e-04   3.08210224e-01   5.20667330e-01   9.99999818e-01
    0.0010554496   3.52055799e-07   9.99999648e-01   3.33560054e-04   3.08210225e-01   5.20667331e-01   9.99999817e-01
    0.0010602069   3.53642643e-07   9.99999646e-01   3.33560055e-04   3.08210226e-01   5.20667332e-01   9.99999816e-01
    0.0010649856   3.55236639e-07   9.99999645e-01   3.33560055e-04   3.08210227e-01   5.20667333e-01   9.99999815e-01
    0.0010697859   3.56837820e-07   9.99999643e-01   3.33560055e-04   3.08210228e-01   5.20667334e-01   9.99999814e-01
    0.0010746078   3.58446218e-07   9.99999642e-01   3.33560055e-04   3.08210229e-01   5.20667335e-01   9.99999813e-01
    0.0010794515   3.60061866e-07   9.99999640e-01   3.33560056e-04   3.08210230e-01   5.20667336e-01   9.99999813e-01
    0.0010843170   3.61684796e-07   9.99999638e-01   3.33560056e-04   3.08210231e-01   5.20667337e-01   9.99999812e-01
    0.0010892044   3.63315042e-07   9.99999637e-01   3.33560056e-04   3.08210232e-01   5.20667338e-01   9.99999811e-01
    0.0010941138   3.64952635e-07   9.99999635e-01   3.33560056e-04   3.08210233e-01   5.20667339e-01   9.99999810e-01
    0.0010990454   3.66597610e-07   9.99999633e-01   3.33560057e-04   3.08210234e-01   5.20667340e-01   9.99999809e-01
    0.0011039992   3.68249999e-07   9.99999632e-01   3.33560057e-04   3.08210236e-01   5.20667341e-01   9.99999808e-01
    0.0011089753   3.69909836e-07   9.99999630e-01   3.33560057e-04   3.08210237e-01   5.20667342e-01   9.99999807e-01
    0.0011139739   3.71577154e-07   9.99999628e-01   3.33560057e-04   3.08210238e-01   5.20667343e-01   9.99999807e-01
    0.0011189949   3.73251988e-07   9.99999627e-01   3.33560058e-04   3.08210239e-01   5.20667344e-01   9.99999806e-01
    0.0011240387   3.74934371e-07   9.99999625e-01   3.33560058e-04   3.08210240e-01   5.20667345e-01   9.99999805e-01
    0.0011291051   3.76624337e-07   9.99999623e-01   3.33560058e-04   3.08210241e-01   5.20667346e-01   9.99999804e-01
    0.0011341944   3.78321920e-07   9.99999622e-01   3.33560058e-04   3.08210242e-01   5.20667347e-01   9.99999803e-01
    0.0011393066   3.80027155e-07   9.99999620e-01   3.33560059e-04   3.08210243e-01   5.20667348e-01   9.99999802e-01
    0.0011444419   3.81740076e-07   9.99999618e-01   3.33560059e-04   3.08210244e-01   5.20667350e-01   9.99999801e-01
    0.0011496003   3.83460717e-07   9.99999617e-01   3.33560059e-04   3.08210245e-01   5.20667351e-01   9.99999800e-01
    0.0011547820   3.85189115e-07   9.99999615e-01   3.33560059e-04   3.08210246e-01   5.20667352e-01   9.99999799e-01
    0.0011599870   3.86925303e-07   9.99999613e-01   3.33560060e-04   3.08210247e-01   5.20667353e-01   9.99999799e-01
    0.0011652155   3.88669316e-07   9.99999611e-01   3.33560060e-04   3.08210249e-01   5.20667354e-01   9.99999798e-01
    0.0011704675   3.90421190e-07   9.99999610e-01   3.33560060e-04   3.08210250e-01   5.20667355e-01   9.99999797e-01
    0.0011757433   3.92180961e-07   9.99999608e-01   3.33560060e-04   3.08210251e-01   5.20667356e-01   9.99999796e-01
    0.0011810428   3.93948664e-07   9.99999606e-01   3.33560061e-04   3.08210252e-01   5.20667357e-01   9.99999795e-01
    0.0011863662   3.95724334e-07   9.99999604e-01   3.33560061e-04   3.08210253e-01   5.20667358e-01   9.99999794e-01
    0.0011917135   3.97508008e-07   9.99999602e-01   3.33560061e-04   3.08210254e-01   5.20667359e-01   9.99999793e-01
    0.0011970850   3.99299721e-07   9.99999601e-01   3.33560062e-04   3.08210255e-01   5.20667360e-01   9.99999792e-01
    0.0012024807   4.01099511e-07   9.99999599e-01   3.33560062e-04   3.08210257e-01   5.20667361e-01   9.99999791e-01
    0.0012079007   4.02907412e-07   9.99999597e-01   3.33560062e-04   3.08210258e-01   5.20667362e-01   9.99999790e-01
    0.0012133452   4.04723463e-07   9.99999595e-01   3.33560062e-04   3.08210259e-01   5.20667364e-01   9.99999789e-01
    0.0012188142   4.06547699e-07   9.99999593e-01   3.33560063e-04   3.08210260e-01   5.20667365e-01   9.99999788e-01
    0.0012243078   4.08380158e-07   9.99999592e-01   3.33560063e-04   3.08210261e-01   5.20667366e-01   9.99999787e-01
    0.0012298262   4.10220876e-07   9.99999590e-01   3.33560063e-04   3.08210262e-01   5.20667367e-01   9.99999786e-01
    0.0012353695   4.12069892e-07   9.99999588e-01   3.33560064e-04   3.08210264e-01   5.20667368e-01   9.99999785e-01
    0.0012409378   4.13927241e-07   9.99999586e-01   3.33560064e-04   3.08210265e-01   5.20667369e-01   9.99999784e-01
    0.0012465311   4.15792962e-07   9.99999584e-01   3.33560064e-04   3.08210266e-01   5.20667370e-01   9.99999784e-01
    0.0012521497   4.17667092e-07   9.99999582e-01   3.33560064e-04   3.08210267e-01   5.20667371e-01   9.99999783e-01
    0.0012577936   4.19549670e-07   9.99999580e-01   3.33560065e-04   3.08210268e-01   5.20667373e-01   9.99999782e-01
    0.0012634629   4.21440734e-07   9.99999579e-01   3.33560065e-04   3.08210270e-01   5.20667374e-01   9.99999781e-01
    0.0012691578   4.23340321e-07   9.99999577e-01   3.33560065e-04   3.08210271e-01   5.20667375e-01   9.99999780e-01
    0.0012748784   4.25248470e-07   9.99999575e-01   3.33560066e-04   3.08210272e-01   5.20667376e-01   9.99999779e-01
    0.0012806247   4.27165220e-07   9.99999573e-01   3.33560066e-04   3.08210273e-01   5.20667377e-01   9.99999778e-01
    0.0012863969   4.29090609e-07   9.99999571e-01   3.33560066e-04   3.08210274e-01   5.20667378e-01   9.99999777e-01
    0.0012921952   4.31024677e-07   9.99999569e-01   3.33560066e-04   3.08210276e-01   5.20667380e-01   9.99999776e-01
    0.0012980196   4.32967463e-07   9.99999567e-01   3.33560067e-04   3.08210277e-01   5.20667381e-01   9.99999775e-01
    0.0013038702   4.34919005e-07   9.99999565e-01   3.33560067e-04   3.08210278e-01   5.20667382e-01   9.99999774e-01
    0.0013097473   4.36879343e-07   9.99999563e-01   3.33560067e-04   3.08210279e-01   5.20667383e-01   9.99999773e-01
    0.0013156508   4.38848518e-07   9.99999561e-01   3.33560068e-04   3.08210281e-01   5.20667384e-01   9.99999772e-01
    0.0013215809   4.40826568e-07   9.99999559e-01   3.33560068e-04   3.08210282e-01   5.20667386e-01   9.99999770e-01
    0.0013275377   4.42813534e-07   9.99999557e-01   3.33560068e-04   3.08210283e-01   5.20667387e-01   9.99999769e-01
    0.0013335214   4.44809456e-07   9.99999555e-01   3.33560069e-04   3.08210285e-01   5.20667388e-01   9.99999768e-01
    0.0013395321   4.46814375e-07   9.99999553e-01   3.33560069e-04   3.08210286e-01   5.20667389e-01   9.99999767e-01
    0.0013455699   4.48828330e-07   9.99999551e-01   3.33560069e-04   3.08210287e-01   5.20667390e-01   9.99999766e-01
    0.0013516348   4.50851363e-07   9.99999549e-01   3.33560070e-04   3.08210288e-01   5.20667392e-01   9.99999765e-01
    0.0013577271   4.52883515e-07   9.99999547e-01   3.33560070e-04   3.08210290e-01   5.20667393e-01   9.99999764e-01
    0.0013638469   4.54924826e-07   9.99999545e-01   3.33560070e-04   3.08210291e-01   5.20667394e-01   9.99999763e-01
    0.0013699943   4.56975338e-07   9.99999543e-01   3.33560070e-04   3.08210292e-01   5.20667395e-01   9.99999762e-01
    0.0013761693   4.59035093e-07   9.99999541e-01   3.33560071e-04   3.08210294e-01   5.20667397e-01   9.99999761e-01
    0.0013823722   4.61104131e-07   9.99999539e-01   3.33560071e-04   3.08210295e-01   5.20667398e-01   9.99999760e-01
    0.0013886031   4.63182496e-07   9.99999537e-01   3.33560071e-04   3.08210296e-01   5.20667399e-01   9.99999759e-01
    0.0013948620   4.65270228e-07   9.99999535e-01   3.33560072e-04   3.08210298e-01   5.20667400e-01   9.99999758e-01
    0.0014011492   4.67367371e-07   9.99999533e-01   3.33560072e-04   3.08210299e-01   5.20667402e-01   9.99999757e-01
    0.0014074647   4.69473966e-07   9.99999531e-01   3.33560072e-04   3.08210300e-01   5.20667403e-01   9.99999756e-01
    0.0014138086   4.71590056e-07   9.99999528e-01   3.33560073e-04   3.08210302e-01   5.20667404e-01   9.99999754e-01
    0.0014201812   4.73715685e-07   9.99999526e-01   3.33560073e-04   3.08210303e-01   5.20667406e-01   9.99999753e-01
    0.0014265824   4.75850894e-07   9.99999524e-01   3.33560073e-04   3.08210304e-01   5.20667407e-01   9.99999752e-01
    0.0014330126   4.77995728e-07   9.99999522e-01   3.33560074e-04   3.08210306e-01   5.20667408e-01   9.99999751e-01
    0.0014394717   4.80150229e-07   9.99999520e-01   3.33560074e-04   3.08210307e-01   5.20667410e-01   9.99999750e-01
    0.0014459599   4.82314441e-07   9.99999518e-01   3.33560074e-04   3.08210308e-01   5.20667411e-01   9.99999749e-01
    0.0014524774   4.84488408e-07   9.99999516e-01   3.33560075e-04   3.08210310e-01   5.20667412e-01   9.99999748e-01
    0.0014590242   4.86672174e-07   9.99999513e-01   3.33560075e-04   3.08210311e-01   5.20667413e-01   9.99999747e-01
    0.0014656006   4.88865783e-07   9.99999511e-01   3.33560075e-04   3.08210313e-01   5.20667415e-01   9.99999745e-01
    0.0014722066   4.91069280e-07   9.99999509e-01   3.33560076e-04   3.08210314e-01   5.20667416e-01   9.99999744e-01
    0.0014788423   4.93282708e-07   9.99999507e-01   3.33560076e-04   3.08210316e-01   5.20667418e-01   9.99999743e-01
    0.0014855080   4.95506113e-07   9.99999504e-01   3.33560076e-04   3.08210317e-01   5.20667419e-01   9.99999742e-01
    0.0014922037   4.97739540e-07   9.99999502e-01   3.33560077e-04   3.08210318e-01   5.20667420e-01   9.99999741e-01
    0.0014989296   4.99983033e-07   9.99999500e-01   3.33560077e-04   3.08210320e-01   5.20667422e-01   9.99999740e-01
    0.0015056859   5.02236639e-07   9.99999498e-01   3.33560077e-04   3.08210321e-01   5.20667423e-01   9.99999739e-01
    0.0015124725   5.04500403e-07   9.99999495e-01   3.33560078e-04   3.08210323e-01   5.20667424e-01   9.99999737e-01
    0.0015192898   5.06774370e-07   9.99999493e-01   3.33560078e-04   3.08210324e-01   5.20667426e-01   9.99999736e-01
    0.0015261378   5.09058587e-07   9.99999491e-01   3.33560079e-04   3.08210326e-01   5.20667427e-01   9.99999735e-01
    0.0015330167   5.11353100e-07   9.99999489e-01   3.33560079e-04   3.08210327e-01   5.20667429e-01   9.99999734e-01
    0.0015399265   5.13657955e-07   9.99999486e-01   3.33560079e-04   3.08210329e-01   5.20667430e-01   9.99999733e-01
    0.0015468675   5.15973199e-07   9.99999484e-01   3.33560080e-04   3.08210330e-01   5.20667431e-01   9.99999731e-01
    0.0015538398   5.18298878e-07   9.99999482e-01   3.33560080e-04   3.08210332e-01   5.20667433e-01   9.99999730e-01
    0.0015608436   5.20635040e-07   9.99999479e-01   3.33560080e-04   3.08210333e-01   5.20667434e-01   9.99999729e-01
    0.0015678788   5.22981733e-07   9.99999477e-01   3.33560081e-04   3.08210334e-01   5.20667436e-01   9.99999728e-01
    0.0015749458   5.25339002e-07   9.99999475e-01   3.33560081e-04   3.08210336e-01   5.20667437e-01   9.99999726e-01
    0.0015820447   5.27706897e-07   9.99999472e-01   3.33560081e-04   3.08210338e-01   5.20667438e-01   9.99999725e-01
    0.0015891756   5.30085464e-07   9.99999470e-01   3.33560082e-04   3.08210339e-01   5.20667440e-01   9.99999724e-01
    0.0015963385   5.32474753e-07   9.99999468e-01   3.33560082e-04   3.08210341e-01   5.20667441e-01   9.99999723e-01
    0.0016035338   5.34874811e-07   9.99999465e-01   3.33560082e-04   3.08210342e-01   5.20667443e-01   9.99999722e-01
    0.0016107615   5.37285686e-07   9.99999463e-01   3.33560083e-04   3.08210344e-01   5.20667444e-01   9.99999720e-01
    0.0016180218   5.39707429e-07   9.99999460e-01   3.33560083e-04   3.08210345e-01   5.20667446e-01   9.99999719e-01
    0.0016253148   5.42140087e-07   9.99999458e-01   3.33560084e-04   3.08210347e-01   5.20667447e-01   9.99999718e-01
    0.0016326407   5.44583710e-07   9.99999455e-01   3.33560084e-04   3.08210348e-01   5.20667449e-01   9.99999716e-01
    0.0016399996   5.47038348e-07   9.99999453e-01   3.33560084e-04   3.08210350e-01   5.20667450e-01   9.99999715e-01
    0.0016473917   5.49504049e-07   9.99999450e-01   3.33560085e-04   3.08210351e-01   5.20667452e-01   9.99999714e-01
    0.0016548171   5.51980865e-07   9.99999448e-01   3.33560085e-04   3.08210353e-01   5.20667453e-01   9.99999713e-01
    0.0016622760   5.54468844e-07   9.99999446e-01   3.33560086e-04   3.08210355e-01   5.20667455e-01   9.99999711e-01
    0.0016697684   5.56968037e-07   9.99999443e-01   3.33560086e-04   3.08210356e-01   5.20667456e-01   9.99999710e-01
    0.0016772947   5.59478495e-07   9.99999441e-01   3.33560086e-04   3.08210358e-01   5.20667458e-01   9.99999709e-01
    0.0016848549   5.62000269e-07   9.99999438e-01   3.33560087e-04   3.08210359e-01   5.20667459e-01   9.99999707e-01
    0.0016924491   5.64533409e-07   9.99999435e-01   3.33560087e-04   3.08210361e-01   5.20667461e-01   9.99999706e-01
    0.0017000776   5.67077967e-07   9.99999433e-01   3.33560087e-04   3.08210363e-01   5.20667462e-01   9.99999705e-01
    0.0017077405   5.69633995e-07   9.99999430e-01   3.33560088e-04   3.08210364e-01   5.20667464e-01   9.99999703e-01
    0.0017154379   5.72201543e-07   9.99999428e-01   3.33560088e-04   3.08210366e-01   5.20667466e-01   9.99999702e-01
    0.0017231700   5.74780664e-07   9.99999425e-01   3.33560089e-04   3.08210368e-01   5.20667467e-01   9.99999701e-01
    0.0017309370   5.77371410e-07   9.99999423e-01   3.33560089e-04   3.08210369e-01   5.20667469e-01   9.99999699e-01
    0.0017387389   5.79973834e-07   9.99999420e-01   3.33560089e-04   3.08210371e-01   5.20667470e-01   9.99999698e-01
    0.0017465760   5.82587987e-07   9.99999417e-01   3.33560090e-04   3.08210373e-01   5.20667472e-01   9.99999697e-01
    0.0017544485   5.85213924e-07   9.99999415e-01   3.33560090e-04   3.08210374e-01   5.20667474e-01   9.99999695e-01
    0.0017623564   5.87851697e-07   9.99999412e-01   3.33560091e-04   3.08210376e-01   5.20667475e-01   9.99999694e-01
    0.0017703000   5.90501359e-07   9.99999409e-01   3.33560091e-04   3.08210378e-01   5.20667477e-01   9.99999693e-01
    0.0017782794   5.93162964e-07   9.99999407e-01   3.33560091e-04   3.08210379e-01   5.20667478e-01   9.99999691e-01
    0.0017862948   5.95836566e-07   9.99999404e-01   3.33560092e-04   3.08210381e-01   5.20667480e-01   9.99999690e-01
    0.0017943462   5.98522219e-07   9.99999401e-01   3.33560092e-04   3.08210383e-01   5.20667482e-01   9.99999688e-01
    0.0018024340   6.01219977e-07   9.99999399e-01   3.33560093e-04   3.08210385e-01   5.20667483e-01   9.99999687e-01
    0.0018105582   6.03929894e-07   9.99999396e-01   3.33560093e-04   3.08210386e-01   5.20667485e-01   9.99999686e-01
    0.0018187191   6.06652027e-07   9.99999393e-01   3.33560094e-04   3.08210388e-01   5.20667487e-01   9.99999684e-01
    0.0018269167   6.09386429e-07   9.99999391e-01   3.33560094e-04   3.08210390e-01   5.20667488e-01   9.99999683e-01
    0.0018351513   6.12133156e-07   9.99999388e-01   3.33560094e-04   3.08210392e-01   5.20667490e-01   9.99999681e-01
    0.0018434230   6.14892263e-07   9.99999385e-01   3.33560095e-04   3.08210393e-01   5.20667492e-01   9.99999680e-01
    0.0018517320   6.17663807e-07   9.99999382e-01   3.33560095e-04   3.08210395e-01   5.20667493e-01   9.99999678e-01
    0.0018600784   6.20447843e-07   9.99999380e-01   3.33560096e-04   3.08210397e-01   5.20667495e-01   9.99999677e-01
    0.0018684625   6.23244428e-07   9.99999377e-01   3.33560096e-04   3.08210399e-01   5.20667497e-01   9.99999675e-01
    0.0018768843   6.26053618e-07   9.99999374e-01   3.33560097e-04   3.08210400e-01   5.20667498e-01   9.99999674e-01
    0.0018853441   6.28875470e-07   9.99999371e-01   3.33560097e-04   3.08210402e-01   5.20667500e-01   9.99999673e-01
    0.0018938420   6.31710041e-07   9.99999368e-01   3.33560097e-04   3.08210404e-01   5.20667502e-01   9.99999671e-01
    0.0019023783   6.34557389e-07   9.99999365e-01   3.33560098e-04   3.08210406e-01   5.20667504e-01   9.99999670e-01
    0.0019109530   6.37417571e-07   9.99999363e-01   3.33560098e-04   3.08210408e-01   5.20667505e-01   9.99999668e-01
    0.0019195663   6.40290644e-07   9.99999360e-01   3.33560099e-04   3.08210410e-01   5.20667507e-01   9.99999667e-01
    0.0019282185   6.43176668e-07   9.99999357e-01   3.33560099e-04   3.08210411e-01   5.20667509e-01   9.99999665e-01
    0.0019369097   6.46075700e-07   9.99999354e-01   3.33560100e-04   3.08210413e-01   5.20667511e-01   9.99999664e-01
    0.0019456401   6.48987799e-07   9.99999351e-01   3.33560100e-04   3.08210415e-01   5.20667512e-01   9.99999662e-01
    0.0019544098   6.51913024e-07   9.99999348e-01   3.33560101e-04   3.08210417e-01   5.20667514e-01   9.99999661e-01
    0.0019632190   6.54851434e-07   9.99999345e-01   3.33560101e-04   3.08210419e-01   5.20667516e-01   9.99999659e-01
    0.0019720679   6.57803088e-07   9.99999342e-01   3.33560101e-04   3.08210421e-01   5.20667518e-01   9.99999658e-01
    0.0019809568   6.60768047e-07   9.99999339e-01   3.33560102e-04   3.08210423e-01   5.20667520e-01   9.99999656e-01
    0.0019898857   6.63746369e-07   9.99999336e-01   3.33560102e-04   3.08210425e-01   5.20667521e-01   9.99999654e-01
    0.0019988548   6.66738117e-07   9.99999333e-01   3.33560103e-04   3.08210426e-01   5.20667523e-01   9.99999653e-01
    0.0020078644   6.69743349e-07   9.99999330e-01   3.33560103e-04   3.08210428e-01   5.20667525e-01   9.99999651e-01
    0.0020169146   6.72762126e-07   9.99999327e-01   3.33560104e-04   3.08210430e-01   5.20667527e-01   9.99999650e-01
    0.0020260055   6.75794511e-07   9.99999324e-01   3.33560104e-04   3.08210432e-01   5.20667529e-01   9.99999648e-01
    0.0020351375   6.78840563e-07   9.99999321e-01   3.33560105e-04   3.08210434e-01   5.20667531e-01   9.99999647e-01
    0.0020443106   6.81900345e-07   9.99999318e-01   3.33560105e-04   3.08210436e-01   5.20667532e-01   9.99999645e-01
    0.0020535250   6.84973919e-07   9.99999315e-01   3.33560106e-04   3.08210438e-01   5.20667534e-01   9.99999643e-01
    0.0020627810   6.88061347e-07   9.99999312e-01   3.33560106e-04   3.08210440e-01   5.20667536e-01   9.99999642e-01
    0.0020720787   6.91162690e-07   9.99999309e-01   3.33560107e-04   3.08210442e-01   5.20667538e-01   9.99999640e-01
    0.0020814183   6.94278013e-07   9.99999306e-01   3.33560107e-04   3.08210444e-01   5.20667540e-01   9.99999639e-01
    0.0020908000   6.97407377e-07   9.99999303e-01   3.33560108e-04   3.08210446e-01   5.20667542e-01   9.99999637e-01
    0.0021002240   7.00550847e-07   9.99999299e-01   3.33560108e-04   3.08210448e-01   5.20667544e-01   9.99999635e-01
    0.0021096905   7.03708485e-07   9.99999296e-01   3.33560109e-04   3.08210450e-01   5.20667546e-01   9.99999634e-01
    0.0021191997   7.06880356e-07   9.99999293e-01   3.33560109e-04   3.08210452e-01   5.20667548e-01   9.99999632e-01
    0.0021287517   7.10066524e-07   9.99999290e-01   3.33560110e-04   3.08210454e-01   5.20667550e-01   9.99999630e-01
    0.0021383467   7.13267053e-07   9.99999287e-01   3.33560110e-04   3.08210456e-01   5.20667552e-01   9.99999629e-01
    0.0021479850   7.16482008e-07   9.99999284e-01   3.33560111e-04   3.08210458e-01   5.20667554e-01   9.99999627e-01
    0.0021576668   7.19711454e-07   9.99999280e-01   3.33560111e-04   3.08210460e-01   5.20667556e-01   9.99999625e-01
    0.0021673922   7.22955456e-07   9.99999277e-01   3.33560112e-04   3.08210462e-01   5.20667557e-01   9.99999624e-01
    0.0021771614   7.26214080e-07   9.99999274e-01   3.33560112e-04   3.08210464e-01   5.20667559e-01   9.99999622e-01
    0.0021869747   7.29487392e-07   9.99999271e-01   3.33560113e-04   3.08210467e-01   5.20667561e-01   9.99999620e-01
    0.0021968321   7.32775458e-07   9.99999267e-01   3.33560113e-04   3.08210469e-01   5.20667563e-01   9.99999618e-01
    0.0022067341   7.36078344e-07   9.99999264e-01   3.33560114e-04   3.08210471e-01   5.20667565e-01   9.99999617e-01
    0.0022166806   7.39396118e-07   9.99999261e-01   3.33560114e-04   3.08210473e-01   5.20667567e-01   9.99999615e-01
    0.0022266720   7.42728846e-07   9.99999257e-01   3.33560115e-04   3.08210475e-01   5.20667570e-01   9.99999613e-01
    0.0022367084   7.46076596e-07   9.99999254e-01   3.33560115e-04   3.08210477e-01   5.20667572e-01   9.99999612e-01
    0.0022467901   7.49439436e-07   9.99999251e-01   3.33560116e-04   3.08210479e-01   5.20667574e-01   9.99999610e-01
    0.0022569172   7.52817433e-07   9.99999247e-01   3.33560116e-04   3.08210482e-01   5.20667576e-01   9.99999608e-01
    0.0022670899   7.56210656e-07   9.99999244e-01   3.33560117e-04   3.08210484e-01   5.20667578e-01   9.99999606e-01
    0.0022773085   7.59619174e-07   9.99999240e-01   3.33560117e-04   3.08210486e-01   5.20667580e-01   9.99999604e-01
    0.0022875732   7.63043054e-07   9.99999237e-01   3.33560118e-04   3.08210488e-01   5.20667582e-01   9.99999603e-01
    0.0022978841   7.66482368e-07   9.99999234e-01   3.33560118e-04   3.08210490e-01   5.20667584e-01   9.99999601e-01
    0.0023082415   7.69937184e-07   9.99999230e-01   3.33560119e-04   3.08210492e-01   5.20667586e-01   9.99999599e-01
    0.0023186456   7.73407572e-07   9.99999227e-01   3.33560119e-04   3.08210495e-01   5.20667588e-01   9.99999597e-01
    0.0023290966   7.76893602e-07   9.99999223e-01   3.33560120e-04   3.08210497e-01   5.20667590e-01   9.99999595e-01
    0.0023395947   7.80395345e-07   9.99999220e-01   3.33560120e-04   3.08210499e-01   5.20667592e-01   9.99999594e-01
    0.0023501401   7.83912872e-07   9.99999216e-01   3.33560121e-04   3.08210501e-01   5.20667595e-01   9.99999592e-01
    0.0023607330   7.87446253e-07   9.99999213e-01   3.33560121e-04   3.08210504e-01   5.20667597e-01   9.99999590e-01
    0.0023713737   7.90995561e-07   9.99999209e-01   3.33560122e-04   3.08210506e-01   5.20667599e-01   9.99999588e-01
    0.0023820624   7.94560867e-07   9.99999205e-01   3.33560123e-04   3.08210508e-01   5.20667601e-01   9.99999586e-01
    0.0023927992   7.98142243e-07   9.99999202e-01   3.33560123e-04   3.08210510e-01   5.20667603e-01   9.99999584e-01
    0.0024035844   8.01739761e-07   9.99999198e-01   3.33560124e-04   3.08210513e-01   5.20667605e-01   9.99999583e-01
    0.0024144182   8.05353495e-07   9.99999195e-01   3.33560124e-04   3.08210515e-01   5.20667608e-01   9.99999581e-01
    0.0024253009   8.08983517e-07   9.99999191e-01   3.33560125e-04   3.08210517e-01   5.20667610e-01   9.99999579e-01
    0.0024362326   8.12629901e-07   9.99999187e-01   3.33560125e-04   3.08210520e-01   5.20667612e-01   9.99999577e-01
    0.0024472136   8.16292721e-07   9.99999184e-01   3.33560126e-04   3.08210522e-01   5.20667614e-01   9.99999575e-01
    0.0024582441   8.19972050e-07   9.99999180e-01   3.33560126e-04   3.08210524e-01   5.20667617e-01   9.99999573e-01
    0.0024693243   8.23667964e-07   9.99999176e-01   3.33560127e-04   3.08210527e-01   5.20667619e-01   9.99999571e-01
    0.0024804544   8.27380536e-07   9.99999173e-01   3.33560128e-04   3.08210529e-01   5.20667621e-01   9.99999569e-01
    0.0024916347   8.31109842e-07   9.99999169e-01   3.33560128e-04   3.08210532e-01   5.20667623e-01   9.99999567e-01
    0.0025028654   8.34855958e-07   9.99999165e-01   3.33560129e-04   3.08210534e-01   5.20667626e-01   9.99999565e-01
    0.0025141468   8.38618958e-07   9.99999161e-01   3.33560129e-04   3.08210536e-01   5.20667628e-01   9.99999563e-01
    0.0025254789   8.42398920e-07   9.99999158e-01   3.33560130e-04   3.08210539e-01   5.20667630e-01   9.99999561e-01
    0.0025368622   8.46195920e-07   9.99999154e-01   3.33560131e-04   3.08210541e-01   5.20667633e-01   9.99999559e-01
    0.0025482967   8.50010034e-07   9.99999150e-01   3.33560131e-04   3.08210544e-01   5.20667635e-01   9.99999557e-01
    0.0025597828   8.53841339e-07   9.99999146e-01   3.33560132e-04   3.08210546e-01   5.20667637e-01   9.99999555e-01
    0.0025713207   8.57689914e-07   9.99999142e-01   3.33560132e-04   3.08210549e-01   5.20667640e-01   9.99999553e-01
    0.0025829106   8.61555836e-07   9.99999138e-01   3.33560133e-04   3.08210551e-01   5.20667642e-01   9.99999551e-01
    0.0025945527   8.65439182e-07   9.99999135e-01   3.33560133e-04   3.08210554e-01   5.20667644e-01   9.99999549e-01
    0.0026062473   8.69340033e-07   9.99999131e-01   3.33560134e-04   3.08210556e-01   5.20667647e-01   9.99999547e-01
    0.0026179946   8.73258466e-07   9.99999127e-01   3.33560135e-04   3.08210559e-01   5.20667649e-01   9.99999545e-01
    0.0026297949   8.77194561e-07   9.99999123e-01   3.33560135e-04   3.08210561e-01   5.20667651e-01   9.99999543e-01
    0.0026416483   8.81148397e-07   9.99999119e-01   3.33560136e-04   3.08210564e-01   5.20667654e-01   9.99999541e-01
    0.0026535552   8.85120054e-07   9.99999115e-01   3.33560137e-04   3.08210566e-01   5.20667656e-01   9.99999539e-01
    0.0026655157   8.89109614e-07   9.99999111e-01   3.33560137e-04   3.08210569e-01   5.20667659e-01   9.99999537e-01
    0.0026775302   8.93117156e-07   9.99999107e-01   3.33560138e-04   3.08210571e-01   5.20667661e-01   9.99999535e-01
    0.0026895988   8.97142761e-07   9.99999103e-01   3.33560138e-04   3.08210574e-01   5.20667664e-01   9.99999533e-01
    0.0027017218   9.01186511e-07   9.99999099e-01   3.33560139e-04   3.08210576e-01   5.20667666e-01   9.99999531e-01
    0.0027138994   9.05248487e-07   9.99999095e-01   3.33560140e-04   3.08210579e-01   5.20667669e-01   9.99999529e-01
    0.0027261320   9.09328773e-07   9.99999091e-01   3.33560140e-04   3.08210582e-01   5.20667671e-01   9.99999527e-01
    0.0027384196   9.13427450e-07   9.99999087e-01   3.33560141e-04   3.08210584e-01   5.20667674e-01   9.99999524e-01
    0.0027507627   9.17544601e-07   9.99999082e-01   3.33560142e-04   3.08210587e-01   5.20667676e-01   9.99999522e-01
    0.0027631614   9.21680310e-07   9.99999078e-01   3.33560142e-04   3.08210590e-01   5.20667679e-01   9.99999520e-01
    0.0027756160   9.25834659e-07   9.99999074e-01   3.33560143e-04   3.08210592e-01   5.20667681e-01   9.99999518e-01
    0.0027881267   9.30007734e-07   9.99999070e-01   3.33560143e-04   3.08210595e-01   5.20667684e-01   9.99999516e-01
    0.0028006938   9.34199619e-07   9.99999066e-01   3.33560144e-04   3.08210598e-01   5.20667686e-01   9.99999514e-01
    0.0028133175   9.38410398e-07   9.99999062e-01   3.33560145e-04   3.08210600e-01   5.20667689e-01   9.99999511e-01
    0.0028259982   9.42640156e-07   9.99999057e-01   3.33560145e-04   3.08210603e-01   5.20667691e-01   9.99999509e-01
    0.0028387360   9.46888980e-07   9.99999053e-01   3.33560146e-04   3.08210606e-01   5.20667694e-01   9.99999507e-01
    0.0028515312   9.51156954e-07   9.99999049e-01   3.33560147e-04   3.08210608e-01   5.20667697e-01   9.99999505e-01
    0.0028643841   9.55444166e-07   9.99999045e-01   3.33560147e-04   3.08210611e-01   5.20667699e-01   9.99999503e-01
    0.0028772949   9.59750702e-07   9.99999040e-01   3.33560148e-04   3.08210614e-01   5.20667702e-01   9.99999500e-01
    0.0028902639   9.64076649e-07   9.99999036e-01   3.33560149e-04   3.08210617e-01   5.20667704e-01   9.99999498e-01
    0.0029032914   9.68422094e-07   9.99999032e-01   3.33560149e-04   3.08210619e-01   5.20667707e-01   9.99999496e-01
    0.0029163776   9.72787126e-07   9.99999027e-01   3.33560150e-04   3.08210622e-01   5.20667710e-01   9.99999494e-01
    0.0029295228   9.77171833e-07   9.99999023e-01   3.33560151e-04   3.08210625e-01   5.20667712e-01   9.99999491e-01
    0.0029427272   9.81576304e-07   9.99999018e-01   3.33560151e-04   3.08210628e-01   5.20667715e-01   9.99999489e-01
    0.0029559911   9.86000627e-07   9.99999014e-01   3.33560152e-04   3.08210631e-01   5.20667718e-01   9.99999487e-01
    0.0029693148   9.90444892e-07   9.99999010e-01   3.33560153e-04   3.08210633e-01   5.20667720e-01   9.99999484e-01
    0.0029826986   9.94909189e-07   9.99999005e-01   3.33560153e-04   3.08210636e-01   5.20667723e-01   9.99999482e-01
    0.0029961427   9.99393608e-07   9.99999001e-01   3.33560154e-04   3.08210639e-01   5.20667726e-01   9.99999480e-01
    0.0030096474   1.00389824e-06   9.99998996e-01   3.33560155e-04   3.08210642e-01   5.20667729e-01   9.99999477e-01
    0.0030232130   1.00842318e-06   9.99998992e-01   3.33560156e-04   3.08210645e-01   5.20667731e-01   9.99999475e-01
    0.0030368397   1.01296851e-06   9.99998987e-01   3.33560156e-04   3.08210648e-01   5.20667734e-01   9.99999473e-01
    0.0030505279   1.01753433e-06   9.99998982e-01   3.33560157e-04   3.08210651e-01   5.20667737e-01   9.99999470e-01
    0.0030642777   1.02212073e-06   9.99998978e-01   3.33560158e-04   3.08210654e-01   5.20667740e-01   9.99999468e-01
    0.0030780895   1.02672780e-06   9.99998973e-01   3.33560158e-04   3.08210657e-01   5.20667743e-01   9.99999465e-01
    0.0030919636   1.03135563e-06   9.99998969e-01   3.33560159e-04   3.08210660e-01   5.20667745e-01   9.99999463e-01
    0.0031059002   1.03600433e-06   9.99998964e-01   3.33560160e-04   3.08210663e-01   5.20667748e-01   9.99999461e-01
    0.0031198996   1.04067398e-06   9.99998959e-01   3.33560161e-04   3.08210666e-01   5.20667751e-01   9.99999458e-01
    0.0031339622   1.04536468e-06   9.99998955e-01   3.33560161e-04   3.08210669e-01   5.20667754e-01   9.99999456e-01
    0.0031480881   1.05007652e-06   9.99998950e-01   3.33560162e-04   3.08210672e-01   5.20667757e-01   9.99999453e-01
    0.0031622777   1.05480960e-06   9.99998945e-01   3.33560163e-04   3.08210675e-01   5.20667760e-01   9.99999451e-01
    0.0031765312   1.05956401e-06   9.99998940e-01   3.33560163e-04   3.08210678e-01   5.20667763e-01   9.99999448e-01
    0.0031908490   1.06433985e-06   9.99998936e-01   3.33560164e-04   3.08210681e-01   5.20667766e-01   9.99999446e-01
    0.0032052313   1.06913722e-06   9.99998931e-01   3.33560165e-04   3.08210684e-01   5.20667768e-01   9.99999443e-01
    0.0032196784   1.07395621e-06   9.99998926e-01   3.33560166e-04   3.08210687e-01   5.20667771e-01   9.99999441e-01
    0.0032341907   1.07879693e-06   9.99998921e-01   3.33560166e-04   3.08210690e-01   5.20667774e-01   9.99999438e-01
    0.0032487684   1.08365946e-06   9.99998916e-01   3.33560167e-04   3.08210693e-01   5.20667777e-01   9.99999436e-01
    0.0032634118   1.08854391e-06   9.99998911e-01   3.33560168e-04   3.08210696e-01   5.20667780e-01   9.99999433e-01
    0.0032781212   1.09345037e-06   9.99998907e-01   3.33560169e-04   3.08210699e-01   5.20667783e-01   9.99999431e-01
    0.0032928968   1.09837895e-06   9.99998902e-01   3.33560169e-04   3.08210703e-01   5.20667786e-01   9.99999428e-01
    0.0033077391   1.10332975e-06   9.99998897e-01   3.33560170e-04   3.08210706e-01   5.20667789e-01   9.99999426e-01
    0.0033226483   1.10830286e-06   9.99998892e-01   3.33560171e-04   3.08210709e-01   5.20667792e-01   9.99999423e-01
    0.0033376247   1.11329838e-06   9.99998887e-01   3.33560172e-04   3.08210712e-01   5.20667795e-01   9.99999420e-01
    0.0033526686   1.11831643e-06   9.99998882e-01   3.33560172e-04   3.08210715e-01   5.20667798e-01   9.99999418e-01
    0.0033677803   1.12335709e-06   9.99998877e-01   3.33560173e-04   3.08210719e-01   5.20667801e-01   9.99999415e-01
    0.0033829601   1.12842047e-06   9.99998872e-01   3.33560174e-04   3.08210722e-01   5.20667805e-01   9.99999412e-01
    0.0033982083   1.13350667e-06   9.99998866e-01   3.33560175e-04   3.08210725e-01   5.20667808e-01   9.99999410e-01
    0.0034135253   1.13861580e-06   9.99998861e-01   3.33560176e-04   3.08210728e-01   5.20667811e-01   9.99999407e-01
    0.0034289113   1.14374796e-06   9.99998856e-01   3.33560176e-04   3.08210732e-01   5.20667814e-01   9.99999404e-01
    0.0034443666   1.14890325e-06   9.99998851e-01   3.33560177e-04   3.08210735e-01   5.20667817e-01   9.99999402e-01
    0.0034598917   1.15408178e-06   9.99998846e-01   3.33560178e-04   3.08210738e-01   5.20667820e-01   9.99999399e-01
    0.0034754867   1.15928364e-06   9.99998841e-01   3.33560179e-04   3.08210741e-01   5.20667823e-01   9.99999396e-01
    0.0034911519   1.16450896e-06   9.99998835e-01   3.33560180e-04   3.08210745e-01   5.20667827e-01   9.99999394e-01
    0.0035068878   1.16975783e-06   9.99998830e-01   3.33560180e-04   3.08210748e-01   5.20667830e-01   9.99999391e-01
    0.0035226947   1.17503035e-06   9.99998825e-01   3.33560181e-04   3.08210752e-01   5.20667833e-01   9.99999388e-01
    0.0035385727   1.18032664e-06   9.99998820e-01   3.33560182e-04   3.08210755e-01   5.20667836e-01   9.99999385e-01
    0.0035545224   1.18564681e-06   9.99998814e-01   3.33560183e-04   3.08210758e-01   5.20667839e-01   9.99999383e-01
    0.0035705439   1.19099095e-06   9.99998809e-01   3.33560184e-04   3.08210762e-01   5.20667843e-01   9.99999380e-01
    0.0035866376   1.19635918e-06   9.99998804e-01   3.33560185e-04   3.08210765e-01   5.20667846e-01   9.99999377e-01
    0.0036028039   1.20175161e-06   9.99998798e-01   3.33560185e-04   3.08210769e-01   5.20667849e-01   9.99999374e-01
    0.0036190431   1.20716834e-06   9.99998793e-01   3.33560186e-04   3.08210772e-01   5.20667853e-01   9.99999371e-01
    0.0036353554   1.21260949e-06   9.99998787e-01   3.33560187e-04   3.08210776e-01   5.20667856e-01   9.99999369e-01
    0.0036517413   1.21807517e-06   9.99998782e-01   3.33560188e-04   3.08210779e-01   5.20667859e-01   9.99999366e-01
    0.0036682010   1.22356548e-06   9.99998776e-01   3.33560189e-04   3.08210783e-01   5.20667863e-01   9.99999363e-01
    0.0036847349   1.22908053e-06   9.99998771e-01   3.33560190e-04   3.08210786e-01   5.20667866e-01   9.99999360e-01
    0.0037013434   1.23462045e-06   9.99998765e-01   3.33560190e-04   3.08210790e-01   5.20667869e-01   9.99999357e-01
    0.0037180267   1.24018533e-06   9.99998760e-01   3.33560191e-04   3.08210793e-01   5.20667873e-01   9.99999354e-01
    0.0037347852   1.24577530e-06   9.99998754e-01   3.33560192e-04   3.08210797e-01   5.20667876e-01   9.99999351e-01
    0.0037516192   1.25139047e-06   9.99998749e-01   3.33560193e-04   3.08210800e-01   5.20667880e-01   9.99999348e-01
    0.0037685291   1.25703094e-06   9.99998743e-01   3.33560194e-04   3.08210804e-01   5.20667883e-01   9.99999346e-01
    0.0037855152   1.26269684e-06   9.99998737e-01   3.33560195e-04   3.08210808e-01   5.20667886e-01   9.99999343e-01
    0.0038025779   1.26838828e-06   9.99998732e-01   3.33560196e-04   3.08210811e-01   5.20667890e-01   9.99999340e-01
    0.0038197175   1.27410537e-06   9.99998726e-01   3.33560197e-04   3.08210815e-01   5.20667893e-01   9.99999337e-01
    0.0038369344   1.27984822e-06   9.99998720e-01   3.33560197e-04   3.08210819e-01   5.20667897e-01   9.99999334e-01
    0.0038542289   1.28561697e-06   9.99998714e-01   3.33560198e-04   3.08210822e-01   5.20667900e-01   9.99999331e-01
    0.0038716013   1.29141171e-06   9.99998709e-01   3.33560199e-04   3.08210826e-01   5.20667904e-01   9.99999328e-01
    0.0038890520   1.29723258e-06   9.99998703e-01   3.33560200e-04   3.08210830e-01   5.20667907e-01   9.99999325e-01
    0.0039065814   1.30307968e-06   9.99998697e-01   3.33560201e-04   3.08210833e-01   5.20667911e-01   9.99999322e-01
    0.0039241898   1.30895314e-06   9.99998691e-01   3.33560202e-04   3.08210837e-01   5.20667915e-01   9.99999318e-01
    0.0039418775   1.31485307e-06   9.99998685e-01   3.33560203e-04   3.08210841e-01   5.20667918e-01   9.99999315e-01
    0.0039596450   1.32077959e-06   9.99998679e-01   3.33560204e-04   3.08210845e-01   5.20667922e-01   9.99999312e-01
    0.0039774926   1.32673283e-06   9.99998673e-01   3.33560205e-04   3.08210849e-01   5.20667925e-01   9.99999309e-01
    0.0039954206   1.33271290e-06   9.99998667e-01   3.33560206e-04   3.08210852e-01   5.20667929e-01   9.99999306e-01
    0.0040134294   1.33871992e-06   9.99998661e-01   3.33560206e-04   3.08210856e-01   5.20667933e-01   9.99999303e-01
    0.0040315194   1.34475402e-06   9.99998655e-01   3.33560207e-04   3.08210860e-01   5.20667936e-01   9.99999300e-01
    0.0040496909   1.35081532e-06   9.99998649e-01   3.33560208e-04   3.08210864e-01   5.20667940e-01   9.99999297e-01
    0.0040679443   1.35690394e-06   9.99998643e-01   3.33560209e-04   3.08210868e-01   5.20667944e-01   9.99999294e-01
    0.0040862800   1.36302000e-06   9.99998637e-01   3.33560210e-04   3.08210872e-01   5.20667948e-01   9.99999290e-01
    0.0041046984   1.36916363e-06   9.99998631e-01   3.33560211e-04   3.08210876e-01   5.20667951e-01   9.99999287e-01
    0.0041231998   1.37533495e-06   9.99998625e-01   3.33560212e-04   3.08210880e-01   5.20667955e-01   9.99999284e-01
    0.0041417845   1.38153409e-06   9.99998618e-01   3.33560213e-04   3.08210884e-01   5.20667959e-01   9.99999281e-01
    0.0041604530   1.38776117e-06   9.99998612e-01   3.33560214e-04   3.08210888e-01   5.20667963e-01   9.99999277e-01
    0.0041792057   1.39401632e-06   9.99998606e-01   3.33560215e-04   3.08210892e-01   5.20667966e-01   9.99999274e-01
    0.0041980429   1.40029966e-06   9.99998600e-01   3.33560216e-04   3.08210896e-01   5.20667970e-01   9.99999271e-01
    0.0042169650   1.40661132e-06   9.99998593e-01   3.33560217e-04   3.08210900e-01   5.20667974e-01   9.99999268e-01
    0.0042359724   1.41295143e-06   9.99998587e-01   3.33560218e-04   3.08210904e-01   5.20667978e-01   9.99999264e-01
    0.0042550655   1.41932012e-06   9.99998581e-01   3.33560219e-04   3.08210908e-01   5.20667982e-01   9.99999261e-01
    0.0042742446   1.42571752e-06   9.99998574e-01   3.33560220e-04   3.08210912e-01   5.20667986e-01   9.99999258e-01
    0.0042935102   1.43214375e-06   9.99998568e-01   3.33560221e-04   3.08210916e-01   5.20667990e-01   9.99999254e-01
    0.0043128626   1.43859894e-06   9.99998561e-01   3.33560222e-04   3.08210920e-01   5.20667994e-01   9.99999251e-01
    0.0043323023   1.44508323e-06   9.99998555e-01   3.33560223e-04   3.08210924e-01   5.20667998e-01   9.99999248e-01
    0.0043518295   1.45159675e-06   9.99998548e-01   3.33560224e-04   3.08210928e-01   5.20668002e-01   9.99999244e-01
    0.0043714448   1.45813963e-06   9.99998542e-01   3.33560225e-04   3.08210933e-01   5.20668005e-01   9.99999241e-01
    0.0043911485   1.46471200e-06   9.99998535e-01   3.33560226e-04   3.08210937e-01   5.20668010e-01   9.99999237e-01
    0.0044109410   1.47131399e-06   9.99998529e-01   3.33560227e-04   3.08210941e-01   5.20668014e-01   9.99999234e-01
    0.0044308227   1.47794574e-06   9.99998522e-01   3.33560228e-04   3.08210945e-01   5.20668018e-01   9.99999230e-01
    0.0044507941   1.48460738e-06   9.99998515e-01   3.33560229e-04   3.08210950e-01   5.20668022e-01   9.99999227e-01
    0.0044708554   1.49129905e-06   9.99998509e-01   3.33560230e-04   3.08210954e-01   5.20668026e-01   9.99999224e-01
    0.0044910072   1.49802088e-06   9.99998502e-01   3.33560231e-04   3.08210958e-01   5.20668030e-01   9.99999220e-01
    0.0045112498   1.50477301e-06   9.99998495e-01   3.33560232e-04   3.08210962e-01   5.20668034e-01   9.99999217e-01
    0.0045315836   1.51155557e-06   9.99998488e-01   3.33560233e-04   3.08210967e-01   5.20668038e-01   9.99999213e-01
    0.0045520091   1.51836871e-06   9.99998482e-01   3.33560234e-04   3.08210971e-01   5.20668042e-01   9.99999209e-01
    0.0045725267   1.52521255e-06   9.99998475e-01   3.33560235e-04   3.08210976e-01   5.20668046e-01   9.99999206e-01
    0.0045931367   1.53208724e-06   9.99998468e-01   3.33560236e-04   3.08210980e-01   5.20668051e-01   9.99999202e-01
    0.0046138397   1.53899292e-06   9.99998461e-01   3.33560237e-04   3.08210984e-01   5.20668055e-01   9.99999199e-01
    0.0046346359   1.54592972e-06   9.99998454e-01   3.33560238e-04   3.08210989e-01   5.20668059e-01   9.99999195e-01
    0.0046555259   1.55289779e-06   9.99998447e-01   3.33560240e-04   3.08210993e-01   5.20668063e-01   9.99999191e-01
    0.0046765101   1.55989727e-06   9.99998440e-01   3.33560241e-04   3.08210998e-01   5.20668068e-01   9.99999188e-01
    0.0046975888   1.56692830e-06   9.99998433e-01   3.33560242e-04   3.08211002e-01   5.20668072e-01   9.99999184e-01
    0.0047187626   1.57399102e-06   9.99998426e-01   3.33560243e-04   3.08211007e-01   5.20668076e-01   9.99999180e-01
    0.0047400317   1.58108557e-06   9.99998419e-01   3.33560244e-04   3.08211011e-01   5.20668080e-01   9.99999177e-01
    0.0047613968   1.58821210e-06   9.99998412e-01   3.33560245e-04   3.08211016e-01   5.20668085e-01   9.99999173e-01
    0.0047828581   1.59537076e-06   9.99998405e-01   3.33560246e-04   3.08211020e-01   5.20668089e-01   9.99999169e-01
    0.0048044162   1.60256168e-06   9.99998397e-01   3.33560247e-04   3.08211025e-01   5.20668094e-01   9.99999166e-01
    0.0048260715   1.60978501e-06   9.99998390e-01   3.33560248e-04   3.08211030e-01   5.20668098e-01   9.99999162e-01
    0.0048478243   1.61704090e-06   9.99998383e-01   3.33560249e-04   3.08211034e-01   5.20668102e-01   9.99999158e-01
    0.0048696753   1.62432949e-06   9.99998376e-01   3.33560251e-04   3.08211039e-01   5.20668107e-01   9.99999154e-01
    0.0048916247   1.63165094e-06   9.99998368e-01   3.33560252e-04   3.08211044e-01   5.20668111e-01   9.99999150e-01
    0.0049136730   1.63900539e-06   9.99998361e-01   3.33560253e-04   3.08211048e-01   5.20668116e-01   9.99999147e-01
    0.0049358207   1.64639299e-06   9.99998354e-01   3.33560254e-04   3.08211053e-01   5.20668120e-01   9.99999143e-01
    0.0049580682   1.65381388e-06   9.99998346e-01   3.33560255e-04   3.08211058e-01   5.20668125e-01   9.99999139e-01
    0.0049804161   1.66126823e-06   9.99998339e-01   3.33560256e-04   3.08211063e-01   5.20668129e-01   9.99999135e-01
    0.0050028646   1.66875617e-06   9.99998331e-01   3.33560257e-04   3.08211067e-01   5.20668134e-01   9.99999131e-01
    0.0050254143   1.67627787e-06   9.99998324e-01   3.33560259e-04   3.08211072e-01   5.20668138e-01   9.99999127e-01
    0.0050480657   1.68383346e-06   9.99998316e-01   3.33560260e-04   3.08211077e-01   5.20668143e-01   9.99999123e-01
    0.0050708192   1.69142312e-06   9.99998309e-01   3.33560261e-04   3.08211082e-01   5.20668148e-01   9.99999119e-01
    0.0050936752   1.69904698e-06   9.99998301e-01   3.33560262e-04   3.08211087e-01   5.20668152e-01   9.99999115e-01
    0.0051166343   1.70670521e-06   9.99998293e-01   3.33560263e-04   3.08211092e-01   5.20668157e-01   9.99999111e-01
    0.0051396968   1.71439795e-06   9.99998286e-01   3.33560264e-04   3.08211097e-01   5.20668162e-01   9.99999107e-01
    0.0051628633   1.72212537e-06   9.99998278e-01   3.33560266e-04   3.08211101e-01   5.20668166e-01   9.99999103e-01
    0.0051861342   1.72988762e-06   9.99998270e-01   3.33560267e-04   3.08211106e-01   5.20668171e-01   9.99999099e-01
    0.0052095100   1.73768486e-06   9.99998262e-01   3.33560268e-04   3.08211111e-01   5.20668176e-01   9.99999095e-01
    0.0052329911   1.74551724e-06   9.99998254e-01   3.33560269e-04   3.08211116e-01   5.20668181e-01   9.99999091e-01
    0.0052565781   1.75338492e-06   9.99998247e-01   3.33560270e-04   3.08211121e-01   5.20668185e-01   9.99999087e-01
    0.0052802715   1.76128807e-06   9.99998239e-01   3.33560272e-04   3.08211127e-01   5.20668190e-01   9.99999083e-01
    0.0053040716   1.76922684e-06   9.99998231e-01   3.33560273e-04   3.08211132e-01   5.20668195e-01   9.99999079e-01
    0.0053279789   1.77720139e-06   9.99998223e-01   3.33560274e-04   3.08211137e-01   5.20668200e-01   9.99999075e-01
    0.0053519941   1.78521189e-06   9.99998215e-01   3.33560275e-04   3.08211142e-01   5.20668205e-01   9.99999070e-01
    0.0053761175   1.79325850e-06   9.99998207e-01   3.33560277e-04   3.08211147e-01   5.20668210e-01   9.99999066e-01
    0.0054003496   1.80134137e-06   9.99998199e-01   3.33560278e-04   3.08211152e-01   5.20668215e-01   9.99999062e-01
    0.0054246909   1.80946067e-06   9.99998191e-01   3.33560279e-04   3.08211157e-01   5.20668220e-01   9.99999058e-01
    0.0054491420   1.81761658e-06   9.99998182e-01   3.33560280e-04   3.08211163e-01   5.20668225e-01   9.99999054e-01
    0.0054737033   1.82580924e-06   9.99998174e-01   3.33560282e-04   3.08211168e-01   5.20668230e-01   9.99999049e-01
    0.0054983752   1.83403883e-06   9.99998166e-01   3.33560283e-04   3.08211173e-01   5.20668235e-01   9.99999045e-01
    0.0055231584   1.84230551e-06   9.99998158e-01   3.33560284e-04   3.08211178e-01   5.20668240e-01   9.99999041e-01
    0.0055480533   1.85060946e-06   9.99998149e-01   3.33560285e-04   3.08211184e-01   5.20668245e-01   9.99999036e-01
    0.0055730604   1.85895083e-06   9.99998141e-01   3.33560287e-04   3.08211189e-01   5.20668250e-01   9.99999032e-01
    0.0055981802   1.86732981e-06   9.99998133e-01   3.33560288e-04   3.08211194e-01   5.20668255e-01   9.99999028e-01
    0.0056234133   1.87574655e-06   9.99998124e-01   3.33560289e-04   3.08211200e-01   5.20668260e-01   9.99999023e-01
    0.0056487600   1.88420122e-06   9.99998116e-01   3.33560291e-04   3.08211205e-01   5.20668265e-01   9.99999019e-01
    0.0056742210   1.89269401e-06   9.99998107e-01   3.33560292e-04   3.08211211e-01   5.20668270e-01   9.99999015e-01
    0.0056997968   1.90122507e-06   9.99998099e-01   3.33560293e-04   3.08211216e-01   5.20668276e-01   9.99999010e-01
    0.0057254879   1.90979459e-06   9.99998090e-01   3.33560295e-04   3.08211222e-01   5.20668281e-01   9.99999006e-01
    0.0057512947   1.91840273e-06   9.99998082e-01   3.33560296e-04   3.08211227e-01   5.20668286e-01   9.99999001e-01
    0.0057772179   1.92704968e-06   9.99998073e-01   3.33560297e-04   3.08211233e-01   5.20668291e-01   9.99998997e-01
    0.0058032579   1.93573560e-06   9.99998064e-01   3.33560299e-04   3.08211238e-01   5.20668297e-01   9.99998992e-01
    0.0058294153   1.94446067e-06   9.99998056e-01   3.33560300e-04   3.08211244e-01   5.20668302e-01   9.99998988e-01
    0.0058556906   1.95322506e-06   9.99998047e-01   3.33560301e-04   3.08211249e-01   5.20668307e-01   9.99998983e-01
    0.0058820844   1.96202896e-06   9.99998038e-01   3.33560303e-04   3.08211255e-01   5.20668313e-01   9.99998978e-01
    0.0059085971   1.97087255e-06   9.99998029e-01   3.33560304e-04   3.08211261e-01   5.20668318e-01   9.99998974e-01
    0.0059352293   1.97975599e-06   9.99998020e-01   3.33560305e-04   3.08211266e-01   5.20668323e-01   9.99998969e-01
    0.0059619815   1.98867948e-06   9.99998011e-01   3.33560307e-04   3.08211272e-01   5.20668329e-01   9.99998965e-01
    0.0059888543   1.99764318e-06   9.99998002e-01   3.33560308e-04   3.08211278e-01   5.20668334e-01   9.99998960e-01
    0.0060158483   2.00664729e-06   9.99997993e-01   3.33560309e-04   3.08211283e-01   5.20668340e-01   9.99998955e-01
    0.0060429639   2.01569199e-06   9.99997984e-01   3.33560311e-04   3.08211289e-01   5.20668345e-01   9.99998950e-01
    0.0060702017   2.02477745e-06   9.99997975e-01   3.33560312e-04   3.08211295e-01   5.20668351e-01   9.99998946e-01
    0.0060975624   2.03390386e-06   9.99997966e-01   3.33560314e-04   3.08211301e-01   5.20668356e-01   9.99998941e-01
    0.0061250463   2.04307141e-06   9.99997957e-01   3.33560315e-04   3.08211307e-01   5.20668362e-01   9.99998936e-01
    0.0061526541   2.05228028e-06   9.99997948e-01   3.33560317e-04   3.08211313e-01   5.20668368e-01   9.99998931e-01
    0.0061803864   2.06153066e-06   9.99997938e-01   3.33560318e-04   3.08211319e-01   5.20668373e-01   9.99998927e-01
    0.0062082436   2.07082274e-06   9.99997929e-01   3.33560319e-04   3.08211325e-01   5.20668379e-01   9.99998922e-01
    0.0062362264   2.08015669e-06   9.99997920e-01   3.33560321e-04   3.08211330e-01   5.20668385e-01   9.99998917e-01
    0.0062643354   2.08953272e-06   9.99997910e-01   3.33560322e-04   3.08211336e-01   5.20668390e-01   9.99998912e-01
    0.0062925710   2.09895101e-06   9.99997901e-01   3.33560324e-04   3.08211342e-01   5.20668396e-01   9.99998907e-01
    0.0063209339   2.10841175e-06   9.99997892e-01   3.33560325e-04   3.08211349e-01   5.20668402e-01   9.99998902e-01
    0.0063494247   2.11791514e-06   9.99997882e-01   3.33560327e-04   3.08211355e-01   5.20668408e-01   9.99998897e-01
    0.0063780438   2.12746136e-06   9.99997873e-01   3.33560328e-04   3.08211361e-01   5.20668413e-01   9.99998892e-01
    0.0064067920   2.13705061e-06   9.99997863e-01   3.33560330e-04   3.08211367e-01   5.20668419e-01   9.99998887e-01
    0.0064356698   2.14668308e-06   9.99997853e-01   3.33560331e-04   3.08211373e-01   5.20668425e-01   9.99998882e-01
    0.0064646777   2.15635896e-06   9.99997844e-01   3.33560333e-04   3.08211379e-01   5.20668431e-01   9.99998877e-01
    0.0064938163   2.16607846e-06   9.99997834e-01   3.33560334e-04   3.08211385e-01   5.20668437e-01   9.99998872e-01
    0.0065230863   2.17584177e-06   9.99997824e-01   3.33560336e-04   3.08211392e-01   5.20668443e-01   9.99998867e-01
    0.0065524882   2.18564909e-06   9.99997814e-01   3.33560337e-04   3.08211398e-01   5.20668449e-01   9.99998862e-01
    0.0065820227   2.19550061e-06   9.99997805e-01   3.33560339e-04   3.08211404e-01   5.20668455e-01   9.99998857e-01
    0.0066116903   2.20539654e-06   9.99997795e-01   3.33560340e-04   3.08211411e-01   5.20668461e-01   9.99998852e-01
    0.0066414916   2.21533707e-06   9.99997785e-01   3.33560342e-04   3.08211417e-01   5.20668467e-01   9.99998847e-01
    0.0066714272   2.22532240e-06   9.99997775e-01   3.33560343e-04   3.08211423e-01   5.20668473e-01   9.99998841e-01
    0.0067014977   2.23535275e-06   9.99997765e-01   3.33560345e-04   3.08211430e-01   5.20668479e-01   9.99998836e-01
    0.0067317038   2.24542830e-06   9.99997755e-01   3.33560346e-04   3.08211436e-01   5.20668485e-01   9.99998831e-01
    0.0067620461   2.25554927e-06   9.99997744e-01   3.33560348e-04   3.08211443e-01   5.20668491e-01   9.99998826e-01
    0.0067925251   2.26571586e-06   9.99997734e-01   3.33560349e-04   3.08211449e-01   5.20668498e-01   9.99998820e-01
    0.0068231415   2.27592827e-06   9.99997724e-01   3.33560351e-04   3.08211456e-01   5.20668504e-01   9.99998815e-01
    0.0068538958   2.28618671e-06   9.99997714e-01   3.33560353e-04   3.08211462e-01   5.20668510e-01   9.99998810e-01
    0.0068847888   2.29649140e-06   9.99997704e-01   3.33560354e-04   3.08211469e-01   5.20668516e-01   9.99998804e-01
    0.0069158211   2.30684252e-06   9.99997693e-01   3.33560356e-04   3.08211475e-01   5.20668523e-01   9.99998799e-01
    0.0069469932   2.31724031e-06   9.99997683e-01   3.33560357e-04   3.08211482e-01   5.20668529e-01   9.99998793e-01
    0.0069783058   2.32768496e-06   9.99997672e-01   3.33560359e-04   3.08211489e-01   5.20668535e-01   9.99998788e-01
    0.0070097596   2.33817669e-06   9.99997662e-01   3.33560361e-04   3.08211496e-01   5.20668542e-01   9.99998783e-01
    0.0070413552   2.34871571e-06   9.99997651e-01   3.33560362e-04   3.08211502e-01   5.20668548e-01   9.99998777e-01
    0.0070730931   2.35930223e-06   9.99997641e-01   3.33560364e-04   3.08211509e-01   5.20668555e-01   9.99998772e-01
    0.0071049741   2.36993647e-06   9.99997630e-01   3.33560366e-04   3.08211516e-01   5.20668561e-01   9.99998766e-01
    0.0071369988   2.38061865e-06   9.99997619e-01   3.33560367e-04   3.08211523e-01   5.20668568e-01   9.99998760e-01
    0.0071691679   2.39134897e-06   9.99997609e-01   3.33560369e-04   3.08211530e-01   5.20668574e-01   9.99998755e-01
    0.0072014819   2.40212765e-06   9.99997598e-01   3.33560370e-04   3.08211536e-01   5.20668581e-01   9.99998749e-01
    0.0072339416   2.41295493e-06   9.99997587e-01   3.33560372e-04   3.08211543e-01   5.20668587e-01   9.99998744e-01
    0.0072665476   2.42383100e-06   9.99997576e-01   3.33560374e-04   3.08211550e-01   5.20668594e-01   9.99998738e-01
    0.0072993006   2.43475609e-06   9.99997565e-01   3.33560376e-04   3.08211557e-01   5.20668601e-01   9.99998732e-01
    0.0073322012   2.44573043e-06   9.99997554e-01   3.33560377e-04   3.08211564e-01   5.20668607e-01   9.99998727e-01
    0.0073652501   2.45675424e-06   9.99997543e-01   3.33560379e-04   3.08211571e-01   5.20668614e-01   9.99998721e-01
    0.0073984480   2.46782773e-06   9.99997532e-01   3.33560381e-04   3.08211578e-01   5.20668621e-01   9.99998715e-01
    0.0074317955   2.47895113e-06   9.99997521e-01   3.33560382e-04   3.08211586e-01   5.20668628e-01   9.99998709e-01
    0.0074652933   2.49012468e-06   9.99997510e-01   3.33560384e-04   3.08211593e-01   5.20668634e-01   9.99998703e-01
    0.0074989421   2.50134858e-06   9.99997499e-01   3.33560386e-04   3.08211600e-01   5.20668641e-01   9.99998698e-01
    0.0075327426   2.51262308e-06   9.99997487e-01   3.33560388e-04   3.08211607e-01   5.20668648e-01   9.99998692e-01
    0.0075666954   2.52394839e-06   9.99997476e-01   3.33560389e-04   3.08211614e-01   5.20668655e-01   9.99998686e-01
    0.0076008012   2.53532475e-06   9.99997465e-01   3.33560391e-04   3.08211622e-01   5.20668662e-01   9.99998680e-01
    0.0076350608   2.54675239e-06   9.99997453e-01   3.33560393e-04   3.08211629e-01   5.20668669e-01   9.99998674e-01
    0.0076694748   2.55823154e-06   9.99997442e-01   3.33560395e-04   3.08211636e-01   5.20668676e-01   9.99998668e-01
    0.0077040439   2.56976243e-06   9.99997430e-01   3.33560396e-04   3.08211644e-01   5.20668683e-01   9.99998662e-01
    0.0077387689   2.58134529e-06   9.99997419e-01   3.33560398e-04   3.08211651e-01   5.20668690e-01   9.99998656e-01
    0.0077736503   2.59298036e-06   9.99997407e-01   3.33560400e-04   3.08211658e-01   5.20668697e-01   9.99998650e-01
    0.0078086890   2.60466787e-06   9.99997395e-01   3.33560402e-04   3.08211666e-01   5.20668704e-01   9.99998644e-01
    0.0078438856   2.61640807e-06   9.99997384e-01   3.33560404e-04   3.08211673e-01   5.20668711e-01   9.99998638e-01
    0.0078792408   2.62820118e-06   9.99997372e-01   3.33560405e-04   3.08211681e-01   5.20668719e-01   9.99998632e-01
    0.0079147554   2.64004745e-06   9.99997360e-01   3.33560407e-04   3.08211689e-01   5.20668726e-01   9.99998625e-01
    0.0079504301   2.65194711e-06   9.99997348e-01   3.33560409e-04   3.08211696e-01   5.20668733e-01   9.99998619e-01
    0.0079862656   2.66390041e-06   9.99997336e-01   3.33560411e-04   3.08211704e-01   5.20668740e-01   9.99998613e-01
    0.0080222626   2.67590759e-06   9.99997324e-01   3.33560413e-04   3.08211712e-01   5.20668748e-01   9.99998607e-01
    0.0080584219   2.68796888e-06   9.99997312e-01   3.33560415e-04   3.08211719e-01   5.20668755e-01   9.99998600e-01
    0.0080947441   2.70008455e-06   9.99997300e-01   3.33560416e-04   3.08211727e-01   5.20668762e-01   9.99998594e-01
    0.0081312301   2.71225482e-06   9.99997288e-01   3.33560418e-04   3.08211735e-01   5.20668770e-01   9.99998588e-01
    0.0081678805   2.72447995e-06   9.99997276e-01   3.33560420e-04   3.08211743e-01   5.20668777e-01   9.99998581e-01
    0.0082046961   2.73676018e-06   9.99997263e-01   3.33560422e-04   3.08211750e-01   5.20668785e-01   9.99998575e-01
    0.0082416777   2.74909576e-06   9.99997251e-01   3.33560424e-04   3.08211758e-01   5.20668792e-01   9.99998569e-01
    0.0082788259   2.76148694e-06   9.99997239e-01   3.33560426e-04   3.08211766e-01   5.20668800e-01   9.99998562e-01
    0.0083161416   2.77393398e-06   9.99997226e-01   3.33560428e-04   3.08211774e-01   5.20668807e-01   9.99998556e-01
    0.0083536255   2.78643712e-06   9.99997214e-01   3.33560430e-04   3.08211782e-01   5.20668815e-01   9.99998549e-01
    0.0083912783   2.79899661e-06   9.99997201e-01   3.33560432e-04   3.08211790e-01   5.20668823e-01   9.99998543e-01
    0.0084291009   2.81161272e-06   9.99997188e-01   3.33560434e-04   3.08211798e-01   5.20668830e-01   9.99998536e-01
    0.0084670939   2.82428569e-06   9.99997176e-01   3.33560436e-04   3.08211806e-01   5.20668838e-01   9.99998529e-01
    0.0085052582   2.83701578e-06   9.99997163e-01   3.33560438e-04   3.08211815e-01   5.20668846e-01   9.99998523e-01
    0.0085435945   2.84980325e-06   9.99997150e-01   3.33560440e-04   3.08211823e-01   5.20668854e-01   9.99998516e-01
    0.0085821035   2.86264836e-06   9.99997137e-01   3.33560442e-04   3.08211831e-01   5.20668861e-01   9.99998510e-01
    0.0086207862   2.87555137e-06   9.99997124e-01   3.33560444e-04   3.08211839e-01   5.20668869e-01   9.99998503e-01
    0.0086596432   2.88851254e-06   9.99997111e-01   3.33560446e-04   3.08211847e-01   5.20668877e-01   9.99998496e-01
    0.0086986754   2.90153212e-06   9.99997098e-01   3.33560448e-04   3.08211856e-01   5.20668885e-01   9.99998489e-01
    0.0087378835   2.91461040e-06   9.99997085e-01   3.33560450e-04   3.08211864e-01   5.20668893e-01   9.99998482e-01
    0.0087772683   2.92774762e-06   9.99997072e-01   3.33560452e-04   3.08211873e-01   5.20668901e-01   9.99998476e-01
    0.0088168307   2.94094405e-06   9.99997059e-01   3.33560454e-04   3.08211881e-01   5.20668909e-01   9.99998469e-01
    0.0088565713   2.95419996e-06   9.99997046e-01   3.33560456e-04   3.08211890e-01   5.20668917e-01   9.99998462e-01
    0.0088964911   2.96751563e-06   9.99997032e-01   3.33560458e-04   3.08211898e-01   5.20668925e-01   9.99998455e-01
    0.0089365909   2.98089131e-06   9.99997019e-01   3.33560460e-04   3.08211907e-01   5.20668933e-01   9.99998448e-01
    0.0089768713   2.99432728e-06   9.99997006e-01   3.33560462e-04   3.08211915e-01   5.20668942e-01   9.99998441e-01
    0.0090173334   3.00782382e-06   9.99996992e-01   3.33560464e-04   3.08211924e-01   5.20668950e-01   9.99998434e-01
    0.0090579778   3.02138118e-06   9.99996979e-01   3.33560466e-04   3.08211932e-01   5.20668958e-01   9.99998427e-01
    0.0090988054   3.03499966e-06   9.99996965e-01   3.33560468e-04   3.08211941e-01   5.20668966e-01   9.99998420e-01
    0.0091398170   3.04867952e-06   9.99996951e-01   3.33560470e-04   3.08211950e-01   5.20668975e-01   9.99998413e-01
    0.0091810135   3.06242104e-06   9.99996938e-01   3.33560472e-04   3.08211959e-01   5.20668983e-01   9.99998405e-01
    0.0092223957   3.07622449e-06   9.99996924e-01   3.33560474e-04   3.08211968e-01   5.20668992e-01   9.99998398e-01
    0.0092639643   3.09009017e-06   9.99996910e-01   3.33560477e-04   3.08211976e-01   5.20669000e-01   9.99998391e-01
    0.0093057204   3.10401834e-06   9.99996896e-01   3.33560479e-04   3.08211985e-01   5.20669008e-01   9.99998384e-01
    0.0093476647   3.11800929e-06   9.99996882e-01   3.33560481e-04   3.08211994e-01   5.20669017e-01   9.99998377e-01
    0.0093897980   3.13206331e-06   9.99996868e-01   3.33560483e-04   3.08212003e-01   5.20669026e-01   9.99998369e-01
    0.0094321213   3.14618067e-06   9.99996854e-01   3.33560485e-04   3.08212012e-01   5.20669034e-01   9.99998362e-01
    0.0094746353   3.16036166e-06   9.99996840e-01   3.33560487e-04   3.08212021e-01   5.20669043e-01   9.99998355e-01
    0.0095173409   3.17460657e-06   9.99996825e-01   3.33560490e-04   3.08212030e-01   5.20669052e-01   9.99998347e-01
    0.0095602390   3.18891569e-06   9.99996811e-01   3.33560492e-04   3.08212040e-01   5.20669060e-01   9.99998340e-01
    0.0096033305   3.20328930e-06   9.99996797e-01   3.33560494e-04   3.08212049e-01   5.20669069e-01   9.99998332e-01
    0.0096466162   3.21772771e-06   9.99996782e-01   3.33560496e-04   3.08212058e-01   5.20669078e-01   9.99998325e-01
    0.0096900970   3.23223119e-06   9.99996768e-01   3.33560499e-04   3.08212067e-01   5.20669087e-01   9.99998317e-01
    0.0097337738   3.24680004e-06   9.99996753e-01   3.33560501e-04   3.08212077e-01   5.20669096e-01   9.99998309e-01
    0.0097776475   3.26143456e-06   9.99996739e-01   3.33560503e-04   3.08212086e-01   5.20669104e-01   9.99998302e-01
    0.0098217189   3.27613505e-06   9.99996724e-01   3.33560505e-04   3.08212095e-01   5.20669113e-01   9.99998294e-01
    0.0098659890   3.29090179e-06   9.99996709e-01   3.33560508e-04   3.08212105e-01   5.20669122e-01   9.99998287e-01
    0.0099104586   3.30573510e-06   9.99996694e-01   3.33560510e-04   3.08212114e-01   5.20669131e-01   9.99998279e-01
    0.0099551286   3.32063526e-06   9.99996679e-01   3.33560512e-04   3.08212124e-01   5.20669141e-01   9.99998271e-01
    0.0100000000   3.33560259e-06   9.99996664e-01   3.33560514e-04   3.08212133e-01   5.20669150e-01   9.99998263e-01
    0.0100450736   3.35063737e-06   9.99996649e-01   3.33560517e-04   3.08212143e-01   5.20669159e-01   9.99998255e-01
    0.0100903504   3.36573993e-06   9.99996634e-01   3.33560519e-04   3.08212153e-01   5.20669168e-01   9.99998248e-01
    0.0101358313   3.38091056e-06   9.99996619e-01   3.33560521e-04   3.08212162e-01   5.20669177e-01   9.99998240e-01
    0.0101815172   3.39614956e-06   9.99996604e-01   3.33560524e-04   3.08212172e-01   5.20669187e-01   9.99998232e-01
    0.0102274090   3.41145726e-06   9.99996589e-01   3.33560526e-04   3.08212182e-01   5.20669196e-01   9.99998224e-01
    0.0102735077   3.42683395e-06   9.99996573e-01   3.33560529e-04   3.08212192e-01   5.20669205e-01   9.99998216e-01
    0.0103198141   3.44227995e-06   9.99996558e-01   3.33560531e-04   3.08212202e-01   5.20669215e-01   9.99998208e-01
    0.0103663293   3.45779557e-06   9.99996542e-01   3.33560533e-04   3.08212212e-01   5.20669224e-01   9.99998200e-01
    0.0104130541   3.47338113e-06   9.99996527e-01   3.33560536e-04   3.08212222e-01   5.20669234e-01   9.99998192e-01
    0.0104599895   3.48903694e-06   9.99996511e-01   3.33560538e-04   3.08212232e-01   5.20669243e-01   9.99998183e-01
    0.0105071365   3.50476331e-06   9.99996495e-01   3.33560541e-04   3.08212242e-01   5.20669253e-01   9.99998175e-01
    0.0105544960   3.52056057e-06   9.99996479e-01   3.33560543e-04   3.08212252e-01   5.20669262e-01   9.99998167e-01
    0.0106020690   3.53642903e-06   9.99996464e-01   3.33560545e-04   3.08212262e-01   5.20669272e-01   9.99998159e-01
    0.0106498564   3.55236902e-06   9.99996448e-01   3.33560548e-04   3.08212272e-01   5.20669282e-01   9.99998150e-01
    0.0106978591   3.56838085e-06   9.99996432e-01   3.33560550e-04   3.08212282e-01   5.20669291e-01   9.99998142e-01
    0.0107460783   3.58446486e-06   9.99996416e-01   3.33560553e-04   3.08212293e-01   5.20669301e-01   9.99998134e-01
    0.0107945148   3.60062136e-06   9.99996399e-01   3.33560555e-04   3.08212303e-01   5.20669311e-01   9.99998125e-01
    0.0108431696   3.61685069e-06   9.99996383e-01   3.33560558e-04   3.08212313e-01   5.20669321e-01   9.99998117e-01
    0.0108920437   3.63315316e-06   9.99996367e-01   3.33560560e-04   3.08212324e-01   5.20669331e-01   9.99998108e-01
    0.0109411381   3.64952912e-06   9.99996350e-01   3.33560563e-04   3.08212334e-01   5.20669341e-01   9.99998100e-01
    0.0109904538   3.66597889e-06   9.99996334e-01   3.33560565e-04   3.08212345e-01   5.20669351e-01   9.99998091e-01
    0.0110399918   3.68250281e-06   9.99996318e-01   3.33560568e-04   3.08212355e-01   5.20669361e-01   9.99998083e-01
    0.0110897530   3.69910120e-06   9.99996301e-01   3.33560571e-04   3.08212366e-01   5.20669371e-01   9.99998074e-01
    0.0111397386   3.71577441e-06   9.99996284e-01   3.33560573e-04   3.08212377e-01   5.20669381e-01   9.99998065e-01
    0.0111899495   3.73252278e-06   9.99996267e-01   3.33560576e-04   3.08212387e-01   5.20669392e-01   9.99998057e-01
    0.0112403866   3.74934663e-06   9.99996251e-01   3.33560578e-04   3.08212398e-01   5.20669402e-01   9.99998048e-01
    0.0112910512   3.76624632e-06   9.99996234e-01   3.33560581e-04   3.08212409e-01   5.20669412e-01   9.99998039e-01
    0.0113419440   3.78322218e-06   9.99996217e-01   3.33560584e-04   3.08212420e-01   5.20669422e-01   9.99998030e-01
    0.0113930663   3.80027455e-06   9.99996200e-01   3.33560586e-04   3.08212431e-01   5.20669433e-01   9.99998021e-01
    0.0114444190   3.81740379e-06   9.99996183e-01   3.33560589e-04   3.08212442e-01   5.20669443e-01   9.99998012e-01
    0.0114960032   3.83461023e-06   9.99996165e-01   3.33560591e-04   3.08212453e-01   5.20669454e-01   9.99998003e-01
    0.0115478198   3.85189423e-06   9.99996148e-01   3.33560594e-04   3.08212464e-01   5.20669464e-01   9.99997994e-01
    0.0115998701   3.86925614e-06   9.99996131e-01   3.33560597e-04   3.08212475e-01   5.20669475e-01   9.99997985e-01
    0.0116521549   3.88669630e-06   9.99996113e-01   3.33560599e-04   3.08212486e-01   5.20669485e-01   9.99997976e-01
    0.0117046754   3.90421507e-06   9.99996096e-01   3.33560602e-04   3.08212497e-01   5.20669496e-01   9.99997967e-01
    0.0117574327   3.92181281e-06   9.99996078e-01   3.33560605e-04   3.08212508e-01   5.20669507e-01   9.99997958e-01
    0.0118104277   3.93948986e-06   9.99996061e-01   3.33560608e-04   3.08212520e-01   5.20669518e-01   9.99997949e-01
    0.0118636616   3.95724660e-06   9.99996043e-01   3.33560610e-04   3.08212531e-01   5.20669528e-01   9.99997940e-01
    0.0119171354   3.97508337e-06   9.99996025e-01   3.33560613e-04   3.08212542e-01   5.20669539e-01   9.99997930e-01
    0.0119708503   3.99300053e-06   9.99996007e-01   3.33560616e-04   3.08212554e-01   5.20669550e-01   9.99997921e-01
    0.0120248073   4.01099845e-06   9.99995989e-01   3.33560619e-04   3.08212565e-01   5.20669561e-01   9.99997912e-01
    0.0120790075   4.02907750e-06   9.99995971e-01   3.33560621e-04   3.08212577e-01   5.20669572e-01   9.99997902e-01
    0.0121334520   4.04723804e-06   9.99995953e-01   3.33560624e-04   3.08212589e-01   5.20669583e-01   9.99997893e-01
    0.0121881418   4.06548043e-06   9.99995935e-01   3.33560627e-04   3.08212600e-01   5.20669594e-01   9.99997883e-01
    0.0122430782   4.08380505e-06   9.99995916e-01   3.33560630e-04   3.08212612e-01   5.20669606e-01   9.99997874e-01
    0.0122982623   4.10221227e-06   9.99995898e-01   3.33560633e-04   3.08212624e-01   5.20669617e-01   9.99997864e-01
    0.0123536950   4.12070245e-06   9.99995879e-01   3.33560636e-04   3.08212636e-01   5.20669628e-01   9.99997854e-01
    0.0124093776   4.13927597e-06   9.99995861e-01   3.33560638e-04   3.08212647e-01   5.20669639e-01   9.99997845e-01
    0.0124653112   4.15793322e-06   9.99995842e-01   3.33560641e-04   3.08212659e-01   5.20669651e-01   9.99997835e-01
    0.0125214969   4.17667455e-06   9.99995823e-01   3.33560644e-04   3.08212671e-01   5.20669662e-01   9.99997825e-01
    0.0125779358   4.19550036e-06   9.99995805e-01   3.33560647e-04   3.08212683e-01   5.20669674e-01   9.99997816e-01
    0.0126346292   4.21441103e-06   9.99995786e-01   3.33560650e-04   3.08212696e-01   5.20669685e-01   9.99997806e-01
    0.0126915781   4.23340694e-06   9.99995767e-01   3.33560653e-04   3.08212708e-01   5.20669697e-01   9.99997796e-01
    0.0127487836   4.25248846e-06   9.99995748e-01   3.33560656e-04   3.08212720e-01   5.20669708e-01   9.99997786e-01
    0.0128062470   4.27165600e-06   9.99995728e-01   3.33560659e-04   3.08212732e-01   5.20669720e-01   9.99997776e-01
    0.0128639694   4.29090992e-06   9.99995709e-01   3.33560662e-04   3.08212744e-01   5.20669732e-01   9.99997766e-01
    0.0129219520   4.31025064e-06   9.99995690e-01   3.33560665e-04   3.08212757e-01   5.20669744e-01   9.99997756e-01
    0.0129801960   4.32967853e-06   9.99995670e-01   3.33560668e-04   3.08212769e-01   5.20669755e-01   9.99997746e-01
    0.0130387025   4.34919398e-06   9.99995651e-01   3.33560671e-04   3.08212782e-01   5.20669767e-01   9.99997736e-01
    0.0130974726   4.36879741e-06   9.99995631e-01   3.33560674e-04   3.08212794e-01   5.20669779e-01   9.99997725e-01
    0.0131565077   4.38848919e-06   9.99995612e-01   3.33560677e-04   3.08212807e-01   5.20669791e-01   9.99997715e-01
    0.0132158089   4.40826973e-06   9.99995592e-01   3.33560680e-04   3.08212820e-01   5.20669803e-01   9.99997705e-01
    0.0132753774   4.42813942e-06   9.99995572e-01   3.33560683e-04   3.08212832e-01   5.20669815e-01   9.99997694e-01
    0.0133352143   4.44809868e-06   9.99995552e-01   3.33560686e-04   3.08212845e-01   5.20669828e-01   9.99997684e-01
    0.0133953210   4.46814790e-06   9.99995532e-01   3.33560689e-04   3.08212858e-01   5.20669840e-01   9.99997674e-01
    0.0134556986   4.48828749e-06   9.99995512e-01   3.33560692e-04   3.08212871e-01   5.20669852e-01   9.99997663e-01
    0.0135163483   4.50851786e-06   9.99995492e-01   3.33560695e-04   3.08212884e-01   5.20669864e-01   9.99997653e-01
    0.0135772714   4.52883942e-06   9.99995471e-01   3.33560699e-04   3.08212897e-01   5.20669877e-01   9.99997642e-01
    0.0136384691   4.54925257e-06   9.99995451e-01   3.33560702e-04   3.08212910e-01   5.20669889e-01   9.99997631e-01
    0.0136999427   4.56975773e-06   9.99995430e-01   3.33560705e-04   3.08212923e-01   5.20669902e-01   9.99997621e-01
    0.0137616933   4.59035531e-06   9.99995410e-01   3.33560708e-04   3.08212936e-01   5.20669914e-01   9.99997610e-01
    0.0138237223   4.61104574e-06   9.99995389e-01   3.33560711e-04   3.08212949e-01   5.20669927e-01   9.99997599e-01
    0.0138860308   4.63182942e-06   9.99995368e-01   3.33560714e-04   3.08212963e-01   5.20669940e-01   9.99997588e-01
    0.0139486202   4.65270679e-06   9.99995347e-01   3.33560718e-04   3.08212976e-01   5.20669952e-01   9.99997577e-01
    0.0140114917   4.67367825e-06   9.99995326e-01   3.33560721e-04   3.08212989e-01   5.20669965e-01   9.99997567e-01
    0.0140746466   4.69474425e-06   9.99995305e-01   3.33560724e-04   3.08213003e-01   5.20669978e-01   9.99997556e-01
    0.0141380862   4.71590519e-06   9.99995284e-01   3.33560727e-04   3.08213016e-01   5.20669991e-01   9.99997545e-01
    0.0142018117   4.73716152e-06   9.99995263e-01   3.33560731e-04   3.08213030e-01   5.20670004e-01   9.99997534e-01
    0.0142658244   4.75851365e-06   9.99995242e-01   3.33560734e-04   3.08213044e-01   5.20670017e-01   9.99997522e-01
    0.0143301257   4.77996203e-06   9.99995220e-01   3.33560737e-04   3.08213057e-01   5.20670030e-01   9.99997511e-01
    0.0143947168   4.80150709e-06   9.99995199e-01   3.33560741e-04   3.08213071e-01   5.20670043e-01   9.99997500e-01
    0.0144595990   4.82314925e-06   9.99995177e-01   3.33560744e-04   3.08213085e-01   5.20670056e-01   9.99997489e-01
    0.0145247737   4.84488897e-06   9.99995155e-01   3.33560747e-04   3.08213099e-01   5.20670069e-01   9.99997477e-01
    0.0145902422   4.86672667e-06   9.99995133e-01   3.33560751e-04   3.08213113e-01   5.20670083e-01   9.99997466e-01
    0.0146560057   4.88866280e-06   9.99995111e-01   3.33560754e-04   3.08213127e-01   5.20670096e-01   9.99997455e-01
    0.0147220656   4.91069781e-06   9.99995089e-01   3.33560757e-04   3.08213141e-01   5.20670109e-01   9.99997443e-01
    0.0147884234   4.93283214e-06   9.99995067e-01   3.33560761e-04   3.08213155e-01   5.20670123e-01   9.99997432e-01
    0.0148550802   4.95506624e-06   9.99995045e-01   3.33560764e-04   3.08213169e-01   5.20670137e-01   9.99997420e-01
    0.0149220374   4.97740055e-06   9.99995023e-01   3.33560768e-04   3.08213184e-01   5.20670150e-01   9.99997408e-01
    0.0149892965   4.99983554e-06   9.99995000e-01   3.33560771e-04   3.08213198e-01   5.20670164e-01   9.99997397e-01
    0.0150568587   5.02237164e-06   9.99994978e-01   3.33560775e-04   3.08213212e-01   5.20670178e-01   9.99997385e-01
    0.0151247255   5.04500933e-06   9.99994955e-01   3.33560778e-04   3.08213227e-01   5.20670191e-01   9.99997373e-01
    0.0151928981   5.06774905e-06   9.99994932e-01   3.33560782e-04   3.08213241e-01   5.20670205e-01   9.99997361e-01
    0.0152613780   5.09059127e-06   9.99994909e-01   3.33560785e-04   3.08213256e-01   5.20670219e-01   9.99997349e-01
    0.0153301666   5.11353644e-06   9.99994886e-01   3.33560789e-04   3.08213271e-01   5.20670233e-01   9.99997338e-01
    0.0153992653   5.13658504e-06   9.99994863e-01   3.33560792e-04   3.08213285e-01   5.20670247e-01   9.99997326e-01
    0.0154686754   5.15973753e-06   9.99994840e-01   3.33560796e-04   3.08213300e-01   5.20670261e-01   9.99997313e-01
    0.0155383983   5.18299437e-06   9.99994817e-01   3.33560799e-04   3.08213315e-01   5.20670275e-01   9.99997301e-01
    0.0156084355   5.20635604e-06   9.99994794e-01   3.33560803e-04   3.08213330e-01   5.20670290e-01   9.99997289e-01
    0.0156787884   5.22982302e-06   9.99994770e-01   3.33560807e-04   3.08213345e-01   5.20670304e-01   9.99997277e-01
    0.0157494584   5.25339576e-06   9.99994747e-01   3.33560810e-04   3.08213360e-01   5.20670318e-01   9.99997265e-01
    0.0158204470   5.27707476e-06   9.99994723e-01   3.33560814e-04   3.08213375e-01   5.20670333e-01   9.99997252e-01
    0.0158917555   5.30086049e-06   9.99994699e-01   3.33560818e-04   3.08213390e-01   5.20670347e-01   9.99997240e-01
    0.0159633854   5.32475343e-06   9.99994675e-01   3.33560821e-04   3.08213406e-01   5.20670362e-01   9.99997228e-01
    0.0160353382   5.34875406e-06   9.99994651e-01   3.33560825e-04   3.08213421e-01   5.20670376e-01   9.99997215e-01
    0.0161076153   5.37286287e-06   9.99994627e-01   3.33560829e-04   3.08213436e-01   5.20670391e-01   9.99997203e-01
    0.0161802182   5.39708035e-06   9.99994603e-01   3.33560832e-04   3.08213452e-01   5.20670406e-01   9.99997190e-01
    0.0162531484   5.42140699e-06   9.99994579e-01   3.33560836e-04   3.08213468e-01   5.20670421e-01   9.99997177e-01
    0.0163264072   5.44584328e-06   9.99994554e-01   3.33560840e-04   3.08213483e-01   5.20670436e-01   9.99997165e-01
    0.0163999963   5.47038971e-06   9.99994530e-01   3.33560844e-04   3.08213499e-01   5.20670451e-01   9.99997152e-01
    0.0164739171   5.49504678e-06   9.99994505e-01   3.33560848e-04   3.08213515e-01   5.20670466e-01   9.99997139e-01
    0.0165481710   5.51981499e-06   9.99994480e-01   3.33560851e-04   3.08213530e-01   5.20670481e-01   9.99997126e-01
    0.0166227596   5.54469483e-06   9.99994455e-01   3.33560855e-04   3.08213546e-01   5.20670496e-01   9.99997113e-01
    0.0166976845   5.56968683e-06   9.99994430e-01   3.33560859e-04   3.08213562e-01   5.20670511e-01   9.99997100e-01
    0.0167729470   5.59479147e-06   9.99994405e-01   3.33560863e-04   3.08213578e-01   5.20670526e-01   9.99997087e-01
    0.0168485488   5.62000926e-06   9.99994380e-01   3.33560867e-04   3.08213595e-01   5.20670542e-01   9.99997074e-01
    0.0169244913   5.64534072e-06   9.99994355e-01   3.33560871e-04   3.08213611e-01   5.20670557e-01   9.99997061e-01
    0.0170007762   5.67078636e-06   9.99994329e-01   3.33560875e-04   3.08213627e-01   5.20670573e-01   9.99997047e-01
    0.0170774049   5.69634670e-06   9.99994304e-01   3.33560879e-04   3.08213643e-01   5.20670588e-01   9.99997034e-01
    0.0171543790   5.72202224e-06   9.99994278e-01   3.33560883e-04   3.08213660e-01   5.20670604e-01   9.99997021e-01
    0.0172317000   5.74781351e-06   9.99994252e-01   3.33560887e-04   3.08213676e-01   5.20670620e-01   9.99997007e-01
    0.0173093695   5.77372104e-06   9.99994226e-01   3.33560891e-04   3.08213693e-01   5.20670635e-01   9.99996994e-01
    0.0173873892   5.79974534e-06   9.99994200e-01   3.33560895e-04   3.08213710e-01   5.20670651e-01   9.99996980e-01
    0.0174657605   5.82588694e-06   9.99994174e-01   3.33560899e-04   3.08213726e-01   5.20670667e-01   9.99996967e-01
    0.0175444850   5.85214637e-06   9.99994148e-01   3.33560903e-04   3.08213743e-01   5.20670683e-01   9.99996953e-01
    0.0176235644   5.87852416e-06   9.99994122e-01   3.33560907e-04   3.08213760e-01   5.20670699e-01   9.99996939e-01
    0.0177030002   5.90502084e-06   9.99994095e-01   3.33560911e-04   3.08213777e-01   5.20670715e-01   9.99996925e-01
    0.0177827941   5.93163696e-06   9.99994068e-01   3.33560915e-04   3.08213794e-01   5.20670732e-01   9.99996912e-01
    0.0178629476   5.95837304e-06   9.99994042e-01   3.33560919e-04   3.08213811e-01   5.20670748e-01   9.99996898e-01
    0.0179434624   5.98522964e-06   9.99994015e-01   3.33560923e-04   3.08213828e-01   5.20670764e-01   9.99996884e-01
    0.0180243402   6.01220729e-06   9.99993988e-01   3.33560927e-04   3.08213845e-01   5.20670781e-01   9.99996870e-01
    0.0181055824   6.03930653e-06   9.99993961e-01   3.33560931e-04   3.08213863e-01   5.20670797e-01   9.99996856e-01
    0.0181871909   6.06652793e-06   9.99993934e-01   3.33560936e-04   3.08213880e-01   5.20670814e-01   9.99996841e-01
    0.0182691672   6.09387201e-06   9.99993906e-01   3.33560940e-04   3.08213898e-01   5.20670831e-01   9.99996827e-01
    0.0183515130   6.12133935e-06   9.99993879e-01   3.33560944e-04   3.08213915e-01   5.20670847e-01   9.99996813e-01
    0.0184342299   6.14893050e-06   9.99993851e-01   3.33560948e-04   3.08213933e-01   5.20670864e-01   9.99996798e-01
    0.0185173197   6.17664601e-06   9.99993823e-01   3.33560953e-04   3.08213951e-01   5.20670881e-01   9.99996784e-01
    0.0186007840   6.20448644e-06   9.99993796e-01   3.33560957e-04   3.08213968e-01   5.20670898e-01   9.99996770e-01
    0.0186846245   6.23245236e-06   9.99993768e-01   3.33560961e-04   3.08213986e-01   5.20670915e-01   9.99996755e-01
    0.0187688429   6.26054434e-06   9.99993739e-01   3.33560966e-04   3.08214004e-01   5.20670932e-01   9.99996740e-01
    0.0188534409   6.28876293e-06   9.99993711e-01   3.33560970e-04   3.08214022e-01   5.20670949e-01   9.99996726e-01
    0.0189384203   6.31710872e-06   9.99993683e-01   3.33560974e-04   3.08214040e-01   5.20670967e-01   9.99996711e-01
    0.0190237826   6.34558227e-06   9.99993654e-01   3.33560979e-04   3.08214059e-01   5.20670984e-01   9.99996696e-01
    0.0191095297   6.37418416e-06   9.99993626e-01   3.33560983e-04   3.08214077e-01   5.20671001e-01   9.99996681e-01
    0.0191956634   6.40291498e-06   9.99993597e-01   3.33560988e-04   3.08214095e-01   5.20671019e-01   9.99996666e-01
    0.0192821852   6.43177529e-06   9.99993568e-01   3.33560992e-04   3.08214114e-01   5.20671036e-01   9.99996651e-01
    0.0193690970   6.46076569e-06   9.99993539e-01   3.33560996e-04   3.08214132e-01   5.20671054e-01   9.99996636e-01
    0.0194564006   6.48988675e-06   9.99993510e-01   3.33561001e-04   3.08214151e-01   5.20671072e-01   9.99996621e-01
    0.0195440977   6.51913908e-06   9.99993481e-01   3.33561005e-04   3.08214170e-01   5.20671090e-01   9.99996606e-01
    0.0196321901   6.54852326e-06   9.99993452e-01   3.33561010e-04   3.08214188e-01   5.20671108e-01   9.99996590e-01
    0.0197206795   6.57803988e-06   9.99993422e-01   3.33561015e-04   3.08214207e-01   5.20671126e-01   9.99996575e-01
    0.0198095678   6.60768955e-06   9.99993392e-01   3.33561019e-04   3.08214226e-01   5.20671144e-01   9.99996560e-01
    0.0198988567   6.63747286e-06   9.99993363e-01   3.33561024e-04   3.08214245e-01   5.20671162e-01   9.99996544e-01
    0.0199885481   6.66739042e-06   9.99993333e-01   3.33561028e-04   3.08214264e-01   5.20671180e-01   9.99996529e-01
    0.0200786438   6.69744282e-06   9.99993303e-01   3.33561033e-04   3.08214284e-01   5.20671198e-01   9.99996513e-01
    0.0201691455   6.72763068e-06   9.99993272e-01   3.33561038e-04   3.08214303e-01   5.20671217e-01   9.99996497e-01
    0.0202600552   6.75795461e-06   9.99993242e-01   3.33561042e-04   3.08214322e-01   5.20671235e-01   9.99996481e-01
    0.0203513747   6.78841522e-06   9.99993212e-01   3.33561047e-04   3.08214342e-01   5.20671254e-01   9.99996465e-01
    0.0204431057   6.81901313e-06   9.99993181e-01   3.33561052e-04   3.08214361e-01   5.20671272e-01   9.99996450e-01
    0.0205352503   6.84974895e-06   9.99993150e-01   3.33561056e-04   3.08214381e-01   5.20671291e-01   9.99996434e-01
    0.0206278101   6.88062332e-06   9.99993119e-01   3.33561061e-04   3.08214401e-01   5.20671310e-01   9.99996417e-01
    0.0207207872   6.91163684e-06   9.99993088e-01   3.33561066e-04   3.08214421e-01   5.20671329e-01   9.99996401e-01
    0.0208141833   6.94279016e-06   9.99993057e-01   3.33561071e-04   3.08214441e-01   5.20671348e-01   9.99996385e-01
    0.0209080004   6.97408389e-06   9.99993026e-01   3.33561076e-04   3.08214461e-01   5.20671367e-01   9.99996369e-01
    0.0210022404   7.00551868e-06   9.99992995e-01   3.33561081e-04   3.08214481e-01   5.20671386e-01   9.99996352e-01
    0.0210969051   7.03709515e-06   9.99992963e-01   3.33561085e-04   3.08214501e-01   5.20671405e-01   9.99996336e-01
    0.0211919966   7.06881396e-06   9.99992931e-01   3.33561090e-04   3.08214521e-01   5.20671425e-01   9.99996320e-01
    0.0212875166   7.10067573e-06   9.99992899e-01   3.33561095e-04   3.08214542e-01   5.20671444e-01   9.99996303e-01
    0.0213834672   7.13268111e-06   9.99992867e-01   3.33561100e-04   3.08214562e-01   5.20671464e-01   9.99996286e-01
    0.0214798503   7.16483076e-06   9.99992835e-01   3.33561105e-04   3.08214583e-01   5.20671483e-01   9.99996270e-01
    0.0215766678   7.19712531e-06   9.99992803e-01   3.33561110e-04   3.08214603e-01   5.20671503e-01   9.99996253e-01
    0.0216739217   7.22956543e-06   9.99992770e-01   3.33561115e-04   3.08214624e-01   5.20671523e-01   9.99996236e-01
    0.0217716140   7.26215177e-06   9.99992738e-01   3.33561120e-04   3.08214645e-01   5.20671542e-01   9.99996219e-01
    0.0218697466   7.29488499e-06   9.99992705e-01   3.33561125e-04   3.08214666e-01   5.20671562e-01   9.99996202e-01
    0.0219683215   7.32776575e-06   9.99992672e-01   3.33561130e-04   3.08214687e-01   5.20671582e-01   9.99996185e-01
    0.0220673407   7.36079472e-06   9.99992639e-01   3.33561135e-04   3.08214708e-01   5.20671603e-01   9.99996167e-01
    0.0221668062   7.39397256e-06   9.99992606e-01   3.33561140e-04   3.08214729e-01   5.20671623e-01   9.99996150e-01
    0.0222667201   7.42729994e-06   9.99992573e-01   3.33561146e-04   3.08214751e-01   5.20671643e-01   9.99996133e-01
    0.0223670843   7.46077755e-06   9.99992539e-01   3.33561151e-04   3.08214772e-01   5.20671664e-01   9.99996115e-01
    0.0224679009   7.49440605e-06   9.99992506e-01   3.33561156e-04   3.08214793e-01   5.20671684e-01   9.99996098e-01
    0.0225691719   7.52818612e-06   9.99992472e-01   3.33561161e-04   3.08214815e-01   5.20671705e-01   9.99996080e-01
    0.0226708994   7.56211846e-06   9.99992438e-01   3.33561166e-04   3.08214837e-01   5.20671725e-01   9.99996063e-01
    0.0227730854   7.59620374e-06   9.99992404e-01   3.33561172e-04   3.08214859e-01   5.20671746e-01   9.99996045e-01
    0.0228757320   7.63044266e-06   9.99992370e-01   3.33561177e-04   3.08214880e-01   5.20671767e-01   9.99996027e-01
    0.0229788413   7.66483590e-06   9.99992335e-01   3.33561182e-04   3.08214902e-01   5.20671788e-01   9.99996009e-01
    0.0230824153   7.69938417e-06   9.99992301e-01   3.33561188e-04   3.08214925e-01   5.20671809e-01   9.99995991e-01
    0.0231864561   7.73408816e-06   9.99992266e-01   3.33561193e-04   3.08214947e-01   5.20671830e-01   9.99995973e-01
    0.0232909659   7.76894858e-06   9.99992231e-01   3.33561198e-04   3.08214969e-01   5.20671851e-01   9.99995955e-01
    0.0233959468   7.80396612e-06   9.99992196e-01   3.33561204e-04   3.08214991e-01   5.20671873e-01   9.99995937e-01
    0.0235014008   7.83914151e-06   9.99992161e-01   3.33561209e-04   3.08215014e-01   5.20671894e-01   9.99995918e-01
    0.0236073302   7.87447544e-06   9.99992126e-01   3.33561215e-04   3.08215037e-01   5.20671916e-01   9.99995900e-01
    0.0237137371   7.90996863e-06   9.99992090e-01   3.33561220e-04   3.08215059e-01   5.20671937e-01   9.99995882e-01
    0.0238206235   7.94562181e-06   9.99992054e-01   3.33561226e-04   3.08215082e-01   5.20671959e-01   9.99995863e-01
    0.0239279917   7.98143568e-06   9.99992019e-01   3.33561231e-04   3.08215105e-01   5.20671981e-01   9.99995844e-01
    0.0240358439   8.01741099e-06   9.99991983e-01   3.33561237e-04   3.08215128e-01   5.20672003e-01   9.99995826e-01
    0.0241441822   8.05354845e-06   9.99991947e-01   3.33561242e-04   3.08215151e-01   5.20672025e-01   9.99995807e-01
    0.0242530088   8.08984879e-06   9.99991910e-01   3.33561248e-04   3.08215174e-01   5.20672047e-01   9.99995788e-01
    0.0243623260   8.12631276e-06   9.99991874e-01   3.33561253e-04   3.08215198e-01   5.20672069e-01   9.99995769e-01
    0.0244721359   8.16294108e-06   9.99991837e-01   3.33561259e-04   3.08215221e-01   5.20672091e-01   9.99995750e-01
    0.0245824407   8.19973449e-06   9.99991800e-01   3.33561265e-04   3.08215245e-01   5.20672114e-01   9.99995731e-01
    0.0246932427   8.23669376e-06   9.99991763e-01   3.33561270e-04   3.08215268e-01   5.20672136e-01   9.99995711e-01
    0.0248045441   8.27381961e-06   9.99991726e-01   3.33561276e-04   3.08215292e-01   5.20672159e-01   9.99995692e-01
    0.0249163473   8.31111280e-06   9.99991689e-01   3.33561282e-04   3.08215316e-01   5.20672182e-01   9.99995673e-01
    0.0250286543   8.34857408e-06   9.99991651e-01   3.33561288e-04   3.08215340e-01   5.20672205e-01   9.99995653e-01
    0.0251414676   8.38620422e-06   9.99991614e-01   3.33561293e-04   3.08215364e-01   5.20672227e-01   9.99995634e-01
    0.0252547893   8.42400397e-06   9.99991576e-01   3.33561299e-04   3.08215388e-01   5.20672250e-01   9.99995614e-01
    0.0253686219   8.46197410e-06   9.99991538e-01   3.33561305e-04   3.08215412e-01   5.20672274e-01   9.99995594e-01
    0.0254829675   8.50011537e-06   9.99991500e-01   3.33561311e-04   3.08215437e-01   5.20672297e-01   9.99995574e-01
    0.0255978285   8.53842856e-06   9.99991462e-01   3.33561317e-04   3.08215461e-01   5.20672320e-01   9.99995554e-01
    0.0257132072   8.57691445e-06   9.99991423e-01   3.33561323e-04   3.08215486e-01   5.20672344e-01   9.99995534e-01
    0.0258291060   8.61557380e-06   9.99991385e-01   3.33561329e-04   3.08215511e-01   5.20672367e-01   9.99995514e-01
    0.0259455272   8.65440741e-06   9.99991346e-01   3.33561335e-04   3.08215535e-01   5.20672391e-01   9.99995494e-01
    0.0260624732   8.69341605e-06   9.99991307e-01   3.33561341e-04   3.08215560e-01   5.20672415e-01   9.99995474e-01
    0.0261799462   8.73260053e-06   9.99991267e-01   3.33561347e-04   3.08215585e-01   5.20672439e-01   9.99995453e-01
    0.0262979488   8.77196162e-06   9.99991228e-01   3.33561353e-04   3.08215611e-01   5.20672463e-01   9.99995433e-01
    0.0264164832   8.81150012e-06   9.99991189e-01   3.33561359e-04   3.08215636e-01   5.20672487e-01   9.99995412e-01
    0.0265355519   8.85121685e-06   9.99991149e-01   3.33561365e-04   3.08215661e-01   5.20672511e-01   9.99995391e-01
    0.0266551573   8.89111259e-06   9.99991109e-01   3.33561371e-04   3.08215687e-01   5.20672535e-01   9.99995371e-01
    0.0267753018   8.93118815e-06   9.99991069e-01   3.33561378e-04   3.08215712e-01   5.20672560e-01   9.99995350e-01
    0.0268959879   8.97144435e-06   9.99991029e-01   3.33561384e-04   3.08215738e-01   5.20672584e-01   9.99995329e-01
    0.0270172179   9.01188201e-06   9.99990988e-01   3.33561390e-04   3.08215764e-01   5.20672609e-01   9.99995308e-01
    0.0271389943   9.05250193e-06   9.99990948e-01   3.33561396e-04   3.08215790e-01   5.20672633e-01   9.99995287e-01
    0.0272613196   9.09330494e-06   9.99990907e-01   3.33561403e-04   3.08215816e-01   5.20672658e-01   9.99995265e-01
    0.0273841963   9.13429186e-06   9.99990866e-01   3.33561409e-04   3.08215842e-01   5.20672683e-01   9.99995244e-01
    0.0275076269   9.17546353e-06   9.99990825e-01   3.33561415e-04   3.08215869e-01   5.20672708e-01   9.99995223e-01
    0.0276316138   9.21682077e-06   9.99990783e-01   3.33561422e-04   3.08215895e-01   5.20672734e-01   9.99995201e-01
    0.0277561595   9.25836443e-06   9.99990742e-01   3.33561428e-04   3.08215922e-01   5.20672759e-01   9.99995179e-01
    0.0278812667   9.30009534e-06   9.99990700e-01   3.33561434e-04   3.08215948e-01   5.20672784e-01   9.99995158e-01
    0.0280069377   9.34201435e-06   9.99990658e-01   3.33561441e-04   3.08215975e-01   5.20672810e-01   9.99995136e-01
    0.0281331751   9.38412230e-06   9.99990616e-01   3.33561447e-04   3.08216002e-01   5.20672836e-01   9.99995114e-01
    0.0282599816   9.42642005e-06   9.99990574e-01   3.33561454e-04   3.08216029e-01   5.20672861e-01   9.99995092e-01
    0.0283873596   9.46890845e-06   9.99990531e-01   3.33561460e-04   3.08216056e-01   5.20672887e-01   9.99995070e-01
    0.0285153118   9.51158837e-06   9.99990489e-01   3.33561467e-04   3.08216084e-01   5.20672913e-01   9.99995048e-01
    0.0286438407   9.55446065e-06   9.99990446e-01   3.33561474e-04   3.08216111e-01   5.20672939e-01   9.99995025e-01
    0.0287729489   9.59752618e-06   9.99990403e-01   3.33561480e-04   3.08216139e-01   5.20672966e-01   9.99995003e-01
    0.0289026391   9.64078583e-06   9.99990359e-01   3.33561487e-04   3.08216166e-01   5.20672992e-01   9.99994980e-01
    0.0290329138   9.68424046e-06   9.99990316e-01   3.33561494e-04   3.08216194e-01   5.20673018e-01   9.99994958e-01
    0.0291637757   9.72789095e-06   9.99990272e-01   3.33561500e-04   3.08216222e-01   5.20673045e-01   9.99994935e-01
    0.0292952275   9.77173820e-06   9.99990228e-01   3.33561507e-04   3.08216250e-01   5.20673072e-01   9.99994912e-01
    0.0294272718   9.81578309e-06   9.99990184e-01   3.33561514e-04   3.08216278e-01   5.20673099e-01   9.99994889e-01
    0.0295599112   9.86002650e-06   9.99990140e-01   3.33561521e-04   3.08216306e-01   5.20673126e-01   9.99994866e-01
    0.0296931485   9.90446933e-06   9.99990096e-01   3.33561528e-04   3.08216335e-01   5.20673153e-01   9.99994843e-01
    0.0298269863   9.94911248e-06   9.99990051e-01   3.33561535e-04   3.08216363e-01   5.20673180e-01   9.99994820e-01
    0.0299614274   9.99395686e-06   9.99990006e-01   3.33561541e-04   3.08216392e-01   5.20673207e-01   9.99994796e-01
    0.0300964745   1.00390034e-05   9.99989961e-01   3.33561548e-04   3.08216421e-01   5.20673235e-01   9.99994773e-01
    0.0302321303   1.00842529e-05   9.99989916e-01   3.33561555e-04   3.08216450e-01   5.20673262e-01   9.99994749e-01
    0.0303683975   1.01297064e-05   9.99989870e-01   3.33561562e-04   3.08216479e-01   5.20673290e-01   9.99994726e-01
    0.0305052789   1.01753648e-05   9.99989825e-01   3.33561569e-04   3.08216508e-01   5.20673318e-01   9.99994702e-01
    0.0306427773   1.02212290e-05   9.99989779e-01   3.33561576e-04   3.08216538e-01   5.20673346e-01   9.99994678e-01
    0.0307808955   1.02672999e-05   9.99989733e-01   3.33561584e-04   3.08216567e-01   5.20673374e-01   9.99994654e-01
    0.0309196362   1.03135785e-05   9.99989687e-01   3.33561591e-04   3.08216597e-01   5.20673402e-01   9.99994630e-01
    0.0310590022   1.03600656e-05   9.99989640e-01   3.33561598e-04   3.08216626e-01   5.20673430e-01   9.99994606e-01
    0.0311989965   1.04067623e-05   9.99989593e-01   3.33561605e-04   3.08216656e-01   5.20673459e-01   9.99994582e-01
    0.0313396217   1.04536695e-05   9.99989546e-01   3.33561612e-04   3.08216686e-01   5.20673487e-01   9.99994557e-01
    0.0314808808   1.05007881e-05   9.99989499e-01   3.33561620e-04   3.08216716e-01   5.20673516e-01   9.99994533e-01
    0.0316227766   1.05481191e-05   9.99989452e-01   3.33561627e-04   3.08216747e-01   5.20673545e-01   9.99994508e-01
    0.0317653120   1.05956635e-05   9.99989404e-01   3.33561634e-04   3.08216777e-01   5.20673574e-01   9.99994483e-01
    0.0319084898   1.06434221e-05   9.99989357e-01   3.33561642e-04   3.08216808e-01   5.20673603e-01   9.99994458e-01
    0.0320523130   1.06913960e-05   9.99989309e-01   3.33561649e-04   3.08216838e-01   5.20673632e-01   9.99994433e-01
    0.0321967844   1.07395861e-05   9.99989261e-01   3.33561656e-04   3.08216869e-01   5.20673662e-01   9.99994408e-01
    0.0323419071   1.07879935e-05   9.99989212e-01   3.33561664e-04   3.08216900e-01   5.20673691e-01   9.99994383e-01
    0.0324876838   1.08366190e-05   9.99989163e-01   3.33561671e-04   3.08216931e-01   5.20673721e-01   9.99994358e-01
    0.0326341177   1.08854637e-05   9.99989115e-01   3.33561679e-04   3.08216962e-01   5.20673750e-01   9.99994332e-01
    0.0327812115   1.09345286e-05   9.99989066e-01   3.33561687e-04   3.08216994e-01   5.20673780e-01   9.99994307e-01
    0.0329289684   1.09838146e-05   9.99989016e-01   3.33561694e-04   3.08217025e-01   5.20673810e-01   9.99994281e-01
    0.0330773912   1.10333228e-05   9.99988967e-01   3.33561702e-04   3.08217057e-01   5.20673841e-01   9.99994255e-01
    0.0332264831   1.10830541e-05   9.99988917e-01   3.33561709e-04   3.08217089e-01   5.20673871e-01   9.99994229e-01
    0.0333762469   1.11330096e-05   9.99988867e-01   3.33561717e-04   3.08217121e-01   5.20673901e-01   9.99994203e-01
    0.0335266858   1.11831903e-05   9.99988817e-01   3.33561725e-04   3.08217153e-01   5.20673932e-01   9.99994177e-01
    0.0336778028   1.12335971e-05   9.99988767e-01   3.33561733e-04   3.08217185e-01   5.20673963e-01   9.99994151e-01
    0.0338296010   1.12842312e-05   9.99988716e-01   3.33561740e-04   3.08217217e-01   5.20673994e-01   9.99994125e-01
    0.0339820833   1.13350935e-05   9.99988665e-01   3.33561748e-04   3.08217250e-01   5.20674024e-01   9.99994098e-01
    0.0341352529   1.13861850e-05   9.99988614e-01   3.33561756e-04   3.08217283e-01   5.20674056e-01   9.99994072e-01
    0.0342891129   1.14375068e-05   9.99988563e-01   3.33561764e-04   3.08217315e-01   5.20674087e-01   9.99994045e-01
    0.0344436665   1.14890599e-05   9.99988511e-01   3.33561772e-04   3.08217348e-01   5.20674118e-01   9.99994018e-01
    0.0345989166   1.15408455e-05   9.99988459e-01   3.33561780e-04   3.08217382e-01   5.20674150e-01   9.99993991e-01
    0.0347548665   1.15928644e-05   9.99988407e-01   3.33561788e-04   3.08217415e-01   5.20674182e-01   9.99993964e-01
    0.0349115194   1.16451178e-05   9.99988355e-01   3.33561796e-04   3.08217448e-01   5.20674213e-01   9.99993937e-01
    0.0350688783   1.16976067e-05   9.99988303e-01   3.33561804e-04   3.08217482e-01   5.20674245e-01   9.99993909e-01
    0.0352269465   1.17503322e-05   9.99988250e-01   3.33561812e-04   3.08217516e-01   5.20674278e-01   9.99993882e-01
    0.0353857272   1.18032954e-05   9.99988197e-01   3.33561821e-04   3.08217549e-01   5.20674310e-01   9.99993854e-01
    0.0355452236   1.18564973e-05   9.99988144e-01   3.33561829e-04   3.08217583e-01   5.20674342e-01   9.99993827e-01
    0.0357054388   1.19099390e-05   9.99988090e-01   3.33561837e-04   3.08217618e-01   5.20674375e-01   9.99993799e-01
    0.0358663762   1.19636216e-05   9.99988037e-01   3.33561845e-04   3.08217652e-01   5.20674408e-01   9.99993771e-01
    0.0360280391   1.20175462e-05   9.99987983e-01   3.33561854e-04   3.08217686e-01   5.20674440e-01   9.99993743e-01
    0.0361904306   1.20717138e-05   9.99987928e-01   3.33561862e-04   3.08217721e-01   5.20674473e-01   9.99993715e-01
    0.0363535540   1.21261255e-05   9.99987874e-01   3.33561870e-04   3.08217756e-01   5.20674507e-01   9.99993686e-01
    0.0365174127   1.21807825e-05   9.99987819e-01   3.33561879e-04   3.08217791e-01   5.20674540e-01   9.99993658e-01
    0.0366820100   1.22356859e-05   9.99987764e-01   3.33561887e-04   3.08217826e-01   5.20674573e-01   9.99993629e-01
    0.0368473492   1.22908368e-05   9.99987709e-01   3.33561896e-04   3.08217861e-01   5.20674607e-01   9.99993601e-01
    0.0370134336   1.23462362e-05   9.99987654e-01   3.33561904e-04   3.08217897e-01   5.20674641e-01   9.99993572e-01
    0.0371802666   1.24018854e-05   9.99987598e-01   3.33561913e-04   3.08217932e-01   5.20674675e-01   9.99993543e-01
    0.0373478516   1.24577853e-05   9.99987542e-01   3.33561921e-04   3.08217968e-01   5.20674709e-01   9.99993514e-01
    0.0375161920   1.25139373e-05   9.99987486e-01   3.33561930e-04   3.08218004e-01   5.20674743e-01   9.99993484e-01
    0.0376852912   1.25703423e-05   9.99987430e-01   3.33561939e-04   3.08218040e-01   5.20674777e-01   9.99993455e-01
    0.0378551525   1.26270016e-05   9.99987373e-01   3.33561948e-04   3.08218076e-01   5.20674812e-01   9.99993426e-01
    0.0380257795   1.26839162e-05   9.99987316e-01   3.33561956e-04   3.08218113e-01   5.20674846e-01   9.99993396e-01
    0.0381971755   1.27410874e-05   9.99987259e-01   3.33561965e-04   3.08218149e-01   5.20674881e-01   9.99993366e-01
    0.0383693441   1.27985163e-05   9.99987202e-01   3.33561974e-04   3.08218186e-01   5.20674916e-01   9.99993336e-01
    0.0385422887   1.28562041e-05   9.99987144e-01   3.33561983e-04   3.08218223e-01   5.20674951e-01   9.99993306e-01
    0.0387160128   1.29141518e-05   9.99987086e-01   3.33561992e-04   3.08218260e-01   5.20674987e-01   9.99993276e-01
    0.0388905200   1.29723608e-05   9.99987028e-01   3.33562001e-04   3.08218297e-01   5.20675022e-01   9.99993246e-01
    0.0390658137   1.30308321e-05   9.99986969e-01   3.33562010e-04   3.08218335e-01   5.20675058e-01   9.99993215e-01
    0.0392418976   1.30895670e-05   9.99986911e-01   3.33562019e-04   3.08218372e-01   5.20675094e-01   9.99993185e-01
    0.0394187751   1.31485667e-05   9.99986852e-01   3.33562028e-04   3.08218410e-01   5.20675130e-01   9.99993154e-01
    0.0395964499   1.32078322e-05   9.99986792e-01   3.33562037e-04   3.08218448e-01   5.20675166e-01   9.99993123e-01
    0.0397749255   1.32673649e-05   9.99986733e-01   3.33562046e-04   3.08218486e-01   5.20675202e-01   9.99993092e-01
    0.0399542056   1.33271659e-05   9.99986673e-01   3.33562056e-04   3.08218524e-01   5.20675238e-01   9.99993061e-01
    0.0401342937   1.33872365e-05   9.99986613e-01   3.33562065e-04   3.08218563e-01   5.20675275e-01   9.99993030e-01
    0.0403151936   1.34475779e-05   9.99986553e-01   3.33562074e-04   3.08218601e-01   5.20675312e-01   9.99992998e-01
    0.0404969089   1.35081912e-05   9.99986492e-01   3.33562083e-04   3.08218640e-01   5.20675349e-01   9.99992967e-01
    0.0406794432   1.35690777e-05   9.99986431e-01   3.33562093e-04   3.08218679e-01   5.20675386e-01   9.99992935e-01
    0.0408628003   1.36302387e-05   9.99986370e-01   3.33562102e-04   3.08218718e-01   5.20675423e-01   9.99992903e-01
    0.0410469838   1.36916753e-05   9.99986309e-01   3.33562112e-04   3.08218757e-01   5.20675461e-01   9.99992871e-01
    0.0412319975   1.37533889e-05   9.99986247e-01   3.33562121e-04   3.08218797e-01   5.20675498e-01   9.99992839e-01
    0.0414178451   1.38153806e-05   9.99986185e-01   3.33562131e-04   3.08218836e-01   5.20675536e-01   9.99992807e-01
    0.0416045305   1.38776518e-05   9.99986123e-01   3.33562140e-04   3.08218876e-01   5.20675574e-01   9.99992774e-01
    0.0417920572   1.39402036e-05   9.99986060e-01   3.33562150e-04   3.08218916e-01   5.20675612e-01   9.99992742e-01
    0.0419804293   1.40030374e-05   9.99985997e-01   3.33562160e-04   3.08218956e-01   5.20675650e-01   9.99992709e-01
    0.0421696503   1.40661544e-05   9.99985934e-01   3.33562170e-04   3.08218997e-01   5.20675689e-01   9.99992676e-01
    0.0423597243   1.41295559e-05   9.99985871e-01   3.33562179e-04   3.08219037e-01   5.20675727e-01   9.99992643e-01
    0.0425506550   1.41932431e-05   9.99985807e-01   3.33562189e-04   3.08219078e-01   5.20675766e-01   9.99992610e-01
    0.0427424463   1.42572175e-05   9.99985743e-01   3.33562199e-04   3.08219119e-01   5.20675805e-01   9.99992577e-01
    0.0429351021   1.43214801e-05   9.99985679e-01   3.33562209e-04   3.08219160e-01   5.20675844e-01   9.99992543e-01
    0.0431286262   1.43860325e-05   9.99985614e-01   3.33562219e-04   3.08219201e-01   5.20675884e-01   9.99992510e-01
    0.0433230227   1.44508758e-05   9.99985549e-01   3.33562229e-04   3.08219243e-01   5.20675923e-01   9.99992476e-01
    0.0435182953   1.45160114e-05   9.99985484e-01   3.33562239e-04   3.08219284e-01   5.20675963e-01   9.99992442e-01
    0.0437144481   1.45814405e-05   9.99985419e-01   3.33562249e-04   3.08219326e-01   5.20676003e-01   9.99992408e-01
    0.0439114851   1.46471646e-05   9.99985353e-01   3.33562259e-04   3.08219368e-01   5.20676043e-01   9.99992374e-01
    0.0441094101   1.47131850e-05   9.99985287e-01   3.33562269e-04   3.08219411e-01   5.20676083e-01   9.99992339e-01
    0.0443082273   1.47795029e-05   9.99985221e-01   3.33562280e-04   3.08219453e-01   5.20676124e-01   9.99992305e-01
    0.0445079406   1.48461197e-05   9.99985154e-01   3.33562290e-04   3.08219496e-01   5.20676164e-01   9.99992270e-01
    0.0447085541   1.49130368e-05   9.99985087e-01   3.33562300e-04   3.08219538e-01   5.20676205e-01   9.99992235e-01
    0.0449100719   1.49802555e-05   9.99985020e-01   3.33562311e-04   3.08219581e-01   5.20676246e-01   9.99992200e-01
    0.0451124979   1.50477772e-05   9.99984952e-01   3.33562321e-04   3.08219625e-01   5.20676287e-01   9.99992165e-01
    0.0453158364   1.51156033e-05   9.99984885e-01   3.33562331e-04   3.08219668e-01   5.20676328e-01   9.99992130e-01
    0.0455200914   1.51837350e-05   9.99984816e-01   3.33562342e-04   3.08219712e-01   5.20676370e-01   9.99992094e-01
    0.0457252670   1.52521739e-05   9.99984748e-01   3.33562352e-04   3.08219755e-01   5.20676412e-01   9.99992059e-01
    0.0459313674   1.53209212e-05   9.99984679e-01   3.33562363e-04   3.08219799e-01   5.20676453e-01   9.99992023e-01
    0.0461383968   1.53899785e-05   9.99984610e-01   3.33562374e-04   3.08219843e-01   5.20676496e-01   9.99991987e-01
    0.0463463594   1.54593470e-05   9.99984541e-01   3.33562384e-04   3.08219888e-01   5.20676538e-01   9.99991951e-01
    0.0465552593   1.55290281e-05   9.99984471e-01   3.33562395e-04   3.08219932e-01   5.20676580e-01   9.99991915e-01
    0.0467651008   1.55990234e-05   9.99984401e-01   3.33562406e-04   3.08219977e-01   5.20676623e-01   9.99991878e-01
    0.0469758882   1.56693341e-05   9.99984331e-01   3.33562417e-04   3.08220022e-01   5.20676666e-01   9.99991842e-01
    0.0471876256   1.57399617e-05   9.99984260e-01   3.33562428e-04   3.08220067e-01   5.20676709e-01   9.99991805e-01
    0.0474003174   1.58109077e-05   9.99984189e-01   3.33562439e-04   3.08220113e-01   5.20676752e-01   9.99991768e-01
    0.0476139679   1.58821735e-05   9.99984118e-01   3.33562450e-04   3.08220158e-01   5.20676795e-01   9.99991731e-01
    0.0478285814   1.59537605e-05   9.99984046e-01   3.33562461e-04   3.08220204e-01   5.20676839e-01   9.99991693e-01
    0.0480441623   1.60256702e-05   9.99983975e-01   3.33562472e-04   3.08220250e-01   5.20676883e-01   9.99991656e-01
    0.0482607148   1.60979040e-05   9.99983902e-01   3.33562483e-04   3.08220296e-01   5.20676927e-01   9.99991618e-01
    0.0484782434   1.61704634e-05   9.99983830e-01   3.33562494e-04   3.08220343e-01   5.20676971e-01   9.99991581e-01
    0.0486967525   1.62433498e-05   9.99983757e-01   3.33562505e-04   3.08220389e-01   5.20677016e-01   9.99991543e-01
    0.0489162465   1.63165648e-05   9.99983684e-01   3.33562517e-04   3.08220436e-01   5.20677060e-01   9.99991505e-01
    0.0491367299   1.63901098e-05   9.99983610e-01   3.33562528e-04   3.08220483e-01   5.20677105e-01   9.99991466e-01
    0.0493582070   1.64639863e-05   9.99983536e-01   3.33562539e-04   3.08220530e-01   5.20677150e-01   9.99991428e-01
    0.0495806824   1.65381957e-05   9.99983462e-01   3.33562551e-04   3.08220578e-01   5.20677195e-01   9.99991389e-01
    0.0498041606   1.66127397e-05   9.99983388e-01   3.33562562e-04   3.08220626e-01   5.20677241e-01   9.99991350e-01
    0.0500286461   1.66876196e-05   9.99983313e-01   3.33562574e-04   3.08220673e-01   5.20677286e-01   9.99991311e-01
    0.0502541434   1.67628371e-05   9.99983237e-01   3.33562585e-04   3.08220722e-01   5.20677332e-01   9.99991272e-01
    0.0504806572   1.68383936e-05   9.99983162e-01   3.33562597e-04   3.08220770e-01   5.20677378e-01   9.99991233e-01
    0.0507081919   1.69142907e-05   9.99983086e-01   3.33562609e-04   3.08220818e-01   5.20677424e-01   9.99991193e-01
    0.0509367522   1.69905299e-05   9.99983010e-01   3.33562621e-04   3.08220867e-01   5.20677471e-01   9.99991154e-01
    0.0511663427   1.70671127e-05   9.99982933e-01   3.33562632e-04   3.08220916e-01   5.20677518e-01   9.99991114e-01
    0.0513969680   1.71440407e-05   9.99982856e-01   3.33562644e-04   3.08220965e-01   5.20677564e-01   9.99991074e-01
    0.0516286329   1.72213154e-05   9.99982779e-01   3.33562656e-04   3.08221015e-01   5.20677612e-01   9.99991033e-01
    0.0518613419   1.72989385e-05   9.99982701e-01   3.33562668e-04   3.08221064e-01   5.20677659e-01   9.99990993e-01
    0.0520950999   1.73769114e-05   9.99982623e-01   3.33562680e-04   3.08221114e-01   5.20677706e-01   9.99990952e-01
    0.0523299115   1.74552358e-05   9.99982545e-01   3.33562692e-04   3.08221164e-01   5.20677754e-01   9.99990912e-01
    0.0525657814   1.75339132e-05   9.99982466e-01   3.33562704e-04   3.08221215e-01   5.20677802e-01   9.99990871e-01
    0.0528027146   1.76129453e-05   9.99982387e-01   3.33562717e-04   3.08221265e-01   5.20677850e-01   9.99990830e-01
    0.0530407156   1.76923335e-05   9.99982308e-01   3.33562729e-04   3.08221316e-01   5.20677899e-01   9.99990788e-01
    0.0532797895   1.77720797e-05   9.99982228e-01   3.33562741e-04   3.08221367e-01   5.20677947e-01   9.99990747e-01
    0.0535199409   1.78521852e-05   9.99982148e-01   3.33562753e-04   3.08221418e-01   5.20677996e-01   9.99990705e-01
    0.0537611747   1.79326519e-05   9.99982068e-01   3.33562766e-04   3.08221470e-01   5.20678045e-01   9.99990663e-01
    0.0540034959   1.80134812e-05   9.99981987e-01   3.33562778e-04   3.08221521e-01   5.20678094e-01   9.99990621e-01
    0.0542469094   1.80946749e-05   9.99981906e-01   3.33562791e-04   3.08221573e-01   5.20678144e-01   9.99990579e-01
    0.0544914200   1.81762345e-05   9.99981824e-01   3.33562803e-04   3.08221626e-01   5.20678193e-01   9.99990536e-01
    0.0547370326   1.82581618e-05   9.99981742e-01   3.33562816e-04   3.08221678e-01   5.20678243e-01   9.99990494e-01
    0.0549837524   1.83404583e-05   9.99981660e-01   3.33562829e-04   3.08221731e-01   5.20678294e-01   9.99990451e-01
    0.0552315842   1.84231258e-05   9.99981577e-01   3.33562842e-04   3.08221783e-01   5.20678344e-01   9.99990408e-01
    0.0554805330   1.85061659e-05   9.99981494e-01   3.33562854e-04   3.08221837e-01   5.20678395e-01   9.99990364e-01
    0.0557306040   1.85895802e-05   9.99981411e-01   3.33562867e-04   3.08221890e-01   5.20678445e-01   9.99990321e-01
    0.0559818021   1.86733706e-05   9.99981327e-01   3.33562880e-04   3.08221944e-01   5.20678496e-01   9.99990277e-01
    0.0562341325   1.87575387e-05   9.99981243e-01   3.33562893e-04   3.08221997e-01   5.20678548e-01   9.99990234e-01
    0.0564876002   1.88420861e-05   9.99981158e-01   3.33562906e-04   3.08222051e-01   5.20678599e-01   9.99990190e-01
    0.0567422104   1.89270146e-05   9.99981073e-01   3.33562919e-04   3.08222106e-01   5.20678651e-01   9.99990145e-01
    0.0569979682   1.90123259e-05   9.99980988e-01   3.33562932e-04   3.08222160e-01   5.20678703e-01   9.99990101e-01
    0.0572548788   1.90980218e-05   9.99980902e-01   3.33562946e-04   3.08222215e-01   5.20678755e-01   9.99990056e-01
    0.0575129474   1.91841039e-05   9.99980816e-01   3.33562959e-04   3.08222270e-01   5.20678808e-01   9.99990012e-01
    0.0577721792   1.92705740e-05   9.99980730e-01   3.33562972e-04   3.08222326e-01   5.20678860e-01   9.99989966e-01
    0.0580325795   1.93574339e-05   9.99980643e-01   3.33562986e-04   3.08222381e-01   5.20678913e-01   9.99989921e-01
    0.0582941535   1.94446853e-05   9.99980556e-01   3.33562999e-04   3.08222437e-01   5.20678966e-01   9.99989876e-01
    0.0585569065   1.95323300e-05   9.99980468e-01   3.33563013e-04   3.08222493e-01   5.20679020e-01   9.99989830e-01
    0.0588208438   1.96203697e-05   9.99980380e-01   3.33563026e-04   3.08222549e-01   5.20679073e-01   9.99989784e-01
    0.0590859707   1.97088063e-05   9.99980292e-01   3.33563040e-04   3.08222606e-01   5.20679127e-01   9.99989738e-01
    0.0593522927   1.97976415e-05   9.99980203e-01   3.33563054e-04   3.08222663e-01   5.20679182e-01   9.99989692e-01
    0.0596198151   1.98868771e-05   9.99980114e-01   3.33563067e-04   3.08222720e-01   5.20679236e-01   9.99989646e-01
    0.0598885433   1.99765149e-05   9.99980024e-01   3.33563081e-04   3.08222777e-01   5.20679291e-01   9.99989599e-01
    0.0601584828   2.00665567e-05   9.99979934e-01   3.33563095e-04   3.08222835e-01   5.20679345e-01   9.99989552e-01
    0.0604296390   2.01570044e-05   9.99979843e-01   3.33563109e-04   3.08222892e-01   5.20679401e-01   9.99989505e-01
    0.0607020174   2.02478598e-05   9.99979753e-01   3.33563123e-04   3.08222951e-01   5.20679456e-01   9.99989458e-01
    0.0609756235   2.03391247e-05   9.99979661e-01   3.33563137e-04   3.08223009e-01   5.20679511e-01   9.99989410e-01
    0.0612504629   2.04308010e-05   9.99979570e-01   3.33563151e-04   3.08223068e-01   5.20679567e-01   9.99989362e-01
    0.0615265410   2.05228905e-05   9.99979478e-01   3.33563165e-04   3.08223126e-01   5.20679623e-01   9.99989314e-01
    0.0618038635   2.06153951e-05   9.99979385e-01   3.33563180e-04   3.08223186e-01   5.20679680e-01   9.99989266e-01
    0.0620824361   2.07083166e-05   9.99979292e-01   3.33563194e-04   3.08223245e-01   5.20679736e-01   9.99989218e-01
    0.0623622642   2.08016570e-05   9.99979199e-01   3.33563208e-04   3.08223305e-01   5.20679793e-01   9.99989169e-01
    0.0626433537   2.08954181e-05   9.99979105e-01   3.33563223e-04   3.08223365e-01   5.20679850e-01   9.99989120e-01
    0.0629257101   2.09896018e-05   9.99979011e-01   3.33563237e-04   3.08223425e-01   5.20679908e-01   9.99989071e-01
    0.0632093392   2.10842100e-05   9.99978916e-01   3.33563252e-04   3.08223486e-01   5.20679966e-01   9.99989022e-01
    0.0634942467   2.11792447e-05   9.99978821e-01   3.33563267e-04   3.08223546e-01   5.20680023e-01   9.99988973e-01
    0.0637804384   2.12747078e-05   9.99978726e-01   3.33563281e-04   3.08223607e-01   5.20680082e-01   9.99988923e-01
    0.0640679201   2.13706011e-05   9.99978630e-01   3.33563296e-04   3.08223669e-01   5.20680140e-01   9.99988873e-01
    0.0643566975   2.14669267e-05   9.99978534e-01   3.33563311e-04   3.08223730e-01   5.20680199e-01   9.99988823e-01
    0.0646467766   2.15636864e-05   9.99978437e-01   3.33563326e-04   3.08223792e-01   5.20680258e-01   9.99988773e-01
    0.0649381632   2.16608823e-05   9.99978340e-01   3.33563341e-04   3.08223854e-01   5.20680317e-01   9.99988722e-01
    0.0652308631   2.17585162e-05   9.99978242e-01   3.33563356e-04   3.08223917e-01   5.20680376e-01   9.99988671e-01
    0.0655248824   2.18565903e-05   9.99978144e-01   3.33563371e-04   3.08223980e-01   5.20680436e-01   9.99988620e-01
    0.0658202269   2.19551064e-05   9.99978045e-01   3.33563386e-04   3.08224043e-01   5.20680496e-01   9.99988569e-01
    0.0661169026   2.20540666e-05   9.99977946e-01   3.33563402e-04   3.08224106e-01   5.20680557e-01   9.99988517e-01
    0.0664149156   2.21534728e-05   9.99977847e-01   3.33563417e-04   3.08224169e-01   5.20680617e-01   9.99988465e-01
    0.0667142718   2.22533271e-05   9.99977747e-01   3.33563432e-04   3.08224233e-01   5.20680678e-01   9.99988413e-01
    0.0670149773   2.23536315e-05   9.99977647e-01   3.33563448e-04   3.08224297e-01   5.20680739e-01   9.99988361e-01
    0.0673170382   2.24543879e-05   9.99977546e-01   3.33563463e-04   3.08224362e-01   5.20680801e-01   9.99988309e-01
    0.0676204607   2.25555986e-05   9.99977445e-01   3.33563479e-04   3.08224427e-01   5.20680862e-01   9.99988256e-01
    0.0679252507   2.26572654e-05   9.99977343e-01   3.33563495e-04   3.08224492e-01   5.20680924e-01   9.99988203e-01
    0.0682314145   2.27593905e-05   9.99977241e-01   3.33563510e-04   3.08224557e-01   5.20680986e-01   9.99988150e-01
    0.0685389584   2.28619759e-05   9.99977139e-01   3.33563526e-04   3.08224623e-01   5.20681049e-01   9.99988097e-01
    0.0688478884   2.29650237e-05   9.99977036e-01   3.33563542e-04   3.08224688e-01   5.20681112e-01   9.99988043e-01
    0.0691582109   2.30685360e-05   9.99976932e-01   3.33563558e-04   3.08224755e-01   5.20681175e-01   9.99987989e-01
    0.0694699322   2.31725148e-05   9.99976828e-01   3.33563574e-04   3.08224821e-01   5.20681238e-01   9.99987935e-01
    0.0697830585   2.32769624e-05   9.99976724e-01   3.33563590e-04   3.08224888e-01   5.20681302e-01   9.99987881e-01
    0.0700975961   2.33818807e-05   9.99976619e-01   3.33563606e-04   3.08224955e-01   5.20681366e-01   9.99987826e-01
    0.0704135515   2.34872719e-05   9.99976513e-01   3.33563623e-04   3.08225023e-01   5.20681430e-01   9.99987771e-01
    0.0707309311   2.35931382e-05   9.99976407e-01   3.33563639e-04   3.08225090e-01   5.20681494e-01   9.99987716e-01
    0.0710497411   2.36994816e-05   9.99976301e-01   3.33563655e-04   3.08225158e-01   5.20681559e-01   9.99987661e-01
    0.0713699882   2.38063044e-05   9.99976194e-01   3.33563672e-04   3.08225227e-01   5.20681624e-01   9.99987605e-01
    0.0716916787   2.39136087e-05   9.99976087e-01   3.33563688e-04   3.08225295e-01   5.20681690e-01   9.99987549e-01
    0.0720148193   2.40213966e-05   9.99975979e-01   3.33563705e-04   3.08225364e-01   5.20681755e-01   9.99987493e-01
    0.0723394163   2.41296704e-05   9.99975871e-01   3.33563722e-04   3.08225433e-01   5.20681821e-01   9.99987437e-01
    0.0726654764   2.42384322e-05   9.99975762e-01   3.33563739e-04   3.08225503e-01   5.20681888e-01   9.99987380e-01
    0.0729930061   2.43476843e-05   9.99975653e-01   3.33563755e-04   3.08225573e-01   5.20681954e-01   9.99987323e-01
    0.0733220122   2.44574288e-05   9.99975543e-01   3.33563772e-04   3.08225643e-01   5.20682021e-01   9.99987266e-01
    0.0736525012   2.45676680e-05   9.99975433e-01   3.33563789e-04   3.08225714e-01   5.20682088e-01   9.99987208e-01
    0.0739844799   2.46784040e-05   9.99975322e-01   3.33563806e-04   3.08225784e-01   5.20682156e-01   9.99987151e-01
    0.0743179549   2.47896392e-05   9.99975211e-01   3.33563824e-04   3.08225856e-01   5.20682224e-01   9.99987093e-01
    0.0746529330   2.49013758e-05   9.99975099e-01   3.33563841e-04   3.08225927e-01   5.20682292e-01   9.99987035e-01
    0.0749894209   2.50136160e-05   9.99974987e-01   3.33563858e-04   3.08225999e-01   5.20682360e-01   9.99986976e-01
    0.0753274256   2.51263621e-05   9.99974874e-01   3.33563875e-04   3.08226071e-01   5.20682429e-01   9.99986918e-01
    0.0756669537   2.52396165e-05   9.99974761e-01   3.33563893e-04   3.08226143e-01   5.20682498e-01   9.99986859e-01
    0.0760080122   2.53533813e-05   9.99974647e-01   3.33563910e-04   3.08226216e-01   5.20682567e-01   9.99986799e-01
    0.0763506080   2.54676589e-05   9.99974533e-01   3.33563928e-04   3.08226289e-01   5.20682637e-01   9.99986740e-01
    0.0766947480   2.55824516e-05   9.99974418e-01   3.33563946e-04   3.08226363e-01   5.20682707e-01   9.99986680e-01
    0.0770404392   2.56977617e-05   9.99974303e-01   3.33563964e-04   3.08226436e-01   5.20682777e-01   9.99986620e-01
    0.0773876885   2.58135915e-05   9.99974187e-01   3.33563981e-04   3.08226510e-01   5.20682848e-01   9.99986560e-01
    0.0777365030   2.59299435e-05   9.99974071e-01   3.33563999e-04   3.08226585e-01   5.20682918e-01   9.99986499e-01
    0.0780868898   2.60468199e-05   9.99973954e-01   3.33564017e-04   3.08226660e-01   5.20682990e-01   9.99986438e-01
    0.0784388558   2.61642231e-05   9.99973836e-01   3.33564036e-04   3.08226735e-01   5.20683061e-01   9.99986377e-01
    0.0787924083   2.62821555e-05   9.99973719e-01   3.33564054e-04   3.08226810e-01   5.20683133e-01   9.99986316e-01
    0.0791475544   2.64006195e-05   9.99973600e-01   3.33564072e-04   3.08226886e-01   5.20683205e-01   9.99986254e-01
    0.0795043013   2.65196174e-05   9.99973481e-01   3.33564090e-04   3.08226962e-01   5.20683278e-01   9.99986192e-01
    0.0798626561   2.66391517e-05   9.99973362e-01   3.33564109e-04   3.08227038e-01   5.20683351e-01   9.99986130e-01
    0.0802226262   2.67592248e-05   9.99973241e-01   3.33564127e-04   3.08227115e-01   5.20683424e-01   9.99986067e-01
    0.0805842188   2.68798392e-05   9.99973121e-01   3.33564146e-04   3.08227192e-01   5.20683497e-01   9.99986005e-01
    0.0809474412   2.70009972e-05   9.99973000e-01   3.33564165e-04   3.08227270e-01   5.20683571e-01   9.99985942e-01
    0.0813123008   2.71227012e-05   9.99972878e-01   3.33564183e-04   3.08227348e-01   5.20683645e-01   9.99985878e-01
    0.0816788050   2.72449539e-05   9.99972756e-01   3.33564202e-04   3.08227426e-01   5.20683720e-01   9.99985815e-01
    0.0820469611   2.73677576e-05   9.99972633e-01   3.33564221e-04   3.08227504e-01   5.20683795e-01   9.99985751e-01
    0.0824167766   2.74911149e-05   9.99972510e-01   3.33564240e-04   3.08227583e-01   5.20683870e-01   9.99985686e-01
    0.0827882591   2.76150281e-05   9.99972386e-01   3.33564259e-04   3.08227663e-01   5.20683945e-01   9.99985622e-01
    0.0831614159   2.77394999e-05   9.99972261e-01   3.33564279e-04   3.08227742e-01   5.20684021e-01   9.99985557e-01
    0.0835362547   2.78645327e-05   9.99972136e-01   3.33564298e-04   3.08227822e-01   5.20684097e-01   9.99985492e-01
    0.0839127830   2.79901292e-05   9.99972011e-01   3.33564317e-04   3.08227903e-01   5.20684174e-01   9.99985427e-01
    0.0842910085   2.81162917e-05   9.99971884e-01   3.33564337e-04   3.08227983e-01   5.20684251e-01   9.99985361e-01
    0.0846709388   2.82430229e-05   9.99971758e-01   3.33564356e-04   3.08228064e-01   5.20684328e-01   9.99985295e-01
    0.0850525815   2.83703253e-05   9.99971630e-01   3.33564376e-04   3.08228146e-01   5.20684406e-01   9.99985229e-01
    0.0854359445   2.84982015e-05   9.99971503e-01   3.33564396e-04   3.08228228e-01   5.20684484e-01   9.99985162e-01
    0.0858210354   2.86266542e-05   9.99971374e-01   3.33564415e-04   3.08228310e-01   5.20684562e-01   9.99985095e-01
    0.0862078621   2.87556858e-05   9.99971245e-01   3.33564435e-04   3.08228392e-01   5.20684640e-01   9.99985028e-01
    0.0865964323   2.88852990e-05   9.99971116e-01   3.33564455e-04   3.08228475e-01   5.20684719e-01   9.99984960e-01
    0.0869867540   2.90154964e-05   9.99970985e-01   3.33564475e-04   3.08228558e-01   5.20684799e-01   9.99984893e-01
    0.0873788350   2.91462807e-05   9.99970855e-01   3.33564496e-04   3.08228642e-01   5.20684878e-01   9.99984825e-01
    0.0877726832   2.92776545e-05   9.99970723e-01   3.33564516e-04   3.08228726e-01   5.20684959e-01   9.99984756e-01
    0.0881683067   2.94096205e-05   9.99970591e-01   3.33564536e-04   3.08228810e-01   5.20685039e-01   9.99984687e-01
    0.0885657134   2.95421812e-05   9.99970459e-01   3.33564557e-04   3.08228895e-01   5.20685120e-01   9.99984618e-01
    0.0889649113   2.96753395e-05   9.99970326e-01   3.33564577e-04   3.08228980e-01   5.20685201e-01   9.99984549e-01
    0.0893659085   2.98090980e-05   9.99970192e-01   3.33564598e-04   3.08229066e-01   5.20685282e-01   9.99984479e-01
    0.0897687132   2.99434594e-05   9.99970057e-01   3.33564618e-04   3.08229152e-01   5.20685364e-01   9.99984410e-01
    0.0901733335   3.00784264e-05   9.99969922e-01   3.33564639e-04   3.08229238e-01   5.20685447e-01   9.99984339e-01
    0.0905797776   3.02140018e-05   9.99969787e-01   3.33564660e-04   3.08229325e-01   5.20685529e-01   9.99984269e-01
    0.0909880536   3.03501883e-05   9.99969651e-01   3.33564681e-04   3.08229412e-01   5.20685612e-01   9.99984198e-01
    0.0913981699   3.04869886e-05   9.99969514e-01   3.33564702e-04   3.08229500e-01   5.20685695e-01   9.99984127e-01
    0.0918101348   3.06244055e-05   9.99969377e-01   3.33564723e-04   3.08229587e-01   5.20685779e-01   9.99984055e-01
    0.0922239565   3.07624418e-05   9.99969239e-01   3.33564745e-04   3.08229676e-01   5.20685863e-01   9.99983983e-01
    0.0926396435   3.09011004e-05   9.99969100e-01   3.33564766e-04   3.08229764e-01   5.20685948e-01   9.99983911e-01
    0.0930572041   3.10403839e-05   9.99968961e-01   3.33564788e-04   3.08229854e-01   5.20686033e-01   9.99983838e-01
    0.0934766468   3.11802952e-05   9.99968821e-01   3.33564809e-04   3.08229943e-01   5.20686118e-01   9.99983766e-01
    0.0938979801   3.13208372e-05   9.99968680e-01   3.33564831e-04   3.08230033e-01   5.20686204e-01   9.99983692e-01
    0.0943212125   3.14620126e-05   9.99968539e-01   3.33564853e-04   3.08230123e-01   5.20686290e-01   9.99983619e-01
    0.0947463526   3.16038244e-05   9.99968397e-01   3.33564875e-04   3.08230214e-01   5.20686376e-01   9.99983545e-01
    0.0951734089   3.17462754e-05   9.99968255e-01   3.33564897e-04   3.08230305e-01   5.20686463e-01   9.99983471e-01
    0.0956023901   3.18893685e-05   9.99968112e-01   3.33564919e-04   3.08230397e-01   5.20686550e-01   9.99983396e-01
    0.0960333049   3.20331066e-05   9.99967968e-01   3.33564941e-04   3.08230488e-01   5.20686638e-01   9.99983322e-01
    0.0964661620   3.21774925e-05   9.99967824e-01   3.33564963e-04   3.08230581e-01   5.20686726e-01   9.99983246e-01
    0.0969009701   3.23225293e-05   9.99967679e-01   3.33564985e-04   3.08230674e-01   5.20686814e-01   9.99983171e-01
    0.0973377381   3.24682198e-05   9.99967533e-01   3.33565008e-04   3.08230767e-01   5.20686903e-01   9.99983095e-01
    0.0977764747   3.26145670e-05   9.99967386e-01   3.33565030e-04   3.08230860e-01   5.20686992e-01   9.99983019e-01
    0.0982171889   3.27615738e-05   9.99967239e-01   3.33565053e-04   3.08230954e-01   5.20687082e-01   9.99982942e-01
    0.0986598896   3.29092433e-05   9.99967092e-01   3.33565076e-04   3.08231049e-01   5.20687172e-01   9.99982865e-01
    0.0991045856   3.30575784e-05   9.99966944e-01   3.33565099e-04   3.08231144e-01   5.20687262e-01   9.99982788e-01
    0.0995512861   3.32065821e-05   9.99966795e-01   3.33565122e-04   3.08231239e-01   5.20687353e-01   9.99982711e-01
    0.1000000000   3.33562574e-05   9.99966645e-01   3.33565145e-04   3.08231335e-01   5.20687444e-01   9.99982633e-01
    0.1004507364   3.35066073e-05   9.99966495e-01   3.33565168e-04   3.08231431e-01   5.20687536e-01   9.99982554e-01
    0.1009035045   3.36576350e-05   9.99966343e-01   3.33565191e-04   3.08231528e-01   5.20687628e-01   9.99982476e-01
    0.1013583133   3.38093434e-05   9.99966192e-01   3.33565215e-04   3.08231625e-01   5.20687720e-01   9.99982397e-01
    0.1018151722   3.39617356e-05   9.99966039e-01   3.33565238e-04   3.08231722e-01   5.20687813e-01   9.99982317e-01
    0.1022740902   3.41148148e-05   9.99965886e-01   3.33565262e-04   3.08231820e-01   5.20687906e-01   9.99982238e-01
    0.1027350768   3.42685839e-05   9.99965733e-01   3.33565286e-04   3.08231918e-01   5.20688000e-01   9.99982158e-01
    0.1031981412   3.44230461e-05   9.99965578e-01   3.33565309e-04   3.08232017e-01   5.20688094e-01   9.99982077e-01
    0.1036632928   3.45782045e-05   9.99965423e-01   3.33565333e-04   3.08232116e-01   5.20688189e-01   9.99981996e-01
    0.1041305411   3.47340624e-05   9.99965267e-01   3.33565357e-04   3.08232216e-01   5.20688284e-01   9.99981915e-01
    0.1045998953   3.48906227e-05   9.99965111e-01   3.33565382e-04   3.08232316e-01   5.20688379e-01   9.99981834e-01
    0.1050713652   3.50478887e-05   9.99964953e-01   3.33565406e-04   3.08232417e-01   5.20688475e-01   9.99981752e-01
    0.1055449601   3.52058636e-05   9.99964795e-01   3.33565430e-04   3.08232518e-01   5.20688571e-01   9.99981670e-01
    0.1060206897   3.53645505e-05   9.99964637e-01   3.33565455e-04   3.08232619e-01   5.20688668e-01   9.99981587e-01
    0.1064985635   3.55239528e-05   9.99964477e-01   3.33565479e-04   3.08232721e-01   5.20688765e-01   9.99981504e-01
    0.1069785914   3.56840735e-05   9.99964317e-01   3.33565504e-04   3.08232824e-01   5.20688863e-01   9.99981421e-01
    0.1074607828   3.58449159e-05   9.99964156e-01   3.33565529e-04   3.08232927e-01   5.20688961e-01   9.99981337e-01
    0.1079451477   3.60064834e-05   9.99963995e-01   3.33565554e-04   3.08233030e-01   5.20689059e-01   9.99981253e-01
    0.1084316958   3.61687791e-05   9.99963833e-01   3.33565579e-04   3.08233134e-01   5.20689158e-01   9.99981168e-01
    0.1089204370   3.63318063e-05   9.99963670e-01   3.33565604e-04   3.08233238e-01   5.20689257e-01   9.99981083e-01
    0.1094113811   3.64955684e-05   9.99963506e-01   3.33565629e-04   3.08233343e-01   5.20689357e-01   9.99980998e-01
    0.1099045380   3.66600686e-05   9.99963341e-01   3.33565654e-04   3.08233448e-01   5.20689457e-01   9.99980912e-01
    0.1103999178   3.68253103e-05   9.99963176e-01   3.33565680e-04   3.08233554e-01   5.20689558e-01   9.99980826e-01
    0.1108975304   3.69912968e-05   9.99963010e-01   3.33565706e-04   3.08233660e-01   5.20689659e-01   9.99980740e-01
    0.1113973860   3.71580314e-05   9.99962843e-01   3.33565731e-04   3.08233766e-01   5.20689761e-01   9.99980653e-01
    0.1118994946   3.73255177e-05   9.99962676e-01   3.33565757e-04   3.08233874e-01   5.20689863e-01   9.99980566e-01
    0.1124038664   3.74937588e-05   9.99962508e-01   3.33565783e-04   3.08233981e-01   5.20689965e-01   9.99980478e-01
    0.1129105115   3.76627583e-05   9.99962339e-01   3.33565809e-04   3.08234089e-01   5.20690068e-01   9.99980390e-01
    0.1134194404   3.78325196e-05   9.99962169e-01   3.33565835e-04   3.08234198e-01   5.20690172e-01   9.99980302e-01
    0.1139306631   3.80030460e-05   9.99961998e-01   3.33565862e-04   3.08234307e-01   5.20690276e-01   9.99980213e-01
    0.1144441901   3.81743411e-05   9.99961827e-01   3.33565888e-04   3.08234416e-01   5.20690380e-01   9.99980124e-01
    0.1149600317   3.83464083e-05   9.99961655e-01   3.33565915e-04   3.08234526e-01   5.20690485e-01   9.99980034e-01
    0.1154781985   3.85192511e-05   9.99961482e-01   3.33565941e-04   3.08234637e-01   5.20690590e-01   9.99979944e-01
    0.1159987008   3.86928729e-05   9.99961309e-01   3.33565968e-04   3.08234748e-01   5.20690696e-01   9.99979854e-01
    0.1165215492   3.88672774e-05   9.99961134e-01   3.33565995e-04   3.08234860e-01   5.20690802e-01   9.99979763e-01
    0.1170467542   3.90424679e-05   9.99960959e-01   3.33566022e-04   3.08234972e-01   5.20690909e-01   9.99979672e-01
    0.1175743266   3.92184481e-05   9.99960783e-01   3.33566049e-04   3.08235084e-01   5.20691016e-01   9.99979580e-01
    0.1181042769   3.93952216e-05   9.99960606e-01   3.33566076e-04   3.08235197e-01   5.20691124e-01   9.99979488e-01
    0.1186366159   3.95727918e-05   9.99960429e-01   3.33566104e-04   3.08235311e-01   5.20691232e-01   9.99979396e-01
    0.1191713543   3.97511624e-05   9.99960250e-01   3.33566131e-04   3.08235425e-01   5.20691341e-01   9.99979303e-01
    0.1197085030   3.99303371e-05   9.99960071e-01   3.33566159e-04   3.08235540e-01   5.20691450e-01   9.99979210e-01
    0.1202480729   4.01103193e-05   9.99959891e-01   3.33566187e-04   3.08235655e-01   5.20691560e-01   9.99979116e-01
    0.1207900747   4.02911128e-05   9.99959711e-01   3.33566215e-04   3.08235770e-01   5.20691670e-01   9.99979022e-01
    0.1213345196   4.04727212e-05   9.99959529e-01   3.33566243e-04   3.08235886e-01   5.20691781e-01   9.99978927e-01
    0.1218814185   4.06551483e-05   9.99959347e-01   3.33566271e-04   3.08236003e-01   5.20691892e-01   9.99978832e-01
    0.1224307824   4.08383975e-05   9.99959163e-01   3.33566299e-04   3.08236120e-01   5.20692003e-01   9.99978737e-01
    0.1229826226   4.10224728e-05   9.99958979e-01   3.33566327e-04   3.08236238e-01   5.20692116e-01   9.99978641e-01
    0.1235369500   4.12073778e-05   9.99958794e-01   3.33566356e-04   3.08236356e-01   5.20692228e-01   9.99978545e-01
    0.1240937761   4.13931163e-05   9.99958609e-01   3.33566385e-04   3.08236475e-01   5.20692341e-01   9.99978448e-01
    0.1246531119   4.15796919e-05   9.99958422e-01   3.33566413e-04   3.08236595e-01   5.20692455e-01   9.99978351e-01
    0.1252149689   4.17671085e-05   9.99958235e-01   3.33566442e-04   3.08236714e-01   5.20692569e-01   9.99978253e-01
    0.1257793584   4.19553699e-05   9.99958046e-01   3.33566471e-04   3.08236835e-01   5.20692684e-01   9.99978155e-01
    0.1263462918   4.21444799e-05   9.99957857e-01   3.33566500e-04   3.08236956e-01   5.20692799e-01   9.99978057e-01
    0.1269157805   4.23344423e-05   9.99957667e-01   3.33566530e-04   3.08237077e-01   5.20692915e-01   9.99977958e-01
    0.1274878362   4.25252609e-05   9.99957477e-01   3.33566559e-04   3.08237199e-01   5.20693031e-01   9.99977859e-01
    0.1280624703   4.27169396e-05   9.99957285e-01   3.33566589e-04   3.08237322e-01   5.20693148e-01   9.99977759e-01
    0.1286396945   4.29094824e-05   9.99957092e-01   3.33566618e-04   3.08237445e-01   5.20693266e-01   9.99977659e-01
    0.1292195205   4.31028930e-05   9.99956899e-01   3.33566648e-04   3.08237569e-01   5.20693383e-01   9.99977558e-01
    0.1298019599   4.32971753e-05   9.99956705e-01   3.33566678e-04   3.08237693e-01   5.20693502e-01   9.99977457e-01
    0.1303870246   4.34923334e-05   9.99956510e-01   3.33566708e-04   3.08237818e-01   5.20693621e-01   9.99977355e-01
    0.1309747264   4.36883712e-05   9.99956314e-01   3.33566739e-04   3.08237943e-01   5.20693740e-01   9.99977253e-01
    0.1315650772   4.38852926e-05   9.99956117e-01   3.33566769e-04   3.08238069e-01   5.20693860e-01   9.99977151e-01
    0.1321580890   4.40831016e-05   9.99955919e-01   3.33566799e-04   3.08238196e-01   5.20693981e-01   9.99977048e-01
    0.1327537736   4.42818023e-05   9.99955720e-01   3.33566830e-04   3.08238323e-01   5.20694102e-01   9.99976944e-01
    0.1333521432   4.44813985e-05   9.99955521e-01   3.33566861e-04   3.08238450e-01   5.20694223e-01   9.99976840e-01
    0.1339532099   4.46818945e-05   9.99955320e-01   3.33566892e-04   3.08238579e-01   5.20694346e-01   9.99976736e-01
    0.1345569858   4.48832941e-05   9.99955119e-01   3.33566923e-04   3.08238708e-01   5.20694468e-01   9.99976631e-01
    0.1351634832   4.50856016e-05   9.99954916e-01   3.33566954e-04   3.08238837e-01   5.20694592e-01   9.99976526e-01
    0.1357727142   4.52888209e-05   9.99954713e-01   3.33566985e-04   3.08238967e-01   5.20694715e-01   9.99976420e-01
    0.1363846913   4.54929563e-05   9.99954509e-01   3.33567017e-04   3.08239097e-01   5.20694840e-01   9.99976314e-01
    0.1369994268   4.56980118e-05   9.99954304e-01   3.33567049e-04   3.08239229e-01   5.20694965e-01   9.99976207e-01
    0.1376169331   4.59039916e-05   9.99954098e-01   3.33567080e-04   3.08239360e-01   5.20695090e-01   9.99976099e-01
    0.1382372227   4.61108998e-05   9.99953891e-01   3.33567112e-04   3.08239493e-01   5.20695216e-01   9.99975992e-01
    0.1388603083   4.63187406e-05   9.99953683e-01   3.33567144e-04   3.08239626e-01   5.20695343e-01   9.99975884e-01
    0.1394862022   4.65275183e-05   9.99953475e-01   3.33567176e-04   3.08239759e-01   5.20695470e-01   9.99975775e-01
    0.1401149174   4.67372371e-05   9.99953265e-01   3.33567209e-04   3.08239893e-01   5.20695598e-01   9.99975666e-01
    0.1407464663   4.69479011e-05   9.99953054e-01   3.33567241e-04   3.08240028e-01   5.20695726e-01   9.99975556e-01
    0.1413808619   4.71595147e-05   9.99952843e-01   3.33567274e-04   3.08240163e-01   5.20695855e-01   9.99975446e-01
    0.1420181170   4.73720821e-05   9.99952630e-01   3.33567307e-04   3.08240299e-01   5.20695985e-01   9.99975335e-01
    0.1426582444   4.75856077e-05   9.99952417e-01   3.33567340e-04   3.08240436e-01   5.20696115e-01   9.99975224e-01
    0.1433012570   4.78000957e-05   9.99952202e-01   3.33567373e-04   3.08240573e-01   5.20696246e-01   9.99975112e-01
    0.1439471680   4.80155506e-05   9.99951987e-01   3.33567406e-04   3.08240711e-01   5.20696377e-01   9.99975000e-01
    0.1445959903   4.82319766e-05   9.99951770e-01   3.33567439e-04   3.08240849e-01   5.20696509e-01   9.99974887e-01
    0.1452477371   4.84493781e-05   9.99951553e-01   3.33567473e-04   3.08240988e-01   5.20696641e-01   9.99974774e-01
    0.1459024216   4.86677595e-05   9.99951335e-01   3.33567507e-04   3.08241128e-01   5.20696775e-01   9.99974661e-01
    0.1465600569   4.88871253e-05   9.99951115e-01   3.33567540e-04   3.08241268e-01   5.20696908e-01   9.99974546e-01
    0.1472206565   4.91074799e-05   9.99950895e-01   3.33567574e-04   3.08241409e-01   5.20697042e-01   9.99974432e-01
    0.1478842336   4.93288277e-05   9.99950674e-01   3.33567609e-04   3.08241551e-01   5.20697177e-01   9.99974316e-01
    0.1485508017   4.95511733e-05   9.99950451e-01   3.33567643e-04   3.08241693e-01   5.20697313e-01   9.99974201e-01
    0.1492203743   4.97745210e-05   9.99950228e-01   3.33567677e-04   3.08241836e-01   5.20697449e-01   9.99974084e-01
    0.1498929649   4.99988755e-05   9.99950004e-01   3.33567712e-04   3.08241979e-01   5.20697586e-01   9.99973967e-01
    0.1505685871   5.02242413e-05   9.99949778e-01   3.33567747e-04   3.08242124e-01   5.20697723e-01   9.99973850e-01
    0.1512472545   5.04506229e-05   9.99949552e-01   3.33567782e-04   3.08242268e-01   5.20697861e-01   9.99973732e-01
    0.1519289810   5.06780249e-05   9.99949325e-01   3.33567817e-04   3.08242414e-01   5.20698000e-01   9.99973614e-01
    0.1526137803   5.09064519e-05   9.99949096e-01   3.33567852e-04   3.08242560e-01   5.20698139e-01   9.99973495e-01
    0.1533016662   5.11359085e-05   9.99948867e-01   3.33567887e-04   3.08242707e-01   5.20698279e-01   9.99973375e-01
    0.1539926526   5.13663994e-05   9.99948636e-01   3.33567923e-04   3.08242854e-01   5.20698419e-01   9.99973255e-01
    0.1546867536   5.15979293e-05   9.99948405e-01   3.33567959e-04   3.08243002e-01   5.20698560e-01   9.99973135e-01
    0.1553839831   5.18305027e-05   9.99948172e-01   3.33567994e-04   3.08243151e-01   5.20698702e-01   9.99973014e-01
    0.1560843553   5.20641245e-05   9.99947939e-01   3.33568030e-04   3.08243300e-01   5.20698844e-01   9.99972892e-01
    0.1567878844   5.22987993e-05   9.99947704e-01   3.33568067e-04   3.08243451e-01   5.20698987e-01   9.99972770e-01
    0.1574945845   5.25345319e-05   9.99947468e-01   3.33568103e-04   3.08243601e-01   5.20699131e-01   9.99972647e-01
    0.1582044699   5.27713271e-05   9.99947231e-01   3.33568140e-04   3.08243753e-01   5.20699275e-01   9.99972524e-01
    0.1589175551   5.30091896e-05   9.99946994e-01   3.33568176e-04   3.08243905e-01   5.20699420e-01   9.99972400e-01
    0.1596338544   5.32481242e-05   9.99946755e-01   3.33568213e-04   3.08244058e-01   5.20699566e-01   9.99972276e-01
    0.1603533824   5.34881359e-05   9.99946515e-01   3.33568250e-04   3.08244211e-01   5.20699712e-01   9.99972151e-01
    0.1610761535   5.37292294e-05   9.99946274e-01   3.33568287e-04   3.08244365e-01   5.20699859e-01   9.99972025e-01
    0.1618021824   5.39714096e-05   9.99946032e-01   3.33568325e-04   3.08244520e-01   5.20700006e-01   9.99971899e-01
    0.1625314837   5.42146815e-05   9.99945788e-01   3.33568362e-04   3.08244676e-01   5.20700155e-01   9.99971772e-01
    0.1632640723   5.44590499e-05   9.99945544e-01   3.33568400e-04   3.08244832e-01   5.20700304e-01   9.99971645e-01
    0.1639999630   5.47045198e-05   9.99945298e-01   3.33568438e-04   3.08244989e-01   5.20700453e-01   9.99971517e-01
    0.1647391705   5.49510961e-05   9.99945052e-01   3.33568476e-04   3.08245147e-01   5.20700603e-01   9.99971389e-01
    0.1654817100   5.51987839e-05   9.99944804e-01   3.33568514e-04   3.08245305e-01   5.20700754e-01   9.99971260e-01
    0.1662275963   5.54475881e-05   9.99944555e-01   3.33568552e-04   3.08245465e-01   5.20700906e-01   9.99971131e-01
    0.1669768447   5.56975138e-05   9.99944306e-01   3.33568591e-04   3.08245624e-01   5.20701058e-01   9.99971000e-01
    0.1677294701   5.59485660e-05   9.99944055e-01   3.33568630e-04   3.08245785e-01   5.20701211e-01   9.99970870e-01
    0.1684854879   5.62007498e-05   9.99943802e-01   3.33568669e-04   3.08245946e-01   5.20701365e-01   9.99970738e-01
    0.1692449134   5.64540704e-05   9.99943549e-01   3.33568708e-04   3.08246108e-01   5.20701519e-01   9.99970607e-01
    0.1700077619   5.67085328e-05   9.99943295e-01   3.33568747e-04   3.08246271e-01   5.20701674e-01   9.99970474e-01
    0.1707740488   5.69641422e-05   9.99943039e-01   3.33568786e-04   3.08246434e-01   5.20701830e-01   9.99970341e-01
    0.1715437896   5.72209037e-05   9.99942782e-01   3.33568826e-04   3.08246599e-01   5.20701987e-01   9.99970207e-01
    0.1723170000   5.74788226e-05   9.99942524e-01   3.33568866e-04   3.08246764e-01   5.20702144e-01   9.99970073e-01
    0.1730936955   5.77379040e-05   9.99942265e-01   3.33568906e-04   3.08246929e-01   5.20702302e-01   9.99969938e-01
    0.1738738918   5.79981533e-05   9.99942005e-01   3.33568946e-04   3.08247096e-01   5.20702460e-01   9.99969803e-01
    0.1746576048   5.82595756e-05   9.99941744e-01   3.33568986e-04   3.08247263e-01   5.20702620e-01   9.99969666e-01
    0.1754448502   5.85221763e-05   9.99941481e-01   3.33569027e-04   3.08247431e-01   5.20702780e-01   9.99969530e-01
    0.1762356441   5.87859606e-05   9.99941217e-01   3.33569067e-04   3.08247600e-01   5.20702940e-01   9.99969392e-01
    0.1770300023   5.90509340e-05   9.99940953e-01   3.33569108e-04   3.08247769e-01   5.20703102e-01   9.99969254e-01
    0.1778279410   5.93171017e-05   9.99940686e-01   3.33569149e-04   3.08247939e-01   5.20703264e-01   9.99969116e-01
    0.1786294763   5.95844692e-05   9.99940419e-01   3.33569190e-04   3.08248110e-01   5.20703427e-01   9.99968977e-01
    0.1794346244   5.98530418e-05   9.99940151e-01   3.33569232e-04   3.08248282e-01   5.20703591e-01   9.99968837e-01
    0.1802434016   6.01228250e-05   9.99939881e-01   3.33569274e-04   3.08248455e-01   5.20703755e-01   9.99968696e-01
    0.1810558243   6.03938243e-05   9.99939610e-01   3.33569315e-04   3.08248628e-01   5.20703920e-01   9.99968555e-01
    0.1818719089   6.06660451e-05   9.99939338e-01   3.33569357e-04   3.08248802e-01   5.20704086e-01   9.99968414e-01
    0.1826916718   6.09394929e-05   9.99939064e-01   3.33569400e-04   3.08248977e-01   5.20704253e-01   9.99968271e-01
    0.1835151297   6.12141733e-05   9.99938790e-01   3.33569442e-04   3.08249153e-01   5.20704420e-01   9.99968128e-01
    0.1843422992   6.14900918e-05   9.99938514e-01   3.33569484e-04   3.08249329e-01   5.20704588e-01   9.99967984e-01
    0.1851731971   6.17672540e-05   9.99938237e-01   3.33569527e-04   3.08249507e-01   5.20704757e-01   9.99967840e-01
    0.1860078402   6.20456655e-05   9.99937958e-01   3.33569570e-04   3.08249685e-01   5.20704927e-01   9.99967695e-01
    0.1868462453   6.23253319e-05   9.99937679e-01   3.33569613e-04   3.08249864e-01   5.20705097e-01   9.99967550e-01
    0.1876884294   6.26062589e-05   9.99937398e-01   3.33569657e-04   3.08250043e-01   5.20705268e-01   9.99967403e-01
    0.1885344095   6.28884523e-05   9.99937116e-01   3.33569700e-04   3.08250224e-01   5.20705440e-01   9.99967256e-01
    0.1893842027   6.31719176e-05   9.99936832e-01   3.33569744e-04   3.08250405e-01   5.20705613e-01   9.99967109e-01
    0.1902378263   6.34566606e-05   9.99936547e-01   3.33569788e-04   3.08250587e-01   5.20705786e-01   9.99966961e-01
    0.1910952975   6.37426871e-05   9.99936261e-01   3.33569832e-04   3.08250770e-01   5.20705961e-01   9.99966812e-01
    0.1919566336   6.40300029e-05   9.99935974e-01   3.33569876e-04   3.08250954e-01   5.20706136e-01   9.99966662e-01
    0.1928218521   6.43186137e-05   9.99935686e-01   3.33569921e-04   3.08251138e-01   5.20706312e-01   9.99966512e-01
    0.1936909704   6.46085254e-05   9.99935396e-01   3.33569965e-04   3.08251324e-01   5.20706488e-01   9.99966361e-01
    0.1945640062   6.48997440e-05   9.99935104e-01   3.33570010e-04   3.08251510e-01   5.20706666e-01   9.99966209e-01
    0.1954409770   6.51922752e-05   9.99934812e-01   3.33570056e-04   3.08251697e-01   5.20706844e-01   9.99966057e-01
    0.1963219007   6.54861249e-05   9.99934518e-01   3.33570101e-04   3.08251885e-01   5.20707023e-01   9.99965904e-01
    0.1972067950   6.57812993e-05   9.99934223e-01   3.33570146e-04   3.08252074e-01   5.20707203e-01   9.99965750e-01
    0.1980956779   6.60778041e-05   9.99933927e-01   3.33570192e-04   3.08252264e-01   5.20707384e-01   9.99965596e-01
    0.1989885672   6.63756454e-05   9.99933629e-01   3.33570238e-04   3.08252454e-01   5.20707565e-01   9.99965441e-01
    0.1998854812   6.66748292e-05   9.99933330e-01   3.33570284e-04   3.08252646e-01   5.20707748e-01   9.99965285e-01
    0.2007864379   6.69753616e-05   9.99933029e-01   3.33570331e-04   3.08252838e-01   5.20707931e-01   9.99965129e-01
    0.2016914555   6.72772486e-05   9.99932727e-01   3.33570377e-04   3.08253031e-01   5.20708115e-01   9.99964971e-01
    0.2026005523   6.75804964e-05   9.99932424e-01   3.33570424e-04   3.08253225e-01   5.20708299e-01   9.99964813e-01
    0.2035137468   6.78851111e-05   9.99932119e-01   3.33570471e-04   3.08253420e-01   5.20708485e-01   9.99964655e-01
    0.2044310574   6.81910989e-05   9.99931814e-01   3.33570518e-04   3.08253615e-01   5.20708671e-01   9.99964496e-01
    0.2053525026   6.84984659e-05   9.99931506e-01   3.33570565e-04   3.08253812e-01   5.20708859e-01   9.99964336e-01
    0.2062781012   6.88072183e-05   9.99931198e-01   3.33570613e-04   3.08254009e-01   5.20709047e-01   9.99964175e-01
    0.2072078717   6.91173625e-05   9.99930887e-01   3.33570661e-04   3.08254208e-01   5.20709236e-01   9.99964013e-01
    0.2081418331   6.94289046e-05   9.99930576e-01   3.33570709e-04   3.08254407e-01   5.20709426e-01   9.99963851e-01
    0.2090800041   6.97418510e-05   9.99930263e-01   3.33570757e-04   3.08254607e-01   5.20709616e-01   9.99963688e-01
    0.2100224039   7.00562080e-05   9.99929949e-01   3.33570806e-04   3.08254808e-01   5.20709808e-01   9.99963524e-01
    0.2109690513   7.03719820e-05   9.99929633e-01   3.33570854e-04   3.08255010e-01   5.20710000e-01   9.99963360e-01
    0.2119199657   7.06891793e-05   9.99929316e-01   3.33570903e-04   3.08255213e-01   5.20710194e-01   9.99963195e-01
    0.2128751662   7.10078065e-05   9.99928997e-01   3.33570953e-04   3.08255417e-01   5.20710388e-01   9.99963029e-01
    0.2138346721   7.13278698e-05   9.99928677e-01   3.33571002e-04   3.08255622e-01   5.20710583e-01   9.99962862e-01
    0.2147985029   7.16493758e-05   9.99928356e-01   3.33571052e-04   3.08255827e-01   5.20710779e-01   9.99962695e-01
    0.2157666779   7.19723310e-05   9.99928033e-01   3.33571101e-04   3.08256034e-01   5.20710976e-01   9.99962527e-01
    0.2167392170   7.22967419e-05   9.99927708e-01   3.33571151e-04   3.08256241e-01   5.20711173e-01   9.99962358e-01
    0.2177161396   7.26226152e-05   9.99927383e-01   3.33571202e-04   3.08256450e-01   5.20711372e-01   9.99962188e-01
    0.2186974655   7.29499573e-05   9.99927055e-01   3.33571252e-04   3.08256659e-01   5.20711571e-01   9.99962018e-01
    0.2196832146   7.32787749e-05   9.99926727e-01   3.33571303e-04   3.08256869e-01   5.20711772e-01   9.99961847e-01
    0.2206734069   7.36090746e-05   9.99926396e-01   3.33571354e-04   3.08257081e-01   5.20711973e-01   9.99961675e-01
    0.2216680623   7.39408632e-05   9.99926065e-01   3.33571405e-04   3.08257293e-01   5.20712175e-01   9.99961502e-01
    0.2226672010   7.42741473e-05   9.99925731e-01   3.33571456e-04   3.08257506e-01   5.20712378e-01   9.99961328e-01
    0.2236708432   7.46089337e-05   9.99925397e-01   3.33571508e-04   3.08257720e-01   5.20712582e-01   9.99961154e-01
    0.2246790092   7.49452292e-05   9.99925060e-01   3.33571560e-04   3.08257935e-01   5.20712787e-01   9.99960979e-01
    0.2256917193   7.52830405e-05   9.99924723e-01   3.33571612e-04   3.08258151e-01   5.20712993e-01   9.99960803e-01
    0.2267089941   7.56223746e-05   9.99924383e-01   3.33571664e-04   3.08258368e-01   5.20713200e-01   9.99960626e-01
    0.2277308541   7.59632381e-05   9.99924043e-01   3.33571717e-04   3.08258586e-01   5.20713408e-01   9.99960449e-01
    0.2287573200   7.63056382e-05   9.99923700e-01   3.33571770e-04   3.08258805e-01   5.20713616e-01   9.99960271e-01
    0.2297884126   7.66495816e-05   9.99923356e-01   3.33571823e-04   3.08259025e-01   5.20713826e-01   9.99960092e-01
    0.2308241527   7.69950753e-05   9.99923011e-01   3.33571876e-04   3.08259246e-01   5.20714036e-01   9.99959912e-01
    0.2318645612   7.73421263e-05   9.99922664e-01   3.33571930e-04   3.08259468e-01   5.20714248e-01   9.99959731e-01
    0.2329096592   7.76907417e-05   9.99922315e-01   3.33571983e-04   3.08259691e-01   5.20714460e-01   9.99959550e-01
    0.2339594679   7.80409285e-05   9.99921965e-01   3.33572037e-04   3.08259915e-01   5.20714674e-01   9.99959367e-01
    0.2350140085   7.83926938e-05   9.99921613e-01   3.33572092e-04   3.08260140e-01   5.20714888e-01   9.99959184e-01
    0.2360733022   7.87460447e-05   9.99921260e-01   3.33572146e-04   3.08260366e-01   5.20715103e-01   9.99959000e-01
    0.2371373706   7.91009883e-05   9.99920905e-01   3.33572201e-04   3.08260593e-01   5.20715320e-01   9.99958815e-01
    0.2382062351   7.94575318e-05   9.99920549e-01   3.33572256e-04   3.08260821e-01   5.20715537e-01   9.99958630e-01
    0.2392799173   7.98156824e-05   9.99920191e-01   3.33572311e-04   3.08261051e-01   5.20715755e-01   9.99958443e-01
    0.2403584391   8.01754475e-05   9.99919831e-01   3.33572367e-04   3.08261281e-01   5.20715974e-01   9.99958256e-01
    0.2414418221   8.05368341e-05   9.99919470e-01   3.33572422e-04   3.08261512e-01   5.20716195e-01   9.99958068e-01
    0.2425300884   8.08998498e-05   9.99919107e-01   3.33572478e-04   3.08261744e-01   5.20716416e-01   9.99957879e-01
    0.2436232598   8.12645017e-05   9.99918742e-01   3.33572535e-04   3.08261977e-01   5.20716638e-01   9.99957689e-01
    0.2447213586   8.16307973e-05   9.99918376e-01   3.33572591e-04   3.08262211e-01   5.20716861e-01   9.99957498e-01
    0.2458244069   8.19987440e-05   9.99918008e-01   3.33572648e-04   3.08262447e-01   5.20717085e-01   9.99957307e-01
    0.2469324270   8.23683493e-05   9.99917638e-01   3.33572705e-04   3.08262683e-01   5.20717311e-01   9.99957114e-01
    0.2480454414   8.27396205e-05   9.99917267e-01   3.33572762e-04   3.08262921e-01   5.20717537e-01   9.99956921e-01
    0.2491634726   8.31125653e-05   9.99916894e-01   3.33572820e-04   3.08263159e-01   5.20717764e-01   9.99956727e-01
    0.2502865431   8.34871912e-05   9.99916520e-01   3.33572878e-04   3.08263399e-01   5.20717992e-01   9.99956532e-01
    0.2514146757   8.38635056e-05   9.99916144e-01   3.33572936e-04   3.08263640e-01   5.20718222e-01   9.99956336e-01
    0.2525478933   8.42415164e-05   9.99915766e-01   3.33572994e-04   3.08263881e-01   5.20718452e-01   9.99956139e-01
    0.2536862186   8.46212310e-05   9.99915386e-01   3.33573052e-04   3.08264124e-01   5.20718683e-01   9.99955941e-01
    0.2548296748   8.50026572e-05   9.99915005e-01   3.33573111e-04   3.08264368e-01   5.20718916e-01   9.99955743e-01
    0.2559782850   8.53858027e-05   9.99914621e-01   3.33573170e-04   3.08264613e-01   5.20719149e-01   9.99955543e-01
    0.2571320723   8.57706753e-05   9.99914237e-01   3.33573230e-04   3.08264859e-01   5.20719384e-01   9.99955343e-01
    0.2582910602   8.61572826e-05   9.99913850e-01   3.33573289e-04   3.08265107e-01   5.20719619e-01   9.99955141e-01
    0.2594552721   8.65456327e-05   9.99913462e-01   3.33573349e-04   3.08265355e-01   5.20719856e-01   9.99954939e-01
    0.2606247316   8.69357332e-05   9.99913072e-01   3.33573410e-04   3.08265605e-01   5.20720094e-01   9.99954736e-01
    0.2617994622   8.73275921e-05   9.99912680e-01   3.33573470e-04   3.08265855e-01   5.20720333e-01   9.99954532e-01
    0.2629794877   8.77212174e-05   9.99912286e-01   3.33573531e-04   3.08266107e-01   5.20720572e-01   9.99954327e-01
    0.2641648320   8.81166169e-05   9.99911891e-01   3.33573592e-04   3.08266360e-01   5.20720813e-01   9.99954121e-01
    0.2653555192   8.85137987e-05   9.99911494e-01   3.33573653e-04   3.08266614e-01   5.20721055e-01   9.99953914e-01
    0.2665515731   8.89127709e-05   9.99911095e-01   3.33573714e-04   3.08266869e-01   5.20721298e-01   9.99953707e-01
    0.2677530182   8.93135414e-05   9.99910694e-01   3.33573776e-04   3.08267125e-01   5.20721543e-01   9.99953498e-01
    0.2689598786   8.97161184e-05   9.99910292e-01   3.33573838e-04   3.08267383e-01   5.20721788e-01   9.99953289e-01
    0.2701721787   9.01205100e-05   9.99909888e-01   3.33573901e-04   3.08267642e-01   5.20722034e-01   9.99953078e-01
    0.2713899431   9.05267245e-05   9.99909481e-01   3.33573963e-04   3.08267901e-01   5.20722282e-01   9.99952866e-01
    0.2726131964   9.09347700e-05   9.99909073e-01   3.33574026e-04   3.08268162e-01   5.20722531e-01   9.99952654e-01
    0.2738419634   9.13446548e-05   9.99908664e-01   3.33574090e-04   3.08268425e-01   5.20722780e-01   9.99952441e-01
    0.2750762689   9.17563872e-05   9.99908252e-01   3.33574153e-04   3.08268688e-01   5.20723031e-01   9.99952226e-01
    0.2763161378   9.21699754e-05   9.99907839e-01   3.33574217e-04   3.08268952e-01   5.20723283e-01   9.99952011e-01
    0.2775615953   9.25854280e-05   9.99907423e-01   3.33574281e-04   3.08269218e-01   5.20723536e-01   9.99951795e-01
    0.2788126665   9.30027532e-05   9.99907006e-01   3.33574345e-04   3.08269485e-01   5.20723791e-01   9.99951577e-01
    0.2800693768   9.34219595e-05   9.99906587e-01   3.33574410e-04   3.08269753e-01   5.20724046e-01   9.99951359e-01
    0.2813317515   9.38430555e-05   9.99906166e-01   3.33574475e-04   3.08270023e-01   5.20724303e-01   9.99951140e-01
    0.2825998162   9.42660495e-05   9.99905743e-01   3.33574540e-04   3.08270293e-01   5.20724561e-01   9.99950920e-01
    0.2838735965   9.46909503e-05   9.99905318e-01   3.33574606e-04   3.08270565e-01   5.20724819e-01   9.99950698e-01
    0.2851531182   9.51177663e-05   9.99904891e-01   3.33574672e-04   3.08270838e-01   5.20725080e-01   9.99950476e-01
    0.2864384071   9.55465061e-05   9.99904463e-01   3.33574738e-04   3.08271112e-01   5.20725341e-01   9.99950253e-01
    0.2877294894   9.59771786e-05   9.99904032e-01   3.33574804e-04   3.08271388e-01   5.20725603e-01   9.99950029e-01
    0.2890263910   9.64097924e-05   9.99903600e-01   3.33574871e-04   3.08271664e-01   5.20725867e-01   9.99949803e-01
    0.2903291382   9.68443561e-05   9.99903165e-01   3.33574938e-04   3.08271942e-01   5.20726132e-01   9.99949577e-01
    0.2916377574   9.72808787e-05   9.99902729e-01   3.33575005e-04   3.08272221e-01   5.20726398e-01   9.99949350e-01
    0.2929522750   9.77193690e-05   9.99902290e-01   3.33575073e-04   3.08272502e-01   5.20726665e-01   9.99949122e-01
    0.2942727176   9.81598358e-05   9.99901850e-01   3.33575141e-04   3.08272784e-01   5.20726933e-01   9.99948892e-01
    0.2955991119   9.86022880e-05   9.99901407e-01   3.33575209e-04   3.08273067e-01   5.20727203e-01   9.99948662e-01
    0.2969314848   9.90467346e-05   9.99900963e-01   3.33575278e-04   3.08273351e-01   5.20727474e-01   9.99948431e-01
    0.2982698632   9.94931846e-05   9.99900517e-01   3.33575347e-04   3.08273636e-01   5.20727746e-01   9.99948198e-01
    0.2996142741   9.99416470e-05   9.99900068e-01   3.33575416e-04   3.08273923e-01   5.20728019e-01   9.99947965e-01
    0.3009647448   1.00392131e-04   9.99899618e-01   3.33575485e-04   3.08274211e-01   5.20728293e-01   9.99947730e-01
    0.3023213025   1.00844645e-04   9.99899166e-01   3.33575555e-04   3.08274501e-01   5.20728569e-01   9.99947494e-01
    0.3036839747   1.01299200e-04   9.99898711e-01   3.33575625e-04   3.08274792e-01   5.20728846e-01   9.99947258e-01
    0.3050527890   1.01755803e-04   9.99898255e-01   3.33575696e-04   3.08275084e-01   5.20729124e-01   9.99947020e-01
    0.3064277731   1.02214464e-04   9.99897796e-01   3.33575766e-04   3.08275377e-01   5.20729404e-01   9.99946781e-01
    0.3078089547   1.02675193e-04   9.99897335e-01   3.33575837e-04   3.08275672e-01   5.20729685e-01   9.99946541e-01
    0.3091963617   1.03137998e-04   9.99896873e-01   3.33575909e-04   3.08275968e-01   5.20729967e-01   9.99946300e-01
    0.3105900224   1.03602890e-04   9.99896408e-01   3.33575981e-04   3.08276265e-01   5.20730250e-01   9.99946058e-01
    0.3119899647   1.04069877e-04   9.99895941e-01   3.33576053e-04   3.08276564e-01   5.20730535e-01   9.99945815e-01
    0.3133962171   1.04538969e-04   9.99895472e-01   3.33576125e-04   3.08276864e-01   5.20730820e-01   9.99945571e-01
    0.3148088080   1.05010176e-04   9.99895001e-01   3.33576198e-04   3.08277165e-01   5.20731108e-01   9.99945326e-01
    0.3162277660   1.05483507e-04   9.99894528e-01   3.33576271e-04   3.08277468e-01   5.20731396e-01   9.99945079e-01
    0.3176531197   1.05958971e-04   9.99894052e-01   3.33576344e-04   3.08277772e-01   5.20731686e-01   9.99944832e-01
    0.3190848981   1.06436578e-04   9.99893575e-01   3.33576418e-04   3.08278078e-01   5.20731977e-01   9.99944583e-01
    0.3205231299   1.06916339e-04   9.99893095e-01   3.33576492e-04   3.08278384e-01   5.20732269e-01   9.99944333e-01
    0.3219678444   1.07398261e-04   9.99892613e-01   3.33576566e-04   3.08278693e-01   5.20732563e-01   9.99944082e-01
    0.3234190708   1.07882357e-04   9.99892129e-01   3.33576641e-04   3.08279002e-01   5.20732858e-01   9.99943830e-01
    0.3248768383   1.08368634e-04   9.99891643e-01   3.33576716e-04   3.08279313e-01   5.20733154e-01   9.99943577e-01
    0.3263411766   1.08857103e-04   9.99891155e-01   3.33576791e-04   3.08279626e-01   5.20733452e-01   9.99943323e-01
    0.3278121151   1.09347774e-04   9.99890664e-01   3.33576867e-04   3.08279940e-01   5.20733751e-01   9.99943067e-01
    0.3292896837   1.09840657e-04   9.99890171e-01   3.33576943e-04   3.08280255e-01   5.20734051e-01   9.99942811e-01
    0.3307739123   1.10335761e-04   9.99889676e-01   3.33577019e-04   3.08280571e-01   5.20734353e-01   9.99942553e-01
    0.3322648308   1.10833097e-04   9.99889179e-01   3.33577096e-04   3.08280890e-01   5.20734656e-01   9.99942294e-01
    0.3337624694   1.11332675e-04   9.99888680e-01   3.33577173e-04   3.08281209e-01   5.20734960e-01   9.99942034e-01
    0.3352668585   1.11834505e-04   9.99888178e-01   3.33577250e-04   3.08281530e-01   5.20735266e-01   9.99941773e-01
    0.3367780283   1.12338597e-04   9.99887674e-01   3.33577328e-04   3.08281853e-01   5.20735573e-01   9.99941510e-01
    0.3382960096   1.12844962e-04   9.99887168e-01   3.33577406e-04   3.08282176e-01   5.20735882e-01   9.99941247e-01
    0.3398208329   1.13353608e-04   9.99886659e-01   3.33577485e-04   3.08282502e-01   5.20736192e-01   9.99940982e-01
    0.3413525292   1.13864548e-04   9.99886148e-01   3.33577564e-04   3.08282829e-01   5.20736503e-01   9.99940716e-01
    0.3428911294   1.14377790e-04   9.99885635e-01   3.33577643e-04   3.08283157e-01   5.20736816e-01   9.99940448e-01
    0.3444366646   1.14893346e-04   9.99885120e-01   3.33577722e-04   3.08283487e-01   5.20737130e-01   9.99940180e-01
    0.3459891661   1.15411226e-04   9.99884602e-01   3.33577802e-04   3.08283818e-01   5.20737445e-01   9.99939910e-01
    0.3475486653   1.15931441e-04   9.99884082e-01   3.33577882e-04   3.08284151e-01   5.20737762e-01   9.99939640e-01
    0.3491151937   1.16454000e-04   9.99883560e-01   3.33577963e-04   3.08284485e-01   5.20738081e-01   9.99939367e-01
    0.3506887831   1.16978915e-04   9.99883035e-01   3.33578044e-04   3.08284821e-01   5.20738401e-01   9.99939094e-01
    0.3522694651   1.17506196e-04   9.99882508e-01   3.33578125e-04   3.08285158e-01   5.20738722e-01   9.99938820e-01
    0.3538572719   1.18035853e-04   9.99881978e-01   3.33578207e-04   3.08285497e-01   5.20739045e-01   9.99938544e-01
    0.3554522356   1.18567898e-04   9.99881446e-01   3.33578289e-04   3.08285837e-01   5.20739369e-01   9.99938267e-01
    0.3570543883   1.19102342e-04   9.99880912e-01   3.33578372e-04   3.08286179e-01   5.20739695e-01   9.99937989e-01
    0.3586637624   1.19639194e-04   9.99880375e-01   3.33578454e-04   3.08286522e-01   5.20740022e-01   9.99937709e-01
    0.3602803907   1.20178467e-04   9.99879836e-01   3.33578538e-04   3.08286867e-01   5.20740350e-01   9.99937428e-01
    0.3619043056   1.20720170e-04   9.99879294e-01   3.33578621e-04   3.08287213e-01   5.20740680e-01   9.99937146e-01
    0.3635355402   1.21264315e-04   9.99878750e-01   3.33578705e-04   3.08287562e-01   5.20741012e-01   9.99936863e-01
    0.3651741273   1.21810913e-04   9.99878204e-01   3.33578789e-04   3.08287911e-01   5.20741345e-01   9.99936578e-01
    0.3668201001   1.22359975e-04   9.99877655e-01   3.33578874e-04   3.08288262e-01   5.20741680e-01   9.99936293e-01
    0.3684734919   1.22911511e-04   9.99877104e-01   3.33578959e-04   3.08288615e-01   5.20742016e-01   9.99936005e-01
    0.3701343361   1.23465534e-04   9.99876550e-01   3.33579045e-04   3.08288969e-01   5.20742353e-01   9.99935717e-01
    0.3718026664   1.24022054e-04   9.99875993e-01   3.33579130e-04   3.08289325e-01   5.20742692e-01   9.99935427e-01
    0.3734785164   1.24581083e-04   9.99875434e-01   3.33579217e-04   3.08289683e-01   5.20743033e-01   9.99935136e-01
    0.3751619202   1.25142631e-04   9.99874873e-01   3.33579303e-04   3.08290042e-01   5.20743375e-01   9.99934844e-01
    0.3768529116   1.25706711e-04   9.99874309e-01   3.33579390e-04   3.08290403e-01   5.20743719e-01   9.99934550e-01
    0.3785515249   1.26273334e-04   9.99873743e-01   3.33579478e-04   3.08290765e-01   5.20744064e-01   9.99934255e-01
    0.3802577945   1.26842510e-04   9.99873174e-01   3.33579566e-04   3.08291129e-01   5.20744411e-01   9.99933959e-01
    0.3819717549   1.27414253e-04   9.99872602e-01   3.33579654e-04   3.08291495e-01   5.20744759e-01   9.99933661e-01
    0.3836934408   1.27988572e-04   9.99872028e-01   3.33579742e-04   3.08291862e-01   5.20745109e-01   9.99933362e-01
    0.3854228869   1.28565480e-04   9.99871451e-01   3.33579831e-04   3.08292231e-01   5.20745461e-01   9.99933062e-01
    0.3871601282   1.29144989e-04   9.99870872e-01   3.33579921e-04   3.08292602e-01   5.20745814e-01   9.99932760e-01
    0.3889051999   1.29727110e-04   9.99870290e-01   3.33580011e-04   3.08292974e-01   5.20746169e-01   9.99932457e-01
    0.3906581373   1.30311855e-04   9.99869705e-01   3.33580101e-04   3.08293348e-01   5.20746525e-01   9.99932152e-01
    0.3924189758   1.30899236e-04   9.99869118e-01   3.33580191e-04   3.08293724e-01   5.20746883e-01   9.99931847e-01
    0.3941877511   1.31489264e-04   9.99868528e-01   3.33580282e-04   3.08294102e-01   5.20747242e-01   9.99931539e-01
    0.3959644989   1.32081952e-04   9.99867935e-01   3.33580374e-04   3.08294481e-01   5.20747603e-01   9.99931231e-01
    0.3977492551   1.32677312e-04   9.99867340e-01   3.33580466e-04   3.08294861e-01   5.20747966e-01   9.99930921e-01
    0.3995420559   1.33275355e-04   9.99866742e-01   3.33580558e-04   3.08295244e-01   5.20748331e-01   9.99930610e-01
    0.4013429375   1.33876095e-04   9.99866142e-01   3.33580651e-04   3.08295628e-01   5.20748697e-01   9.99930297e-01
    0.4031519363   1.34479542e-04   9.99865539e-01   3.33580744e-04   3.08296014e-01   5.20749064e-01   9.99929983e-01
    0.4049690889   1.35085709e-04   9.99864933e-01   3.33580837e-04   3.08296402e-01   5.20749434e-01   9.99929667e-01
    0.4067944321   1.35694608e-04   9.99864324e-01   3.33580931e-04   3.08296791e-01   5.20749805e-01   9.99929350e-01
    0.4086280028   1.36306253e-04   9.99863712e-01   3.33581026e-04   3.08297183e-01   5.20750177e-01   9.99929032e-01
    0.4104698380   1.36920654e-04   9.99863098e-01   3.33581120e-04   3.08297576e-01   5.20750552e-01   9.99928712e-01
    0.4123199751   1.37537825e-04   9.99862481e-01   3.33581216e-04   3.08297970e-01   5.20750928e-01   9.99928390e-01
    0.4141784514   1.38157778e-04   9.99861861e-01   3.33581311e-04   3.08298367e-01   5.20751306e-01   9.99928068e-01
    0.4160453046   1.38780525e-04   9.99861239e-01   3.33581407e-04   3.08298765e-01   5.20751685e-01   9.99927743e-01
    0.4179205723   1.39406080e-04   9.99860613e-01   3.33581504e-04   3.08299165e-01   5.20752066e-01   9.99927418e-01
    0.4198042926   1.40034454e-04   9.99859985e-01   3.33581601e-04   3.08299567e-01   5.20752449e-01   9.99927090e-01
    0.4216965034   1.40665661e-04   9.99859354e-01   3.33581698e-04   3.08299971e-01   5.20752834e-01   9.99926762e-01
    0.4235972432   1.41299713e-04   9.99858720e-01   3.33581796e-04   3.08300376e-01   5.20753220e-01   9.99926432e-01
    0.4255065502   1.41936623e-04   9.99858084e-01   3.33581894e-04   3.08300784e-01   5.20753608e-01   9.99926100e-01
    0.4274244633   1.42576404e-04   9.99857444e-01   3.33581993e-04   3.08301193e-01   5.20753998e-01   9.99925767e-01
    0.4293510210   1.43219070e-04   9.99856801e-01   3.33582092e-04   3.08301604e-01   5.20754390e-01   9.99925432e-01
    0.4312862625   1.43864632e-04   9.99856156e-01   3.33582192e-04   3.08302017e-01   5.20754783e-01   9.99925096e-01
    0.4332302267   1.44513103e-04   9.99855508e-01   3.33582292e-04   3.08302432e-01   5.20755178e-01   9.99924759e-01
    0.4351829532   1.45164499e-04   9.99854857e-01   3.33582392e-04   3.08302848e-01   5.20755575e-01   9.99924420e-01
    0.4371444813   1.45818830e-04   9.99854202e-01   3.33582493e-04   3.08303267e-01   5.20755974e-01   9.99924079e-01
    0.4391148507   1.46476111e-04   9.99853545e-01   3.33582594e-04   3.08303687e-01   5.20756374e-01   9.99923737e-01
    0.4410941013   1.47136354e-04   9.99852885e-01   3.33582696e-04   3.08304110e-01   5.20756777e-01   9.99923393e-01
    0.4430822730   1.47799574e-04   9.99852222e-01   3.33582799e-04   3.08304534e-01   5.20757181e-01   9.99923048e-01
    0.4450794062   1.48465784e-04   9.99851556e-01   3.33582901e-04   3.08304960e-01   5.20757587e-01   9.99922701e-01
    0.4470855412   1.49134996e-04   9.99850887e-01   3.33583005e-04   3.08305388e-01   5.20757994e-01   9.99922352e-01
    0.4491007186   1.49807225e-04   9.99850215e-01   3.33583108e-04   3.08305818e-01   5.20758404e-01   9.99922002e-01
    0.4511249792   1.50482484e-04   9.99849540e-01   3.33583213e-04   3.08306250e-01   5.20758815e-01   9.99921651e-01
    0.4531583638   1.51160787e-04   9.99848862e-01   3.33583317e-04   3.08306684e-01   5.20759229e-01   9.99921298e-01
    0.4552009136   1.51842148e-04   9.99848181e-01   3.33583422e-04   3.08307120e-01   5.20759644e-01   9.99920943e-01
    0.4572526699   1.52526580e-04   9.99847497e-01   3.33583528e-04   3.08307557e-01   5.20760061e-01   9.99920587e-01
    0.4593136742   1.53214097e-04   9.99846809e-01   3.33583634e-04   3.08307997e-01   5.20760480e-01   9.99920229e-01
    0.4613839683   1.53904714e-04   9.99846119e-01   3.33583740e-04   3.08308439e-01   5.20760901e-01   9.99919869e-01
    0.4634635939   1.54598443e-04   9.99845425e-01   3.33583847e-04   3.08308883e-01   5.20761323e-01   9.99919508e-01
    0.4655525931   1.55295299e-04   9.99844729e-01   3.33583955e-04   3.08309328e-01   5.20761748e-01   9.99919145e-01
    0.4676510082   1.55995297e-04   9.99844029e-01   3.33584063e-04   3.08309776e-01   5.20762175e-01   9.99918781e-01
    0.4697588817   1.56698450e-04   9.99843326e-01   3.33584171e-04   3.08310226e-01   5.20762603e-01   9.99918415e-01
    0.4718762561   1.57404773e-04   9.99842620e-01   3.33584280e-04   3.08310677e-01   5.20763033e-01   9.99918047e-01
    0.4740031742   1.58114280e-04   9.99841911e-01   3.33584390e-04   3.08311131e-01   5.20763466e-01   9.99917677e-01
    0.4761396792   1.58826984e-04   9.99841198e-01   3.33584500e-04   3.08311587e-01   5.20763900e-01   9.99917306e-01
    0.4782858142   1.59542902e-04   9.99840483e-01   3.33584610e-04   3.08312045e-01   5.20764336e-01   9.99916934e-01
    0.4804416225   1.60262047e-04   9.99839764e-01   3.33584721e-04   3.08312505e-01   5.20764774e-01   9.99916559e-01
    0.4826071479   1.60984433e-04   9.99839041e-01   3.33584833e-04   3.08312967e-01   5.20765215e-01   9.99916183e-01
    0.4847824342   1.61710075e-04   9.99838316e-01   3.33584945e-04   3.08313431e-01   5.20765657e-01   9.99915805e-01
    0.4869675252   1.62438989e-04   9.99837587e-01   3.33585057e-04   3.08313897e-01   5.20766101e-01   9.99915426e-01
    0.4891624652   1.63171188e-04   9.99836855e-01   3.33585170e-04   3.08314366e-01   5.20766547e-01   9.99915045e-01
    0.4913672986   1.63906688e-04   9.99836120e-01   3.33585284e-04   3.08314836e-01   5.20766995e-01   9.99914662e-01
    0.4935820700   1.64645503e-04   9.99835382e-01   3.33585397e-04   3.08315309e-01   5.20767445e-01   9.99914277e-01
    0.4958068242   1.65387649e-04   9.99834640e-01   3.33585512e-04   3.08315783e-01   5.20767898e-01   9.99913891e-01
    0.4980416061   1.66133140e-04   9.99833894e-01   3.33585627e-04   3.08316260e-01   5.20768352e-01   9.99913502e-01
    0.5002864611   1.66881992e-04   9.99833146e-01   3.33585743e-04   3.08316739e-01   5.20768808e-01   9.99913113e-01
    0.5025414344   1.67634219e-04   9.99832394e-01   3.33585859e-04   3.08317220e-01   5.20769266e-01   9.99912721e-01
    0.5048065717   1.68389837e-04   9.99831639e-01   3.33585975e-04   3.08317704e-01   5.20769727e-01   9.99912328e-01
    0.5070819188   1.69148861e-04   9.99830880e-01   3.33586092e-04   3.08318189e-01   5.20770189e-01   9.99911932e-01
    0.5093675217   1.69911306e-04   9.99830118e-01   3.33586210e-04   3.08318677e-01   5.20770654e-01   9.99911535e-01
    0.5116634266   1.70677188e-04   9.99829352e-01   3.33586328e-04   3.08319167e-01   5.20771121e-01   9.99911137e-01
    0.5139696801   1.71446523e-04   9.99828583e-01   3.33586447e-04   3.08319659e-01   5.20771589e-01   9.99910736e-01
    0.5162863286   1.72219326e-04   9.99827810e-01   3.33586566e-04   3.08320153e-01   5.20772060e-01   9.99910334e-01
    0.5186134192   1.72995612e-04   9.99827034e-01   3.33586686e-04   3.08320650e-01   5.20772533e-01   9.99909930e-01
    0.5209509988   1.73775398e-04   9.99826255e-01   3.33586806e-04   3.08321148e-01   5.20773008e-01   9.99909524e-01
    0.5232991147   1.74558698e-04   9.99825472e-01   3.33586927e-04   3.08321649e-01   5.20773486e-01   9.99909116e-01
    0.5256578144   1.75345530e-04   9.99824685e-01   3.33587048e-04   3.08322153e-01   5.20773965e-01   9.99908706e-01
    0.5280271456   1.76135908e-04   9.99823895e-01   3.33587170e-04   3.08322658e-01   5.20774447e-01   9.99908295e-01
    0.5304071563   1.76929849e-04   9.99823101e-01   3.33587293e-04   3.08323166e-01   5.20774930e-01   9.99907881e-01
    0.5327978946   1.77727370e-04   9.99822304e-01   3.33587416e-04   3.08323676e-01   5.20775416e-01   9.99907466e-01
    0.5351994088   1.78528485e-04   9.99821503e-01   3.33587539e-04   3.08324189e-01   5.20775904e-01   9.99907049e-01
    0.5376117475   1.79333211e-04   9.99820699e-01   3.33587663e-04   3.08324703e-01   5.20776395e-01   9.99906630e-01
    0.5400349594   1.80141565e-04   9.99819891e-01   3.33587788e-04   3.08325220e-01   5.20776887e-01   9.99906209e-01
    0.5424690937   1.80953562e-04   9.99819079e-01   3.33587913e-04   3.08325740e-01   5.20777382e-01   9.99905786e-01
    0.5449141995   1.81769220e-04   9.99818264e-01   3.33588039e-04   3.08326261e-01   5.20777879e-01   9.99905362e-01
    0.5473703263   1.82588555e-04   9.99817445e-01   3.33588166e-04   3.08326785e-01   5.20778378e-01   9.99904935e-01
    0.5498375237   1.83411583e-04   9.99816622e-01   3.33588293e-04   3.08327312e-01   5.20778880e-01   9.99904507e-01
    0.5523158417   1.84238321e-04   9.99815796e-01   3.33588420e-04   3.08327841e-01   5.20779384e-01   9.99904076e-01
    0.5548053304   1.85068786e-04   9.99814965e-01   3.33588548e-04   3.08328372e-01   5.20779890e-01   9.99903644e-01
    0.5573060401   1.85902994e-04   9.99814132e-01   3.33588677e-04   3.08328905e-01   5.20780398e-01   9.99903210e-01
    0.5598180215   1.86740963e-04   9.99813294e-01   3.33588806e-04   3.08329441e-01   5.20780908e-01   9.99902773e-01
    0.5623413252   1.87582709e-04   9.99812452e-01   3.33588936e-04   3.08329980e-01   5.20781421e-01   9.99902335e-01
    0.5648760024   1.88428249e-04   9.99811607e-01   3.33589067e-04   3.08330521e-01   5.20781937e-01   9.99901895e-01
    0.5674221043   1.89277601e-04   9.99810758e-01   3.33589198e-04   3.08331064e-01   5.20782454e-01   9.99901453e-01
    0.5699796824   1.90130782e-04   9.99809905e-01   3.33589329e-04   3.08331610e-01   5.20782974e-01   9.99901008e-01
    0.5725487884   1.90987808e-04   9.99809049e-01   3.33589462e-04   3.08332158e-01   5.20783496e-01   9.99900562e-01
    0.5751294744   1.91848698e-04   9.99808188e-01   3.33589594e-04   3.08332708e-01   5.20784021e-01   9.99900114e-01
    0.5777217924   1.92713468e-04   9.99807324e-01   3.33589728e-04   3.08333262e-01   5.20784548e-01   9.99899664e-01
    0.5803257950   1.93582137e-04   9.99806455e-01   3.33589862e-04   3.08333817e-01   5.20785077e-01   9.99899212e-01
    0.5829415347   1.94454722e-04   9.99805583e-01   3.33589996e-04   3.08334375e-01   5.20785608e-01   9.99898757e-01
    0.5855690645   1.95331239e-04   9.99804707e-01   3.33590132e-04   3.08334936e-01   5.20786143e-01   9.99898301e-01
    0.5882084376   1.96211708e-04   9.99803827e-01   3.33590267e-04   3.08335499e-01   5.20786679e-01   9.99897843e-01
    0.5908597073   1.97096146e-04   9.99802943e-01   3.33590404e-04   3.08336065e-01   5.20787218e-01   9.99897382e-01
    0.5935229272   1.97984571e-04   9.99802055e-01   3.33590541e-04   3.08336633e-01   5.20787759e-01   9.99896920e-01
    0.5961981513   1.98877001e-04   9.99801163e-01   3.33590679e-04   3.08337204e-01   5.20788303e-01   9.99896455e-01
    0.5988854335   1.99773453e-04   9.99800266e-01   3.33590817e-04   3.08337777e-01   5.20788849e-01   9.99895988e-01
    0.6015848283   2.00673947e-04   9.99799366e-01   3.33590956e-04   3.08338353e-01   5.20789398e-01   9.99895519e-01
    0.6042963902   2.01578500e-04   9.99798462e-01   3.33591095e-04   3.08338932e-01   5.20789949e-01   9.99895048e-01
    0.6070201742   2.02487130e-04   9.99797554e-01   3.33591236e-04   3.08339513e-01   5.20790503e-01   9.99894575e-01
    0.6097562352   2.03399856e-04   9.99796642e-01   3.33591377e-04   3.08340097e-01   5.20791059e-01   9.99894100e-01
    0.6125046287   2.04316697e-04   9.99795725e-01   3.33591518e-04   3.08340683e-01   5.20791617e-01   9.99893623e-01
    0.6152654101   2.05237670e-04   9.99794804e-01   3.33591660e-04   3.08341272e-01   5.20792179e-01   9.99893143e-01
    0.6180386355   2.06162795e-04   9.99793880e-01   3.33591803e-04   3.08341864e-01   5.20792742e-01   9.99892662e-01
    0.6208243607   2.07092090e-04   9.99792951e-01   3.33591946e-04   3.08342458e-01   5.20793308e-01   9.99892178e-01
    0.6236226423   2.08025575e-04   9.99792018e-01   3.33592090e-04   3.08343056e-01   5.20793877e-01   9.99891692e-01
    0.6264335367   2.08963267e-04   9.99791080e-01   3.33592235e-04   3.08343655e-01   5.20794449e-01   9.99891204e-01
    0.6292571008   2.09905186e-04   9.99790139e-01   3.33592380e-04   3.08344258e-01   5.20795022e-01   9.99890713e-01
    0.6320933918   2.10851352e-04   9.99789193e-01   3.33592526e-04   3.08344863e-01   5.20795599e-01   9.99890221e-01
    0.6349424669   2.11801782e-04   9.99788243e-01   3.33592673e-04   3.08345471e-01   5.20796178e-01   9.99889726e-01
    0.6378043839   2.12756497e-04   9.99787289e-01   3.33592820e-04   3.08346082e-01   5.20796760e-01   9.99889229e-01
    0.6406792006   2.13715515e-04   9.99786330e-01   3.33592968e-04   3.08346695e-01   5.20797344e-01   9.99888730e-01
    0.6435669751   2.14678857e-04   9.99785367e-01   3.33593117e-04   3.08347311e-01   5.20797931e-01   9.99888228e-01
    0.6464677659   2.15646541e-04   9.99784400e-01   3.33593266e-04   3.08347930e-01   5.20798521e-01   9.99887724e-01
    0.6493816316   2.16618587e-04   9.99783428e-01   3.33593416e-04   3.08348552e-01   5.20799113e-01   9.99887218e-01
    0.6523086311   2.17595015e-04   9.99782452e-01   3.33593567e-04   3.08349176e-01   5.20799708e-01   9.99886710e-01
    0.6552488237   2.18575845e-04   9.99781472e-01   3.33593718e-04   3.08349804e-01   5.20800305e-01   9.99886199e-01
    0.6582022689   2.19561096e-04   9.99780487e-01   3.33593870e-04   3.08350434e-01   5.20800906e-01   9.99885686e-01
    0.6611690262   2.20550788e-04   9.99779498e-01   3.33594023e-04   3.08351067e-01   5.20801509e-01   9.99885171e-01
    0.6641491559   2.21544941e-04   9.99778504e-01   3.33594176e-04   3.08351703e-01   5.20802114e-01   9.99884653e-01
    0.6671427180   2.22543577e-04   9.99777506e-01   3.33594330e-04   3.08352342e-01   5.20802723e-01   9.99884133e-01
    0.6701497733   2.23546713e-04   9.99776503e-01   3.33594485e-04   3.08352983e-01   5.20803334e-01   9.99883611e-01
    0.6731703824   2.24554372e-04   9.99775496e-01   3.33594640e-04   3.08353628e-01   5.20803948e-01   9.99883087e-01
    0.6762046065   2.25566573e-04   9.99774484e-01   3.33594797e-04   3.08354275e-01   5.20804565e-01   9.99882560e-01
    0.6792525070   2.26583337e-04   9.99773468e-01   3.33594953e-04   3.08354925e-01   5.20805184e-01   9.99882030e-01
    0.6823141455   2.27604685e-04   9.99772447e-01   3.33595111e-04   3.08355579e-01   5.20805807e-01   9.99881498e-01
    0.6853895839   2.28630636e-04   9.99771422e-01   3.33595269e-04   3.08356235e-01   5.20806432e-01   9.99880964e-01
    0.6884788844   2.29661212e-04   9.99770392e-01   3.33595428e-04   3.08356894e-01   5.20807060e-01   9.99880428e-01
    0.6915821095   2.30696434e-04   9.99769357e-01   3.33595588e-04   3.08357556e-01   5.20807690e-01   9.99879889e-01
    0.6946993220   2.31736323e-04   9.99768317e-01   3.33595748e-04   3.08358221e-01   5.20808324e-01   9.99879347e-01
    0.6978305849   2.32780899e-04   9.99767273e-01   3.33595910e-04   3.08358890e-01   5.20808960e-01   9.99878804e-01
    0.7009759615   2.33830184e-04   9.99766224e-01   3.33596072e-04   3.08359561e-01   5.20809600e-01   9.99878257e-01
    0.7041355155   2.34884199e-04   9.99765171e-01   3.33596234e-04   3.08360235e-01   5.20810242e-01   9.99877709e-01
    0.7073093107   2.35942966e-04   9.99764113e-01   3.33596398e-04   3.08360912e-01   5.20810887e-01   9.99877157e-01
    0.7104974114   2.37006505e-04   9.99763050e-01   3.33596562e-04   3.08361592e-01   5.20811535e-01   9.99876604e-01
    0.7136998821   2.38074838e-04   9.99761982e-01   3.33596726e-04   3.08362276e-01   5.20812186e-01   9.99876047e-01
    0.7169167874   2.39147988e-04   9.99760909e-01   3.33596892e-04   3.08362962e-01   5.20812840e-01   9.99875489e-01
    0.7201481925   2.40225975e-04   9.99759832e-01   3.33597058e-04   3.08363652e-01   5.20813497e-01   9.99874927e-01
    0.7233941627   2.41308821e-04   9.99758749e-01   3.33597225e-04   3.08364344e-01   5.20814156e-01   9.99874364e-01
    0.7266547637   2.42396549e-04   9.99757662e-01   3.33597393e-04   3.08365040e-01   5.20814819e-01   9.99873797e-01
    0.7299300614   2.43489180e-04   9.99756570e-01   3.33597562e-04   3.08365739e-01   5.20815485e-01   9.99873229e-01
    0.7332201221   2.44586736e-04   9.99755473e-01   3.33597731e-04   3.08366441e-01   5.20816154e-01   9.99872657e-01
    0.7365250123   2.45689241e-04   9.99754371e-01   3.33597901e-04   3.08367146e-01   5.20816825e-01   9.99872083e-01
    0.7398447988   2.46796715e-04   9.99753264e-01   3.33598072e-04   3.08367854e-01   5.20817500e-01   9.99871507e-01
    0.7431795488   2.47909181e-04   9.99752152e-01   3.33598244e-04   3.08368566e-01   5.20818178e-01   9.99870927e-01
    0.7465293297   2.49026662e-04   9.99751035e-01   3.33598416e-04   3.08369281e-01   5.20818859e-01   9.99870346e-01
    0.7498942093   2.50149181e-04   9.99749913e-01   3.33598589e-04   3.08369999e-01   5.20819543e-01   9.99869761e-01
    0.7532742557   2.51276760e-04   9.99748786e-01   3.33598763e-04   3.08370720e-01   5.20820230e-01   9.99869174e-01
    0.7566695371   2.52409422e-04   9.99747654e-01   3.33598938e-04   3.08371444e-01   5.20820920e-01   9.99868585e-01
    0.7600801224   2.53547190e-04   9.99746517e-01   3.33599114e-04   3.08372172e-01   5.20821613e-01   9.99867992e-01
    0.7635060803   2.54690087e-04   9.99745375e-01   3.33599290e-04   3.08372903e-01   5.20822309e-01   9.99867397e-01
    0.7669474804   2.55838136e-04   9.99744227e-01   3.33599467e-04   3.08373638e-01   5.20823009e-01   9.99866799e-01
    0.7704043920   2.56991360e-04   9.99743075e-01   3.33599645e-04   3.08374375e-01   5.20823711e-01   9.99866199e-01
    0.7738768852   2.58149783e-04   9.99741917e-01   3.33599824e-04   3.08375116e-01   5.20824417e-01   9.99865596e-01
    0.7773650302   2.59313428e-04   9.99740754e-01   3.33600003e-04   3.08375860e-01   5.20825126e-01   9.99864990e-01
    0.7808688976   2.60482318e-04   9.99739586e-01   3.33600184e-04   3.08376608e-01   5.20825838e-01   9.99864382e-01
    0.7843885581   2.61656478e-04   9.99738412e-01   3.33600365e-04   3.08377359e-01   5.20826554e-01   9.99863770e-01
    0.7879240831   2.62835931e-04   9.99737233e-01   3.33600547e-04   3.08378114e-01   5.20827272e-01   9.99863156e-01
    0.7914755439   2.64020700e-04   9.99736049e-01   3.33600730e-04   3.08378871e-01   5.20827994e-01   9.99862539e-01
    0.7950430125   2.65210811e-04   9.99734860e-01   3.33600913e-04   3.08379633e-01   5.20828719e-01   9.99861920e-01
    0.7986265610   2.66406286e-04   9.99733665e-01   3.33601098e-04   3.08380397e-01   5.20829448e-01   9.99861297e-01
    0.8022262618   2.67607151e-04   9.99732464e-01   3.33601283e-04   3.08381165e-01   5.20830179e-01   9.99860672e-01
    0.8058421878   2.68813429e-04   9.99731259e-01   3.33601469e-04   3.08381937e-01   5.20830914e-01   9.99860044e-01
    0.8094744120   2.70025144e-04   9.99730048e-01   3.33601656e-04   3.08382712e-01   5.20831652e-01   9.99859413e-01
    0.8131230081   2.71242322e-04   9.99728831e-01   3.33601844e-04   3.08383490e-01   5.20832394e-01   9.99858780e-01
    0.8167880496   2.72464987e-04   9.99727609e-01   3.33602033e-04   3.08384273e-01   5.20833139e-01   9.99858143e-01
    0.8204696109   2.73693164e-04   9.99726382e-01   3.33602222e-04   3.08385058e-01   5.20833887e-01   9.99857504e-01
    0.8241677663   2.74926877e-04   9.99725149e-01   3.33602413e-04   3.08385847e-01   5.20834639e-01   9.99856862e-01
    0.8278825906   2.76166152e-04   9.99723910e-01   3.33602604e-04   3.08386640e-01   5.20835394e-01   9.99856216e-01
    0.8316141590   2.77411013e-04   9.99722666e-01   3.33602796e-04   3.08387436e-01   5.20836152e-01   9.99855568e-01
    0.8353625470   2.78661486e-04   9.99721416e-01   3.33602989e-04   3.08388236e-01   5.20836914e-01   9.99854917e-01
    0.8391278302   2.79917596e-04   9.99720161e-01   3.33603183e-04   3.08389039e-01   5.20837680e-01   9.99854263e-01
    0.8429100850   2.81179369e-04   9.99718900e-01   3.33603377e-04   3.08389846e-01   5.20838448e-01   9.99853606e-01
    0.8467093878   2.82446830e-04   9.99717633e-01   3.33603573e-04   3.08390657e-01   5.20839221e-01   9.99852947e-01
    0.8505258154   2.83720004e-04   9.99716360e-01   3.33603769e-04   3.08391472e-01   5.20839996e-01   9.99852284e-01
    0.8543594451   2.84998918e-04   9.99715082e-01   3.33603967e-04   3.08392290e-01   5.20840775e-01   9.99851618e-01
    0.8582103543   2.86283597e-04   9.99713798e-01   3.33604165e-04   3.08393111e-01   5.20841558e-01   9.99850949e-01
    0.8620786210   2.87574067e-04   9.99712509e-01   3.33604364e-04   3.08393937e-01   5.20842344e-01   9.99850277e-01
    0.8659643234   2.88870354e-04   9.99711213e-01   3.33604564e-04   3.08394766e-01   5.20843134e-01   9.99849602e-01
    0.8698675400   2.90172486e-04   9.99709912e-01   3.33604765e-04   3.08395599e-01   5.20843927e-01   9.99848924e-01
    0.8737883499   2.91480487e-04   9.99708604e-01   3.33604967e-04   3.08396435e-01   5.20844724e-01   9.99848243e-01
    0.8777268322   2.92794385e-04   9.99707291e-01   3.33605170e-04   3.08397276e-01   5.20845525e-01   9.99847559e-01
    0.8816830668   2.94114205e-04   9.99705972e-01   3.33605373e-04   3.08398120e-01   5.20846329e-01   9.99846872e-01
    0.8856571335   2.95439976e-04   9.99704647e-01   3.33605578e-04   3.08398968e-01   5.20847137e-01   9.99846182e-01
    0.8896491128   2.96771723e-04   9.99703316e-01   3.33605783e-04   3.08399820e-01   5.20847948e-01   9.99845489e-01
    0.8936590854   2.98109473e-04   9.99701979e-01   3.33605990e-04   3.08400675e-01   5.20848763e-01   9.99844792e-01
    0.8976871324   2.99453254e-04   9.99700636e-01   3.33606197e-04   3.08401535e-01   5.20849582e-01   9.99844093e-01
    0.9017333353   3.00803093e-04   9.99699287e-01   3.33606405e-04   3.08402398e-01   5.20850404e-01   9.99843390e-01
    0.9057977759   3.02159017e-04   9.99697932e-01   3.33606615e-04   3.08403266e-01   5.20851230e-01   9.99842684e-01
    0.9098805365   3.03521053e-04   9.99696571e-01   3.33606825e-04   3.08404137e-01   5.20852060e-01   9.99841975e-01
    0.9139816995   3.04889230e-04   9.99695204e-01   3.33607036e-04   3.08405012e-01   5.20852894e-01   9.99841263e-01
    0.9181013479   3.06263574e-04   9.99693830e-01   3.33607248e-04   3.08405891e-01   5.20853731e-01   9.99840547e-01
    0.9222395651   3.07644114e-04   9.99692451e-01   3.33607461e-04   3.08406774e-01   5.20854572e-01   9.99839828e-01
    0.9263964348   3.09030877e-04   9.99691065e-01   3.33607675e-04   3.08407661e-01   5.20855417e-01   9.99839106e-01
    0.9305720409   3.10423891e-04   9.99689672e-01   3.33607890e-04   3.08408552e-01   5.20856266e-01   9.99838381e-01
    0.9347664681   3.11823186e-04   9.99688274e-01   3.33608106e-04   3.08409447e-01   5.20857118e-01   9.99837653e-01
    0.9389798010   3.13228788e-04   9.99686869e-01   3.33608323e-04   3.08410346e-01   5.20857975e-01   9.99836921e-01
    0.9432121250   3.14640727e-04   9.99685458e-01   3.33608541e-04   3.08411249e-01   5.20858835e-01   9.99836186e-01
    0.9474635257   3.16059031e-04   9.99684041e-01   3.33608760e-04   3.08412157e-01   5.20859699e-01   9.99835448e-01
    0.9517340889   3.17483729e-04   9.99682617e-01   3.33608979e-04   3.08413068e-01   5.20860567e-01   9.99834706e-01
    0.9560239011   3.18914850e-04   9.99681187e-01   3.33609200e-04   3.08413983e-01   5.20861439e-01   9.99833961e-01
    0.9603330491   3.20352421e-04   9.99679750e-01   3.33609422e-04   3.08414903e-01   5.20862315e-01   9.99833212e-01
    0.9646616199   3.21796474e-04   9.99678307e-01   3.33609645e-04   3.08415826e-01   5.20863194e-01   9.99832461e-01
    0.9690097012   3.23247036e-04   9.99676857e-01   3.33609869e-04   3.08416754e-01   5.20864078e-01   9.99831705e-01
    0.9733773809   3.24704138e-04   9.99675401e-01   3.33610094e-04   3.08417686e-01   5.20864966e-01   9.99830947e-01
    0.9777647473   3.26167808e-04   9.99673939e-01   3.33610319e-04   3.08418622e-01   5.20865858e-01   9.99830185e-01
    0.9821718892   3.27638077e-04   9.99672469e-01   3.33610546e-04   3.08419563e-01   5.20866753e-01   9.99829419e-01
    0.9865988957   3.29114973e-04   9.99670993e-01   3.33610774e-04   3.08420508e-01   5.20867653e-01   9.99828651e-01
    0.9910458562   3.30598528e-04   9.99669511e-01   3.33611003e-04   3.08421457e-01   5.20868557e-01   9.99827878e-01
    0.9955128609   3.32088770e-04   9.99668021e-01   3.33611233e-04   3.08422410e-01   5.20869465e-01   9.99827102e-01
    1.0000000000   3.33585731e-04   9.99666526e-01   3.33611464e-04   3.08423367e-01   5.20870377e-01   9.99826323e-01
    1.0045073643   3.35089439e-04   9.99665023e-01   3.33611696e-04   3.08424329e-01   5.20871293e-01   9.99825540e-01
    1.0090350448   3.36599927e-04   9.99663513e-01   3.33611929e-04   3.08425295e-01   5.20872213e-01   9.99824754e-01
    1.0135831333   3.38117224e-04   9.99661997e-01   3.33612163e-04   3.08426266e-01   5.20873138e-01   9.99823964e-01
    1.0181517217   3.39641362e-04   9.99660474e-01   3.33612399e-04   3.08427241e-01   5.20874066e-01   9.99823170e-01
    1.0227409024   3.41172370e-04   9.99658944e-01   3.33612635e-04   3.08428220e-01   5.20874999e-01   9.99822373e-01
    1.0273507682   3.42710280e-04   9.99657407e-01   3.33612872e-04   3.08429204e-01   5.20875936e-01   9.99821573e-01
    1.0319814123   3.44255123e-04   9.99655863e-01   3.33613111e-04   3.08430192e-01   5.20876877e-01   9.99820768e-01
    1.0366329284   3.45806930e-04   9.99654313e-01   3.33613350e-04   3.08431184e-01   5.20877822e-01   9.99819961e-01
    1.0413054106   3.47365733e-04   9.99652755e-01   3.33613591e-04   3.08432181e-01   5.20878772e-01   9.99819149e-01
    1.0459989534   3.48931563e-04   9.99651190e-01   3.33613832e-04   3.08433183e-01   5.20879726e-01   9.99818334e-01
    1.0507136517   3.50504452e-04   9.99649618e-01   3.33614075e-04   3.08434189e-01   5.20880684e-01   9.99817515e-01
    1.0554496009   3.52084432e-04   9.99648039e-01   3.33614319e-04   3.08435200e-01   5.20881647e-01   9.99816693e-01
    1.0602068967   3.53671535e-04   9.99646454e-01   3.33614564e-04   3.08436215e-01   5.20882614e-01   9.99815866e-01
    1.0649856354   3.55265792e-04   9.99644860e-01   3.33614810e-04   3.08437235e-01   5.20883585e-01   9.99815036e-01
    1.0697859135   3.56867237e-04   9.99643260e-01   3.33615057e-04   3.08438259e-01   5.20884561e-01   9.99814203e-01
    1.0746078283   3.58475901e-04   9.99641653e-01   3.33615305e-04   3.08439288e-01   5.20885541e-01   9.99813365e-01
    1.0794514772   3.60091817e-04   9.99640038e-01   3.33615555e-04   3.08440321e-01   5.20886525e-01   9.99812524e-01
    1.0843169582   3.61715018e-04   9.99638416e-01   3.33615805e-04   3.08441360e-01   5.20887514e-01   9.99811679e-01
    1.0892043697   3.63345536e-04   9.99636786e-01   3.33616057e-04   3.08442403e-01   5.20888507e-01   9.99810830e-01
    1.0941138106   3.64983405e-04   9.99635150e-01   3.33616309e-04   3.08443450e-01   5.20889505e-01   9.99809977e-01
    1.0990453801   3.66628657e-04   9.99633506e-01   3.33616563e-04   3.08444503e-01   5.20890507e-01   9.99809121e-01
    1.1039991779   3.68281327e-04   9.99631854e-01   3.33616818e-04   3.08445560e-01   5.20891514e-01   9.99808260e-01
    1.1089753043   3.69941447e-04   9.99630195e-01   3.33617075e-04   3.08446622e-01   5.20892526e-01   9.99807396e-01
    1.1139738600   3.71609051e-04   9.99628529e-01   3.33617332e-04   3.08447688e-01   5.20893542e-01   9.99806528e-01
    1.1189949460   3.73284173e-04   9.99626855e-01   3.33617590e-04   3.08448760e-01   5.20894562e-01   9.99805656e-01
    1.1240386638   3.74966847e-04   9.99625174e-01   3.33617850e-04   3.08449836e-01   5.20895587e-01   9.99804780e-01
    1.1291051155   3.76657106e-04   9.99623485e-01   3.33618111e-04   3.08450917e-01   5.20896617e-01   9.99803900e-01
    1.1341944035   3.78354986e-04   9.99621788e-01   3.33618373e-04   3.08452003e-01   5.20897651e-01   9.99803016e-01
    1.1393066308   3.80060519e-04   9.99620084e-01   3.33618636e-04   3.08453094e-01   5.20898690e-01   9.99802128e-01
    1.1444419008   3.81773742e-04   9.99618372e-01   3.33618901e-04   3.08454190e-01   5.20899734e-01   9.99801236e-01
    1.1496003173   3.83494688e-04   9.99616652e-01   3.33619166e-04   3.08455291e-01   5.20900783e-01   9.99800340e-01
    1.1547819847   3.85223392e-04   9.99614925e-01   3.33619433e-04   3.08456397e-01   5.20901836e-01   9.99799440e-01
    1.1599870077   3.86959890e-04   9.99613190e-01   3.33619701e-04   3.08457507e-01   5.20902894e-01   9.99798536e-01
    1.1652154917   3.88704215e-04   9.99611447e-01   3.33619970e-04   3.08458623e-01   5.20903956e-01   9.99797628e-01
    1.1704675424   3.90456405e-04   9.99609696e-01   3.33620241e-04   3.08459744e-01   5.20905024e-01   9.99796716e-01
    1.1757432659   3.92216494e-04   9.99607937e-01   3.33620512e-04   3.08460870e-01   5.20906096e-01   9.99795800e-01
    1.1810427691   3.93984518e-04   9.99606171e-01   3.33620785e-04   3.08462000e-01   5.20907173e-01   9.99794879e-01
    1.1863661591   3.95760512e-04   9.99604396e-01   3.33621059e-04   3.08463136e-01   5.20908255e-01   9.99793955e-01
    1.1917135435   3.97544513e-04   9.99602613e-01   3.33621334e-04   3.08464278e-01   5.20909342e-01   9.99793026e-01
    1.1970850305   3.99336556e-04   9.99600823e-01   3.33621611e-04   3.08465424e-01   5.20910433e-01   9.99792093e-01
    1.2024807288   4.01136679e-04   9.99599024e-01   3.33621889e-04   3.08466575e-01   5.20911530e-01   9.99791156e-01
    1.2079007474   4.02944916e-04   9.99597217e-01   3.33622168e-04   3.08467732e-01   5.20912632e-01   9.99790215e-01
    1.2133451961   4.04761306e-04   9.99595402e-01   3.33622448e-04   3.08468894e-01   5.20913738e-01   9.99789269e-01
    1.2188141848   4.06585884e-04   9.99593579e-01   3.33622730e-04   3.08470061e-01   5.20914850e-01   9.99788319e-01
    1.2243078243   4.08418688e-04   9.99591748e-01   3.33623013e-04   3.08471233e-01   5.20915966e-01   9.99787365e-01
    1.2298262257   4.10259754e-04   9.99589908e-01   3.33623297e-04   3.08472411e-01   5.20917088e-01   9.99786407e-01
    1.2353695004   4.12109121e-04   9.99588061e-01   3.33623582e-04   3.08473594e-01   5.20918215e-01   9.99785444e-01
    1.2409377608   4.13966824e-04   9.99586204e-01   3.33623869e-04   3.08474782e-01   5.20919346e-01   9.99784477e-01
    1.2465311193   4.15832903e-04   9.99584340e-01   3.33624157e-04   3.08475976e-01   5.20920483e-01   9.99783505e-01
    1.2521496891   4.17707394e-04   9.99582467e-01   3.33624446e-04   3.08477175e-01   5.20921625e-01   9.99782529e-01
    1.2577935838   4.19590337e-04   9.99580586e-01   3.33624737e-04   3.08478379e-01   5.20922772e-01   9.99781549e-01
    1.2634629177   4.21481767e-04   9.99578696e-01   3.33625029e-04   3.08479589e-01   5.20923924e-01   9.99780565e-01
    1.2691578052   4.23381725e-04   9.99576797e-01   3.33625322e-04   3.08480804e-01   5.20925082e-01   9.99779575e-01
    1.2748783618   4.25290249e-04   9.99574891e-01   3.33625617e-04   3.08482025e-01   5.20926244e-01   9.99778582e-01
    1.2806247029   4.27207376e-04   9.99572975e-01   3.33625912e-04   3.08483251e-01   5.20927412e-01   9.99777584e-01
    1.2863969449   4.29133146e-04   9.99571051e-01   3.33626210e-04   3.08484483e-01   5.20928585e-01   9.99776581e-01
    1.2921952045   4.31067599e-04   9.99569118e-01   3.33626508e-04   3.08485720e-01   5.20929764e-01   9.99775574e-01
    1.2980195990   4.33010772e-04   9.99567177e-01   3.33626808e-04   3.08486963e-01   5.20930948e-01   9.99774563e-01
    1.3038702462   4.34962706e-04   9.99565226e-01   3.33627109e-04   3.08488212e-01   5.20932137e-01   9.99773546e-01
    1.3097472643   4.36923439e-04   9.99563267e-01   3.33627412e-04   3.08489466e-01   5.20933331e-01   9.99772526e-01
    1.3156507723   4.38893012e-04   9.99561300e-01   3.33627716e-04   3.08490726e-01   5.20934531e-01   9.99771500e-01
    1.3215808896   4.40871464e-04   9.99559323e-01   3.33628021e-04   3.08491991e-01   5.20935736e-01   9.99770470e-01
    1.3275377360   4.42858836e-04   9.99557337e-01   3.33628328e-04   3.08493263e-01   5.20936947e-01   9.99769436e-01
    1.3335214322   4.44855168e-04   9.99555343e-01   3.33628636e-04   3.08494539e-01   5.20938163e-01   9.99768397e-01
    1.3395320990   4.46860499e-04   9.99553339e-01   3.33628946e-04   3.08495822e-01   5.20939385e-01   9.99767353e-01
    1.3455698581   4.48874871e-04   9.99551327e-01   3.33629257e-04   3.08497111e-01   5.20940612e-01   9.99766304e-01
    1.3516348316   4.50898325e-04   9.99549305e-01   3.33629569e-04   3.08498405e-01   5.20941844e-01   9.99765251e-01
    1.3577271421   4.52930901e-04   9.99547274e-01   3.33629883e-04   3.08499705e-01   5.20943083e-01   9.99764192e-01
    1.3638469129   4.54972640e-04   9.99545234e-01   3.33630198e-04   3.08501011e-01   5.20944326e-01   9.99763130e-01
    1.3699942677   4.57023584e-04   9.99543185e-01   3.33630514e-04   3.08502323e-01   5.20945576e-01   9.99762062e-01
    1.3761693309   4.59083775e-04   9.99541127e-01   3.33630832e-04   3.08503641e-01   5.20946831e-01   9.99760989e-01
    1.3823722274   4.61153253e-04   9.99539059e-01   3.33631152e-04   3.08504964e-01   5.20948091e-01   9.99759912e-01
    1.3886030825   4.63232062e-04   9.99536982e-01   3.33631473e-04   3.08506294e-01   5.20949358e-01   9.99758830e-01
    1.3948620224   4.65320242e-04   9.99534896e-01   3.33631795e-04   3.08507630e-01   5.20950630e-01   9.99757743e-01
    1.4011491736   4.67417837e-04   9.99532801e-01   3.33632119e-04   3.08508972e-01   5.20951908e-01   9.99756651e-01
    1.4074646633   4.69524888e-04   9.99530695e-01   3.33632444e-04   3.08510319e-01   5.20953191e-01   9.99755554e-01
    1.4138086193   4.71641439e-04   9.99528581e-01   3.33632771e-04   3.08511673e-01   5.20954481e-01   9.99754452e-01
    1.4201811697   4.73767531e-04   9.99526457e-01   3.33633099e-04   3.08513033e-01   5.20955776e-01   9.99753345e-01
    1.4265824435   4.75903209e-04   9.99524323e-01   3.33633428e-04   3.08514399e-01   5.20957077e-01   9.99752234e-01
    1.4330125702   4.78048515e-04   9.99522180e-01   3.33633759e-04   3.08515771e-01   5.20958383e-01   9.99751117e-01
    1.4394716799   4.80203494e-04   9.99520027e-01   3.33634092e-04   3.08517150e-01   5.20959696e-01   9.99749995e-01
    1.4459599031   4.82368187e-04   9.99517864e-01   3.33634426e-04   3.08518534e-01   5.20961015e-01   9.99748868e-01
    1.4524773710   4.84542640e-04   9.99515692e-01   3.33634762e-04   3.08519925e-01   5.20962339e-01   9.99747736e-01
    1.4590242156   4.86726896e-04   9.99513510e-01   3.33635099e-04   3.08521323e-01   5.20963670e-01   9.99746599e-01
    1.4656005692   4.88920999e-04   9.99511318e-01   3.33635438e-04   3.08522726e-01   5.20965007e-01   9.99745457e-01
    1.4722065648   4.91124995e-04   9.99509116e-01   3.33635778e-04   3.08524136e-01   5.20966349e-01   9.99744309e-01
    1.4788423361   4.93338927e-04   9.99506904e-01   3.33636120e-04   3.08525552e-01   5.20967698e-01   9.99743157e-01
    1.4855080172   4.95562840e-04   9.99504683e-01   3.33636463e-04   3.08526974e-01   5.20969053e-01   9.99741999e-01
    1.4922037429   4.97796779e-04   9.99502451e-01   3.33636808e-04   3.08528403e-01   5.20970413e-01   9.99740836e-01
    1.4989296487   5.00040790e-04   9.99500209e-01   3.33637154e-04   3.08529839e-01   5.20971780e-01   9.99739668e-01
    1.5056858706   5.02294918e-04   9.99497957e-01   3.33637502e-04   3.08531281e-01   5.20973153e-01   9.99738495e-01
    1.5124725453   5.04559208e-04   9.99495695e-01   3.33637851e-04   3.08532729e-01   5.20974533e-01   9.99737316e-01
    1.5192898100   5.06833707e-04   9.99493423e-01   3.33638203e-04   3.08534184e-01   5.20975918e-01   9.99736132e-01
    1.5261378026   5.09118460e-04   9.99491141e-01   3.33638555e-04   3.08535645e-01   5.20977310e-01   9.99734942e-01
    1.5330166616   5.11413514e-04   9.99488848e-01   3.33638909e-04   3.08537113e-01   5.20978708e-01   9.99733748e-01
    1.5399265261   5.13718915e-04   9.99486545e-01   3.33639265e-04   3.08538588e-01   5.20980112e-01   9.99732548e-01
    1.5468675358   5.16034710e-04   9.99484231e-01   3.33639623e-04   3.08540069e-01   5.20981523e-01   9.99731342e-01
    1.5538398313   5.18360945e-04   9.99481908e-01   3.33639982e-04   3.08541557e-01   5.20982940e-01   9.99730131e-01
    1.5608435534   5.20697668e-04   9.99479573e-01   3.33640343e-04   3.08543052e-01   5.20984363e-01   9.99728915e-01
    1.5678788438   5.23044926e-04   9.99477229e-01   3.33640705e-04   3.08544553e-01   5.20985793e-01   9.99727693e-01
    1.5749458449   5.25402766e-04   9.99474873e-01   3.33641069e-04   3.08546062e-01   5.20987229e-01   9.99726465e-01
    1.5820446995   5.27771237e-04   9.99472507e-01   3.33641434e-04   3.08547577e-01   5.20988672e-01   9.99725232e-01
    1.5891755512   5.30150386e-04   9.99470131e-01   3.33641802e-04   3.08549098e-01   5.20990121e-01   9.99723994e-01
    1.5963385443   5.32540261e-04   9.99467743e-01   3.33642171e-04   3.08550627e-01   5.20991577e-01   9.99722750e-01
    1.6035338236   5.34940911e-04   9.99465345e-01   3.33642541e-04   3.08552163e-01   5.20993039e-01   9.99721500e-01
    1.6107615346   5.37352384e-04   9.99462936e-01   3.33642913e-04   3.08553705e-01   5.20994508e-01   9.99720245e-01
    1.6180218236   5.39774730e-04   9.99460516e-01   3.33643287e-04   3.08555255e-01   5.20995984e-01   9.99718984e-01
    1.6253148373   5.42207996e-04   9.99458086e-01   3.33643663e-04   3.08556811e-01   5.20997466e-01   9.99717717e-01
    1.6326407233   5.44652233e-04   9.99455644e-01   3.33644040e-04   3.08558374e-01   5.20998955e-01   9.99716445e-01
    1.6399996297   5.47107490e-04   9.99453192e-01   3.33644419e-04   3.08559945e-01   5.21000451e-01   9.99715166e-01
    1.6473917055   5.49573816e-04   9.99450728e-01   3.33644800e-04   3.08561523e-01   5.21001953e-01   9.99713883e-01
    1.6548170999   5.52051262e-04   9.99448253e-01   3.33645182e-04   3.08563107e-01   5.21003462e-01   9.99712593e-01
    1.6622759634   5.54539877e-04   9.99445767e-01   3.33645567e-04   3.08564699e-01   5.21004978e-01   9.99711297e-01
    1.6697684466   5.57039712e-04   9.99443270e-01   3.33645952e-04   3.08566298e-01   5.21006501e-01   9.99709996e-01
    1.6772947013   5.59550818e-04   9.99440762e-01   3.33646340e-04   3.08567904e-01   5.21008030e-01   9.99708689e-01
    1.6848548794   5.62073245e-04   9.99438243e-01   3.33646729e-04   3.08569518e-01   5.21009567e-01   9.99707376e-01
    1.6924491341   5.64607045e-04   9.99435712e-01   3.33647121e-04   3.08571139e-01   5.21011110e-01   9.99706057e-01
    1.7000776188   5.67152269e-04   9.99433169e-01   3.33647513e-04   3.08572767e-01   5.21012660e-01   9.99704732e-01
    1.7077404879   5.69708967e-04   9.99430615e-01   3.33647908e-04   3.08574402e-01   5.21014218e-01   9.99703401e-01
    1.7154378963   5.72277193e-04   9.99428050e-01   3.33648305e-04   3.08576045e-01   5.21015782e-01   9.99702064e-01
    1.7231699998   5.74856998e-04   9.99425473e-01   3.33648703e-04   3.08577695e-01   5.21017353e-01   9.99700721e-01
    1.7309369547   5.77448434e-04   9.99422885e-01   3.33649103e-04   3.08579353e-01   5.21018932e-01   9.99699372e-01
    1.7387389180   5.80051553e-04   9.99420285e-01   3.33649505e-04   3.08581018e-01   5.21020517e-01   9.99698017e-01
    1.7465760477   5.82666409e-04   9.99417673e-01   3.33649908e-04   3.08582690e-01   5.21022110e-01   9.99696656e-01
    1.7544485021   5.85293055e-04   9.99415049e-01   3.33650314e-04   3.08584371e-01   5.21023710e-01   9.99695288e-01
    1.7623564406   5.87931543e-04   9.99412414e-01   3.33650721e-04   3.08586058e-01   5.21025317e-01   9.99693915e-01
    1.7703000230   5.90581926e-04   9.99409767e-01   3.33651130e-04   3.08587754e-01   5.21026932e-01   9.99692535e-01
    1.7782794100   5.93244259e-04   9.99407107e-01   3.33651541e-04   3.08589457e-01   5.21028553e-01   9.99691149e-01
    1.7862947631   5.95918596e-04   9.99404436e-01   3.33651954e-04   3.08591167e-01   5.21030182e-01   9.99689757e-01
    1.7943462442   5.98604990e-04   9.99401753e-01   3.33652369e-04   3.08592886e-01   5.21031819e-01   9.99688359e-01
    1.8024340164   6.01303496e-04   9.99399058e-01   3.33652786e-04   3.08594612e-01   5.21033462e-01   9.99686954e-01
    1.8105582430   6.04014169e-04   9.99396350e-01   3.33653204e-04   3.08596346e-01   5.21035113e-01   9.99685543e-01
    1.8187190885   6.06737063e-04   9.99393631e-01   3.33653624e-04   3.08598087e-01   5.21036772e-01   9.99684126e-01
    1.8269167179   6.09472233e-04   9.99390899e-01   3.33654047e-04   3.08599837e-01   5.21038438e-01   9.99682702e-01
    1.8351512971   6.12219735e-04   9.99388155e-01   3.33654471e-04   3.08601594e-01   5.21040111e-01   9.99681272e-01
    1.8434229924   6.14979625e-04   9.99385398e-01   3.33654897e-04   3.08603360e-01   5.21041792e-01   9.99679835e-01
    1.8517319713   6.17751959e-04   9.99382629e-01   3.33655325e-04   3.08605133e-01   5.21043481e-01   9.99678392e-01
    1.8600784018   6.20536791e-04   9.99379848e-01   3.33655755e-04   3.08606915e-01   5.21045177e-01   9.99676942e-01
    1.8684624527   6.23334180e-04   9.99377054e-01   3.33656187e-04   3.08608704e-01   5.21046881e-01   9.99675486e-01
    1.8768842936   6.26144181e-04   9.99374248e-01   3.33656621e-04   3.08610501e-01   5.21048593e-01   9.99674023e-01
    1.8853440948   6.28966852e-04   9.99371428e-01   3.33657056e-04   3.08612307e-01   5.21050312e-01   9.99672554e-01
    1.8938420273   6.31802249e-04   9.99368597e-01   3.33657494e-04   3.08614121e-01   5.21052039e-01   9.99671078e-01
    1.9023782632   6.34650430e-04   9.99365752e-01   3.33657934e-04   3.08615943e-01   5.21053774e-01   9.99669595e-01
    1.9109529750   6.37511452e-04   9.99362895e-01   3.33658375e-04   3.08617773e-01   5.21055516e-01   9.99668106e-01
    1.9195663361   6.40385374e-04   9.99360024e-01   3.33658819e-04   3.08619611e-01   5.21057267e-01   9.99666610e-01
    1.9282185208   6.43272254e-04   9.99357141e-01   3.33659265e-04   3.08621458e-01   5.21059025e-01   9.99665107e-01
    1.9369097040   6.46172150e-04   9.99354245e-01   3.33659713e-04   3.08623313e-01   5.21060791e-01   9.99663598e-01
    1.9456400616   6.49085120e-04   9.99351336e-01   3.33660162e-04   3.08625176e-01   5.21062566e-01   9.99662081e-01
    1.9544097701   6.52011225e-04   9.99348414e-01   3.33660614e-04   3.08627048e-01   5.21064348e-01   9.99660558e-01
    1.9632190068   6.54950522e-04   9.99345478e-01   3.33661068e-04   3.08628928e-01   5.21066138e-01   9.99659028e-01
    1.9720679500   6.57903072e-04   9.99342529e-01   3.33661524e-04   3.08630816e-01   5.21067936e-01   9.99657491e-01
    1.9809567786   6.60868934e-04   9.99339568e-01   3.33661982e-04   3.08632714e-01   5.21069743e-01   9.99655947e-01
    1.9898856723   6.63848168e-04   9.99336592e-01   3.33662442e-04   3.08634619e-01   5.21071557e-01   9.99654396e-01
    1.9988548119   6.66840835e-04   9.99333604e-01   3.33662904e-04   3.08636534e-01   5.21073380e-01   9.99652838e-01
    2.0078643786   6.69846996e-04   9.99330601e-01   3.33663368e-04   3.08638456e-01   5.21075211e-01   9.99651274e-01
    2.0169145547   6.72866710e-04   9.99327586e-01   3.33663834e-04   3.08640388e-01   5.21077050e-01   9.99649702e-01
    2.0260055233   6.75900040e-04   9.99324556e-01   3.33664302e-04   3.08642328e-01   5.21078898e-01   9.99648123e-01
    2.0351374682   6.78947046e-04   9.99321514e-01   3.33664773e-04   3.08644277e-01   5.21080754e-01   9.99646537e-01
    2.0443105741   6.82007790e-04   9.99318457e-01   3.33665245e-04   3.08646235e-01   5.21082618e-01   9.99644943e-01
    2.0535250265   6.85082335e-04   9.99315387e-01   3.33665720e-04   3.08648202e-01   5.21084490e-01   9.99643343e-01
    2.0627810118   6.88170742e-04   9.99312303e-01   3.33666197e-04   3.08650178e-01   5.21086371e-01   9.99641735e-01
    2.0720787172   6.91273075e-04   9.99309204e-01   3.33666676e-04   3.08652162e-01   5.21088261e-01   9.99640120e-01
    2.0814183307   6.94389395e-04   9.99306092e-01   3.33667157e-04   3.08654155e-01   5.21090159e-01   9.99638498e-01
    2.0908000413   6.97519766e-04   9.99302966e-01   3.33667640e-04   3.08656158e-01   5.21092065e-01   9.99636869e-01
    2.1002240386   7.00664251e-04   9.99299826e-01   3.33668126e-04   3.08658169e-01   5.21093981e-01   9.99635232e-01
    2.1096905134   7.03822914e-04   9.99296672e-01   3.33668614e-04   3.08660190e-01   5.21095904e-01   9.99633588e-01
    2.1191996570   7.06995819e-04   9.99293504e-01   3.33669104e-04   3.08662219e-01   5.21097837e-01   9.99631936e-01
    2.1287516618   7.10183030e-04   9.99290321e-01   3.33669596e-04   3.08664258e-01   5.21099778e-01   9.99630277e-01
    2.1383467209   7.13384612e-04   9.99287124e-01   3.33670090e-04   3.08666306e-01   5.21101728e-01   9.99628611e-01
    2.1479850285   7.16600630e-04   9.99283913e-01   3.33670587e-04   3.08668363e-01   5.21103687e-01   9.99626936e-01
    2.1576667795   7.19831148e-04   9.99280687e-01   3.33671085e-04   3.08670430e-01   5.21105654e-01   9.99625255e-01
    2.1673921696   7.23076231e-04   9.99277446e-01   3.33671586e-04   3.08672506e-01   5.21107631e-01   9.99623566e-01
    2.1771613956   7.26335947e-04   9.99274191e-01   3.33672090e-04   3.08674591e-01   5.21109616e-01   9.99621869e-01
    2.1869746550   7.29610360e-04   9.99270922e-01   3.33672595e-04   3.08676685e-01   5.21111610e-01   9.99620164e-01
    2.1968321464   7.32899538e-04   9.99267637e-01   3.33673103e-04   3.08678789e-01   5.21113613e-01   9.99618452e-01
    2.2067340691   7.36203545e-04   9.99264338e-01   3.33673613e-04   3.08680903e-01   5.21115626e-01   9.99616732e-01
    2.2166806233   7.39522451e-04   9.99261024e-01   3.33674126e-04   3.08683026e-01   5.21117647e-01   9.99615005e-01
    2.2266720104   7.42856321e-04   9.99257695e-01   3.33674641e-04   3.08685158e-01   5.21119677e-01   9.99613270e-01
    2.2367084322   7.46205223e-04   9.99254351e-01   3.33675158e-04   3.08687300e-01   5.21121717e-01   9.99611526e-01
    2.2467900918   7.49569225e-04   9.99250992e-01   3.33675677e-04   3.08689452e-01   5.21123766e-01   9.99609775e-01
    2.2569171932   7.52948395e-04   9.99247618e-01   3.33676199e-04   3.08691614e-01   5.21125824e-01   9.99608016e-01
    2.2670899410   7.56342801e-04   9.99244229e-01   3.33676723e-04   3.08693785e-01   5.21127891e-01   9.99606249e-01
    2.2773085412   7.59752513e-04   9.99240824e-01   3.33677250e-04   3.08695966e-01   5.21129968e-01   9.99604475e-01
    2.2875732003   7.63177599e-04   9.99237404e-01   3.33677779e-04   3.08698157e-01   5.21132054e-01   9.99602692e-01
    2.2978841260   7.66618128e-04   9.99233969e-01   3.33678310e-04   3.08700358e-01   5.21134149e-01   9.99600901e-01
    2.3082415268   7.70074171e-04   9.99230518e-01   3.33678844e-04   3.08702569e-01   5.21136254e-01   9.99599102e-01
    2.3186456121   7.73545797e-04   9.99227052e-01   3.33679380e-04   3.08704789e-01   5.21138368e-01   9.99597295e-01
    2.3290965925   7.77033077e-04   9.99223570e-01   3.33679918e-04   3.08707020e-01   5.21140492e-01   9.99595480e-01
    2.3395946792   7.80536080e-04   9.99220073e-01   3.33680459e-04   3.08709261e-01   5.21142625e-01   9.99593656e-01
    2.3501400846   7.84054879e-04   9.99216559e-01   3.33681002e-04   3.08711512e-01   5.21144768e-01   9.99591825e-01
    2.3607330220   7.87589544e-04   9.99213030e-01   3.33681548e-04   3.08713773e-01   5.21146921e-01   9.99589985e-01
    2.3713737057   7.91140146e-04   9.99209485e-01   3.33682097e-04   3.08716044e-01   5.21149083e-01   9.99588136e-01
    2.3820623507   7.94706759e-04   9.99205924e-01   3.33682647e-04   3.08718326e-01   5.21151255e-01   9.99586280e-01
    2.3927991734   7.98289453e-04   9.99202347e-01   3.33683201e-04   3.08720617e-01   5.21153437e-01   9.99584415e-01
    2.4035843909   8.01888302e-04   9.99198754e-01   3.33683756e-04   3.08722920e-01   5.21155629e-01   9.99582542e-01
    2.4144182213   8.05503378e-04   9.99195145e-01   3.33684315e-04   3.08725232e-01   5.21157830e-01   9.99580660e-01
    2.4253008836   8.09134755e-04   9.99191519e-01   3.33684875e-04   3.08727555e-01   5.21160042e-01   9.99578770e-01
    2.4362325982   8.12782506e-04   9.99187878e-01   3.33685439e-04   3.08729888e-01   5.21162263e-01   9.99576871e-01
    2.4472135859   8.16446705e-04   9.99184219e-01   3.33686005e-04   3.08732232e-01   5.21164495e-01   9.99574964e-01
    2.4582440689   8.20127426e-04   9.99180545e-01   3.33686573e-04   3.08734587e-01   5.21166736e-01   9.99573048e-01
    2.4693242704   8.23824743e-04   9.99176853e-01   3.33687144e-04   3.08736952e-01   5.21168988e-01   9.99571123e-01
    2.4804544143   8.27538733e-04   9.99173146e-01   3.33687718e-04   3.08739328e-01   5.21171250e-01   9.99569190e-01
    2.4916347259   8.31269469e-04   9.99169421e-01   3.33688294e-04   3.08741714e-01   5.21173522e-01   9.99567248e-01
    2.5028654312   8.35017027e-04   9.99165680e-01   3.33688872e-04   3.08744111e-01   5.21175804e-01   9.99565298e-01
    2.5141467574   8.38781483e-04   9.99161921e-01   3.33689454e-04   3.08746519e-01   5.21178097e-01   9.99563338e-01
    2.5254789326   8.42562914e-04   9.99158146e-01   3.33690038e-04   3.08748938e-01   5.21180399e-01   9.99561370e-01
    2.5368621860   8.46361395e-04   9.99154354e-01   3.33690624e-04   3.08751368e-01   5.21182713e-01   9.99559393e-01
    2.5482967480   8.50177005e-04   9.99150545e-01   3.33691214e-04   3.08753809e-01   5.21185036e-01   9.99557407e-01
    2.5597828497   8.54009819e-04   9.99146719e-01   3.33691806e-04   3.08756261e-01   5.21187370e-01   9.99555412e-01
    2.5713207234   8.57859917e-04   9.99142875e-01   3.33692400e-04   3.08758723e-01   5.21189715e-01   9.99553408e-01
    2.5829106025   8.61727375e-04   9.99139015e-01   3.33692998e-04   3.08761197e-01   5.21192070e-01   9.99551395e-01
    2.5945527214   8.65612272e-04   9.99135136e-01   3.33693598e-04   3.08763683e-01   5.21194436e-01   9.99549373e-01
    2.6062473156   8.69514687e-04   9.99131241e-01   3.33694200e-04   3.08766179e-01   5.21196812e-01   9.99547341e-01
    2.6179946216   8.73434698e-04   9.99127328e-01   3.33694806e-04   3.08768686e-01   5.21199200e-01   9.99545301e-01
    2.6297948770   8.77372386e-04   9.99123397e-01   3.33695414e-04   3.08771205e-01   5.21201597e-01   9.99543251e-01
    2.6416483204   8.81327829e-04   9.99119448e-01   3.33696025e-04   3.08773736e-01   5.21204006e-01   9.99541192e-01
    2.6535551916   8.85301108e-04   9.99115482e-01   3.33696638e-04   3.08776277e-01   5.21206426e-01   9.99539124e-01
    2.6655157314   8.89292304e-04   9.99111498e-01   3.33697255e-04   3.08778830e-01   5.21208856e-01   9.99537047e-01
    2.6775301817   8.93301497e-04   9.99107496e-01   3.33697874e-04   3.08781395e-01   5.21211298e-01   9.99534960e-01
    2.6895987856   8.97328768e-04   9.99103476e-01   3.33698496e-04   3.08783971e-01   5.21213750e-01   9.99532864e-01
    2.7017217870   9.01374199e-04   9.99099438e-01   3.33699121e-04   3.08786559e-01   5.21216214e-01   9.99530758e-01
    2.7138994312   9.05437872e-04   9.99095381e-01   3.33699748e-04   3.08789158e-01   5.21218688e-01   9.99528643e-01
    2.7261319645   9.09519869e-04   9.99091307e-01   3.33700379e-04   3.08791770e-01   5.21221174e-01   9.99526518e-01
    2.7384196343   9.13620273e-04   9.99087214e-01   3.33701012e-04   3.08794393e-01   5.21223671e-01   9.99524384e-01
    2.7507626890   9.17739167e-04   9.99083102e-01   3.33701648e-04   3.08797027e-01   5.21226179e-01   9.99522240e-01
    2.7631613785   9.21876634e-04   9.99078972e-01   3.33702287e-04   3.08799674e-01   5.21228698e-01   9.99520087e-01
    2.7756159533   9.26032758e-04   9.99074824e-01   3.33702929e-04   3.08802333e-01   5.21231229e-01   9.99517923e-01
    2.7881266654   9.30207623e-04   9.99070657e-01   3.33703574e-04   3.08805003e-01   5.21233772e-01   9.99515750e-01
    2.8006937679   9.34401315e-04   9.99066471e-01   3.33704222e-04   3.08807686e-01   5.21236325e-01   9.99513568e-01
    2.8133175149   9.38613916e-04   9.99062266e-01   3.33704873e-04   3.08810381e-01   5.21238890e-01   9.99511375e-01
    2.8259981617   9.42845514e-04   9.99058043e-01   3.33705526e-04   3.08813088e-01   5.21241467e-01   9.99509172e-01
    2.8387359648   9.47096194e-04   9.99053800e-01   3.33706183e-04   3.08815807e-01   5.21244056e-01   9.99506960e-01
    2.8515311818   9.51366041e-04   9.99049538e-01   3.33706842e-04   3.08818538e-01   5.21246656e-01   9.99504738e-01
    2.8643840715   9.55655142e-04   9.99045257e-01   3.33707505e-04   3.08821282e-01   5.21249267e-01   9.99502505e-01
    2.8772948939   9.59963585e-04   9.99040957e-01   3.33708170e-04   3.08824038e-01   5.21251891e-01   9.99500263e-01
    2.8902639100   9.64291456e-04   9.99036638e-01   3.33708839e-04   3.08826806e-01   5.21254526e-01   9.99498010e-01
    2.9032913823   9.68638843e-04   9.99032299e-01   3.33709510e-04   3.08829587e-01   5.21257173e-01   9.99495747e-01
    2.9163775741   9.73005834e-04   9.99027940e-01   3.33710185e-04   3.08832381e-01   5.21259833e-01   9.99493474e-01
    2.9295227501   9.77392518e-04   9.99023562e-01   3.33710862e-04   3.08835187e-01   5.21262504e-01   9.99491191e-01
    2.9427271762   9.81798983e-04   9.99019164e-01   3.33711543e-04   3.08838006e-01   5.21265187e-01   9.99488898e-01
    2.9559911195   9.86225318e-04   9.99014746e-01   3.33712227e-04   3.08840837e-01   5.21267882e-01   9.99486594e-01
    2.9693148482   9.90671614e-04   9.99010309e-01   3.33712914e-04   3.08843682e-01   5.21270590e-01   9.99484279e-01
    2.9826986318   9.95137960e-04   9.99005851e-01   3.33713604e-04   3.08846539e-01   5.21273309e-01   9.99481955e-01
    2.9961427410   9.99624447e-04   9.99001374e-01   3.33714297e-04   3.08849409e-01   5.21276041e-01   9.99479620e-01
    3.0096474477   1.00413117e-03   9.98996876e-01   3.33714993e-04   3.08852292e-01   5.21278785e-01   9.99477274e-01
    3.0232130250   1.00865821e-03   9.98992358e-01   3.33715692e-04   3.08855188e-01   5.21281542e-01   9.99474918e-01
    3.0368397473   1.01320566e-03   9.98987820e-01   3.33716395e-04   3.08858097e-01   5.21284311e-01   9.99472551e-01
    3.0505278903   1.01777362e-03   9.98983261e-01   3.33717100e-04   3.08861019e-01   5.21287092e-01   9.99470173e-01
    3.0642777306   1.02236219e-03   9.98978682e-01   3.33717809e-04   3.08863954e-01   5.21289886e-01   9.99467785e-01
    3.0780895465   1.02697144e-03   9.98974082e-01   3.33718521e-04   3.08866903e-01   5.21292692e-01   9.99465386e-01
    3.0919636173   1.03160148e-03   9.98969462e-01   3.33719236e-04   3.08869864e-01   5.21295512e-01   9.99462976e-01
    3.1059002236   1.03625240e-03   9.98964820e-01   3.33719955e-04   3.08872840e-01   5.21298344e-01   9.99460555e-01
    3.1198996473   1.04092429e-03   9.98960158e-01   3.33720677e-04   3.08875828e-01   5.21301188e-01   9.99458124e-01
    3.1339621714   1.04561725e-03   9.98955475e-01   3.33721402e-04   3.08878830e-01   5.21304046e-01   9.99455681e-01
    3.1480880805   1.05033137e-03   9.98950771e-01   3.33722130e-04   3.08881846e-01   5.21306916e-01   9.99453228e-01
    3.1622776602   1.05506676e-03   9.98946045e-01   3.33722861e-04   3.08884875e-01   5.21309799e-01   9.99450763e-01
    3.1765311975   1.05982349e-03   9.98941299e-01   3.33723596e-04   3.08887918e-01   5.21312695e-01   9.99448287e-01
    3.1908489806   1.06460168e-03   9.98936530e-01   3.33724334e-04   3.08890975e-01   5.21315605e-01   9.99445800e-01
    3.2052312993   1.06940142e-03   9.98931741e-01   3.33725076e-04   3.08894045e-01   5.21318527e-01   9.99443302e-01
    3.2196784443   1.07422280e-03   9.98926930e-01   3.33725821e-04   3.08897129e-01   5.21321463e-01   9.99440793e-01
    3.2341907078   1.07906592e-03   9.98922097e-01   3.33726569e-04   3.08900227e-01   5.21324412e-01   9.99438272e-01
    3.2487683834   1.08393088e-03   9.98917243e-01   3.33727321e-04   3.08903340e-01   5.21327374e-01   9.99435740e-01
    3.2634117659   1.08881778e-03   9.98912366e-01   3.33728076e-04   3.08906466e-01   5.21330349e-01   9.99433197e-01
    3.2781211514   1.09372672e-03   9.98907468e-01   3.33728834e-04   3.08909606e-01   5.21333338e-01   9.99430642e-01
    3.2928968375   1.09865780e-03   9.98902548e-01   3.33729596e-04   3.08912760e-01   5.21336340e-01   9.99428075e-01
    3.3077391230   1.10361112e-03   9.98897605e-01   3.33730361e-04   3.08915929e-01   5.21339356e-01   9.99425497e-01
    3.3226483081   1.10858677e-03   9.98892641e-01   3.33731130e-04   3.08919112e-01   5.21342386e-01   9.99422908e-01
    3.3376246943   1.11358486e-03   9.98887654e-01   3.33731902e-04   3.08922309e-01   5.21345429e-01   9.99420306e-01
    3.3526685845   1.11860549e-03   9.98882644e-01   3.33732678e-04   3.08925521e-01   5.21348485e-01   9.99417693e-01
    3.3677802831   1.12364877e-03   9.98877612e-01   3.33733457e-04   3.08928747e-01   5.21351556e-01   9.99415068e-01
    3.3829600955   1.12871479e-03   9.98872558e-01   3.33734240e-04   3.08931988e-01   5.21354640e-01   9.99412432e-01
    3.3982083289   1.13380365e-03   9.98867480e-01   3.33735026e-04   3.08935243e-01   5.21357739e-01   9.99409783e-01
    3.4135252917   1.13891546e-03   9.98862380e-01   3.33735816e-04   3.08938514e-01   5.21360851e-01   9.99407123e-01
    3.4289112936   1.14405033e-03   9.98857257e-01   3.33736609e-04   3.08941798e-01   5.21363977e-01   9.99404450e-01
    3.4443666458   1.14920835e-03   9.98852111e-01   3.33737406e-04   3.08945098e-01   5.21367118e-01   9.99401766e-01
    3.4598916609   1.15438964e-03   9.98846941e-01   3.33738207e-04   3.08948413e-01   5.21370272e-01   9.99399069e-01
    3.4754866529   1.15959429e-03   9.98841749e-01   3.33739011e-04   3.08951742e-01   5.21373441e-01   9.99396360e-01
    3.4911519372   1.16482241e-03   9.98836533e-01   3.33739819e-04   3.08955087e-01   5.21376624e-01   9.99393639e-01
    3.5068878306   1.17007411e-03   9.98831293e-01   3.33740630e-04   3.08958446e-01   5.21379821e-01   9.99390906e-01
    3.5226946515   1.17534949e-03   9.98826030e-01   3.33741445e-04   3.08961821e-01   5.21383033e-01   9.99388160e-01
    3.5385727194   1.18064867e-03   9.98820744e-01   3.33742264e-04   3.08965211e-01   5.21386259e-01   9.99385402e-01
    3.5545223556   1.18597175e-03   9.98815433e-01   3.33743086e-04   3.08968616e-01   5.21389500e-01   9.99382632e-01
    3.5705438826   1.19131883e-03   9.98810099e-01   3.33743913e-04   3.08972037e-01   5.21392755e-01   9.99379849e-01
    3.5866376245   1.19669002e-03   9.98804740e-01   3.33744743e-04   3.08975473e-01   5.21396025e-01   9.99377054e-01
    3.6028039067   1.20208544e-03   9.98799358e-01   3.33745576e-04   3.08978924e-01   5.21399310e-01   9.99374246e-01
    3.6190430563   1.20750519e-03   9.98793951e-01   3.33746414e-04   3.08982391e-01   5.21402610e-01   9.99371425e-01
    3.6353554016   1.21294938e-03   9.98788520e-01   3.33747255e-04   3.08985874e-01   5.21405924e-01   9.99368591e-01
    3.6517412725   1.21841813e-03   9.98783065e-01   3.33748100e-04   3.08989372e-01   5.21409253e-01   9.99365745e-01
    3.6682010006   1.22391154e-03   9.98777585e-01   3.33748949e-04   3.08992887e-01   5.21412598e-01   9.99362886e-01
    3.6847349187   1.22942973e-03   9.98772080e-01   3.33749802e-04   3.08996417e-01   5.21415957e-01   9.99360014e-01
    3.7013433612   1.23497280e-03   9.98766550e-01   3.33750658e-04   3.08999963e-01   5.21419332e-01   9.99357130e-01
    3.7180266639   1.24054087e-03   9.98760996e-01   3.33751519e-04   3.09003525e-01   5.21422722e-01   9.99354232e-01
    3.7347851644   1.24613405e-03   9.98755417e-01   3.33752383e-04   3.09007103e-01   5.21426127e-01   9.99351321e-01
    3.7516192015   1.25175246e-03   9.98749812e-01   3.33753251e-04   3.09010697e-01   5.21429547e-01   9.99348397e-01
    3.7685291158   1.25739620e-03   9.98744183e-01   3.33754123e-04   3.09014307e-01   5.21432983e-01   9.99345460e-01
    3.7855152493   1.26306540e-03   9.98738528e-01   3.33754999e-04   3.09017934e-01   5.21436434e-01   9.99342509e-01
    3.8025779454   1.26876017e-03   9.98732848e-01   3.33755880e-04   3.09021577e-01   5.21439901e-01   9.99339545e-01
    3.8197175493   1.27448062e-03   9.98727142e-01   3.33756764e-04   3.09025237e-01   5.21443383e-01   9.99336568e-01
    3.8369344076   1.28022687e-03   9.98721410e-01   3.33757652e-04   3.09028913e-01   5.21446881e-01   9.99333578e-01
    3.8542288686   1.28599904e-03   9.98715653e-01   3.33758544e-04   3.09032605e-01   5.21450395e-01   9.99330574e-01
    3.8716012821   1.29179724e-03   9.98709869e-01   3.33759440e-04   3.09036315e-01   5.21453925e-01   9.99327556e-01
    3.8890519993   1.29762159e-03   9.98704060e-01   3.33760340e-04   3.09040041e-01   5.21457471e-01   9.99324525e-01
    3.9065813732   1.30347220e-03   9.98698225e-01   3.33761244e-04   3.09043783e-01   5.21461032e-01   9.99321480e-01
    3.9241897585   1.30934921e-03   9.98692363e-01   3.33762152e-04   3.09047543e-01   5.21464610e-01   9.99318421e-01
    3.9418775111   1.31525272e-03   9.98686475e-01   3.33763065e-04   3.09051320e-01   5.21468204e-01   9.99315349e-01
    3.9596449889   1.32118286e-03   9.98680560e-01   3.33763981e-04   3.09055113e-01   5.21471813e-01   9.99312263e-01
    3.9774925512   1.32713974e-03   9.98674619e-01   3.33764902e-04   3.09058924e-01   5.21475440e-01   9.99309163e-01
    3.9954205589   1.33312349e-03   9.98668651e-01   3.33765827e-04   3.09062752e-01   5.21479082e-01   9.99306049e-01
    4.0134293748   1.33913422e-03   9.98662657e-01   3.33766756e-04   3.09066597e-01   5.21482741e-01   9.99302921e-01
    4.0315193629   1.34517207e-03   9.98656635e-01   3.33767689e-04   3.09070460e-01   5.21486417e-01   9.99299778e-01
    4.0496908891   1.35123714e-03   9.98650586e-01   3.33768626e-04   3.09074340e-01   5.21490109e-01   9.99296622e-01
    4.0679443211   1.35732957e-03   9.98644510e-01   3.33769568e-04   3.09078237e-01   5.21493817e-01   9.99293451e-01
    4.0862800279   1.36344948e-03   9.98638407e-01   3.33770514e-04   3.09082152e-01   5.21497543e-01   9.99290266e-01
    4.1046983804   1.36959700e-03   9.98632276e-01   3.33771464e-04   3.09086085e-01   5.21501285e-01   9.99287067e-01
    4.1231997512   1.37577223e-03   9.98626118e-01   3.33772418e-04   3.09090036e-01   5.21505044e-01   9.99283854e-01
    4.1417845144   1.38197532e-03   9.98619932e-01   3.33773377e-04   3.09094004e-01   5.21508820e-01   9.99280625e-01
    4.1604530458   1.38820639e-03   9.98613718e-01   3.33774340e-04   3.09097990e-01   5.21512613e-01   9.99277383e-01
    4.1792057232   1.39446556e-03   9.98607476e-01   3.33775308e-04   3.09101994e-01   5.21516423e-01   9.99274125e-01
    4.1980429257   1.40075297e-03   9.98601206e-01   3.33776279e-04   3.09106017e-01   5.21520250e-01   9.99270853e-01
    4.2169650343   1.40706873e-03   9.98594908e-01   3.33777256e-04   3.09110057e-01   5.21524094e-01   9.99267566e-01
    4.2359724317   1.41341297e-03   9.98588582e-01   3.33778236e-04   3.09114116e-01   5.21527956e-01   9.99264265e-01
    4.2550655025   1.41978583e-03   9.98582227e-01   3.33779221e-04   3.09118193e-01   5.21531835e-01   9.99260948e-01
    4.2742446326   1.42618744e-03   9.98575844e-01   3.33780211e-04   3.09122288e-01   5.21535732e-01   9.99257617e-01
    4.2935102101   1.43261792e-03   9.98569432e-01   3.33781205e-04   3.09126402e-01   5.21539646e-01   9.99254270e-01
    4.3128626245   1.43907740e-03   9.98562991e-01   3.33782203e-04   3.09130534e-01   5.21543578e-01   9.99250909e-01
    4.3323022674   1.44556602e-03   9.98556521e-01   3.33783206e-04   3.09134685e-01   5.21547527e-01   9.99247532e-01
    4.3518295317   1.45208390e-03   9.98550022e-01   3.33784214e-04   3.09138855e-01   5.21551494e-01   9.99244140e-01
    4.3714448126   1.45863118e-03   9.98543493e-01   3.33785226e-04   3.09143043e-01   5.21555480e-01   9.99240733e-01
    4.3911485067   1.46520799e-03   9.98536936e-01   3.33786243e-04   3.09147251e-01   5.21559483e-01   9.99237310e-01
    4.4109410125   1.47181447e-03   9.98530349e-01   3.33787264e-04   3.09151477e-01   5.21563504e-01   9.99233872e-01
    4.4308227304   1.47845074e-03   9.98523732e-01   3.33788290e-04   3.09155723e-01   5.21567543e-01   9.99230419e-01
    4.4507940624   1.48511695e-03   9.98517085e-01   3.33789320e-04   3.09159987e-01   5.21571601e-01   9.99226950e-01
    4.4708554124   1.49181322e-03   9.98510409e-01   3.33790355e-04   3.09164271e-01   5.21575676e-01   9.99223465e-01
    4.4910071863   1.49853970e-03   9.98503703e-01   3.33791395e-04   3.09168574e-01   5.21579771e-01   9.99219965e-01
    4.5112497915   1.50529652e-03   9.98496966e-01   3.33792440e-04   3.09172897e-01   5.21583883e-01   9.99216449e-01
    4.5315836376   1.51208381e-03   9.98490199e-01   3.33793489e-04   3.09177239e-01   5.21588014e-01   9.99212917e-01
    4.5520091357   1.51890172e-03   9.98483402e-01   3.33794543e-04   3.09181601e-01   5.21592164e-01   9.99209369e-01
    4.5725266990   1.52575039e-03   9.98476574e-01   3.33795602e-04   3.09185982e-01   5.21596332e-01   9.99205805e-01
    4.5931367424   1.53262994e-03   9.98469715e-01   3.33796665e-04   3.09190384e-01   5.21600520e-01   9.99202225e-01
    4.6138396827   1.53954052e-03   9.98462826e-01   3.33797734e-04   3.09194805e-01   5.21604726e-01   9.99198628e-01
    4.6346359388   1.54648228e-03   9.98455906e-01   3.33798807e-04   3.09199245e-01   5.21608951e-01   9.99195016e-01
    4.6555259312   1.55345534e-03   9.98448954e-01   3.33799885e-04   3.09203706e-01   5.21613195e-01   9.99191387e-01
    4.6765100823   1.56045986e-03   9.98441971e-01   3.33800968e-04   3.09208188e-01   5.21617458e-01   9.99187742e-01
    4.6975888167   1.56749597e-03   9.98434957e-01   3.33802056e-04   3.09212689e-01   5.21621740e-01   9.99184081e-01
    4.7187625606   1.57456382e-03   9.98427912e-01   3.33803149e-04   3.09217211e-01   5.21626042e-01   9.99180403e-01
    4.7400317423   1.58166356e-03   9.98420834e-01   3.33804246e-04   3.09221753e-01   5.21630363e-01   9.99176708e-01
    4.7613967920   1.58879531e-03   9.98413725e-01   3.33805349e-04   3.09226315e-01   5.21634703e-01   9.99172997e-01
    4.7828581417   1.59595924e-03   9.98406584e-01   3.33806457e-04   3.09230898e-01   5.21639063e-01   9.99169269e-01
    4.8044162255   1.60315548e-03   9.98399411e-01   3.33807569e-04   3.09235502e-01   5.21643443e-01   9.99165524e-01
    4.8260714794   1.61038418e-03   9.98392205e-01   3.33808687e-04   3.09240127e-01   5.21647842e-01   9.99161763e-01
    4.8478243415   1.61764548e-03   9.98384967e-01   3.33809810e-04   3.09244772e-01   5.21652261e-01   9.99157984e-01
    4.8696752517   1.62493954e-03   9.98377697e-01   3.33810937e-04   3.09249439e-01   5.21656701e-01   9.99154189e-01
    4.8916246518   1.63226651e-03   9.98370393e-01   3.33812070e-04   3.09254126e-01   5.21661160e-01   9.99150376e-01
    4.9136729859   1.63962652e-03   9.98363057e-01   3.33813208e-04   3.09258835e-01   5.21665639e-01   9.99146546e-01
    4.9358206999   1.64701973e-03   9.98355688e-01   3.33814352e-04   3.09263564e-01   5.21670138e-01   9.99142699e-01
    4.9580682417   1.65444629e-03   9.98348286e-01   3.33815500e-04   3.09268316e-01   5.21674658e-01   9.99138834e-01
    4.9804160612   1.66190635e-03   9.98340851e-01   3.33816653e-04   3.09273088e-01   5.21679198e-01   9.99134952e-01
    5.0028646106   1.66940007e-03   9.98333382e-01   3.33817812e-04   3.09277882e-01   5.21683758e-01   9.99131053e-01
    5.0254143437   1.67692758e-03   9.98325880e-01   3.33818976e-04   3.09282698e-01   5.21688339e-01   9.99127136e-01
    5.0480657167   1.68448905e-03   9.98318344e-01   3.33820146e-04   3.09287536e-01   5.21692941e-01   9.99123201e-01
    5.0708191876   1.69208463e-03   9.98310774e-01   3.33821320e-04   3.09292395e-01   5.21697563e-01   9.99119249e-01
    5.0936752168   1.69971448e-03   9.98303170e-01   3.33822500e-04   3.09297276e-01   5.21702207e-01   9.99115279e-01
    5.1166342664   1.70737874e-03   9.98295531e-01   3.33823685e-04   3.09302180e-01   5.21706871e-01   9.99111290e-01
    5.1396968008   1.71507757e-03   9.98287859e-01   3.33824876e-04   3.09307105e-01   5.21711556e-01   9.99107284e-01
    5.1628632864   1.72281114e-03   9.98280152e-01   3.33826072e-04   3.09312053e-01   5.21716262e-01   9.99103260e-01
    5.1861341918   1.73057958e-03   9.98272410e-01   3.33827273e-04   3.09317023e-01   5.21720990e-01   9.99099218e-01
    5.2095099877   1.73838308e-03   9.98264634e-01   3.33828480e-04   3.09322015e-01   5.21725738e-01   9.99095157e-01
    5.2329911468   1.74622177e-03   9.98256822e-01   3.33829692e-04   3.09327030e-01   5.21730508e-01   9.99091078e-01
    5.2565781441   1.75409582e-03   9.98248976e-01   3.33830910e-04   3.09332068e-01   5.21735300e-01   9.99086981e-01
    5.2802714565   1.76200540e-03   9.98241094e-01   3.33832133e-04   3.09337128e-01   5.21740113e-01   9.99082865e-01
    5.3040715633   1.76995065e-03   9.98233177e-01   3.33833362e-04   3.09342211e-01   5.21744948e-01   9.99078731e-01
    5.3279789459   1.77793175e-03   9.98225224e-01   3.33834596e-04   3.09347317e-01   5.21749805e-01   9.99074578e-01
    5.3519940877   1.78594885e-03   9.98217235e-01   3.33835836e-04   3.09352446e-01   5.21754683e-01   9.99070407e-01
    5.3761174746   1.79400212e-03   9.98209211e-01   3.33837082e-04   3.09357598e-01   5.21759584e-01   9.99066216e-01
    5.4003495943   1.80209171e-03   9.98201150e-01   3.33838333e-04   3.09362774e-01   5.21764506e-01   9.99062007e-01
    5.4246909370   1.81021780e-03   9.98193053e-01   3.33839590e-04   3.09367973e-01   5.21769451e-01   9.99057779e-01
    5.4491419950   1.81838055e-03   9.98184920e-01   3.33840852e-04   3.09373195e-01   5.21774418e-01   9.99053531e-01
    5.4737032629   1.82658012e-03   9.98176750e-01   3.33842120e-04   3.09378441e-01   5.21779407e-01   9.99049265e-01
    5.4983752373   1.83481668e-03   9.98168544e-01   3.33843394e-04   3.09383710e-01   5.21784419e-01   9.99044979e-01
    5.5231584173   1.84309039e-03   9.98160300e-01   3.33844674e-04   3.09389004e-01   5.21789454e-01   9.99040674e-01
    5.5480533041   1.85140144e-03   9.98152020e-01   3.33845959e-04   3.09394321e-01   5.21794511e-01   9.99036349e-01
    5.5730604013   1.85974997e-03   9.98143702e-01   3.33847251e-04   3.09399662e-01   5.21799591e-01   9.99032005e-01
    5.5981802145   1.86813617e-03   9.98135347e-01   3.33848548e-04   3.09405027e-01   5.21804694e-01   9.99027642e-01
    5.6234132519   1.87656020e-03   9.98126955e-01   3.33849851e-04   3.09410417e-01   5.21809819e-01   9.99023259e-01
    5.6487600238   1.88502223e-03   9.98118524e-01   3.33851160e-04   3.09415831e-01   5.21814968e-01   9.99018856e-01
    5.6742210428   1.89352244e-03   9.98110056e-01   3.33852475e-04   3.09421269e-01   5.21820140e-01   9.99014433e-01
    5.6997968239   1.90206099e-03   9.98101550e-01   3.33853796e-04   3.09426732e-01   5.21825336e-01   9.99009990e-01
    5.7254878844   1.91063807e-03   9.98093006e-01   3.33855122e-04   3.09432219e-01   5.21830554e-01   9.99005527e-01
    5.7512947438   1.91925384e-03   9.98084423e-01   3.33856455e-04   3.09437731e-01   5.21835797e-01   9.99001044e-01
    5.7772179241   1.92790847e-03   9.98075801e-01   3.33857794e-04   3.09443268e-01   5.21841062e-01   9.98996541e-01
    5.8032579497   1.93660216e-03   9.98067141e-01   3.33859139e-04   3.09448830e-01   5.21846352e-01   9.98992018e-01
    5.8294153471   1.94533506e-03   9.98058442e-01   3.33860490e-04   3.09454418e-01   5.21851665e-01   9.98987474e-01
    5.8556906455   1.95410736e-03   9.98049704e-01   3.33861847e-04   3.09460030e-01   5.21857003e-01   9.98982910e-01
    5.8820843762   1.96291924e-03   9.98040926e-01   3.33863210e-04   3.09465668e-01   5.21862364e-01   9.98978325e-01
    5.9085970731   1.97177087e-03   9.98032109e-01   3.33864579e-04   3.09471331e-01   5.21867750e-01   9.98973719e-01
    5.9352292723   1.98066244e-03   9.98023253e-01   3.33865955e-04   3.09477020e-01   5.21873159e-01   9.98969093e-01
    5.9619815126   1.98959412e-03   9.98014357e-01   3.33867337e-04   3.09482734e-01   5.21878594e-01   9.98964446e-01
    5.9888543349   1.99856610e-03   9.98005420e-01   3.33868725e-04   3.09488474e-01   5.21884052e-01   9.98959777e-01
    6.0158482829   2.00757855e-03   9.97996444e-01   3.33870119e-04   3.09494240e-01   5.21889535e-01   9.98955088e-01
    6.0429639024   2.01663166e-03   9.97987427e-01   3.33871520e-04   3.09500032e-01   5.21895043e-01   9.98950378e-01
    6.0702017419   2.02572562e-03   9.97978370e-01   3.33872927e-04   3.09505850e-01   5.21900576e-01   9.98945646e-01
    6.0975623522   2.03486061e-03   9.97969272e-01   3.33874340e-04   3.09511695e-01   5.21906134e-01   9.98940893e-01
    6.1250462868   2.04403681e-03   9.97960133e-01   3.33875760e-04   3.09517566e-01   5.21911716e-01   9.98936119e-01
    6.1526541015   2.05325441e-03   9.97950953e-01   3.33877186e-04   3.09523463e-01   5.21917324e-01   9.98931323e-01
    6.1803863547   2.06251360e-03   9.97941732e-01   3.33878619e-04   3.09529387e-01   5.21922957e-01   9.98926506e-01
    6.2082436072   2.07181456e-03   9.97932469e-01   3.33880058e-04   3.09535338e-01   5.21928616e-01   9.98921667e-01
    6.2362264225   2.08115748e-03   9.97923165e-01   3.33881503e-04   3.09541315e-01   5.21934300e-01   9.98916806e-01
    6.2643353666   2.09054256e-03   9.97913819e-01   3.33882955e-04   3.09547320e-01   5.21940009e-01   9.98911923e-01
    6.2925710079   2.09996998e-03   9.97904431e-01   3.33884414e-04   3.09553352e-01   5.21945744e-01   9.98907018e-01
    6.3209339175   2.10943993e-03   9.97895000e-01   3.33885880e-04   3.09559410e-01   5.21951506e-01   9.98902091e-01
    6.3494246691   2.11895261e-03   9.97885528e-01   3.33887351e-04   3.09565497e-01   5.21957293e-01   9.98897142e-01
    6.3780438389   2.12850821e-03   9.97876013e-01   3.33888830e-04   3.09571610e-01   5.21963106e-01   9.98892170e-01
    6.4067920057   2.13810693e-03   9.97866455e-01   3.33890315e-04   3.09577752e-01   5.21968945e-01   9.98887176e-01
    6.4356697510   2.14774895e-03   9.97856854e-01   3.33891807e-04   3.09583921e-01   5.21974811e-01   9.98882159e-01
    6.4646776588   2.15743447e-03   9.97847210e-01   3.33893306e-04   3.09590117e-01   5.21980702e-01   9.98877120e-01
    6.4938163158   2.16716370e-03   9.97837523e-01   3.33894812e-04   3.09596342e-01   5.21986621e-01   9.98872059e-01
    6.5230863113   2.17693682e-03   9.97827792e-01   3.33896324e-04   3.09602595e-01   5.21992566e-01   9.98866974e-01
    6.5524882374   2.18675404e-03   9.97818017e-01   3.33897844e-04   3.09608876e-01   5.21998538e-01   9.98861866e-01
    6.5820226886   2.19661555e-03   9.97808199e-01   3.33899370e-04   3.09615186e-01   5.22004537e-01   9.98856736e-01
    6.6116902624   2.20652155e-03   9.97798336e-01   3.33900903e-04   3.09621524e-01   5.22010563e-01   9.98851582e-01
    6.6414915588   2.21647226e-03   9.97788430e-01   3.33902443e-04   3.09627890e-01   5.22016616e-01   9.98846405e-01
    6.6714271804   2.22646786e-03   9.97778478e-01   3.33903990e-04   3.09634285e-01   5.22022696e-01   9.98841205e-01
    6.7014977328   2.23650856e-03   9.97768482e-01   3.33905544e-04   3.09640709e-01   5.22028804e-01   9.98835981e-01
    6.7317038241   2.24659456e-03   9.97758441e-01   3.33907105e-04   3.09647163e-01   5.22034939e-01   9.98830734e-01
    6.7620460653   2.25672608e-03   9.97748355e-01   3.33908673e-04   3.09653645e-01   5.22041102e-01   9.98825463e-01
    6.7925250701   2.26690330e-03   9.97738224e-01   3.33910248e-04   3.09660156e-01   5.22047292e-01   9.98820168e-01
    6.8231414548   2.27712645e-03   9.97728047e-01   3.33911830e-04   3.09666697e-01   5.22053511e-01   9.98814849e-01
    6.8538958387   2.28739573e-03   9.97717825e-01   3.33913420e-04   3.09673268e-01   5.22059757e-01   9.98809507e-01
    6.8847888438   2.29771134e-03   9.97707556e-01   3.33915016e-04   3.09679868e-01   5.22066032e-01   9.98804140e-01
    6.9158210949   2.30807350e-03   9.97697241e-01   3.33916620e-04   3.09686498e-01   5.22072335e-01   9.98798749e-01
    6.9469932197   2.31848242e-03   9.97686881e-01   3.33918231e-04   3.09693157e-01   5.22078666e-01   9.98793334e-01
    6.9783058486   2.32893830e-03   9.97676473e-01   3.33919850e-04   3.09699847e-01   5.22085026e-01   9.98787894e-01
    7.0097596149   2.33944137e-03   9.97666019e-01   3.33921475e-04   3.09706567e-01   5.22091414e-01   9.98782430e-01
    7.0413551549   2.34999182e-03   9.97655518e-01   3.33923109e-04   3.09713318e-01   5.22097831e-01   9.98776942e-01
    7.0730931074   2.36058988e-03   9.97644969e-01   3.33924749e-04   3.09720099e-01   5.22104277e-01   9.98771428e-01
    7.1049741144   2.37123577e-03   9.97634374e-01   3.33926397e-04   3.09726910e-01   5.22110752e-01   9.98765890e-01
    7.1369988208   2.38192969e-03   9.97623730e-01   3.33928052e-04   3.09733752e-01   5.22117256e-01   9.98760326e-01
    7.1691678741   2.39267186e-03   9.97613039e-01   3.33929715e-04   3.09740625e-01   5.22123790e-01   9.98754738e-01
    7.2014819252   2.40346251e-03   9.97602300e-01   3.33931386e-04   3.09747530e-01   5.22130353e-01   9.98749124e-01
    7.2339416274   2.41430185e-03   9.97591513e-01   3.33933064e-04   3.09754465e-01   5.22136945e-01   9.98743485e-01
    7.2665476373   2.42519011e-03   9.97580677e-01   3.33934749e-04   3.09761431e-01   5.22143568e-01   9.98737821e-01
    7.2993006144   2.43612749e-03   9.97569793e-01   3.33936443e-04   3.09768429e-01   5.22150220e-01   9.98732131e-01
    7.3322012210   2.44711423e-03   9.97558860e-01   3.33938144e-04   3.09775459e-01   5.22156902e-01   9.98726416e-01
    7.3652501227   2.45815055e-03   9.97547877e-01   3.33939852e-04   3.09782520e-01   5.22163614e-01   9.98720674e-01
    7.3984479878   2.46923667e-03   9.97536845e-01   3.33941569e-04   3.09789614e-01   5.22170356e-01   9.98714907e-01
    7.4317954878   2.48037281e-03   9.97525764e-01   3.33943293e-04   3.09796739e-01   5.22177129e-01   9.98709114e-01
    7.4652932972   2.49155921e-03   9.97514633e-01   3.33945025e-04   3.09803896e-01   5.22183932e-01   9.98703295e-01
    7.4989420933   2.50279609e-03   9.97503452e-01   3.33946764e-04   3.09811086e-01   5.22190766e-01   9.98697449e-01
    7.5327425569   2.51408367e-03   9.97492221e-01   3.33948512e-04   3.09818308e-01   5.22197630e-01   9.98691577e-01
    7.5666953714   2.52542219e-03   9.97480939e-01   3.33950268e-04   3.09825563e-01   5.22204526e-01   9.98685679e-01
    7.6008012236   2.53681188e-03   9.97469607e-01   3.33952031e-04   3.09832851e-01   5.22211452e-01   9.98679754e-01
    7.6350608034   2.54825297e-03   9.97458224e-01   3.33953803e-04   3.09840171e-01   5.22218410e-01   9.98673802e-01
    7.6694748035   2.55974568e-03   9.97446790e-01   3.33955582e-04   3.09847524e-01   5.22225399e-01   9.98667824e-01
    7.7040439201   2.57129026e-03   9.97435304e-01   3.33957370e-04   3.09854911e-01   5.22232420e-01   9.98661818e-01
    7.7387688523   2.58288694e-03   9.97423767e-01   3.33959166e-04   3.09862331e-01   5.22239472e-01   9.98655786e-01
    7.7736503024   2.59453595e-03   9.97412178e-01   3.33960969e-04   3.09869785e-01   5.22246556e-01   9.98649726e-01
    7.8086889759   2.60623754e-03   9.97400537e-01   3.33962781e-04   3.09877272e-01   5.22253671e-01   9.98643639e-01
    7.8438855815   2.61799192e-03   9.97388844e-01   3.33964602e-04   3.09884793e-01   5.22260819e-01   9.98637525e-01
    7.8792408309   2.62979936e-03   9.97377098e-01   3.33966430e-04   3.09892348e-01   5.22267999e-01   9.98631383e-01
    7.9147554394   2.64166008e-03   9.97365300e-01   3.33968267e-04   3.09899937e-01   5.22275212e-01   9.98625213e-01
    7.9504301252   2.65357432e-03   9.97353448e-01   3.33970112e-04   3.09907560e-01   5.22282457e-01   9.98619015e-01
    7.9862656097   2.66554234e-03   9.97341544e-01   3.33971965e-04   3.09915218e-01   5.22289734e-01   9.98612790e-01
    8.0222626179   2.67756436e-03   9.97329586e-01   3.33973827e-04   3.09922910e-01   5.22297044e-01   9.98606536e-01
    8.0584218776   2.68964064e-03   9.97317574e-01   3.33975698e-04   3.09930637e-01   5.22304387e-01   9.98600254e-01
    8.0947441203   2.70177142e-03   9.97305508e-01   3.33977576e-04   3.09938399e-01   5.22311764e-01   9.98593944e-01
    8.1312300806   2.71395695e-03   9.97293389e-01   3.33979464e-04   3.09946196e-01   5.22319173e-01   9.98587606e-01
    8.1678804964   2.72619747e-03   9.97281214e-01   3.33981359e-04   3.09954028e-01   5.22326616e-01   9.98581239e-01
    8.2046961090   2.73849324e-03   9.97268986e-01   3.33983264e-04   3.09961896e-01   5.22334092e-01   9.98574843e-01
    8.2416776630   2.75084449e-03   9.97256702e-01   3.33985177e-04   3.09969799e-01   5.22341602e-01   9.98568418e-01
    8.2788259063   2.76325149e-03   9.97244363e-01   3.33987099e-04   3.09977737e-01   5.22349146e-01   9.98561964e-01
    8.3161415902   2.77571448e-03   9.97231969e-01   3.33989029e-04   3.09985712e-01   5.22356724e-01   9.98555482e-01
    8.3536254696   2.78823372e-03   9.97219519e-01   3.33990968e-04   3.09993722e-01   5.22364336e-01   9.98548970e-01
    8.3912783024   2.80080947e-03   9.97207013e-01   3.33992916e-04   3.10001769e-01   5.22371982e-01   9.98542428e-01
    8.4291008503   2.81344197e-03   9.97194451e-01   3.33994873e-04   3.10009852e-01   5.22379662e-01   9.98535858e-01
    8.4670938782   2.82613148e-03   9.97181833e-01   3.33996839e-04   3.10017972e-01   5.22387378e-01   9.98529257e-01
    8.5052581544   2.83887826e-03   9.97169158e-01   3.33998813e-04   3.10026128e-01   5.22395128e-01   9.98522627e-01
    8.5435944510   2.85168258e-03   9.97156426e-01   3.34000797e-04   3.10034321e-01   5.22402912e-01   9.98515967e-01
    8.5821035433   2.86454469e-03   9.97143637e-01   3.34002789e-04   3.10042551e-01   5.22410732e-01   9.98509277e-01
    8.6207862100   2.87746484e-03   9.97130791e-01   3.34004791e-04   3.10050818e-01   5.22418587e-01   9.98502556e-01
    8.6596432336   2.89044331e-03   9.97117887e-01   3.34006802e-04   3.10059123e-01   5.22426478e-01   9.98495806e-01
    8.6986754000   2.90348036e-03   9.97104925e-01   3.34008821e-04   3.10067465e-01   5.22434404e-01   9.98489025e-01
    8.7378834985   2.91657625e-03   9.97091905e-01   3.34010850e-04   3.10075844e-01   5.22442365e-01   9.98482213e-01
    8.7772683223   2.92973125e-03   9.97078827e-01   3.34012888e-04   3.10084262e-01   5.22450363e-01   9.98475371e-01
    8.8168306678   2.94294563e-03   9.97065690e-01   3.34014936e-04   3.10092717e-01   5.22458396e-01   9.98468498e-01
    8.8565713351   2.95621964e-03   9.97052494e-01   3.34016992e-04   3.10101211e-01   5.22466466e-01   9.98461593e-01
    8.8964911282   2.96955357e-03   9.97039239e-01   3.34019058e-04   3.10109743e-01   5.22474572e-01   9.98454658e-01
    8.9365908543   2.98294769e-03   9.97025924e-01   3.34021133e-04   3.10118314e-01   5.22482715e-01   9.98447692e-01
    8.9768713245   2.99640226e-03   9.97012549e-01   3.34023218e-04   3.10126923e-01   5.22490894e-01   9.98440694e-01
    9.0173333534   3.00991756e-03   9.96999115e-01   3.34025312e-04   3.10135571e-01   5.22499110e-01   9.98433664e-01
    9.0579777594   3.02349386e-03   9.96985620e-01   3.34027416e-04   3.10144258e-01   5.22507363e-01   9.98426603e-01
    9.0988053646   3.03713144e-03   9.96972065e-01   3.34029529e-04   3.10152985e-01   5.22515653e-01   9.98419510e-01
    9.1398169947   3.05083058e-03   9.96958449e-01   3.34031652e-04   3.10161751e-01   5.22523981e-01   9.98412385e-01
    9.1810134791   3.06459156e-03   9.96944771e-01   3.34033784e-04   3.10170556e-01   5.22532346e-01   9.98405228e-01
    9.2223956510   3.07841464e-03   9.96931033e-01   3.34035927e-04   3.10179401e-01   5.22540748e-01   9.98398038e-01
    9.2639643475   3.09230013e-03   9.96917233e-01   3.34038078e-04   3.10188286e-01   5.22549189e-01   9.98390816e-01
    9.3057204093   3.10624829e-03   9.96903371e-01   3.34040240e-04   3.10197211e-01   5.22557667e-01   9.98383562e-01
    9.3476646808   3.12025941e-03   9.96889446e-01   3.34042411e-04   3.10206177e-01   5.22566184e-01   9.98376275e-01
    9.3897980105   3.13433377e-03   9.96875460e-01   3.34044593e-04   3.10215183e-01   5.22574739e-01   9.98368955e-01
    9.4321212504   3.14847167e-03   9.96861410e-01   3.34046784e-04   3.10224230e-01   5.22583332e-01   9.98361602e-01
    9.4746352566   3.16267338e-03   9.96847298e-01   3.34048985e-04   3.10233317e-01   5.22591965e-01   9.98354216e-01
    9.5173408888   3.17693920e-03   9.96833122e-01   3.34051196e-04   3.10242446e-01   5.22600636e-01   9.98346796e-01
    9.5602390110   3.19126942e-03   9.96818882e-01   3.34053417e-04   3.10251616e-01   5.22609346e-01   9.98339343e-01
    9.6033304905   3.20566432e-03   9.96804579e-01   3.34055648e-04   3.10260827e-01   5.22618095e-01   9.98331857e-01
    9.6466161991   3.22012421e-03   9.96790212e-01   3.34057889e-04   3.10270080e-01   5.22626884e-01   9.98324336e-01
    9.6900970121   3.23464936e-03   9.96775780e-01   3.34060141e-04   3.10279374e-01   5.22635712e-01   9.98316782e-01
    9.7337738090   3.24924009e-03   9.96761283e-01   3.34062402e-04   3.10288711e-01   5.22644580e-01   9.98309194e-01
    9.7776474732   3.26389668e-03   9.96746722e-01   3.34064674e-04   3.10298090e-01   5.22653488e-01   9.98301572e-01
    9.8217188919   3.27861944e-03   9.96732095e-01   3.34066956e-04   3.10307511e-01   5.22662436e-01   9.98293915e-01
    9.8659889565   3.29340865e-03   9.96717402e-01   3.34069249e-04   3.10316975e-01   5.22671425e-01   9.98286223e-01
    9.9104585625   3.30826463e-03   9.96702644e-01   3.34071552e-04   3.10326481e-01   5.22680453e-01   9.98278497e-01
    9.9551286092   3.32318768e-03   9.96687819e-01   3.34073865e-04   3.10336030e-01   5.22689523e-01   9.98270737e-01
   10.0000000000   3.33817809e-03   9.96672928e-01   3.34076189e-04   3.10345623e-01   5.22698633e-01   9.98262941e-01
   10.0450736425   3.35323617e-03   9.96657970e-01   3.34078524e-04   3.10355259e-01   5.22707784e-01   9.98255110e-01
   10.0903504484   3.36836223e-03   9.96642946e-01   3.34080869e-04   3.10364938e-01   5.22716977e-01   9.98247243e-01
   10.1358313333   3.38355658e-03   9.96627853e-01   3.34083224e-04   3.10374661e-01   5.22726211e-01   9.98239342e-01
   10.1815172172   3.39881952e-03   9.96612693e-01   3.34085591e-04   3.10384428e-01   5.22735486e-01   9.98231404e-01
   10.2274090239   3.41415137e-03   9.96597465e-01   3.34087968e-04   3.10394239e-01   5.22744804e-01   9.98223431e-01
   10.2735076818   3.42955243e-03   9.96582169e-01   3.34090356e-04   3.10404094e-01   5.22754163e-01   9.98215422e-01
   10.3198141231   3.44502302e-03   9.96566804e-01   3.34092754e-04   3.10413994e-01   5.22763564e-01   9.98207377e-01
   10.3663292844   3.46056345e-03   9.96551371e-01   3.34095164e-04   3.10423939e-01   5.22773008e-01   9.98199295e-01
   10.4130541064   3.47617405e-03   9.96535868e-01   3.34097585e-04   3.10433928e-01   5.22782494e-01   9.98191177e-01
   10.4599895343   3.49185512e-03   9.96520296e-01   3.34100016e-04   3.10443963e-01   5.22792023e-01   9.98183022e-01
   10.5071365172   3.50760698e-03   9.96504653e-01   3.34102459e-04   3.10454043e-01   5.22801594e-01   9.98174831e-01
   10.5544960088   3.52342996e-03   9.96488941e-01   3.34104912e-04   3.10464168e-01   5.22811209e-01   9.98166603e-01
   10.6020689668   3.53932438e-03   9.96473158e-01   3.34107377e-04   3.10474340e-01   5.22820867e-01   9.98158337e-01
   10.6498563535   3.55529056e-03   9.96457305e-01   3.34109853e-04   3.10484557e-01   5.22830569e-01   9.98150035e-01
   10.6978591353   3.57132882e-03   9.96441380e-01   3.34112340e-04   3.10494820e-01   5.22840314e-01   9.98141695e-01
   10.7460782832   3.58743949e-03   9.96425384e-01   3.34114839e-04   3.10505130e-01   5.22850103e-01   9.98133317e-01
   10.7945147723   3.60362290e-03   9.96409317e-01   3.34117349e-04   3.10515486e-01   5.22859936e-01   9.98124901e-01
   10.8431695824   3.61987938e-03   9.96393177e-01   3.34119870e-04   3.10525889e-01   5.22869814e-01   9.98116448e-01
   10.8920436974   3.63620926e-03   9.96376965e-01   3.34122403e-04   3.10536339e-01   5.22879736e-01   9.98107956e-01
   10.9411381058   3.65261286e-03   9.96360680e-01   3.34124947e-04   3.10546836e-01   5.22889702e-01   9.98099427e-01
   10.9904538006   3.66909053e-03   9.96344322e-01   3.34127503e-04   3.10557381e-01   5.22899714e-01   9.98090858e-01
   11.0399917792   3.68564259e-03   9.96327891e-01   3.34130070e-04   3.10567973e-01   5.22909770e-01   9.98082251e-01
   11.0897530435   3.70226939e-03   9.96311387e-01   3.34132649e-04   3.10578614e-01   5.22919872e-01   9.98073606e-01
   11.1397385999   3.71897126e-03   9.96294808e-01   3.34135240e-04   3.10589302e-01   5.22930019e-01   9.98064921e-01
   11.1899494595   3.73574855e-03   9.96278155e-01   3.34137842e-04   3.10600038e-01   5.22940212e-01   9.98056197e-01
   11.2403866377   3.75260158e-03   9.96261428e-01   3.34140457e-04   3.10610823e-01   5.22950451e-01   9.98047434e-01
   11.2910511547   3.76953071e-03   9.96244625e-01   3.34143083e-04   3.10621657e-01   5.22960736e-01   9.98038631e-01
   11.3419440350   3.78653628e-03   9.96227747e-01   3.34145721e-04   3.10632540e-01   5.22971067e-01   9.98029788e-01
   11.3930663081   3.80361864e-03   9.96210794e-01   3.34148371e-04   3.10643471e-01   5.22981445e-01   9.98020906e-01
   11.4444190080   3.82077813e-03   9.96193765e-01   3.34151033e-04   3.10654453e-01   5.22991869e-01   9.98011984e-01
   11.4960031731   3.83801510e-03   9.96176659e-01   3.34153707e-04   3.10665483e-01   5.23002340e-01   9.98003021e-01
   11.5478198469   3.85532990e-03   9.96159477e-01   3.34156394e-04   3.10676564e-01   5.23012859e-01   9.97994018e-01
   11.5998700773   3.87272289e-03   9.96142217e-01   3.34159092e-04   3.10687695e-01   5.23023425e-01   9.97984975e-01
   11.6521549170   3.89019442e-03   9.96124881e-01   3.34161803e-04   3.10698876e-01   5.23034038e-01   9.97975890e-01
   11.7046754236   3.90774484e-03   9.96107466e-01   3.34164526e-04   3.10710107e-01   5.23044699e-01   9.97966765e-01
   11.7574326592   3.92537451e-03   9.96089974e-01   3.34167262e-04   3.10721389e-01   5.23055408e-01   9.97957598e-01
   11.8104276909   3.94308378e-03   9.96072403e-01   3.34170010e-04   3.10732723e-01   5.23066166e-01   9.97948390e-01
   11.8636615905   3.96087303e-03   9.96054754e-01   3.34172770e-04   3.10744107e-01   5.23076971e-01   9.97939141e-01
   11.9171354347   3.97874261e-03   9.96037025e-01   3.34175543e-04   3.10755543e-01   5.23087826e-01   9.97929850e-01
   11.9708503050   3.99669288e-03   9.96019217e-01   3.34178329e-04   3.10767031e-01   5.23098729e-01   9.97920517e-01
   12.0248072877   4.01472421e-03   9.96001329e-01   3.34181127e-04   3.10778570e-01   5.23109681e-01   9.97911142e-01
   12.0790074743   4.03283696e-03   9.95983361e-01   3.34183938e-04   3.10790162e-01   5.23120683e-01   9.97901725e-01
   12.1334519608   4.05103151e-03   9.95965313e-01   3.34186762e-04   3.10801806e-01   5.23131734e-01   9.97892265e-01
   12.1881418484   4.06930823e-03   9.95947184e-01   3.34189598e-04   3.10813502e-01   5.23142835e-01   9.97882762e-01
   12.2430782433   4.08766748e-03   9.95928974e-01   3.34192447e-04   3.10825251e-01   5.23153986e-01   9.97873217e-01
   12.2982622566   4.10610964e-03   9.95910682e-01   3.34195310e-04   3.10837054e-01   5.23165187e-01   9.97863629e-01
   12.3536950042   4.12463508e-03   9.95892308e-01   3.34198185e-04   3.10848910e-01   5.23176438e-01   9.97853997e-01
   12.4093776075   4.14324418e-03   9.95873851e-01   3.34201074e-04   3.10860819e-01   5.23187740e-01   9.97844322e-01
   12.4653111926   4.16193733e-03   9.95855313e-01   3.34203975e-04   3.10872782e-01   5.23199093e-01   9.97834604e-01
   12.5214968907   4.18071490e-03   9.95836691e-01   3.34206890e-04   3.10884800e-01   5.23210497e-01   9.97824841e-01
   12.5779358382   4.19957726e-03   9.95817985e-01   3.34209818e-04   3.10896871e-01   5.23221952e-01   9.97815035e-01
   12.6346291765   4.21852482e-03   9.95799196e-01   3.34212759e-04   3.10908997e-01   5.23233459e-01   9.97805184e-01
   12.6915780525   4.23755794e-03   9.95780323e-01   3.34215714e-04   3.10921178e-01   5.23245018e-01   9.97795289e-01
   12.7487836177   4.25667703e-03   9.95761365e-01   3.34218682e-04   3.10933414e-01   5.23256629e-01   9.97785349e-01
   12.8062470293   4.27588246e-03   9.95742323e-01   3.34221664e-04   3.10945705e-01   5.23268292e-01   9.97775364e-01
   12.8639694494   4.29517463e-03   9.95723195e-01   3.34224659e-04   3.10958052e-01   5.23280007e-01   9.97765335e-01
   12.9219520454   4.31455393e-03   9.95703981e-01   3.34227668e-04   3.10970455e-01   5.23291775e-01   9.97755260e-01
   12.9801959902   4.33402075e-03   9.95684682e-01   3.34230690e-04   3.10982913e-01   5.23303596e-01   9.97745140e-01
   13.0387024616   4.35357550e-03   9.95665296e-01   3.34233726e-04   3.10995428e-01   5.23315471e-01   9.97734974e-01
   13.0974726430   4.37321857e-03   9.95645823e-01   3.34236776e-04   3.11008000e-01   5.23327398e-01   9.97724762e-01
   13.1565077230   4.39295035e-03   9.95626263e-01   3.34239840e-04   3.11020628e-01   5.23339380e-01   9.97714504e-01
   13.2158088956   4.41277126e-03   9.95606616e-01   3.34242918e-04   3.11033314e-01   5.23351415e-01   9.97704200e-01
   13.2753773603   4.43268169e-03   9.95586880e-01   3.34246010e-04   3.11046056e-01   5.23363505e-01   9.97693850e-01
   13.3352143216   4.45268205e-03   9.95567056e-01   3.34249116e-04   3.11058857e-01   5.23375649e-01   9.97683452e-01
   13.3953209900   4.47277274e-03   9.95547144e-01   3.34252236e-04   3.11071715e-01   5.23387847e-01   9.97673008e-01
   13.4556985810   4.49295418e-03   9.95527142e-01   3.34255370e-04   3.11084631e-01   5.23400101e-01   9.97662517e-01
   13.5163483158   4.51322678e-03   9.95507051e-01   3.34258518e-04   3.11097606e-01   5.23412409e-01   9.97651979e-01
   13.5772714211   4.53359094e-03   9.95486870e-01   3.34261681e-04   3.11110639e-01   5.23424773e-01   9.97641393e-01
   13.6384691289   4.55404708e-03   9.95466598e-01   3.34264858e-04   3.11123731e-01   5.23437193e-01   9.97630759e-01
   13.6999426772   4.57459563e-03   9.95446236e-01   3.34268050e-04   3.11136882e-01   5.23449668e-01   9.97620077e-01
   13.7616933091   4.59523699e-03   9.95425783e-01   3.34271256e-04   3.11150093e-01   5.23462200e-01   9.97609347e-01
   13.8237222736   4.61597159e-03   9.95405238e-01   3.34274476e-04   3.11163364e-01   5.23474788e-01   9.97598569e-01
   13.8860308252   4.63679985e-03   9.95384601e-01   3.34277712e-04   3.11176694e-01   5.23487433e-01   9.97587742e-01
   13.9486202242   4.65772219e-03   9.95363872e-01   3.34280962e-04   3.11190085e-01   5.23500134e-01   9.97576867e-01
   14.0114917364   4.67873905e-03   9.95343050e-01   3.34284227e-04   3.11203536e-01   5.23512893e-01   9.97565942e-01
   14.0746466334   4.69985084e-03   9.95322134e-01   3.34287506e-04   3.11217048e-01   5.23525709e-01   9.97554968e-01
   14.1380861925   4.72105799e-03   9.95301126e-01   3.34290801e-04   3.11230621e-01   5.23538583e-01   9.97543944e-01
   14.2018116969   4.74236095e-03   9.95280023e-01   3.34294110e-04   3.11244256e-01   5.23551515e-01   9.97532871e-01
   14.2658244352   4.76376013e-03   9.95258826e-01   3.34297435e-04   3.11257952e-01   5.23564505e-01   9.97521748e-01
   14.3301257024   4.78525599e-03   9.95237534e-01   3.34300775e-04   3.11271710e-01   5.23577553e-01   9.97510575e-01
   14.3947167987   4.80684895e-03   9.95216146e-01   3.34304130e-04   3.11285530e-01   5.23590660e-01   9.97499351e-01
   14.4595990307   4.82853946e-03   9.95194663e-01   3.34307500e-04   3.11299413e-01   5.23603826e-01   9.97488077e-01
   14.5247737105   4.85032796e-03   9.95173084e-01   3.34310886e-04   3.11313358e-01   5.23617052e-01   9.97476752e-01
   14.5902421563   4.87221488e-03   9.95151408e-01   3.34314287e-04   3.11327367e-01   5.23630336e-01   9.97465375e-01
   14.6560056923   4.89420068e-03   9.95129636e-01   3.34317703e-04   3.11341439e-01   5.23643681e-01   9.97453948e-01
   14.7220656484   4.91628581e-03   9.95107766e-01   3.34321135e-04   3.11355574e-01   5.23657086e-01   9.97442469e-01
   14.7884233609   4.93847071e-03   9.95085798e-01   3.34324583e-04   3.11369773e-01   5.23670551e-01   9.97430938e-01
   14.8550801717   4.96075583e-03   9.95063732e-01   3.34328046e-04   3.11384037e-01   5.23684076e-01   9.97419355e-01
   14.9220374291   4.98314164e-03   9.95041567e-01   3.34331525e-04   3.11398365e-01   5.23697663e-01   9.97407720e-01
   14.9892964872   5.00562858e-03   9.95019303e-01   3.34335020e-04   3.11412757e-01   5.23711310e-01   9.97396032e-01
   15.0568587064   5.02821712e-03   9.94996939e-01   3.34338531e-04   3.11427215e-01   5.23725019e-01   9.97384292e-01
   15.1247254531   5.05090770e-03   9.94974476e-01   3.34342058e-04   3.11441739e-01   5.23738790e-01   9.97372499e-01
   15.1928981000   5.07370081e-03   9.94951912e-01   3.34345601e-04   3.11456327e-01   5.23752622e-01   9.97360653e-01
   15.2613780258   5.09659689e-03   9.94929247e-01   3.34349160e-04   3.11470982e-01   5.23766517e-01   9.97348753e-01
   15.3301666156   5.11959642e-03   9.94906480e-01   3.34352735e-04   3.11485703e-01   5.23780474e-01   9.97336799e-01
   15.3992652606   5.14269987e-03   9.94883612e-01   3.34356326e-04   3.11500491e-01   5.23794494e-01   9.97324792e-01
   15.4686753584   5.16590770e-03   9.94860642e-01   3.34359934e-04   3.11515345e-01   5.23808578e-01   9.97312730e-01
   15.5383983127   5.18922039e-03   9.94837569e-01   3.34363559e-04   3.11530267e-01   5.23822724e-01   9.97300614e-01
   15.6084355339   5.21263841e-03   9.94814392e-01   3.34367199e-04   3.11545256e-01   5.23836934e-01   9.97288444e-01
   15.6787884383   5.23616224e-03   9.94791112e-01   3.34370857e-04   3.11560313e-01   5.23851208e-01   9.97276218e-01
   15.7494584488   5.25979236e-03   9.94767728e-01   3.34374531e-04   3.11575438e-01   5.23865547e-01   9.97263938e-01
   15.8204469949   5.28352926e-03   9.94744240e-01   3.34378222e-04   3.11590631e-01   5.23879949e-01   9.97251602e-01
   15.8917555121   5.30737340e-03   9.94720646e-01   3.34381929e-04   3.11605893e-01   5.23894417e-01   9.97239210e-01
   15.9633854429   5.33132529e-03   9.94696947e-01   3.34385654e-04   3.11621224e-01   5.23908950e-01   9.97226763e-01
   16.0353382358   5.35538541e-03   9.94673142e-01   3.34389395e-04   3.11636625e-01   5.23923548e-01   9.97214259e-01
   16.1076153462   5.37955424e-03   9.94649231e-01   3.34393153e-04   3.11652095e-01   5.23938212e-01   9.97201699e-01
   16.1802182358   5.40383229e-03   9.94625212e-01   3.34396929e-04   3.11667635e-01   5.23952941e-01   9.97189082e-01
   16.2531483731   5.42822004e-03   9.94601086e-01   3.34400722e-04   3.11683245e-01   5.23967737e-01   9.97176409e-01
   16.3264072331   5.45271800e-03   9.94576853e-01   3.34404532e-04   3.11698926e-01   5.23982600e-01   9.97163678e-01
   16.3999962975   5.47732665e-03   9.94552511e-01   3.34408359e-04   3.11714677e-01   5.23997529e-01   9.97150890e-01
   16.4739170546   5.50204651e-03   9.94528060e-01   3.34412204e-04   3.11730500e-01   5.24012526e-01   9.97138044e-01
   16.5481709994   5.52687808e-03   9.94503500e-01   3.34416067e-04   3.11746395e-01   5.24027590e-01   9.97125140e-01
   16.6227596339   5.55182187e-03   9.94478831e-01   3.34419947e-04   3.11762361e-01   5.24042722e-01   9.97112178e-01
   16.6976844665   5.57687837e-03   9.94454051e-01   3.34423844e-04   3.11778400e-01   5.24057921e-01   9.97099158e-01
   16.7729470126   5.60204811e-03   9.94429160e-01   3.34427760e-04   3.11794511e-01   5.24073190e-01   9.97086079e-01
   16.8485487944   5.62733159e-03   9.94404158e-01   3.34431693e-04   3.11810695e-01   5.24088527e-01   9.97072941e-01
   16.9244913409   5.65272933e-03   9.94379044e-01   3.34435644e-04   3.11826952e-01   5.24103932e-01   9.97059743e-01
   17.0007761882   5.67824186e-03   9.94353819e-01   3.34439614e-04   3.11843283e-01   5.24119408e-01   9.97046486e-01
   17.0774048791   5.70386968e-03   9.94328480e-01   3.34443601e-04   3.11859687e-01   5.24134952e-01   9.97033170e-01
   17.1543789634   5.72961333e-03   9.94303028e-01   3.34447606e-04   3.11876166e-01   5.24150567e-01   9.97019793e-01
   17.2316999980   5.75547332e-03   9.94277463e-01   3.34451630e-04   3.11892719e-01   5.24166252e-01   9.97006356e-01
   17.3093695466   5.78145018e-03   9.94251783e-01   3.34455672e-04   3.11909347e-01   5.24182008e-01   9.96992858e-01
   17.3873891802   5.80754445e-03   9.94225988e-01   3.34459733e-04   3.11926051e-01   5.24197834e-01   9.96979300e-01
   17.4657604766   5.83375665e-03   9.94200079e-01   3.34463812e-04   3.11942830e-01   5.24213731e-01   9.96965680e-01
   17.5444850211   5.86008732e-03   9.94174053e-01   3.34467909e-04   3.11959684e-01   5.24229700e-01   9.96951999e-01
   17.6235644057   5.88653700e-03   9.94147912e-01   3.34472026e-04   3.11976615e-01   5.24245741e-01   9.96938256e-01
   17.7030002300   5.91310623e-03   9.94121653e-01   3.34476161e-04   3.11993623e-01   5.24261854e-01   9.96924451e-01
   17.7827941004   5.93979554e-03   9.94095277e-01   3.34480315e-04   3.12010708e-01   5.24278040e-01   9.96910584e-01
   17.8629476309   5.96660549e-03   9.94068784e-01   3.34484488e-04   3.12027869e-01   5.24294298e-01   9.96896654e-01
   17.9434624425   5.99353661e-03   9.94042172e-01   3.34488680e-04   3.12045109e-01   5.24310630e-01   9.96882662e-01
   18.0243401637   6.02058946e-03   9.94015441e-01   3.34492891e-04   3.12062426e-01   5.24327034e-01   9.96868606e-01
   18.1055824303   6.04776459e-03   9.93988591e-01   3.34497121e-04   3.12079822e-01   5.24343513e-01   9.96854487e-01
   18.1871908853   6.07506256e-03   9.93961621e-01   3.34501371e-04   3.12097296e-01   5.24360066e-01   9.96840305e-01
   18.2691671794   6.10248392e-03   9.93934531e-01   3.34505640e-04   3.12114850e-01   5.24376693e-01   9.96826058e-01
   18.3515129705   6.13002923e-03   9.93907319e-01   3.34509928e-04   3.12132483e-01   5.24393395e-01   9.96811747e-01
   18.4342299241   6.15769905e-03   9.93879986e-01   3.34514236e-04   3.12150196e-01   5.24410172e-01   9.96797372e-01
   18.5173197131   6.18549394e-03   9.93852531e-01   3.34518564e-04   3.12167988e-01   5.24427025e-01   9.96782932e-01
   18.6007840181   6.21341449e-03   9.93824954e-01   3.34522911e-04   3.12185862e-01   5.24443953e-01   9.96768426e-01
   18.6846245271   6.24146124e-03   9.93797253e-01   3.34527278e-04   3.12203816e-01   5.24460957e-01   9.96753855e-01
   18.7688429358   6.26963478e-03   9.93769429e-01   3.34531666e-04   3.12221851e-01   5.24478038e-01   9.96739219e-01
   18.8534409475   6.29793568e-03   9.93741480e-01   3.34536073e-04   3.12239968e-01   5.24495196e-01   9.96724516e-01
   18.9384202733   6.32636452e-03   9.93713407e-01   3.34540500e-04   3.12258167e-01   5.24512431e-01   9.96709748e-01
   19.0237826319   6.35492187e-03   9.93685208e-01   3.34544948e-04   3.12276448e-01   5.24529743e-01   9.96694912e-01
   19.1095297497   6.38360833e-03   9.93656884e-01   3.34549415e-04   3.12294812e-01   5.24547134e-01   9.96680010e-01
   19.1956633610   6.41242447e-03   9.93628433e-01   3.34553904e-04   3.12313259e-01   5.24564602e-01   9.96665040e-01
   19.2821852079   6.44137089e-03   9.93599855e-01   3.34558412e-04   3.12331790e-01   5.24582149e-01   9.96650003e-01
   19.3690970402   6.47044817e-03   9.93571149e-01   3.34562942e-04   3.12350404e-01   5.24599775e-01   9.96634898e-01
   19.4564006159   6.49965691e-03   9.93542316e-01   3.34567492e-04   3.12369103e-01   5.24617480e-01   9.96619725e-01
   19.5440977005   6.52899770e-03   9.93513354e-01   3.34572062e-04   3.12387886e-01   5.24635265e-01   9.96604483e-01
   19.6321900679   6.55847115e-03   9.93484262e-01   3.34576654e-04   3.12406754e-01   5.24653130e-01   9.96589173e-01
   19.7206794997   6.58807785e-03   9.93455041e-01   3.34581267e-04   3.12425708e-01   5.24671075e-01   9.96573794e-01
   19.8095677855   6.61781842e-03   9.93425689e-01   3.34585900e-04   3.12444747e-01   5.24689101e-01   9.96558345e-01
   19.8988567232   6.64769344e-03   9.93396207e-01   3.34590555e-04   3.12463873e-01   5.24707207e-01   9.96542827e-01
   19.9885481187   6.67770355e-03   9.93366592e-01   3.34595231e-04   3.12483085e-01   5.24725396e-01   9.96527238e-01
   20.0786437860   6.70784934e-03   9.93336846e-01   3.34599928e-04   3.12502384e-01   5.24743666e-01   9.96511580e-01
   20.1691455473   6.73813144e-03   9.93306967e-01   3.34604647e-04   3.12521770e-01   5.24762018e-01   9.96495850e-01
   20.2600552330   6.76855045e-03   9.93276955e-01   3.34609388e-04   3.12541244e-01   5.24780453e-01   9.96480050e-01
   20.3513746817   6.79910702e-03   9.93246809e-01   3.34614150e-04   3.12560806e-01   5.24798970e-01   9.96464179e-01
   20.4431057405   6.82980175e-03   9.93216528e-01   3.34618934e-04   3.12580457e-01   5.24817571e-01   9.96448235e-01
   20.5352502646   6.86063527e-03   9.93186112e-01   3.34623739e-04   3.12600196e-01   5.24836256e-01   9.96432220e-01
   20.6278101176   6.89160822e-03   9.93155561e-01   3.34628567e-04   3.12620025e-01   5.24855024e-01   9.96416133e-01
   20.7207871715   6.92272122e-03   9.93124873e-01   3.34633417e-04   3.12639944e-01   5.24873877e-01   9.96399973e-01
   20.8141833070   6.95397492e-03   9.93094049e-01   3.34638289e-04   3.12659953e-01   5.24892814e-01   9.96383741e-01
   20.9080004128   6.98536994e-03   9.93063087e-01   3.34643183e-04   3.12680052e-01   5.24911837e-01   9.96367435e-01
   21.0022403865   7.01690694e-03   9.93031987e-01   3.34648099e-04   3.12700243e-01   5.24930946e-01   9.96351055e-01
   21.0969051341   7.04858655e-03   9.93000748e-01   3.34653038e-04   3.12720524e-01   5.24950140e-01   9.96334602e-01
   21.1919965701   7.08040942e-03   9.92969370e-01   3.34658000e-04   3.12740898e-01   5.24969420e-01   9.96318074e-01
   21.2875166180   7.11237621e-03   9.92937852e-01   3.34662984e-04   3.12761364e-01   5.24988787e-01   9.96301472e-01
   21.3834672094   7.14448756e-03   9.92906194e-01   3.34667991e-04   3.12781922e-01   5.25008242e-01   9.96284795e-01
   21.4798502852   7.17674413e-03   9.92874395e-01   3.34673021e-04   3.12802573e-01   5.25027783e-01   9.96268043e-01
   21.5766677945   7.20914659e-03   9.92842453e-01   3.34678074e-04   3.12823318e-01   5.25047413e-01   9.96251215e-01
   21.6739216957   7.24169558e-03   9.92810370e-01   3.34683150e-04   3.12844157e-01   5.25067131e-01   9.96234311e-01
   21.7716139556   7.27439178e-03   9.92778143e-01   3.34688249e-04   3.12865090e-01   5.25086937e-01   9.96217331e-01
   21.8697465501   7.30723586e-03   9.92745772e-01   3.34693372e-04   3.12886118e-01   5.25106832e-01   9.96200275e-01
   21.9683214639   7.34022849e-03   9.92713258e-01   3.34698518e-04   3.12907241e-01   5.25126817e-01   9.96183141e-01
   22.0673406908   7.37337033e-03   9.92680598e-01   3.34703687e-04   3.12928460e-01   5.25146892e-01   9.96165930e-01
   22.1668062335   7.40666207e-03   9.92647793e-01   3.34708880e-04   3.12949775e-01   5.25167057e-01   9.96148642e-01
   22.2667201035   7.44010439e-03   9.92614842e-01   3.34714097e-04   3.12971186e-01   5.25187313e-01   9.96131275e-01
   22.3670843218   7.47369797e-03   9.92581744e-01   3.34719338e-04   3.12992694e-01   5.25207659e-01   9.96113831e-01
   22.4679009181   7.50744350e-03   9.92548498e-01   3.34724603e-04   3.13014300e-01   5.25228097e-01   9.96096307e-01
   22.5691719316   7.54134167e-03   9.92515104e-01   3.34729891e-04   3.13036003e-01   5.25248627e-01   9.96078705e-01
   22.6708994104   7.57539317e-03   9.92481562e-01   3.34735204e-04   3.13057805e-01   5.25269250e-01   9.96061023e-01
   22.7730854120   7.60959869e-03   9.92447870e-01   3.34740542e-04   3.13079705e-01   5.25289965e-01   9.96043261e-01
   22.8757320032   7.64395895e-03   9.92414028e-01   3.34745903e-04   3.13101705e-01   5.25310773e-01   9.96025419e-01
   22.9788412599   7.67847462e-03   9.92380035e-01   3.34751290e-04   3.13123804e-01   5.25331674e-01   9.96007497e-01
   23.0824152676   7.71314644e-03   9.92345891e-01   3.34756701e-04   3.13146003e-01   5.25352670e-01   9.95989494e-01
   23.1864561211   7.74797509e-03   9.92311594e-01   3.34762136e-04   3.13168303e-01   5.25373760e-01   9.95971409e-01
   23.2909659246   7.78296130e-03   9.92277145e-01   3.34767597e-04   3.13190703e-01   5.25394945e-01   9.95953244e-01
   23.3959467919   7.81810578e-03   9.92242543e-01   3.34773082e-04   3.13213206e-01   5.25416224e-01   9.95934996e-01
   23.5014008461   7.85340925e-03   9.92207786e-01   3.34778593e-04   3.13235810e-01   5.25437600e-01   9.95916666e-01
   23.6073302202   7.88887243e-03   9.92172875e-01   3.34784129e-04   3.13258516e-01   5.25459072e-01   9.95898253e-01
   23.7137370566   7.92449605e-03   9.92137808e-01   3.34789690e-04   3.13281325e-01   5.25480640e-01   9.95879757e-01
   23.8206235074   7.96028083e-03   9.92102585e-01   3.34795277e-04   3.13304237e-01   5.25502305e-01   9.95861177e-01
   23.9279917343   7.99622751e-03   9.92067205e-01   3.34800889e-04   3.13327254e-01   5.25524067e-01   9.95842514e-01
   24.0358439089   8.03233681e-03   9.92031668e-01   3.34806527e-04   3.13350374e-01   5.25545927e-01   9.95823767e-01
   24.1441822126   8.06860949e-03   9.91995972e-01   3.34812191e-04   3.13373599e-01   5.25567886e-01   9.95804935e-01
   24.2530088364   8.10504628e-03   9.91960117e-01   3.34817881e-04   3.13396930e-01   5.25589943e-01   9.95786018e-01
   24.3623259815   8.14164793e-03   9.91924103e-01   3.34823597e-04   3.13420366e-01   5.25612099e-01   9.95767016e-01
   24.4721358588   8.17841518e-03   9.91887929e-01   3.34829339e-04   3.13443908e-01   5.25634355e-01   9.95747928e-01
   24.5824406892   8.21534879e-03   9.91851593e-01   3.34835107e-04   3.13467556e-01   5.25656711e-01   9.95728754e-01
   24.6932427037   8.25244952e-03   9.91815096e-01   3.34840902e-04   3.13491312e-01   5.25679167e-01   9.95709493e-01
   24.8045441431   8.28971812e-03   9.91778436e-01   3.34846723e-04   3.13515176e-01   5.25701725e-01   9.95690145e-01
   24.9163472588   8.32715535e-03   9.91741614e-01   3.34852571e-04   3.13539147e-01   5.25724383e-01   9.95670711e-01
   25.0286543117   8.36476199e-03   9.91704627e-01   3.34858445e-04   3.13563227e-01   5.25747144e-01   9.95651188e-01
   25.1414675735   8.40253879e-03   9.91667476e-01   3.34864347e-04   3.13587416e-01   5.25770006e-01   9.95631578e-01
   25.2547893258   8.44048654e-03   9.91630159e-01   3.34870276e-04   3.13611715e-01   5.25792972e-01   9.95611879e-01
   25.3686218604   8.47860601e-03   9.91592676e-01   3.34876232e-04   3.13636124e-01   5.25816040e-01   9.95592091e-01
   25.4829674798   8.51689799e-03   9.91555027e-01   3.34882215e-04   3.13660643e-01   5.25839213e-01   9.95572214e-01
   25.5978284965   8.55536324e-03   9.91517210e-01   3.34888225e-04   3.13685274e-01   5.25862489e-01   9.95552247e-01
   25.7132072337   8.59400257e-03   9.91479225e-01   3.34894264e-04   3.13710016e-01   5.25885870e-01   9.95532190e-01
   25.8291060248   8.63281676e-03   9.91441071e-01   3.34900329e-04   3.13734870e-01   5.25909356e-01   9.95512043e-01
   25.9455272140   8.67180661e-03   9.91402747e-01   3.34906423e-04   3.13759837e-01   5.25932947e-01   9.95491805e-01
   26.0624731560   8.71097292e-03   9.91364253e-01   3.34912545e-04   3.13784916e-01   5.25956645e-01   9.95471475e-01
   26.1799462159   8.75031648e-03   9.91325587e-01   3.34918694e-04   3.13810110e-01   5.25980449e-01   9.95451054e-01
   26.2979487696   8.78983811e-03   9.91286750e-01   3.34924872e-04   3.13835417e-01   5.26004360e-01   9.95430540e-01
   26.4164832039   8.82953860e-03   9.91247740e-01   3.34931078e-04   3.13860840e-01   5.26028378e-01   9.95409934e-01
   26.5355519160   8.86941879e-03   9.91208556e-01   3.34937313e-04   3.13886377e-01   5.26052504e-01   9.95389236e-01
   26.6551573142   8.90947947e-03   9.91169198e-01   3.34943576e-04   3.13912030e-01   5.26076739e-01   9.95368443e-01
   26.7753018174   8.94972148e-03   9.91129666e-01   3.34949868e-04   3.13937799e-01   5.26101083e-01   9.95347557e-01
   26.8959878558   8.99014564e-03   9.91089957e-01   3.34956189e-04   3.13963685e-01   5.26125536e-01   9.95326577e-01
   27.0172178700   9.03075276e-03   9.91050072e-01   3.34962539e-04   3.13989689e-01   5.26150098e-01   9.95305502e-01
   27.1389943121   9.07154370e-03   9.91010009e-01   3.34968918e-04   3.14015810e-01   5.26174771e-01   9.95284332e-01
   27.2613196449   9.11251927e-03   9.90969769e-01   3.34975326e-04   3.14042049e-01   5.26199555e-01   9.95263066e-01
   27.3841963426   9.15368033e-03   9.90929350e-01   3.34981764e-04   3.14068408e-01   5.26224451e-01   9.95241705e-01
   27.5076268904   9.19502771e-03   9.90888750e-01   3.34988231e-04   3.14094886e-01   5.26249458e-01   9.95220247e-01
   27.6316137845   9.23656227e-03   9.90847971e-01   3.34994728e-04   3.14121484e-01   5.26274577e-01   9.95198692e-01
   27.7561595328   9.27828484e-03   9.90807010e-01   3.35001255e-04   3.14148202e-01   5.26299809e-01   9.95177040e-01
   27.8812666541   9.32019629e-03   9.90765868e-01   3.35007811e-04   3.14175042e-01   5.26325155e-01   9.95155291e-01
   28.0069376788   9.36229748e-03   9.90724542e-01   3.35014398e-04   3.14202003e-01   5.26350615e-01   9.95133443e-01
   28.1331751486   9.40458927e-03   9.90683033e-01   3.35021015e-04   3.14229086e-01   5.26376188e-01   9.95111496e-01
   28.2599816166   9.44707252e-03   9.90641339e-01   3.35027663e-04   3.14256292e-01   5.26401877e-01   9.95089451e-01
   28.3873596476   9.48974811e-03   9.90599461e-01   3.35034340e-04   3.14283621e-01   5.26427681e-01   9.95067306e-01
   28.5153118177   9.53261691e-03   9.90557396e-01   3.35041049e-04   3.14311075e-01   5.26453601e-01   9.95045062e-01
   28.6438407149   9.57567980e-03   9.90515144e-01   3.35047788e-04   3.14338652e-01   5.26479637e-01   9.95022716e-01
   28.7729489387   9.61893767e-03   9.90472705e-01   3.35054559e-04   3.14366355e-01   5.26505791e-01   9.95000271e-01
   28.9026391002   9.66239139e-03   9.90430077e-01   3.35061360e-04   3.14394183e-01   5.26532062e-01   9.94977723e-01
   29.0329138226   9.70604186e-03   9.90387260e-01   3.35068193e-04   3.14422137e-01   5.26558450e-01   9.94955074e-01
   29.1637757405   9.74988997e-03   9.90344253e-01   3.35075057e-04   3.14450218e-01   5.26584958e-01   9.94932323e-01
   29.2952275008   9.79393663e-03   9.90301054e-01   3.35081953e-04   3.14478427e-01   5.26611584e-01   9.94909470e-01
   29.4272717621   9.83818274e-03   9.90257664e-01   3.35088880e-04   3.14506763e-01   5.26638330e-01   9.94886513e-01
   29.5599111949   9.88262920e-03   9.90214081e-01   3.35095839e-04   3.14535228e-01   5.26665196e-01   9.94863452e-01
   29.6931484820   9.92727692e-03   9.90170305e-01   3.35102830e-04   3.14563821e-01   5.26692183e-01   9.94840288e-01
   29.8269863181   9.97212683e-03   9.90126335e-01   3.35109854e-04   3.14592545e-01   5.26719290e-01   9.94817019e-01
   29.9614274100   1.00171798e-02   9.90082169e-01   3.35116909e-04   3.14621398e-01   5.26746520e-01   9.94793645e-01
   30.0964744770   1.00624369e-02   9.90037807e-01   3.35123997e-04   3.14650383e-01   5.26773872e-01   9.94770165e-01
   30.2321302502   1.01078989e-02   9.89993248e-01   3.35131118e-04   3.14679498e-01   5.26801347e-01   9.94746580e-01
   30.3683974734   1.01535667e-02   9.89948492e-01   3.35138271e-04   3.14708746e-01   5.26828945e-01   9.94722888e-01
   30.5052789027   1.01994414e-02   9.89903537e-01   3.35145457e-04   3.14738126e-01   5.26856667e-01   9.94699089e-01
   30.6427773064   1.02455239e-02   9.89858382e-01   3.35152677e-04   3.14767640e-01   5.26884513e-01   9.94675183e-01
   30.7808954655   1.02918151e-02   9.89813027e-01   3.35159929e-04   3.14797287e-01   5.26912485e-01   9.94651169e-01
   30.9196361734   1.03383159e-02   9.89767471e-01   3.35167215e-04   3.14827069e-01   5.26940582e-01   9.94627047e-01
   31.0590022362   1.03850273e-02   9.89721713e-01   3.35174534e-04   3.14856986e-01   5.26968805e-01   9.94602816e-01
   31.1989964727   1.04319504e-02   9.89675752e-01   3.35181887e-04   3.14887039e-01   5.26997155e-01   9.94578475e-01
   31.3396217142   1.04790859e-02   9.89629587e-01   3.35189274e-04   3.14917227e-01   5.27025632e-01   9.94554025e-01
   31.4808808048   1.05264350e-02   9.89583217e-01   3.35196695e-04   3.14947553e-01   5.27054238e-01   9.94529464e-01
   31.6227766017   1.05739985e-02   9.89536641e-01   3.35204150e-04   3.14978016e-01   5.27082971e-01   9.94504793e-01
   31.7653119746   1.06217775e-02   9.89489859e-01   3.35211639e-04   3.15008618e-01   5.27111834e-01   9.94480010e-01
   31.9084898063   1.06697729e-02   9.89442869e-01   3.35219163e-04   3.15039358e-01   5.27140826e-01   9.94455115e-01
   32.0523129927   1.07179857e-02   9.89395671e-01   3.35226722e-04   3.15070237e-01   5.27169948e-01   9.94430108e-01
   32.1967844425   1.07664170e-02   9.89348264e-01   3.35234315e-04   3.15101257e-01   5.27199201e-01   9.94404988e-01
   32.3419070778   1.08150676e-02   9.89300647e-01   3.35241943e-04   3.15132417e-01   5.27228586e-01   9.94379755e-01
   32.4876838337   1.08639387e-02   9.89252818e-01   3.35249606e-04   3.15163719e-01   5.27258102e-01   9.94354408e-01
   32.6341176585   1.09130311e-02   9.89204778e-01   3.35257305e-04   3.15195163e-01   5.27287751e-01   9.94328947e-01
   32.7812115139   1.09623460e-02   9.89156524e-01   3.35265039e-04   3.15226749e-01   5.27317532e-01   9.94303370e-01
   32.9289683749   1.10118842e-02   9.89108057e-01   3.35272809e-04   3.15258478e-01   5.27347448e-01   9.94277679e-01
   33.0773912299   1.10616470e-02   9.89059374e-01   3.35280614e-04   3.15290352e-01   5.27377498e-01   9.94251871e-01
   33.2264830808   1.11116352e-02   9.89010476e-01   3.35288455e-04   3.15322370e-01   5.27407683e-01   9.94225947e-01
   33.3762469429   1.11618498e-02   9.88961362e-01   3.35296333e-04   3.15354533e-01   5.27438003e-01   9.94199906e-01
   33.5266858453   1.12122920e-02   9.88912030e-01   3.35304247e-04   3.15386842e-01   5.27468459e-01   9.94173747e-01
   33.6778028307   1.12629628e-02   9.88862479e-01   3.35312197e-04   3.15419298e-01   5.27499052e-01   9.94147470e-01
   33.8296009553   1.13138632e-02   9.88812708e-01   3.35320184e-04   3.15451901e-01   5.27529783e-01   9.94121075e-01
   33.9820832894   1.13649942e-02   9.88762717e-01   3.35328208e-04   3.15484652e-01   5.27560651e-01   9.94094561e-01
   34.1352529169   1.14163569e-02   9.88712505e-01   3.35336268e-04   3.15517551e-01   5.27591658e-01   9.94067927e-01
   34.2891129358   1.14679524e-02   9.88662070e-01   3.35344366e-04   3.15550600e-01   5.27622804e-01   9.94041173e-01
   34.4436664577   1.15197817e-02   9.88611412e-01   3.35352501e-04   3.15583799e-01   5.27654089e-01   9.94014298e-01
   34.5989166087   1.15718458e-02   9.88560530e-01   3.35360674e-04   3.15617148e-01   5.27685516e-01   9.93987302e-01
   34.7548665287   1.16241459e-02   9.88509422e-01   3.35368884e-04   3.15650648e-01   5.27717083e-01   9.93960184e-01
   34.9115193717   1.16766831e-02   9.88458088e-01   3.35377133e-04   3.15684301e-01   5.27748792e-01   9.93932943e-01
   35.0688783062   1.17294583e-02   9.88406527e-01   3.35385419e-04   3.15718106e-01   5.27780643e-01   9.93905580e-01
   35.2269465147   1.17824727e-02   9.88354737e-01   3.35393743e-04   3.15752065e-01   5.27812637e-01   9.93878093e-01
   35.3857271942   1.18357275e-02   9.88302718e-01   3.35402106e-04   3.15786178e-01   5.27844775e-01   9.93850482e-01
   35.5452235561   1.18892235e-02   9.88250469e-01   3.35410508e-04   3.15820446e-01   5.27877056e-01   9.93822747e-01
   35.7054388262   1.19429621e-02   9.88197989e-01   3.35418948e-04   3.15854869e-01   5.27909483e-01   9.93794886e-01
   35.8663762448   1.19969442e-02   9.88145276e-01   3.35427427e-04   3.15889448e-01   5.27942055e-01   9.93766900e-01
   36.0280390671   1.20511711e-02   9.88092330e-01   3.35435946e-04   3.15924184e-01   5.27974774e-01   9.93738787e-01
   36.1904305625   1.21056437e-02   9.88039150e-01   3.35444503e-04   3.15959078e-01   5.28007639e-01   9.93710548e-01
   36.3535540156   1.21603633e-02   9.87985735e-01   3.35453100e-04   3.15994131e-01   5.28040652e-01   9.93682181e-01
   36.5174127255   1.22153309e-02   9.87932083e-01   3.35461737e-04   3.16029342e-01   5.28073813e-01   9.93653686e-01
   36.6820100063   1.22705477e-02   9.87878194e-01   3.35470414e-04   3.16064713e-01   5.28107122e-01   9.93625062e-01
   36.8473491870   1.23260148e-02   9.87824066e-01   3.35479131e-04   3.16100245e-01   5.28140581e-01   9.93596310e-01
   37.0134336115   1.23817334e-02   9.87769699e-01   3.35487888e-04   3.16135938e-01   5.28174190e-01   9.93567427e-01
   37.1802666391   1.24377046e-02   9.87715091e-01   3.35496685e-04   3.16171793e-01   5.28207950e-01   9.93538414e-01
   37.3478516440   1.24939296e-02   9.87660242e-01   3.35505523e-04   3.16207811e-01   5.28241862e-01   9.93509271e-01
   37.5161920154   1.25504094e-02   9.87605151e-01   3.35514402e-04   3.16243993e-01   5.28275925e-01   9.93479995e-01
   37.6852911583   1.26071454e-02   9.87549816e-01   3.35523322e-04   3.16280338e-01   5.28310141e-01   9.93450588e-01
   37.8551524926   1.26641386e-02   9.87494236e-01   3.35532283e-04   3.16316849e-01   5.28344511e-01   9.93421048e-01
   38.0257794538   1.27213902e-02   9.87438411e-01   3.35541286e-04   3.16353525e-01   5.28379035e-01   9.93391374e-01
   38.1971754928   1.27789014e-02   9.87382338e-01   3.35550330e-04   3.16390368e-01   5.28413714e-01   9.93361567e-01
   38.3693440763   1.28366734e-02   9.87326018e-01   3.35559416e-04   3.16427378e-01   5.28448549e-01   9.93331625e-01
   38.5422886862   1.28947074e-02   9.87269449e-01   3.35568544e-04   3.16464557e-01   5.28483539e-01   9.93301548e-01
   38.7160128205   1.29530046e-02   9.87212630e-01   3.35577714e-04   3.16501904e-01   5.28518687e-01   9.93271335e-01
   38.8905199928   1.30115661e-02   9.87155560e-01   3.35586927e-04   3.16539420e-01   5.28553992e-01   9.93240986e-01
   39.0658137325   1.30703932e-02   9.87098238e-01   3.35596182e-04   3.16577107e-01   5.28589456e-01   9.93210500e-01
   39.2418975848   1.31294871e-02   9.87040662e-01   3.35605480e-04   3.16614965e-01   5.28625079e-01   9.93179876e-01
   39.4187751113   1.31888490e-02   9.86982832e-01   3.35614821e-04   3.16652995e-01   5.28660861e-01   9.93149114e-01
   39.5964498892   1.32484801e-02   9.86924747e-01   3.35624205e-04   3.16691198e-01   5.28696804e-01   9.93118213e-01
   39.7749255120   1.33083817e-02   9.86866405e-01   3.35633632e-04   3.16729574e-01   5.28732908e-01   9.93087173e-01
   39.9542055895   1.33685549e-02   9.86807806e-01   3.35643104e-04   3.16768125e-01   5.28769174e-01   9.93055993e-01
   40.1342937476   1.34290011e-02   9.86748947e-01   3.35652619e-04   3.16806850e-01   5.28805603e-01   9.93024672e-01
   40.3151936286   1.34897215e-02   9.86689829e-01   3.35662178e-04   3.16845752e-01   5.28842195e-01   9.92993209e-01
   40.4969088913   1.35507173e-02   9.86630450e-01   3.35671781e-04   3.16884830e-01   5.28878951e-01   9.92961605e-01
   40.6794432108   1.36119898e-02   9.86570808e-01   3.35681429e-04   3.16924086e-01   5.28915872e-01   9.92929858e-01
   40.8628002791   1.36735403e-02   9.86510903e-01   3.35691121e-04   3.16963520e-01   5.28952959e-01   9.92897967e-01
   41.0469838044   1.37353700e-02   9.86450734e-01   3.35700858e-04   3.17003133e-01   5.28990212e-01   9.92865933e-01
   41.2319975119   1.37974801e-02   9.86390299e-01   3.35710641e-04   3.17042926e-01   5.29027631e-01   9.92833754e-01
   41.4178451436   1.38598721e-02   9.86329598e-01   3.35720468e-04   3.17082900e-01   5.29065219e-01   9.92801430e-01
   41.6045304583   1.39225471e-02   9.86268629e-01   3.35730341e-04   3.17123055e-01   5.29102975e-01   9.92768960e-01
   41.7920572318   1.39855064e-02   9.86207390e-01   3.35740260e-04   3.17163393e-01   5.29140901e-01   9.92736343e-01
   41.9804292566   1.40487514e-02   9.86145882e-01   3.35750225e-04   3.17203914e-01   5.29178996e-01   9.92703579e-01
   42.1696503429   1.41122834e-02   9.86084102e-01   3.35760236e-04   3.17244619e-01   5.29217263e-01   9.92670668e-01
   42.3597243174   1.41761037e-02   9.86022049e-01   3.35770293e-04   3.17285509e-01   5.29255701e-01   9.92637607e-01
   42.5506550247   1.42402135e-02   9.85959723e-01   3.35780397e-04   3.17326585e-01   5.29294311e-01   9.92604398e-01
   42.7424463261   1.43046142e-02   9.85897122e-01   3.35790548e-04   3.17367848e-01   5.29333094e-01   9.92571038e-01
   42.9351021008   1.43693072e-02   9.85834245e-01   3.35800746e-04   3.17409298e-01   5.29372051e-01   9.92537528e-01
   43.1286262453   1.44342937e-02   9.85771091e-01   3.35810991e-04   3.17450936e-01   5.29411183e-01   9.92503867e-01
   43.3230226736   1.44995752e-02   9.85707658e-01   3.35821284e-04   3.17492764e-01   5.29450490e-01   9.92470054e-01
   43.5182953174   1.45651529e-02   9.85643945e-01   3.35831624e-04   3.17534782e-01   5.29489974e-01   9.92436088e-01
   43.7144481261   1.46310282e-02   9.85579952e-01   3.35842013e-04   3.17576990e-01   5.29529634e-01   9.92401969e-01
   43.9114850670   1.46972025e-02   9.85515676e-01   3.35852449e-04   3.17619391e-01   5.29569472e-01   9.92367696e-01
   44.1094101251   1.47636772e-02   9.85451118e-01   3.35862934e-04   3.17661984e-01   5.29609489e-01   9.92333268e-01
   44.3082273036   1.48304536e-02   9.85386275e-01   3.35873468e-04   3.17704771e-01   5.29649685e-01   9.92298685e-01
   44.5079406236   1.48975330e-02   9.85321146e-01   3.35884050e-04   3.17747752e-01   5.29690061e-01   9.92263946e-01
   44.7085541242   1.49649170e-02   9.85255730e-01   3.35894682e-04   3.17790929e-01   5.29730619e-01   9.92229049e-01
   44.9100718629   1.50326068e-02   9.85190026e-01   3.35905363e-04   3.17834302e-01   5.29771358e-01   9.92193996e-01
   45.1124979155   1.51006039e-02   9.85124032e-01   3.35916093e-04   3.17877872e-01   5.29812279e-01   9.92158784e-01
   45.3158363760   1.51689096e-02   9.85057748e-01   3.35926873e-04   3.17921640e-01   5.29853384e-01   9.92123413e-01
   45.5200913571   1.52375255e-02   9.84991172e-01   3.35937704e-04   3.17965607e-01   5.29894673e-01   9.92087882e-01
   45.7252669897   1.53064528e-02   9.84924303e-01   3.35948584e-04   3.18009773e-01   5.29936147e-01   9.92052191e-01
   45.9313674236   1.53756931e-02   9.84857139e-01   3.35959515e-04   3.18054141e-01   5.29977807e-01   9.92016339e-01
   46.1383968273   1.54452477e-02   9.84789679e-01   3.35970497e-04   3.18098711e-01   5.30019654e-01   9.91980325e-01
   46.3463593879   1.55151182e-02   9.84721923e-01   3.35981530e-04   3.18143483e-01   5.30061688e-01   9.91944149e-01
   46.5552593116   1.55853058e-02   9.84653868e-01   3.35992614e-04   3.18188458e-01   5.30103911e-01   9.91907809e-01
   46.7651008233   1.56558122e-02   9.84585514e-01   3.36003750e-04   3.18233638e-01   5.30146323e-01   9.91871305e-01
   46.9758881671   1.57266387e-02   9.84516859e-01   3.36014938e-04   3.18279024e-01   5.30188925e-01   9.91834637e-01
   47.1876256062   1.57977868e-02   9.84447902e-01   3.36026177e-04   3.18324616e-01   5.30231717e-01   9.91797802e-01
   47.4003174231   1.58692581e-02   9.84378641e-01   3.36037469e-04   3.18370415e-01   5.30274702e-01   9.91760802e-01
   47.6139679195   1.59410538e-02   9.84309076e-01   3.36048813e-04   3.18416423e-01   5.30317878e-01   9.91723635e-01
   47.8285814165   1.60131757e-02   9.84239205e-01   3.36060210e-04   3.18462639e-01   5.30361249e-01   9.91686299e-01
   48.0441622548   1.60856251e-02   9.84169026e-01   3.36071660e-04   3.18509066e-01   5.30404813e-01   9.91648795e-01
   48.2607147943   1.61584035e-02   9.84098539e-01   3.36083163e-04   3.18555704e-01   5.30448573e-01   9.91611122e-01
   48.4782434151   1.62315124e-02   9.84027741e-01   3.36094720e-04   3.18602555e-01   5.30492529e-01   9.91573279e-01
   48.6967525166   1.63049535e-02   9.83956633e-01   3.36106330e-04   3.18649618e-01   5.30536682e-01   9.91535265e-01
   48.9162465182   1.63787281e-02   9.83885212e-01   3.36117995e-04   3.18696895e-01   5.30581032e-01   9.91497079e-01
   49.1367298592   1.64528378e-02   9.83813476e-01   3.36129714e-04   3.18744388e-01   5.30625581e-01   9.91458721e-01
   49.3582069990   1.65272841e-02   9.83741426e-01   3.36141487e-04   3.18792096e-01   5.30670330e-01   9.91420190e-01
   49.5806824168   1.66020687e-02   9.83669059e-01   3.36153315e-04   3.18840022e-01   5.30715279e-01   9.91381485e-01
   49.8041606125   1.66771929e-02   9.83596374e-01   3.36165198e-04   3.18888165e-01   5.30760430e-01   9.91342605e-01
   50.0286461058   1.67526585e-02   9.83523369e-01   3.36177137e-04   3.18936528e-01   5.30805782e-01   9.91303549e-01
   50.2541434369   1.68284669e-02   9.83450044e-01   3.36189131e-04   3.18985110e-01   5.30851338e-01   9.91264318e-01
   50.4806571667   1.69046197e-02   9.83376396e-01   3.36201181e-04   3.19033914e-01   5.30897098e-01   9.91224909e-01
   50.7081918763   1.69811185e-02   9.83302425e-01   3.36213287e-04   3.19082939e-01   5.30943062e-01   9.91185322e-01
   50.9367521678   1.70579649e-02   9.83228129e-01   3.36225449e-04   3.19132188e-01   5.30989233e-01   9.91145556e-01
   51.1663426638   1.71351605e-02   9.83153507e-01   3.36237669e-04   3.19181661e-01   5.31035610e-01   9.91105611e-01
   51.3969680077   1.72127068e-02   9.83078557e-01   3.36249945e-04   3.19231359e-01   5.31082195e-01   9.91065486e-01
   51.6286328641   1.72906055e-02   9.83003278e-01   3.36262278e-04   3.19281283e-01   5.31128989e-01   9.91025179e-01
   51.8613419184   1.73688583e-02   9.82927669e-01   3.36274669e-04   3.19331434e-01   5.31175992e-01   9.90984691e-01
   52.0950998771   1.74474666e-02   9.82851727e-01   3.36287117e-04   3.19381813e-01   5.31223205e-01   9.90944019e-01
   52.3299114681   1.75264322e-02   9.82775453e-01   3.36299624e-04   3.19432422e-01   5.31270630e-01   9.90903164e-01
   52.5657814405   1.76057566e-02   9.82698843e-01   3.36312189e-04   3.19483261e-01   5.31318267e-01   9.90862125e-01
   52.8027145648   1.76854416e-02   9.82621898e-01   3.36324813e-04   3.19534332e-01   5.31366117e-01   9.90820900e-01
   53.0407156330   1.77654888e-02   9.82544615e-01   3.36337495e-04   3.19585635e-01   5.31414182e-01   9.90779489e-01
   53.2797894587   1.78458998e-02   9.82466992e-01   3.36350237e-04   3.19637171e-01   5.31462462e-01   9.90737891e-01
   53.5199408771   1.79266763e-02   9.82389030e-01   3.36363038e-04   3.19688942e-01   5.31510958e-01   9.90696105e-01
   53.7611747456   1.80078201e-02   9.82310725e-01   3.36375899e-04   3.19740949e-01   5.31559671e-01   9.90654131e-01
   54.0034959429   1.80893326e-02   9.82232077e-01   3.36388820e-04   3.19793193e-01   5.31608602e-01   9.90611967e-01
   54.2469093701   1.81712158e-02   9.82153084e-01   3.36401801e-04   3.19845674e-01   5.31657752e-01   9.90569613e-01
   54.4914199503   1.82534712e-02   9.82073745e-01   3.36414843e-04   3.19898394e-01   5.31707122e-01   9.90527067e-01
   54.7370326288   1.83361005e-02   9.81994058e-01   3.36427945e-04   3.19951354e-01   5.31756713e-01   9.90484330e-01
   54.9837523730   1.84191056e-02   9.81914022e-01   3.36441109e-04   3.20004556e-01   5.31806526e-01   9.90441399e-01
   55.2315841731   1.85024880e-02   9.81833635e-01   3.36454335e-04   3.20058000e-01   5.31856562e-01   9.90398274e-01
   55.4805330413   1.85862496e-02   9.81752896e-01   3.36467622e-04   3.20111687e-01   5.31906822e-01   9.90354955e-01
   55.7306040127   1.86703920e-02   9.81671803e-01   3.36480971e-04   3.20165618e-01   5.31957306e-01   9.90311440e-01
   55.9818021451   1.87549171e-02   9.81590354e-01   3.36494383e-04   3.20219795e-01   5.32008017e-01   9.90267729e-01
   56.2341325190   1.88398266e-02   9.81508549e-01   3.36507857e-04   3.20274219e-01   5.32058954e-01   9.90223821e-01
   56.4876002378   1.89251222e-02   9.81426386e-01   3.36521395e-04   3.20328891e-01   5.32110120e-01   9.90179714e-01
   56.7422104280   1.90108057e-02   9.81343863e-01   3.36534995e-04   3.20383811e-01   5.32161514e-01   9.90135407e-01
   56.9979682390   1.90968789e-02   9.81260978e-01   3.36548660e-04   3.20438982e-01   5.32213139e-01   9.90090901e-01
   57.2548788436   1.91833436e-02   9.81177731e-01   3.36562388e-04   3.20494404e-01   5.32264994e-01   9.90046194e-01
   57.5129474379   1.92702015e-02   9.81094119e-01   3.36576180e-04   3.20550079e-01   5.32317081e-01   9.90001285e-01
   57.7721792413   1.93574546e-02   9.81010141e-01   3.36590037e-04   3.20606007e-01   5.32369401e-01   9.89956173e-01
   58.0325794969   1.94451045e-02   9.80925795e-01   3.36603959e-04   3.20662190e-01   5.32421956e-01   9.89910858e-01
   58.2941534714   1.95331532e-02   9.80841081e-01   3.36617946e-04   3.20718629e-01   5.32474745e-01   9.89865338e-01
   58.5569064550   1.96216024e-02   9.80755996e-01   3.36631999e-04   3.20775325e-01   5.32527771e-01   9.89819612e-01
   58.8208437620   1.97104540e-02   9.80670538e-01   3.36646117e-04   3.20832279e-01   5.32581034e-01   9.89773680e-01
   59.0859707306   1.97997098e-02   9.80584707e-01   3.36660301e-04   3.20889493e-01   5.32634535e-01   9.89727540e-01
   59.3522927230   1.98893718e-02   9.80498501e-01   3.36674552e-04   3.20946967e-01   5.32688275e-01   9.89681192e-01
   59.6198151256   1.99794417e-02   9.80411917e-01   3.36688870e-04   3.21004704e-01   5.32742256e-01   9.89634635e-01
   59.8885433492   2.00699214e-02   9.80324955e-01   3.36703254e-04   3.21062703e-01   5.32796478e-01   9.89587867e-01
   60.1584828287   2.01608129e-02   9.80237613e-01   3.36717706e-04   3.21120967e-01   5.32850942e-01   9.89540889e-01
   60.4296390238   2.02521179e-02   9.80149889e-01   3.36732226e-04   3.21179496e-01   5.32905650e-01   9.89493698e-01
   60.7020174187   2.03438385e-02   9.80061781e-01   3.36746814e-04   3.21238292e-01   5.32960603e-01   9.89446294e-01
   60.9756235221   2.04359765e-02   9.79973289e-01   3.36761470e-04   3.21297356e-01   5.33015802e-01   9.89398676e-01
   61.2504628680   2.05285338e-02   9.79884410e-01   3.36776195e-04   3.21356689e-01   5.33071247e-01   9.89350842e-01
   61.5265410149   2.06215124e-02   9.79795142e-01   3.36790989e-04   3.21416293e-01   5.33126940e-01   9.89302793e-01
   61.8038635466   2.07149142e-02   9.79705485e-01   3.36805853e-04   3.21476168e-01   5.33182883e-01   9.89254527e-01
   62.0824360719   2.08087411e-02   9.79615436e-01   3.36820786e-04   3.21536316e-01   5.33239075e-01   9.89206043e-01
   62.3622642251   2.09029952e-02   9.79524994e-01   3.36835789e-04   3.21596738e-01   5.33295519e-01   9.89157340e-01
   62.6433536657   2.09976783e-02   9.79434157e-01   3.36850863e-04   3.21657436e-01   5.33352215e-01   9.89108417e-01
   62.9257100788   2.10927924e-02   9.79342923e-01   3.36866007e-04   3.21718411e-01   5.33409164e-01   9.89059273e-01
   63.2093391751   2.11883396e-02   9.79251291e-01   3.36881222e-04   3.21779663e-01   5.33466368e-01   9.89009907e-01
   63.4942466910   2.12843217e-02   9.79159259e-01   3.36896509e-04   3.21841195e-01   5.33523828e-01   9.88960318e-01
   63.7804383889   2.13807409e-02   9.79066826e-01   3.36911868e-04   3.21903007e-01   5.33581544e-01   9.88910505e-01
   64.0679200570   2.14775991e-02   9.78973989e-01   3.36927299e-04   3.21965102e-01   5.33639519e-01   9.88860467e-01
   64.3566975098   2.15748984e-02   9.78880747e-01   3.36942802e-04   3.22027479e-01   5.33697752e-01   9.88810203e-01
   64.6467765877   2.16726407e-02   9.78787099e-01   3.36958379e-04   3.22090141e-01   5.33756246e-01   9.88759713e-01
   64.9381631576   2.17708281e-02   9.78693042e-01   3.36974028e-04   3.22153088e-01   5.33815001e-01   9.88708994e-01
   65.2308631130   2.18694627e-02   9.78598575e-01   3.36989751e-04   3.22216323e-01   5.33874019e-01   9.88658046e-01
   65.5248823737   2.19685465e-02   9.78503696e-01   3.37005548e-04   3.22279846e-01   5.33933301e-01   9.88606868e-01
   65.8202268863   2.20680816e-02   9.78408404e-01   3.37021419e-04   3.22343659e-01   5.33992847e-01   9.88555458e-01
   66.1169026241   2.21680700e-02   9.78312696e-01   3.37037365e-04   3.22407762e-01   5.34052660e-01   9.88503817e-01
   66.4149155877   2.22685139e-02   9.78216571e-01   3.37053386e-04   3.22472159e-01   5.34112740e-01   9.88451942e-01
   66.7142718041   2.23694153e-02   9.78120027e-01   3.37069483e-04   3.22536849e-01   5.34173088e-01   9.88399833e-01
   67.0149773281   2.24707764e-02   9.78023062e-01   3.37085655e-04   3.22601834e-01   5.34233706e-01   9.88347489e-01
   67.3170382414   2.25725993e-02   9.77925676e-01   3.37101903e-04   3.22667115e-01   5.34294594e-01   9.88294908e-01
   67.6204606533   2.26748860e-02   9.77827865e-01   3.37118227e-04   3.22732695e-01   5.34355755e-01   9.88242090e-01
   67.9252507006   2.27776388e-02   9.77729628e-01   3.37134629e-04   3.22798573e-01   5.34417189e-01   9.88189033e-01
   68.2314145475   2.28808598e-02   9.77630963e-01   3.37151108e-04   3.22864752e-01   5.34478897e-01   9.88135737e-01
   68.5389583865   2.29845511e-02   9.77531869e-01   3.37167664e-04   3.22931233e-01   5.34540881e-01   9.88082200e-01
   68.8478884376   2.30887149e-02   9.77432343e-01   3.37184299e-04   3.22998018e-01   5.34603142e-01   9.88028420e-01
   69.1582109489   2.31933533e-02   9.77332385e-01   3.37201011e-04   3.23065107e-01   5.34665681e-01   9.87974399e-01
   69.4699321968   2.32984687e-02   9.77231991e-01   3.37217803e-04   3.23132503e-01   5.34728499e-01   9.87920133e-01
   69.7830584860   2.34040631e-02   9.77131161e-01   3.37234674e-04   3.23200206e-01   5.34791598e-01   9.87865621e-01
   70.0975961494   2.35101387e-02   9.77029892e-01   3.37251624e-04   3.23268218e-01   5.34854979e-01   9.87810864e-01
   70.4135515486   2.36166979e-02   9.76928182e-01   3.37268654e-04   3.23336540e-01   5.34918642e-01   9.87755859e-01
   70.7309310739   2.37237428e-02   9.76826031e-01   3.37285765e-04   3.23405174e-01   5.34982590e-01   9.87700606e-01
   71.0497411443   2.38312756e-02   9.76723435e-01   3.37302956e-04   3.23474122e-01   5.35046823e-01   9.87645104e-01
   71.3699882078   2.39392987e-02   9.76620393e-01   3.37320228e-04   3.23543384e-01   5.35111343e-01   9.87589350e-01
   71.6916787415   2.40478142e-02   9.76516903e-01   3.37337582e-04   3.23612963e-01   5.35176152e-01   9.87533345e-01
   72.0148192516   2.41568244e-02   9.76412963e-01   3.37355018e-04   3.23682859e-01   5.35241249e-01   9.87477086e-01
   72.3394162737   2.42663317e-02   9.76308572e-01   3.37372536e-04   3.23753074e-01   5.35306637e-01   9.87420574e-01
   72.6654763728   2.43763383e-02   9.76203728e-01   3.37390137e-04   3.23823610e-01   5.35372317e-01   9.87363806e-01
   72.9930061435   2.44868465e-02   9.76098428e-01   3.37407821e-04   3.23894468e-01   5.35438291e-01   9.87306782e-01
   73.3220122102   2.45978587e-02   9.75992670e-01   3.37425589e-04   3.23965649e-01   5.35504558e-01   9.87249500e-01
   73.6525012271   2.47093771e-02   9.75886454e-01   3.37443441e-04   3.24037155e-01   5.35571122e-01   9.87191960e-01
   73.9844798784   2.48214040e-02   9.75779776e-01   3.37461377e-04   3.24108989e-01   5.35637982e-01   9.87134159e-01
   74.3179548784   2.49339420e-02   9.75672635e-01   3.37479397e-04   3.24181150e-01   5.35705141e-01   9.87076098e-01
   74.6529329717   2.50469932e-02   9.75565029e-01   3.37497503e-04   3.24253640e-01   5.35772600e-01   9.87017774e-01
   74.9894209332   2.51605601e-02   9.75456957e-01   3.37515695e-04   3.24326462e-01   5.35840360e-01   9.86959187e-01
   75.3274255686   2.52746451e-02   9.75348415e-01   3.37533972e-04   3.24399616e-01   5.35908422e-01   9.86900335e-01
   75.6669537140   2.53892505e-02   9.75239403e-01   3.37552337e-04   3.24473105e-01   5.35976788e-01   9.86841217e-01
   76.0080122364   2.55043787e-02   9.75129917e-01   3.37570788e-04   3.24546929e-01   5.36045458e-01   9.86781832e-01
   76.3506080338   2.56200322e-02   9.75019957e-01   3.37589326e-04   3.24621091e-01   5.36114436e-01   9.86722178e-01
   76.6947480353   2.57362134e-02   9.74909520e-01   3.37607952e-04   3.24695591e-01   5.36183721e-01   9.86662256e-01
   77.0404392011   2.58529248e-02   9.74798605e-01   3.37626666e-04   3.24770432e-01   5.36253315e-01   9.86602062e-01
   77.3876885229   2.59701687e-02   9.74687209e-01   3.37645469e-04   3.24845614e-01   5.36323219e-01   9.86541597e-01
   77.7365030239   2.60879476e-02   9.74575330e-01   3.37664362e-04   3.24921140e-01   5.36393435e-01   9.86480858e-01
   78.0868897589   2.62062640e-02   9.74462966e-01   3.37683343e-04   3.24997012e-01   5.36463965e-01   9.86419845e-01
   78.4388558145   2.63251205e-02   9.74350116e-01   3.37702415e-04   3.25073229e-01   5.36534809e-01   9.86358556e-01
   78.7924083094   2.64445194e-02   9.74236777e-01   3.37721577e-04   3.25149796e-01   5.36605969e-01   9.86296991e-01
   79.1475543941   2.65644633e-02   9.74122947e-01   3.37740829e-04   3.25226712e-01   5.36677446e-01   9.86235147e-01
   79.5043012516   2.66849547e-02   9.74008624e-01   3.37760174e-04   3.25303980e-01   5.36749242e-01   9.86173024e-01
   79.8626560972   2.68059962e-02   9.73893806e-01   3.37779610e-04   3.25381601e-01   5.36821358e-01   9.86110620e-01
   80.2226261785   2.69275903e-02   9.73778492e-01   3.37799138e-04   3.25459576e-01   5.36893796e-01   9.86047934e-01
   80.5842187761   2.70497395e-02   9.73662678e-01   3.37818758e-04   3.25537908e-01   5.36966557e-01   9.85984965e-01
   80.9474412033   2.71724464e-02   9.73546364e-01   3.37838472e-04   3.25616599e-01   5.37039642e-01   9.85921711e-01
   81.3123008063   2.72957136e-02   9.73429546e-01   3.37858280e-04   3.25695648e-01   5.37113053e-01   9.85858172e-01
   81.6788049644   2.74195437e-02   9.73312223e-01   3.37878182e-04   3.25775060e-01   5.37186792e-01   9.85794346e-01
   82.0469610902   2.75439393e-02   9.73194393e-01   3.37898178e-04   3.25854834e-01   5.37260859e-01   9.85730231e-01
   82.4167766299   2.76689031e-02   9.73076053e-01   3.37918269e-04   3.25934973e-01   5.37335256e-01   9.85665826e-01
   82.7882590628   2.77944375e-02   9.72957202e-01   3.37938455e-04   3.26015479e-01   5.37409985e-01   9.85601131e-01
   83.1614159024   2.79205453e-02   9.72837837e-01   3.37958738e-04   3.26096353e-01   5.37485046e-01   9.85536143e-01
   83.5362546958   2.80472292e-02   9.72717957e-01   3.37979117e-04   3.26177596e-01   5.37560443e-01   9.85470862e-01
   83.9127830241   2.81744918e-02   9.72597558e-01   3.37999593e-04   3.26259212e-01   5.37636175e-01   9.85405285e-01
   84.2910085028   2.83023357e-02   9.72476640e-01   3.38020166e-04   3.26341200e-01   5.37712245e-01   9.85339412e-01
   84.6709387815   2.84307637e-02   9.72355199e-01   3.38040838e-04   3.26423564e-01   5.37788654e-01   9.85273242e-01
   85.0525815444   2.85597785e-02   9.72233234e-01   3.38061607e-04   3.26506304e-01   5.37865403e-01   9.85206772e-01
   85.4359445102   2.86893828e-02   9.72110743e-01   3.38082476e-04   3.26589422e-01   5.37942494e-01   9.85140003e-01
   85.8210354325   2.88195794e-02   9.71987723e-01   3.38103443e-04   3.26672921e-01   5.38019929e-01   9.85072931e-01
   86.2078620999   2.89503709e-02   9.71864172e-01   3.38124511e-04   3.26756802e-01   5.38097708e-01   9.85005557e-01
   86.5964323360   2.90817601e-02   9.71740088e-01   3.38145679e-04   3.26841067e-01   5.38175834e-01   9.84937878e-01
   86.9867539997   2.92137498e-02   9.71615469e-01   3.38166948e-04   3.26925717e-01   5.38254308e-01   9.84869893e-01
   87.3788349853   2.93463429e-02   9.71490312e-01   3.38188318e-04   3.27010754e-01   5.38333132e-01   9.84801601e-01
   87.7726832227   2.94795420e-02   9.71364616e-01   3.38209790e-04   3.27096181e-01   5.38412307e-01   9.84733000e-01
   88.1683066776   2.96133500e-02   9.71238378e-01   3.38231365e-04   3.27181999e-01   5.38491834e-01   9.84664089e-01
   88.5657133515   2.97477697e-02   9.71111596e-01   3.38253042e-04   3.27268209e-01   5.38571715e-01   9.84594867e-01
   88.9649112820   2.98828039e-02   9.70984268e-01   3.38274823e-04   3.27354814e-01   5.38651953e-01   9.84525332e-01
   89.3659085430   3.00184556e-02   9.70856391e-01   3.38296708e-04   3.27441815e-01   5.38732547e-01   9.84455483e-01
   89.7687132447   3.01547275e-02   9.70727963e-01   3.38318697e-04   3.27529214e-01   5.38813500e-01   9.84385318e-01
   90.1733335340   3.02916226e-02   9.70598982e-01   3.38340791e-04   3.27617014e-01   5.38894814e-01   9.84314837e-01
   90.5797775943   3.04291437e-02   9.70469446e-01   3.38362990e-04   3.27705215e-01   5.38976490e-01   9.84244036e-01
   90.9880536460   3.05672938e-02   9.70339352e-01   3.38385296e-04   3.27793820e-01   5.39058529e-01   9.84172916e-01
   91.3981699465   3.07060757e-02   9.70208698e-01   3.38407708e-04   3.27882831e-01   5.39140933e-01   9.84101474e-01
   91.8101347907   3.08454924e-02   9.70077482e-01   3.38430228e-04   3.27972249e-01   5.39223705e-01   9.84029710e-01
   92.2239565104   3.09855469e-02   9.69945702e-01   3.38452855e-04   3.28062077e-01   5.39306844e-01   9.83957621e-01
   92.6396434754   3.11262420e-02   9.69813355e-01   3.38475590e-04   3.28152316e-01   5.39390354e-01   9.83885206e-01
   93.0572040930   3.12675809e-02   9.69680438e-01   3.38498434e-04   3.28242969e-01   5.39474235e-01   9.83812464e-01
   93.4766468083   3.14095664e-02   9.69546951e-01   3.38521387e-04   3.28334036e-01   5.39558489e-01   9.83739393e-01
   93.8979801048   3.15522016e-02   9.69412889e-01   3.38544450e-04   3.28425521e-01   5.39643119e-01   9.83665992e-01
   94.3212125039   3.16954895e-02   9.69278251e-01   3.38567623e-04   3.28517424e-01   5.39728125e-01   9.83592259e-01
   94.7463525655   3.18394331e-02   9.69143035e-01   3.38590907e-04   3.28609748e-01   5.39813509e-01   9.83518193e-01
   95.1734088883   3.19840355e-02   9.69007238e-01   3.38614303e-04   3.28702496e-01   5.39899273e-01   9.83443793e-01
   95.6023901095   3.21292997e-02   9.68870858e-01   3.38637811e-04   3.28795668e-01   5.39985418e-01   9.83369056e-01
   96.0333049054   3.22752288e-02   9.68733892e-01   3.38661431e-04   3.28889267e-01   5.40071947e-01   9.83293981e-01
   96.4661619911   3.24218260e-02   9.68596338e-01   3.38685165e-04   3.28983295e-01   5.40158860e-01   9.83218567e-01
   96.9009701214   3.25690942e-02   9.68458194e-01   3.38709012e-04   3.29077753e-01   5.40246161e-01   9.83142812e-01
   97.3377380904   3.27170367e-02   9.68319457e-01   3.38732974e-04   3.29172645e-01   5.40333849e-01   9.83066715e-01
   97.7764747317   3.28656565e-02   9.68180125e-01   3.38757051e-04   3.29267971e-01   5.40421927e-01   9.82990273e-01
   98.2171889188   3.30149569e-02   9.68040195e-01   3.38781243e-04   3.29363734e-01   5.40510397e-01   9.82913487e-01
   98.6598895653   3.31649410e-02   9.67899665e-01   3.38805551e-04   3.29459936e-01   5.40599260e-01   9.82836353e-01
   99.1045856249   3.33156119e-02   9.67758532e-01   3.38829976e-04   3.29556579e-01   5.40688518e-01   9.82758870e-01
   99.5512860916   3.34669729e-02   9.67616795e-01   3.38854518e-04   3.29653664e-01   5.40778173e-01   9.82681038e-01
  100.0000000000   3.36190271e-02   9.67474450e-01   3.38879178e-04   3.29751195e-01   5.40868227e-01   9.82602853e-01
  100.4507364254   3.37717779e-02   9.67331496e-01   3.38903957e-04   3.29849173e-01   5.40958681e-01   9.82524315e-01
  100.9035044841   3.39252284e-02   9.67187929e-01   3.38928854e-04   3.29947599e-01   5.41049537e-01   9.82445422e-01
  101.3583133334   3.40793820e-02   9.67043747e-01   3.38953872e-04   3.30046477e-01   5.41140796e-01   9.82366173e-01
  101.8151721718   3.42342418e-02   9.66898948e-01   3.38979009e-04   3.30145809e-01   5.41232462e-01   9.82286565e-01
  102.2740902394   3.43898112e-02   9.66753529e-01   3.39004268e-04   3.30245596e-01   5.41324534e-01   9.82206597e-01
  102.7350768179   3.45460934e-02   9.66607487e-01   3.39029647e-04   3.30345840e-01   5.41417016e-01   9.82126268e-01
  103.1981412309   3.47030919e-02   9.66460821e-01   3.39055149e-04   3.30446544e-01   5.41509908e-01   9.82045576e-01
  103.6632928438   3.48608099e-02   9.66313528e-01   3.39080774e-04   3.30547710e-01   5.41603214e-01   9.81964519e-01
  104.1305410644   3.50192508e-02   9.66165604e-01   3.39106522e-04   3.30649339e-01   5.41696933e-01   9.81883096e-01
  104.5998953430   3.51784180e-02   9.66017048e-01   3.39132394e-04   3.30751435e-01   5.41791069e-01   9.81801305e-01
  105.0713651723   3.53383148e-02   9.65867858e-01   3.39158391e-04   3.30853999e-01   5.41885624e-01   9.81719144e-01
  105.5449600879   3.54989447e-02   9.65718029e-01   3.39184513e-04   3.30957034e-01   5.41980598e-01   9.81636611e-01
  106.0206896682   3.56603110e-02   9.65567560e-01   3.39210761e-04   3.31060541e-01   5.42075994e-01   9.81553706e-01
  106.4985635350   3.58224173e-02   9.65416449e-01   3.39237136e-04   3.31164523e-01   5.42171813e-01   9.81470425e-01
  106.9785913535   3.59852669e-02   9.65264692e-01   3.39263637e-04   3.31268982e-01   5.42268058e-01   9.81386768e-01
  107.4607828321   3.61488634e-02   9.65112288e-01   3.39290267e-04   3.31373920e-01   5.42364730e-01   9.81302733e-01
  107.9451477234   3.63132101e-02   9.64959233e-01   3.39317025e-04   3.31479340e-01   5.42461831e-01   9.81218318e-01
  108.4316958237   3.64783107e-02   9.64805524e-01   3.39343912e-04   3.31585243e-01   5.42559364e-01   9.81133522e-01
  108.9204369735   3.66441687e-02   9.64651160e-01   3.39370929e-04   3.31691633e-01   5.42657329e-01   9.81048342e-01
  109.4113810577   3.68107875e-02   9.64496138e-01   3.39398076e-04   3.31798510e-01   5.42755729e-01   9.80962777e-01
  109.9045380057   3.69781707e-02   9.64340454e-01   3.39425355e-04   3.31905878e-01   5.42854566e-01   9.80876825e-01
  110.3999177917   3.71463220e-02   9.64184107e-01   3.39452765e-04   3.32013739e-01   5.42953842e-01   9.80790485e-01
  110.8975304349   3.73152448e-02   9.64027093e-01   3.39480308e-04   3.32122095e-01   5.43053558e-01   9.80703754e-01
  111.3973859995   3.74849429e-02   9.63869410e-01   3.39507984e-04   3.32230949e-01   5.43153716e-01   9.80616631e-01
  111.8994945952   3.76554197e-02   9.63711056e-01   3.39535794e-04   3.32340301e-01   5.43254319e-01   9.80529115e-01
  112.4038663772   3.78266790e-02   9.63552027e-01   3.39563739e-04   3.32450156e-01   5.43355368e-01   9.80441202e-01
  112.9105115466   3.79987245e-02   9.63392321e-01   3.39591819e-04   3.32560516e-01   5.43456866e-01   9.80352893e-01
  113.4194403503   3.81715597e-02   9.63231935e-01   3.39620035e-04   3.32671382e-01   5.43558813e-01   9.80264183e-01
  113.9306630815   3.83451884e-02   9.63070866e-01   3.39648387e-04   3.32782757e-01   5.43661213e-01   9.80175073e-01
  114.4441900797   3.85196144e-02   9.62909112e-01   3.39676877e-04   3.32894643e-01   5.43764067e-01   9.80085560e-01
  114.9600317312   3.86948412e-02   9.62746670e-01   3.39705504e-04   3.33007044e-01   5.43867377e-01   9.79995643e-01
  115.4781984689   3.88708728e-02   9.62583538e-01   3.39734271e-04   3.33119960e-01   5.43971145e-01   9.79905318e-01
  115.9987007729   3.90477128e-02   9.62419712e-01   3.39763177e-04   3.33233395e-01   5.44075373e-01   9.79814586e-01
  116.5215491703   3.92253650e-02   9.62255189e-01   3.39792223e-04   3.33347351e-01   5.44180063e-01   9.79723443e-01
  117.0467542359   3.94038333e-02   9.62089967e-01   3.39821410e-04   3.33461831e-01   5.44285217e-01   9.79631888e-01
  117.5743265921   3.95831214e-02   9.61924044e-01   3.39850739e-04   3.33576836e-01   5.44390837e-01   9.79539919e-01
  118.1042769090   3.97632332e-02   9.61757416e-01   3.39880210e-04   3.33692370e-01   5.44496925e-01   9.79447534e-01
  118.6366159050   3.99441726e-02   9.61590080e-01   3.39909825e-04   3.33808435e-01   5.44603484e-01   9.79354732e-01
  119.1713543468   4.01259434e-02   9.61422034e-01   3.39939583e-04   3.33925033e-01   5.44710515e-01   9.79261510e-01
  119.7085030496   4.03085495e-02   9.61253275e-01   3.39969485e-04   3.34042166e-01   5.44818019e-01   9.79167866e-01
  120.2480728772   4.04919949e-02   9.61083800e-01   3.39999534e-04   3.34159838e-01   5.44926001e-01   9.79073799e-01
  120.7900747425   4.06762835e-02   9.60913606e-01   3.40029728e-04   3.34278050e-01   5.45034460e-01   9.78979307e-01
  121.3345196077   4.08614192e-02   9.60742690e-01   3.40060069e-04   3.34396806e-01   5.45143400e-01   9.78884388e-01
  121.8814184842   4.10474060e-02   9.60571050e-01   3.40090558e-04   3.34516108e-01   5.45252823e-01   9.78789039e-01
  122.4307824332   4.12342479e-02   9.60398683e-01   3.40121195e-04   3.34635958e-01   5.45362730e-01   9.78693259e-01
  122.9826225656   4.14219489e-02   9.60225585e-01   3.40151981e-04   3.34756358e-01   5.45473124e-01   9.78597046e-01
  123.5369500424   4.16105131e-02   9.60051754e-01   3.40182917e-04   3.34877313e-01   5.45584006e-01   9.78500398e-01
  124.0937760752   4.17999444e-02   9.59877187e-01   3.40214004e-04   3.34998823e-01   5.45695380e-01   9.78403313e-01
  124.6531119257   4.19902470e-02   9.59701881e-01   3.40245243e-04   3.35120892e-01   5.45807246e-01   9.78305789e-01
  125.2149689066   4.21814250e-02   9.59525833e-01   3.40276633e-04   3.35243522e-01   5.45919608e-01   9.78207824e-01
  125.7793583815   4.23734825e-02   9.59349040e-01   3.40308177e-04   3.35366716e-01   5.46032467e-01   9.78109416e-01
  126.3462917654   4.25664235e-02   9.59171500e-01   3.40339875e-04   3.35490477e-01   5.46145826e-01   9.78010563e-01
  126.9157805246   4.27602523e-02   9.58993208e-01   3.40371728e-04   3.35614806e-01   5.46259686e-01   9.77911263e-01
  127.4878361771   4.29549731e-02   9.58814163e-01   3.40403735e-04   3.35739708e-01   5.46374051e-01   9.77811513e-01
  128.0624702928   4.31505899e-02   9.58634362e-01   3.40435900e-04   3.35865184e-01   5.46488921e-01   9.77711313e-01
  128.6396944937   4.33471071e-02   9.58453800e-01   3.40468221e-04   3.35991237e-01   5.46604299e-01   9.77610660e-01
  129.2195204544   4.35445288e-02   9.58272477e-01   3.40500700e-04   3.36117869e-01   5.46720188e-01   9.77509551e-01
  129.8019599018   4.37428593e-02   9.58090387e-01   3.40533338e-04   3.36245085e-01   5.46836589e-01   9.77407986e-01
  130.3870246161   4.39421030e-02   9.57907529e-01   3.40566136e-04   3.36372885e-01   5.46953505e-01   9.77305961e-01
  130.9747264301   4.41422640e-02   9.57723899e-01   3.40599094e-04   3.36501274e-01   5.47070938e-01   9.77203474e-01
  131.5650772302   4.43433467e-02   9.57539494e-01   3.40632214e-04   3.36630253e-01   5.47188891e-01   9.77100524e-01
  132.1580889565   4.45453555e-02   9.57354312e-01   3.40665495e-04   3.36759826e-01   5.47307365e-01   9.76997109e-01
  132.7537736026   4.47482946e-02   9.57168349e-01   3.40698940e-04   3.36889995e-01   5.47426362e-01   9.76893226e-01
  133.3521432163   4.49521686e-02   9.56981602e-01   3.40732548e-04   3.37020763e-01   5.47545886e-01   9.76788873e-01
  133.9532098999   4.51569817e-02   9.56794068e-01   3.40766321e-04   3.37152133e-01   5.47665938e-01   9.76684048e-01
  134.5569858100   4.53627385e-02   9.56605744e-01   3.40800260e-04   3.37284107e-01   5.47786521e-01   9.76578749e-01
  135.1634831580   4.55694433e-02   9.56416627e-01   3.40834365e-04   3.37416689e-01   5.47907636e-01   9.76472974e-01
  135.7727142105   4.57771006e-02   9.56226714e-01   3.40868637e-04   3.37549882e-01   5.48029287e-01   9.76366720e-01
  136.3846912893   4.59857149e-02   9.56036001e-01   3.40903078e-04   3.37683687e-01   5.48151475e-01   9.76259986e-01
  136.9994267717   4.61952908e-02   9.55844486e-01   3.40937687e-04   3.37818108e-01   5.48274202e-01   9.76152769e-01
  137.6169330908   4.64058327e-02   9.55652166e-01   3.40972467e-04   3.37953149e-01   5.48397472e-01   9.76045068e-01
  138.2372227358   4.66173452e-02   9.55459036e-01   3.41007417e-04   3.38088811e-01   5.48521287e-01   9.75936879e-01
  138.8603082522   4.68298329e-02   9.55265095e-01   3.41042540e-04   3.38225097e-01   5.48645648e-01   9.75828201e-01
  139.4862022420   4.70433005e-02   9.55070339e-01   3.41077835e-04   3.38362012e-01   5.48770558e-01   9.75719031e-01
  140.1149173639   4.72577524e-02   9.54874765e-01   3.41113303e-04   3.38499556e-01   5.48896020e-01   9.75609368e-01
  140.7464663340   4.74731934e-02   9.54678369e-01   3.41148946e-04   3.38637735e-01   5.49022035e-01   9.75499208e-01
  141.3808619253   4.76896281e-02   9.54481149e-01   3.41184764e-04   3.38776550e-01   5.49148607e-01   9.75388551e-01
  142.0181169686   4.79070613e-02   9.54283101e-01   3.41220759e-04   3.38916004e-01   5.49275738e-01   9.75277393e-01
  142.6582443525   4.81254977e-02   9.54084222e-01   3.41256931e-04   3.39056100e-01   5.49403429e-01   9.75165732e-01
  143.3012570237   4.83449419e-02   9.53884509e-01   3.41293281e-04   3.39196842e-01   5.49531684e-01   9.75053566e-01
  143.9471679872   4.85653987e-02   9.53683958e-01   3.41329811e-04   3.39338232e-01   5.49660505e-01   9.74940893e-01
  144.5959903067   4.87868731e-02   9.53482567e-01   3.41366520e-04   3.39480274e-01   5.49789894e-01   9.74827710e-01
  145.2477371048   4.90093696e-02   9.53280332e-01   3.41403411e-04   3.39622970e-01   5.49919854e-01   9.74714015e-01
  145.9024215631   4.92328933e-02   9.53077250e-01   3.41440484e-04   3.39766324e-01   5.50050387e-01   9.74599806e-01
  146.5600569226   4.94574488e-02   9.52873317e-01   3.41477739e-04   3.39910338e-01   5.50181496e-01   9.74485080e-01
  147.2206564844   4.96830412e-02   9.52668530e-01   3.41515179e-04   3.40055017e-01   5.50313183e-01   9.74369836e-01
  147.8842336089   4.99096754e-02   9.52462887e-01   3.41552804e-04   3.40200361e-01   5.50445451e-01   9.74254070e-01
  148.5508017173   5.01373562e-02   9.52256383e-01   3.41590614e-04   3.40346376e-01   5.50578301e-01   9.74137780e-01
  149.2203742909   5.03660886e-02   9.52049015e-01   3.41628612e-04   3.40493064e-01   5.50711738e-01   9.74020965e-01
  149.8929648720   5.05958776e-02   9.51840780e-01   3.41666797e-04   3.40640428e-01   5.50845762e-01   9.73903621e-01
  150.5685870639   5.08267283e-02   9.51631675e-01   3.41705172e-04   3.40788472e-01   5.50980377e-01   9.73785746e-01
  151.2472545311   5.10586456e-02   9.51421697e-01   3.41743736e-04   3.40937198e-01   5.51115585e-01   9.73667339e-01
  151.9289809997   5.12916345e-02   9.51210841e-01   3.41782491e-04   3.41086609e-01   5.51251389e-01   9.73548395e-01
  152.6137802579   5.15257002e-02   9.50999105e-01   3.41821439e-04   3.41236710e-01   5.51387791e-01   9.73428914e-01
  153.3016661558   5.17608479e-02   9.50786485e-01   3.41860579e-04   3.41387503e-01   5.51524794e-01   9.73308892e-01
  153.9926526059   5.19970825e-02   9.50572978e-01   3.41899913e-04   3.41538991e-01   5.51662400e-01   9.73188327e-01
  154.6867535838   5.22344092e-02   9.50358581e-01   3.41939443e-04   3.41691178e-01   5.51800612e-01   9.73067217e-01
  155.3839831275   5.24728334e-02   9.50143289e-01   3.41979168e-04   3.41844067e-01   5.51939433e-01   9.72945558e-01
  156.0843553388   5.27123601e-02   9.49927101e-01   3.42019091e-04   3.41997661e-01   5.52078864e-01   9.72823350e-01
  156.7878843827   5.29529945e-02   9.49710011e-01   3.42059212e-04   3.42151963e-01   5.52218910e-01   9.72700589e-01
  157.4945844883   5.31947421e-02   9.49492017e-01   3.42099533e-04   3.42306978e-01   5.52359572e-01   9.72577272e-01
  158.2044699487   5.34376079e-02   9.49273115e-01   3.42140053e-04   3.42462707e-01   5.52500853e-01   9.72453398e-01
  158.9175551214   5.36815975e-02   9.49053303e-01   3.42180776e-04   3.42619155e-01   5.52642755e-01   9.72328963e-01
  159.6338544288   5.39267160e-02   9.48832575e-01   3.42221700e-04   3.42776325e-01   5.52785282e-01   9.72203965e-01
  160.3533823580   5.41729688e-02   9.48610930e-01   3.42262829e-04   3.42934220e-01   5.52928436e-01   9.72078402e-01
  161.0761534618   5.44203614e-02   9.48388363e-01   3.42304162e-04   3.43092844e-01   5.53072220e-01   9.71952271e-01
  161.8021823581   5.46688992e-02   9.48164870e-01   3.42345701e-04   3.43252199e-01   5.53216635e-01   9.71825569e-01
  162.5314837312   5.49185876e-02   9.47940449e-01   3.42387447e-04   3.43412291e-01   5.53361686e-01   9.71698294e-01
  163.2640723312   5.51694322e-02   9.47715096e-01   3.42429401e-04   3.43573121e-01   5.53507375e-01   9.71570444e-01
  163.9999629748   5.54214383e-02   9.47488808e-01   3.42471564e-04   3.43734693e-01   5.53653704e-01   9.71442015e-01
  164.7391705457   5.56746115e-02   9.47261580e-01   3.42513937e-04   3.43897012e-01   5.53800676e-01   9.71313004e-01
  165.4817099943   5.59289574e-02   9.47033409e-01   3.42556522e-04   3.44060079e-01   5.53948294e-01   9.71183411e-01
  166.2275963387   5.61844816e-02   9.46804292e-01   3.42599320e-04   3.44223900e-01   5.54096560e-01   9.71053231e-01
  166.9768446646   5.64411897e-02   9.46574225e-01   3.42642331e-04   3.44388477e-01   5.54245478e-01   9.70922462e-01
  167.7294701255   5.66990873e-02   9.46343204e-01   3.42685558e-04   3.44553814e-01   5.54395050e-01   9.70791101e-01
  168.4854879436   5.69581801e-02   9.46111226e-01   3.42729000e-04   3.44719914e-01   5.54545280e-01   9.70659146e-01
  169.2449134093   5.72184738e-02   9.45878288e-01   3.42772660e-04   3.44886781e-01   5.54696168e-01   9.70526595e-01
  170.0077618823   5.74799741e-02   9.45644385e-01   3.42816538e-04   3.45054419e-01   5.54847720e-01   9.70393443e-01
  170.7740487912   5.77426869e-02   9.45409514e-01   3.42860635e-04   3.45222832e-01   5.54999936e-01   9.70259689e-01
  171.5437896343   5.80066177e-02   9.45173672e-01   3.42904954e-04   3.45392022e-01   5.55152821e-01   9.70125330e-01
  172.3169999798   5.82717726e-02   9.44936854e-01   3.42949494e-04   3.45561993e-01   5.55306377e-01   9.69990364e-01
  173.0936954659   5.85381573e-02   9.44699058e-01   3.42994258e-04   3.45732750e-01   5.55460607e-01   9.69854786e-01
  173.8738918015   5.88057777e-02   9.44460279e-01   3.43039247e-04   3.45904296e-01   5.55615513e-01   9.69718595e-01
  174.6576047662   5.90746398e-02   9.44220513e-01   3.43084461e-04   3.46076634e-01   5.55771099e-01   9.69581788e-01
  175.4448502107   5.93447493e-02   9.43979758e-01   3.43129901e-04   3.46249769e-01   5.55927367e-01   9.69444362e-01
  176.2356440572   5.96161124e-02   9.43738009e-01   3.43175571e-04   3.46423703e-01   5.56084321e-01   9.69306315e-01
  177.0300022996   5.98887350e-02   9.43495262e-01   3.43221469e-04   3.46598441e-01   5.56241963e-01   9.69167642e-01
  177.8279410039   6.01626231e-02   9.43251515e-01   3.43267598e-04   3.46773987e-01   5.56400296e-01   9.69028343e-01
  178.6294763086   6.04377827e-02   9.43006762e-01   3.43313959e-04   3.46950344e-01   5.56559323e-01   9.68888413e-01
  179.4346244249   6.07142201e-02   9.42761001e-01   3.43360553e-04   3.47127516e-01   5.56719047e-01   9.68747850e-01
  180.2434016371   6.09919412e-02   9.42514228e-01   3.43407382e-04   3.47305507e-01   5.56879471e-01   9.68606651e-01
  181.0558243027   6.12709523e-02   9.42266438e-01   3.43454447e-04   3.47484321e-01   5.57040598e-01   9.68464813e-01
  181.8719088532   6.15512594e-02   9.42017629e-01   3.43501748e-04   3.47663962e-01   5.57202431e-01   9.68322334e-01
  182.6916717941   6.18328689e-02   9.41767795e-01   3.43549288e-04   3.47844433e-01   5.57364973e-01   9.68179210e-01
  183.5151297051   6.21157870e-02   9.41516935e-01   3.43597068e-04   3.48025738e-01   5.57528226e-01   9.68035438e-01
  184.3422992409   6.24000199e-02   9.41265043e-01   3.43645089e-04   3.48207881e-01   5.57692195e-01   9.67891016e-01
  185.1731971311   6.26855739e-02   9.41012116e-01   3.43693351e-04   3.48390867e-01   5.57856881e-01   9.67745940e-01
  186.0078401807   6.29724554e-02   9.40758149e-01   3.43741858e-04   3.48574699e-01   5.58022288e-01   9.67600208e-01
  186.8462452706   6.32606708e-02   9.40503140e-01   3.43790610e-04   3.48759381e-01   5.58188419e-01   9.67453817e-01
  187.6884293576   6.35502264e-02   9.40247085e-01   3.43839608e-04   3.48944917e-01   5.58355276e-01   9.67306763e-01
  188.5344094751   6.38411287e-02   9.39989979e-01   3.43888854e-04   3.49131311e-01   5.58522864e-01   9.67159044e-01
  189.3842027331   6.41333841e-02   9.39731818e-01   3.43938348e-04   3.49318568e-01   5.58691185e-01   9.67010656e-01
  190.2378263188   6.44269992e-02   9.39472600e-01   3.43988094e-04   3.49506690e-01   5.58860242e-01   9.66861597e-01
  191.0952974970   6.47219805e-02   9.39212319e-01   3.44038091e-04   3.49695683e-01   5.59030038e-01   9.66711864e-01
  191.9566336102   6.50183346e-02   9.38950972e-01   3.44088341e-04   3.49885550e-01   5.59200577e-01   9.66561453e-01
  192.8218520789   6.53160681e-02   9.38688554e-01   3.44138846e-04   3.50076295e-01   5.59371861e-01   9.66410362e-01
  193.6909704025   6.56151875e-02   9.38425064e-01   3.44189608e-04   3.50267923e-01   5.59543894e-01   9.66258587e-01
  194.5640061589   6.59156996e-02   9.38160495e-01   3.44240626e-04   3.50460438e-01   5.59716678e-01   9.66106126e-01
  195.4409770054   6.62176111e-02   9.37894844e-01   3.44291904e-04   3.50653843e-01   5.59890217e-01   9.65952974e-01
  196.3219006790   6.65209287e-02   9.37628108e-01   3.44343442e-04   3.50848144e-01   5.60064515e-01   9.65799130e-01
  197.2067949965   6.68256591e-02   9.37360281e-01   3.44395242e-04   3.51043343e-01   5.60239573e-01   9.65644589e-01
  198.0956778550   6.71318093e-02   9.37091361e-01   3.44447305e-04   3.51239446e-01   5.60415396e-01   9.65489349e-01
  198.9885672324   6.74393860e-02   9.36821344e-01   3.44499633e-04   3.51436457e-01   5.60591987e-01   9.65333407e-01
  199.8854811874   6.77483961e-02   9.36550224e-01   3.44552227e-04   3.51634380e-01   5.60769348e-01   9.65176759e-01
  200.7864378602   6.80588465e-02   9.36277999e-01   3.44605089e-04   3.51833218e-01   5.60947483e-01   9.65019403e-01
  201.6914554730   6.83707443e-02   9.36004664e-01   3.44658220e-04   3.52032978e-01   5.61126396e-01   9.64861334e-01
  202.6005523299   6.86840962e-02   9.35730216e-01   3.44711622e-04   3.52233661e-01   5.61306089e-01   9.64702550e-01
  203.5137468174   6.89989095e-02   9.35454649e-01   3.44765296e-04   3.52435274e-01   5.61486566e-01   9.64543048e-01
  204.4310574051   6.93151911e-02   9.35177961e-01   3.44819244e-04   3.52637821e-01   5.61667830e-01   9.64382824e-01
  205.3525026457   6.96329481e-02   9.34900147e-01   3.44873467e-04   3.52841305e-01   5.61849884e-01   9.64221875e-01
  206.2781011757   6.99521877e-02   9.34621202e-01   3.44927967e-04   3.53045732e-01   5.62032732e-01   9.64060198e-01
  207.2078717154   7.02729170e-02   9.34341124e-01   3.44982746e-04   3.53251105e-01   5.62216377e-01   9.63897789e-01
  208.1418330696   7.05951433e-02   9.34059907e-01   3.45037804e-04   3.53457429e-01   5.62400822e-01   9.63734646e-01
  209.0800041279   7.09188737e-02   9.33777548e-01   3.45093144e-04   3.53664709e-01   5.62586070e-01   9.63570764e-01
  210.0224038648   7.12441156e-02   9.33494042e-01   3.45148767e-04   3.53872949e-01   5.62772126e-01   9.63406141e-01
  210.9690513406   7.15708763e-02   9.33209386e-01   3.45204675e-04   3.54082153e-01   5.62958992e-01   9.63240772e-01
  211.9199657014   7.18991631e-02   9.32923576e-01   3.45260869e-04   3.54292327e-01   5.63146671e-01   9.63074656e-01
  212.8751661796   7.22289834e-02   9.32636606e-01   3.45317352e-04   3.54503474e-01   5.63335167e-01   9.62907788e-01
  213.8346720943   7.25603447e-02   9.32348473e-01   3.45374123e-04   3.54715599e-01   5.63524484e-01   9.62740165e-01
  214.7985028517   7.28932544e-02   9.32059174e-01   3.45431186e-04   3.54928707e-01   5.63714625e-01   9.62571783e-01
  215.7666779454   7.32277200e-02   9.31768702e-01   3.45488542e-04   3.55142802e-01   5.63905592e-01   9.62402640e-01
  216.7392169568   7.35637491e-02   9.31477056e-01   3.45546193e-04   3.55357889e-01   5.64097391e-01   9.62232731e-01
  217.7161395559   7.39013493e-02   9.31184229e-01   3.45604139e-04   3.55573973e-01   5.64290023e-01   9.62062054e-01
  218.6974655009   7.42405282e-02   9.30890218e-01   3.45662384e-04   3.55791058e-01   5.64483493e-01   9.61890604e-01
  219.6832146395   7.45812935e-02   9.30595020e-01   3.45720928e-04   3.56009149e-01   5.64677804e-01   9.61718378e-01
  220.6734069085   7.49236528e-02   9.30298629e-01   3.45779774e-04   3.56228251e-01   5.64872960e-01   9.61545373e-01
  221.6680623347   7.52676139e-02   9.30001041e-01   3.45838922e-04   3.56448368e-01   5.65068963e-01   9.61371586e-01
  222.6672010352   7.56131847e-02   9.29702252e-01   3.45898375e-04   3.56669505e-01   5.65265818e-01   9.61197012e-01
  223.6708432178   7.59603729e-02   9.29402258e-01   3.45958135e-04   3.56891667e-01   5.65463528e-01   9.61021648e-01
  224.6790091813   7.63091864e-02   9.29101054e-01   3.46018202e-04   3.57114859e-01   5.65662096e-01   9.60845490e-01
  225.6917193160   7.66596331e-02   9.28798637e-01   3.46078580e-04   3.57339086e-01   5.65861527e-01   9.60668536e-01
  226.7089941041   7.70117209e-02   9.28495002e-01   3.46139270e-04   3.57564352e-01   5.66061823e-01   9.60490781e-01
  227.7308541203   7.73654580e-02   9.28190144e-01   3.46200273e-04   3.57790662e-01   5.66262988e-01   9.60312222e-01
  228.7573200318   7.77208522e-02   9.27884060e-01   3.46261591e-04   3.58018022e-01   5.66465026e-01   9.60132854e-01
  229.7884125991   7.80779118e-02   9.27576745e-01   3.46323227e-04   3.58246436e-01   5.66667940e-01   9.59952675e-01
  230.8241526761   7.84366447e-02   9.27268194e-01   3.46385181e-04   3.58475908e-01   5.66871734e-01   9.59771681e-01
  231.8645612110   7.87970592e-02   9.26958404e-01   3.46447456e-04   3.58706445e-01   5.67076412e-01   9.59589868e-01
  232.9096592461   7.91591634e-02   9.26647369e-01   3.46510054e-04   3.58938051e-01   5.67281977e-01   9.59407233e-01
  233.9594679187   7.95229657e-02   9.26335087e-01   3.46572976e-04   3.59170730e-01   5.67488433e-01   9.59223770e-01
  235.0140084613   7.98884743e-02   9.26021551e-01   3.46636225e-04   3.59404489e-01   5.67695783e-01   9.59039478e-01
  236.0733022024   8.02556976e-02   9.25706758e-01   3.46699802e-04   3.59639332e-01   5.67904031e-01   9.58854352e-01
  237.1373705662   8.06246439e-02   9.25390704e-01   3.46763709e-04   3.59875264e-01   5.68113181e-01   9.58668389e-01
  238.2062350737   8.09953216e-02   9.25073384e-01   3.46827948e-04   3.60112290e-01   5.68323237e-01   9.58481584e-01
  239.2799173428   8.13677393e-02   9.24754793e-01   3.46892521e-04   3.60350415e-01   5.68534201e-01   9.58293934e-01
  240.3584390891   8.17419054e-02   9.24434928e-01   3.46957430e-04   3.60589645e-01   5.68746079e-01   9.58105435e-01
  241.4418221257   8.21178286e-02   9.24113783e-01   3.47022676e-04   3.60829985e-01   5.68958873e-01   9.57916083e-01
  242.5300883642   8.24955173e-02   9.23791354e-01   3.47088263e-04   3.61071440e-01   5.69172588e-01   9.57725874e-01
  243.6232598152   8.28749803e-02   9.23467638e-01   3.47154191e-04   3.61314014e-01   5.69387227e-01   9.57534804e-01
  244.7213585880   8.32562263e-02   9.23142628e-01   3.47220463e-04   3.61557714e-01   5.69602794e-01   9.57342871e-01
  245.8244068920   8.36392640e-02   9.22816322e-01   3.47287080e-04   3.61802545e-01   5.69819292e-01   9.57150068e-01
  246.9324270365   8.40241021e-02   9.22488714e-01   3.47354045e-04   3.62048512e-01   5.70036726e-01   9.56956394e-01
  248.0454414314   8.44107496e-02   9.22159800e-01   3.47421360e-04   3.62295619e-01   5.70255099e-01   9.56761843e-01
  249.1634725876   8.47992154e-02   9.21829575e-01   3.47489027e-04   3.62543874e-01   5.70474415e-01   9.56566412e-01
  250.2865431175   8.51895083e-02   9.21498036e-01   3.47557048e-04   3.62793280e-01   5.70694679e-01   9.56370097e-01
  251.4146757353   8.55816373e-02   9.21165176e-01   3.47625424e-04   3.63043843e-01   5.70915892e-01   9.56172894e-01
  252.5478932577   8.59756114e-02   9.20830992e-01   3.47694159e-04   3.63295569e-01   5.71138061e-01   9.55974798e-01
  253.6862186043   8.63714398e-02   9.20495480e-01   3.47763253e-04   3.63548464e-01   5.71361188e-01   9.55775807e-01
  254.8296747979   8.67691316e-02   9.20158634e-01   3.47832710e-04   3.63802532e-01   5.71585278e-01   9.55575915e-01
  255.9782849651   8.71686958e-02   9.19820451e-01   3.47902531e-04   3.64057779e-01   5.71810333e-01   9.55375119e-01
  257.1320723367   8.75701419e-02   9.19480925e-01   3.47972718e-04   3.64314210e-01   5.72036359e-01   9.55173414e-01
  258.2910602482   8.79734789e-02   9.19140052e-01   3.48043274e-04   3.64571832e-01   5.72263359e-01   9.54970797e-01
  259.4552721404   8.83787163e-02   9.18797827e-01   3.48114200e-04   3.64830649e-01   5.72491337e-01   9.54767263e-01
  260.6247315597   8.87858635e-02   9.18454247e-01   3.48185500e-04   3.65090668e-01   5.72720297e-01   9.54562808e-01
  261.7994621585   8.91949297e-02   9.18109305e-01   3.48257175e-04   3.65351894e-01   5.72950243e-01   9.54357429e-01
  262.9794876961   8.96059246e-02   9.17762998e-01   3.48329227e-04   3.65614332e-01   5.73181179e-01   9.54151120e-01
  264.1648320386   9.00188576e-02   9.17415321e-01   3.48401658e-04   3.65877988e-01   5.73413109e-01   9.53943878e-01
  265.3555191598   9.04337383e-02   9.17066269e-01   3.48474471e-04   3.66142869e-01   5.73646037e-01   9.53735699e-01
  266.5515731416   9.08505763e-02   9.16715838e-01   3.48547669e-04   3.66408978e-01   5.73879966e-01   9.53526578e-01
  267.7530181744   9.12693814e-02   9.16364023e-01   3.48621252e-04   3.66676324e-01   5.74114902e-01   9.53316510e-01
  268.9598785575   9.16901632e-02   9.16010819e-01   3.48695224e-04   3.66944910e-01   5.74350848e-01   9.53105493e-01
  270.1721787000   9.21129315e-02   9.15656221e-01   3.48769587e-04   3.67214743e-01   5.74587807e-01   9.52893521e-01
  271.3899431208   9.25376962e-02   9.15300226e-01   3.48844343e-04   3.67485829e-01   5.74825785e-01   9.52680590e-01
  272.6131964495   9.29644672e-02   9.14942828e-01   3.48919495e-04   3.67758173e-01   5.75064785e-01   9.52466696e-01
  273.8419634264   9.33932544e-02   9.14584022e-01   3.48995045e-04   3.68031782e-01   5.75304811e-01   9.52251834e-01
  275.0762689038   9.38240677e-02   9.14223804e-01   3.49070994e-04   3.68306662e-01   5.75545867e-01   9.52036001e-01
  276.3161378455   9.42569173e-02   9.13862169e-01   3.49147347e-04   3.68582817e-01   5.75787958e-01   9.51819191e-01
  277.5615953281   9.46918133e-02   9.13499113e-01   3.49224104e-04   3.68860255e-01   5.76031088e-01   9.51601401e-01
  278.8126665413   9.51287658e-02   9.13134630e-01   3.49301269e-04   3.69138981e-01   5.76275260e-01   9.51382625e-01
  280.0693767882   9.55677850e-02   9.12768716e-01   3.49378844e-04   3.69419001e-01   5.76520479e-01   9.51162860e-01
  281.3317514859   9.60088813e-02   9.12401366e-01   3.49456831e-04   3.69700321e-01   5.76766750e-01   9.50942101e-01
  282.5998161662   9.64520648e-02   9.12032575e-01   3.49535233e-04   3.69982948e-01   5.77014075e-01   9.50720343e-01
  283.8735964759   9.68973461e-02   9.11662339e-01   3.49614052e-04   3.70266887e-01   5.77262460e-01   9.50497583e-01
  285.1531181774   9.73447356e-02   9.11290652e-01   3.49693290e-04   3.70552144e-01   5.77511909e-01   9.50273815e-01
  286.4384071493   9.77942437e-02   9.10917511e-01   3.49772951e-04   3.70838726e-01   5.77762425e-01   9.50049034e-01
  287.7294893868   9.82458810e-02   9.10542910e-01   3.49853037e-04   3.71126639e-01   5.78014014e-01   9.49823238e-01
  289.0263910022   9.86996582e-02   9.10166844e-01   3.49933550e-04   3.71415889e-01   5.78266679e-01   9.49596420e-01
  290.3291382256   9.91555859e-02   9.09789308e-01   3.50014493e-04   3.71706482e-01   5.78520425e-01   9.49368576e-01
  291.6377574053   9.96136748e-02   9.09410298e-01   3.50095869e-04   3.71998425e-01   5.78775255e-01   9.49139702e-01
  292.9522750083   1.00073936e-01   9.09029809e-01   3.50177680e-04   3.72291723e-01   5.79031175e-01   9.48909792e-01
  294.2727176209   1.00536380e-01   9.08647836e-01   3.50259928e-04   3.72586383e-01   5.79288188e-01   9.48678843e-01
  295.5991119494   1.01001017e-01   9.08264374e-01   3.50342617e-04   3.72882412e-01   5.79546299e-01   9.48446850e-01
  296.9314848202   1.01467860e-01   9.07879419e-01   3.50425748e-04   3.73179815e-01   5.79805512e-01   9.48213807e-01
  298.2698631810   1.01936918e-01   9.07492964e-01   3.50509326e-04   3.73478600e-01   5.80065831e-01   9.47979710e-01
  299.6142741004   1.02408203e-01   9.07105007e-01   3.50593352e-04   3.73778772e-01   5.80327261e-01   9.47744555e-01
  300.9647447696   1.02881726e-01   9.06715540e-01   3.50677829e-04   3.74080338e-01   5.80589806e-01   9.47508337e-01
  302.3213025021   1.03357498e-01   9.06324561e-01   3.50762760e-04   3.74383304e-01   5.80853471e-01   9.47271050e-01
  303.6839747343   1.03835531e-01   9.05932063e-01   3.50848147e-04   3.74687678e-01   5.81118260e-01   9.47032691e-01
  305.0527890267   1.04315836e-01   9.05538042e-01   3.50933994e-04   3.74993465e-01   5.81384177e-01   9.46793253e-01
  306.4277730637   1.04798424e-01   9.05142494e-01   3.51020303e-04   3.75300672e-01   5.81651226e-01   9.46552733e-01
  307.8089546546   1.05283306e-01   9.04745412e-01   3.51107077e-04   3.75609305e-01   5.81919413e-01   9.46311126e-01
  309.1963617340   1.05770495e-01   9.04346792e-01   3.51194319e-04   3.75919372e-01   5.82188742e-01   9.46068426e-01
  310.5900223625   1.06260002e-01   9.03946629e-01   3.51282032e-04   3.76230879e-01   5.82459216e-01   9.45824629e-01
  311.9899647271   1.06751838e-01   9.03544919e-01   3.51370218e-04   3.76543833e-01   5.82730841e-01   9.45579729e-01
  313.3962171418   1.07246016e-01   9.03141656e-01   3.51458881e-04   3.76858239e-01   5.83003621e-01   9.45333722e-01
  314.8088080484   1.07742547e-01   9.02736835e-01   3.51548023e-04   3.77174106e-01   5.83277560e-01   9.45086603e-01
  316.2277660168   1.08241442e-01   9.02330451e-01   3.51637647e-04   3.77491439e-01   5.83552663e-01   9.44838367e-01
  317.6531197457   1.08742714e-01   9.01922499e-01   3.51727756e-04   3.77810247e-01   5.83828935e-01   9.44589008e-01
  319.0848980629   1.09246375e-01   9.01512975e-01   3.51818354e-04   3.78130534e-01   5.84106380e-01   9.44338523e-01
  320.5231299266   1.09752437e-01   9.01101873e-01   3.51909443e-04   3.78452309e-01   5.84385002e-01   9.44086905e-01
  321.9678444251   1.10260912e-01   9.00689189e-01   3.52001027e-04   3.78775578e-01   5.84664806e-01   9.43834149e-01
  323.4190707782   1.10771812e-01   9.00274916e-01   3.52093108e-04   3.79100347e-01   5.84945797e-01   9.43580251e-01
  324.8768383370   1.11285149e-01   8.99859051e-01   3.52185689e-04   3.79426625e-01   5.85227979e-01   9.43325205e-01
  326.3411765852   1.11800936e-01   8.99441588e-01   3.52278773e-04   3.79754418e-01   5.85511357e-01   9.43069006e-01
  327.8121151393   1.12319186e-01   8.99022522e-01   3.52372364e-04   3.80083733e-01   5.85795936e-01   9.42811650e-01
  329.2896837493   1.12839910e-01   8.98601849e-01   3.52466465e-04   3.80414577e-01   5.86081719e-01   9.42553130e-01
  330.7739122992   1.13363120e-01   8.98179562e-01   3.52561079e-04   3.80746957e-01   5.86368712e-01   9.42293441e-01
  332.2648308078   1.13888831e-01   8.97755657e-01   3.52656209e-04   3.81080879e-01   5.86656920e-01   9.42032579e-01
  333.7624694292   1.14417054e-01   8.97330130e-01   3.52751858e-04   3.81416353e-01   5.86946346e-01   9.41770538e-01
  335.2668584534   1.14947803e-01   8.96902974e-01   3.52848030e-04   3.81753383e-01   5.87236996e-01   9.41507313e-01
  336.7780283069   1.15481089e-01   8.96474185e-01   3.52944727e-04   3.82091978e-01   5.87528874e-01   9.41242898e-01
  338.2960095534   1.16016926e-01   8.96043757e-01   3.53041954e-04   3.82432145e-01   5.87821985e-01   9.40977288e-01
  339.8208328943   1.16555328e-01   8.95611687e-01   3.53139712e-04   3.82773891e-01   5.88116334e-01   9.40710477e-01
  341.3525291694   1.17096306e-01   8.95177967e-01   3.53238007e-04   3.83117224e-01   5.88411925e-01   9.40442461e-01
  342.8911293575   1.17639874e-01   8.94742594e-01   3.53336840e-04   3.83462149e-01   5.88708764e-01   9.40173234e-01
  344.4366645772   1.18186045e-01   8.94305563e-01   3.53436216e-04   3.83808676e-01   5.89006854e-01   9.39902791e-01
  345.9891660870   1.18734833e-01   8.93866867e-01   3.53536137e-04   3.84156811e-01   5.89306200e-01   9.39631125e-01
  347.5486652866   1.19286250e-01   8.93426502e-01   3.53636608e-04   3.84506562e-01   5.89606808e-01   9.39358232e-01
  349.1151937172   1.19840311e-01   8.92984464e-01   3.53737631e-04   3.84857936e-01   5.89908682e-01   9.39084106e-01
  350.6887830621   1.20397029e-01   8.92540746e-01   3.53839210e-04   3.85210941e-01   5.90211827e-01   9.38808741e-01
  352.2694651473   1.20956417e-01   8.92095344e-01   3.53941349e-04   3.85565583e-01   5.90516248e-01   9.38532132e-01
  353.8572719425   1.21518489e-01   8.91648252e-01   3.54044051e-04   3.85921871e-01   5.90821949e-01   9.38254274e-01
  355.4522355612   1.22083259e-01   8.91199465e-01   3.54147319e-04   3.86279813e-01   5.91128936e-01   9.37975160e-01
  357.0543882619   1.22650740e-01   8.90748979e-01   3.54251158e-04   3.86639415e-01   5.91437212e-01   9.37694786e-01
  358.6637624485   1.23220947e-01   8.90296787e-01   3.54355571e-04   3.87000685e-01   5.91746784e-01   9.37413145e-01
  360.2803906707   1.23793893e-01   8.89842885e-01   3.54460561e-04   3.87363632e-01   5.92057655e-01   9.37130232e-01
  361.9043056252   1.24369592e-01   8.89387268e-01   3.54566132e-04   3.87728262e-01   5.92369831e-01   9.36846041e-01
  363.5355401559   1.24948059e-01   8.88929930e-01   3.54672288e-04   3.88094583e-01   5.92683317e-01   9.36560566e-01
  365.1741272548   1.25529308e-01   8.88470867e-01   3.54779033e-04   3.88462604e-01   5.92998117e-01   9.36273802e-01
  366.8201000627   1.26113353e-01   8.88010072e-01   3.54886370e-04   3.88832331e-01   5.93314237e-01   9.35985742e-01
  368.4734918695   1.26700209e-01   8.87547541e-01   3.54994302e-04   3.89203773e-01   5.93631680e-01   9.35696382e-01
  370.1343361155   1.27289889e-01   8.87083269e-01   3.55102835e-04   3.89576938e-01   5.93950453e-01   9.35405715e-01
  371.8026663914   1.27882409e-01   8.86617250e-01   3.55211971e-04   3.89951832e-01   5.94270560e-01   9.35113735e-01
  373.4785164397   1.28477783e-01   8.86149480e-01   3.55321715e-04   3.90328466e-01   5.94592006e-01   9.34820437e-01
  375.1619201545   1.29076025e-01   8.85679952e-01   3.55432070e-04   3.90706845e-01   5.94914796e-01   9.34525815e-01
  376.8529115830   1.29677152e-01   8.85208662e-01   3.55543040e-04   3.91086979e-01   5.95238935e-01   9.34229862e-01
  378.5515249259   1.30281177e-01   8.84735604e-01   3.55654629e-04   3.91468874e-01   5.95564428e-01   9.33932572e-01
  380.2577945378   1.30888115e-01   8.84260774e-01   3.55766842e-04   3.91852540e-01   5.95891279e-01   9.33633941e-01
  381.9717549284   1.31497982e-01   8.83784166e-01   3.55879682e-04   3.92237984e-01   5.96219495e-01   9.33333961e-01
  383.6934407627   1.32110793e-01   8.83305774e-01   3.55993153e-04   3.92625215e-01   5.96549080e-01   9.33032627e-01
  385.4228868623   1.32726562e-01   8.82825594e-01   3.56107259e-04   3.93014240e-01   5.96880038e-01   9.32729933e-01
  387.1601282054   1.33345306e-01   8.82343620e-01   3.56222004e-04   3.93405067e-01   5.97212376e-01   9.32425872e-01
  388.9051999280   1.33967040e-01   8.81859847e-01   3.56337393e-04   3.93797706e-01   5.97546097e-01   9.32120439e-01
  390.6581373246   1.34591779e-01   8.81374269e-01   3.56453430e-04   3.94192163e-01   5.97881207e-01   9.31813627e-01
  392.4189758485   1.35219538e-01   8.80886882e-01   3.56570118e-04   3.94588447e-01   5.98217712e-01   9.31505430e-01
  394.1877511130   1.35850335e-01   8.80397681e-01   3.56687463e-04   3.94986567e-01   5.98555615e-01   9.31195843e-01
  395.9644988919   1.36484183e-01   8.79906659e-01   3.56805468e-04   3.95386531e-01   5.98894923e-01   9.30884858e-01
  397.7492551202   1.37121100e-01   8.79413811e-01   3.56924137e-04   3.95788348e-01   5.99235640e-01   9.30572470e-01
  399.5420558950   1.37761101e-01   8.78919133e-01   3.57043475e-04   3.96192024e-01   5.99577772e-01   9.30258672e-01
  401.3429374759   1.38404202e-01   8.78422619e-01   3.57163486e-04   3.96597570e-01   5.99921323e-01   9.29943458e-01
  403.1519362860   1.39050419e-01   8.77924263e-01   3.57284175e-04   3.97004993e-01   6.00266298e-01   9.29626821e-01
  404.9690889128   1.39699769e-01   8.77424061e-01   3.57405546e-04   3.97414302e-01   6.00612704e-01   9.29308756e-01
  406.7944321083   1.40352268e-01   8.76922007e-01   3.57527603e-04   3.97825506e-01   6.00960544e-01   9.28989256e-01
  408.6280027905   1.41007933e-01   8.76418096e-01   3.57650351e-04   3.98238612e-01   6.01309824e-01   9.28668315e-01
  410.4698380437   1.41666780e-01   8.75912322e-01   3.57773795e-04   3.98653630e-01   6.01660550e-01   9.28345926e-01
  412.3199751192   1.42328825e-01   8.75404680e-01   3.57897939e-04   3.99070568e-01   6.02012725e-01   9.28022082e-01
  414.1784514364   1.42994086e-01   8.74895166e-01   3.58022787e-04   3.99489435e-01   6.02366356e-01   9.27696778e-01
  416.0453045834   1.43662579e-01   8.74383772e-01   3.58148344e-04   3.99910239e-01   6.02721448e-01   9.27370006e-01
  417.9205723175   1.44334321e-01   8.73870495e-01   3.58274616e-04   4.00332990e-01   6.03078006e-01   9.27041761e-01
  419.8042925664   1.45009330e-01   8.73355329e-01   3.58401606e-04   4.00757695e-01   6.03436034e-01   9.26712035e-01
  421.6965034286   1.45687622e-01   8.72838268e-01   3.58529319e-04   4.01184364e-01   6.03795539e-01   9.26380823e-01
  423.5972431744   1.46369215e-01   8.72319307e-01   3.58657760e-04   4.01613006e-01   6.04156526e-01   9.26048116e-01
  425.5065502465   1.47054126e-01   8.71798442e-01   3.58786934e-04   4.02043629e-01   6.04518999e-01   9.25713910e-01
  427.4244632612   1.47742373e-01   8.71275666e-01   3.58916846e-04   4.02476242e-01   6.04882963e-01   9.25378196e-01
  429.3510210083   1.48433973e-01   8.70750974e-01   3.59047500e-04   4.02910854e-01   6.05248425e-01   9.25040969e-01
  431.2862624531   1.49128944e-01   8.70224360e-01   3.59178902e-04   4.03347474e-01   6.05615390e-01   9.24702222e-01
  433.2302267359   1.49827303e-01   8.69695821e-01   3.59311056e-04   4.03786111e-01   6.05983862e-01   9.24361948e-01
  435.1829531738   1.50529069e-01   8.69165349e-01   3.59443968e-04   4.04226774e-01   6.06353846e-01   9.24020139e-01
  437.1444812611   1.51234260e-01   8.68632940e-01   3.59577642e-04   4.04669472e-01   6.06725349e-01   9.23676790e-01
  439.1148506700   1.51942893e-01   8.68098589e-01   3.59712084e-04   4.05114214e-01   6.07098375e-01   9.23331894e-01
  441.0941012515   1.52654987e-01   8.67562290e-01   3.59847299e-04   4.05561010e-01   6.07472930e-01   9.22985443e-01
  443.0822730363   1.53370560e-01   8.67024038e-01   3.59983291e-04   4.06009867e-01   6.07849019e-01   9.22637431e-01
  445.0794062356   1.54089631e-01   8.66483827e-01   3.60120067e-04   4.06460796e-01   6.08226647e-01   9.22287851e-01
  447.0855412417   1.54812219e-01   8.65941652e-01   3.60257630e-04   4.06913806e-01   6.08605820e-01   9.21936695e-01
  449.1007186289   1.55538341e-01   8.65397507e-01   3.60395988e-04   4.07368905e-01   6.08986542e-01   9.21583957e-01
  451.1249791547   1.56268017e-01   8.64851388e-01   3.60535144e-04   4.07826104e-01   6.09368820e-01   9.21229631e-01
  453.1583637601   1.57001266e-01   8.64303289e-01   3.60675104e-04   4.08285410e-01   6.09752658e-01   9.20873707e-01
  455.2009135705   1.57738107e-01   8.63753205e-01   3.60815874e-04   4.08746835e-01   6.10138061e-01   9.20516181e-01
  457.2526698969   1.58478558e-01   8.63201129e-01   3.60957459e-04   4.09210387e-01   6.10525036e-01   9.20157044e-01
  459.3136742365   1.59222640e-01   8.62647058e-01   3.61099865e-04   4.09676075e-01   6.10913587e-01   9.19796290e-01
  461.3839682733   1.59970371e-01   8.62090985e-01   3.61243097e-04   4.10143909e-01   6.11303720e-01   9.19433911e-01
  463.4635938795   1.60721771e-01   8.61532905e-01   3.61387160e-04   4.10613898e-01   6.11695440e-01   9.19069900e-01
  465.5525931158   1.61476860e-01   8.60972813e-01   3.61532061e-04   4.11086053e-01   6.12088753e-01   9.18704250e-01
  467.6510082326   1.62235657e-01   8.60410704e-01   3.61677805e-04   4.11560381e-01   6.12483663e-01   9.18336953e-01
  469.7588816706   1.62998183e-01   8.59846571e-01   3.61824398e-04   4.12036893e-01   6.12880177e-01   9.17968003e-01
  471.8762560621   1.63764457e-01   8.59280410e-01   3.61971845e-04   4.12515599e-01   6.13278299e-01   9.17597392e-01
  474.0031742312   1.64534499e-01   8.58712216e-01   3.62120152e-04   4.12996508e-01   6.13678034e-01   9.17225113e-01
  476.1396791952   1.65308330e-01   8.58141982e-01   3.62269326e-04   4.13479629e-01   6.14079389e-01   9.16851158e-01
  478.2858141654   1.66085969e-01   8.57569704e-01   3.62419372e-04   4.13964973e-01   6.14482369e-01   9.16475520e-01
  480.4416225476   1.66867439e-01   8.56995376e-01   3.62570295e-04   4.14452549e-01   6.14886979e-01   9.16098191e-01
  482.6071479434   1.67652758e-01   8.56418993e-01   3.62722103e-04   4.14942367e-01   6.15293224e-01   9.15719164e-01
  484.7824341510   1.68441949e-01   8.55840550e-01   3.62874801e-04   4.15434436e-01   6.15701109e-01   9.15338432e-01
  486.9675251659   1.69235031e-01   8.55260040e-01   3.63028395e-04   4.15928767e-01   6.16110641e-01   9.14955987e-01
  489.1624651819   1.70032026e-01   8.54677460e-01   3.63182891e-04   4.16425368e-01   6.16521825e-01   9.14571822e-01
  491.3672985921   1.70832955e-01   8.54092803e-01   3.63338296e-04   4.16924251e-01   6.16934665e-01   9.14185928e-01
  493.5820699896   1.71637840e-01   8.53506063e-01   3.63494615e-04   4.17425425e-01   6.17349167e-01   9.13798298e-01
  495.8068241685   1.72446701e-01   8.52917237e-01   3.63651856e-04   4.17928899e-01   6.17765338e-01   9.13408926e-01
  498.0416061248   1.73259560e-01   8.52326317e-01   3.63810024e-04   4.18434684e-01   6.18183181e-01   9.13017802e-01
  500.2864610575   1.74076439e-01   8.51733300e-01   3.63969126e-04   4.18942790e-01   6.18602703e-01   9.12624919e-01
  502.5414343691   1.74897360e-01   8.51138179e-01   3.64129168e-04   4.19453227e-01   6.19023908e-01   9.12230270e-01
  504.8065716667   1.75722345e-01   8.50540950e-01   3.64290157e-04   4.19966005e-01   6.19446803e-01   9.11833846e-01
  507.0819187633   1.76551416e-01   8.49941606e-01   3.64452100e-04   4.20481133e-01   6.19871393e-01   9.11435640e-01
  509.3675216780   1.77384595e-01   8.49340143e-01   3.64615002e-04   4.20998622e-01   6.20297683e-01   9.11035645e-01
  511.6634266376   1.78221904e-01   8.48736555e-01   3.64778871e-04   4.21518483e-01   6.20725678e-01   9.10633851e-01
  513.9696800772   1.79063367e-01   8.48130837e-01   3.64943713e-04   4.22040725e-01   6.21155384e-01   9.10230252e-01
  516.2863286410   1.79909005e-01   8.47522983e-01   3.65109536e-04   4.22565358e-01   6.21586806e-01   9.09824839e-01
  518.6134191838   1.80758842e-01   8.46912989e-01   3.65276345e-04   4.23092393e-01   6.22019950e-01   9.09417605e-01
  520.9509987713   1.81612901e-01   8.46300848e-01   3.65444149e-04   4.23621839e-01   6.22454822e-01   9.09008541e-01
  523.2991146815   1.82471204e-01   8.45686556e-01   3.65612953e-04   4.24153708e-01   6.22891425e-01   9.08597640e-01
  525.6578144054   1.83333775e-01   8.45070107e-01   3.65782766e-04   4.24688010e-01   6.23329767e-01   9.08184892e-01
  528.0271456481   1.84200638e-01   8.44451496e-01   3.65953593e-04   4.25224754e-01   6.23769851e-01   9.07770291e-01
  530.4071563298   1.85071816e-01   8.43830717e-01   3.66125442e-04   4.25763951e-01   6.24211685e-01   9.07353828e-01
  532.7978945866   1.85947333e-01   8.43207765e-01   3.66298321e-04   4.26305612e-01   6.24655272e-01   9.06935495e-01
  535.1994087715   1.86827212e-01   8.42582635e-01   3.66472236e-04   4.26849747e-01   6.25100619e-01   9.06515284e-01
  537.6117474556   1.87711478e-01   8.41955322e-01   3.66647195e-04   4.27396366e-01   6.25547731e-01   9.06093186e-01
  540.0349594288   1.88600155e-01   8.41325820e-01   3.66823205e-04   4.27945480e-01   6.25996613e-01   9.05669194e-01
  542.4690937011   1.89493268e-01   8.40694123e-01   3.67000273e-04   4.28497100e-01   6.26447271e-01   9.05243299e-01
  544.9141995032   1.90390840e-01   8.40060228e-01   3.67178408e-04   4.29051235e-01   6.26899710e-01   9.04815492e-01
  547.3703262878   1.91292897e-01   8.39424127e-01   3.67357617e-04   4.29607897e-01   6.27353935e-01   9.04385765e-01
  549.8375237305   1.92199463e-01   8.38785817e-01   3.67537907e-04   4.30167096e-01   6.27809952e-01   9.03954111e-01
  552.3158417307   1.93110563e-01   8.38145291e-01   3.67719286e-04   4.30728843e-01   6.28267766e-01   9.03520520e-01
  554.8053304129   1.94026224e-01   8.37502544e-01   3.67901762e-04   4.31293147e-01   6.28727382e-01   9.03084984e-01
  557.3060401274   1.94946469e-01   8.36857572e-01   3.68085342e-04   4.31860021e-01   6.29188806e-01   9.02647495e-01
  559.8180214515   1.95871324e-01   8.36210368e-01   3.68270035e-04   4.32429474e-01   6.29652044e-01   9.02208044e-01
  562.3413251903   1.96800815e-01   8.35560928e-01   3.68455849e-04   4.33001518e-01   6.30117100e-01   9.01766622e-01
  564.8760023783   1.97734969e-01   8.34909246e-01   3.68642791e-04   4.33576163e-01   6.30583979e-01   9.01323221e-01
  567.4221042796   1.98673810e-01   8.34255317e-01   3.68830869e-04   4.34153419e-01   6.31052688e-01   9.00877833e-01
  569.9796823897   1.99617366e-01   8.33599136e-01   3.69020092e-04   4.34733298e-01   6.31523232e-01   9.00430448e-01
  572.5487884358   2.00565662e-01   8.32940697e-01   3.69210469e-04   4.35315810e-01   6.31995615e-01   8.99981058e-01
  575.1294743788   2.01518726e-01   8.32279996e-01   3.69402006e-04   4.35900967e-01   6.32469844e-01   8.99529655e-01
  577.7217924133   2.02476583e-01   8.31617026e-01   3.69594713e-04   4.36488778e-01   6.32945923e-01   8.99076229e-01
  580.3257949694   2.03439261e-01   8.30951783e-01   3.69788598e-04   4.37079256e-01   6.33423858e-01   8.98620771e-01
  582.9415347136   2.04406787e-01   8.30284262e-01   3.69983670e-04   4.37672410e-01   6.33903653e-01   8.98163274e-01
  585.5690645496   2.05379188e-01   8.29614457e-01   3.70179937e-04   4.38268252e-01   6.34385316e-01   8.97703728e-01
  588.2084376197   2.06356491e-01   8.28942363e-01   3.70377408e-04   4.38866793e-01   6.34868849e-01   8.97242124e-01
  590.8597073056   2.07338725e-01   8.28267974e-01   3.70576092e-04   4.39468043e-01   6.35354260e-01   8.96778453e-01
  593.5229272297   2.08325916e-01   8.27591287e-01   3.70775997e-04   4.40072014e-01   6.35841553e-01   8.96312706e-01
  596.1981512561   2.09318094e-01   8.26912294e-01   3.70977132e-04   4.40678716e-01   6.36330733e-01   8.95844875e-01
  598.8854334916   2.10315286e-01   8.26230992e-01   3.71179507e-04   4.41288161e-01   6.36821805e-01   8.95374950e-01
  601.5848282871   2.11317521e-01   8.25547375e-01   3.71383130e-04   4.41900360e-01   6.37314776e-01   8.94902922e-01
  604.2963902381   2.12324827e-01   8.24861438e-01   3.71588011e-04   4.42515324e-01   6.37809649e-01   8.94428782e-01
  607.0201741866   2.13337233e-01   8.24173175e-01   3.71794158e-04   4.43133063e-01   6.38306431e-01   8.93952521e-01
  609.7562352215   2.14354769e-01   8.23482582e-01   3.72001581e-04   4.43753589e-01   6.38805126e-01   8.93474130e-01
  612.5046286800   2.15377462e-01   8.22789653e-01   3.72210290e-04   4.44376914e-01   6.39305739e-01   8.92993600e-01
  615.2654101490   2.16405343e-01   8.22094383e-01   3.72420294e-04   4.45003047e-01   6.39808277e-01   8.92510921e-01
  618.0386354657   2.17438441e-01   8.21396767e-01   3.72631602e-04   4.45632001e-01   6.40312743e-01   8.92026084e-01
  620.8243607191   2.18476787e-01   8.20696800e-01   3.72844223e-04   4.46263787e-01   6.40819143e-01   8.91539080e-01
  623.6226422509   2.19520409e-01   8.19994477e-01   3.73058169e-04   4.46898415e-01   6.41327482e-01   8.91049900e-01
  626.4335366569   2.20569339e-01   8.19289792e-01   3.73273448e-04   4.47535897e-01   6.41837765e-01   8.90558533e-01
  629.2571007878   2.21623606e-01   8.18582741e-01   3.73490071e-04   4.48176244e-01   6.42349998e-01   8.90064972e-01
  632.0933917508   2.22683242e-01   8.17873318e-01   3.73708047e-04   4.48819467e-01   6.42864185e-01   8.89569205e-01
  634.9424669102   2.23748276e-01   8.17161519e-01   3.73927386e-04   4.49465578e-01   6.43380331e-01   8.89071225e-01
  637.8043838892   2.24818741e-01   8.16447337e-01   3.74148099e-04   4.50114588e-01   6.43898441e-01   8.88571020e-01
  640.6792005705   2.25894667e-01   8.15730769e-01   3.74370196e-04   4.50766509e-01   6.44418521e-01   8.88068583e-01
  643.5669750977   2.26976087e-01   8.15011809e-01   3.74593687e-04   4.51421350e-01   6.44940576e-01   8.87563902e-01
  646.4677658766   2.28063031e-01   8.14290452e-01   3.74818582e-04   4.52079125e-01   6.45464610e-01   8.87056970e-01
  649.3816315762   2.29155531e-01   8.13566692e-01   3.75044892e-04   4.52739843e-01   6.45990628e-01   8.86547775e-01
  652.3086311299   2.30253621e-01   8.12840526e-01   3.75272629e-04   4.53403517e-01   6.46518635e-01   8.86036308e-01
  655.2488237367   2.31357331e-01   8.12111947e-01   3.75501801e-04   4.54070158e-01   6.47048637e-01   8.85522559e-01
  658.2022688626   2.32466696e-01   8.11380951e-01   3.75732421e-04   4.54739776e-01   6.47580638e-01   8.85006520e-01
  661.1690262415   2.33581747e-01   8.10647533e-01   3.75964499e-04   4.55412385e-01   6.48114642e-01   8.84488179e-01
  664.1491558765   2.34702518e-01   8.09911688e-01   3.76198046e-04   4.56087994e-01   6.48650656e-01   8.83967527e-01
  667.1427180413   2.35829042e-01   8.09173410e-01   3.76433073e-04   4.56766615e-01   6.49188683e-01   8.83444555e-01
  670.1497732813   2.36961352e-01   8.08432695e-01   3.76669591e-04   4.57448260e-01   6.49728729e-01   8.82919252e-01
  673.1703824145   2.38099483e-01   8.07689538e-01   3.76907612e-04   4.58132939e-01   6.50270798e-01   8.82391608e-01
  676.2046065334   2.39243469e-01   8.06943934e-01   3.77147148e-04   4.58820666e-01   6.50814895e-01   8.81861614e-01
  679.2525070055   2.40393343e-01   8.06195878e-01   3.77388208e-04   4.59511450e-01   6.51361025e-01   8.81329259e-01
  682.3141454754   2.41549140e-01   8.05445365e-01   3.77630807e-04   4.60205303e-01   6.51909192e-01   8.80794533e-01
  685.3895838650   2.42710896e-01   8.04692389e-01   3.77874953e-04   4.60902237e-01   6.52459402e-01   8.80257427e-01
  688.4788843757   2.43878645e-01   8.03936947e-01   3.78120661e-04   4.61602262e-01   6.53011658e-01   8.79717930e-01
  691.5821094891   2.45052422e-01   8.03179033e-01   3.78367942e-04   4.62305392e-01   6.53565966e-01   8.79176032e-01
  694.6993219684   2.46232263e-01   8.02418642e-01   3.78616807e-04   4.63011636e-01   6.54122329e-01   8.78631722e-01
  697.8305848599   2.47418204e-01   8.01655770e-01   3.78867269e-04   4.63721006e-01   6.54680754e-01   8.78084991e-01
  700.9759614937   2.48610280e-01   8.00890411e-01   3.79119340e-04   4.64433515e-01   6.55241244e-01   8.77535829e-01
  704.1355154858   2.49808529e-01   8.00122560e-01   3.79373032e-04   4.65149172e-01   6.55803803e-01   8.76984225e-01
  707.3093107386   2.51012986e-01   7.99352214e-01   3.79628359e-04   4.65867990e-01   6.56368437e-01   8.76430168e-01
  710.4974114427   2.52223689e-01   7.98579366e-01   3.79885332e-04   4.66589980e-01   6.56935149e-01   8.75873649e-01
  713.6998820779   2.53440675e-01   7.97804013e-01   3.80143965e-04   4.67315153e-01   6.57503945e-01   8.75314656e-01
  716.9167874148   2.54663980e-01   7.97026149e-01   3.80404270e-04   4.68043522e-01   6.58074828e-01   8.74753180e-01
  720.1481925158   2.55893644e-01   7.96245769e-01   3.80666260e-04   4.68775096e-01   6.58647803e-01   8.74189210e-01
  723.3941627367   2.57129703e-01   7.95462869e-01   3.80929948e-04   4.69509889e-01   6.59222874e-01   8.73622736e-01
  726.6547637277   2.58372196e-01   7.94677444e-01   3.81195347e-04   4.70247910e-01   6.59800046e-01   8.73053747e-01
  729.9300614350   2.59621162e-01   7.93889489e-01   3.81462472e-04   4.70989172e-01   6.60379322e-01   8.72482232e-01
  733.2201221022   2.60876639e-01   7.93098999e-01   3.81731334e-04   4.71733685e-01   6.60960708e-01   8.71908180e-01
  736.5250122712   2.62138666e-01   7.92305970e-01   3.82001948e-04   4.72481462e-01   6.61544207e-01   8.71331582e-01
  739.8447987841   2.63407283e-01   7.91510397e-01   3.82274328e-04   4.73232514e-01   6.62129823e-01   8.70752426e-01
  743.1795487839   2.64682529e-01   7.90712275e-01   3.82548487e-04   4.73986852e-01   6.62717561e-01   8.70170702e-01
  746.5293297168   2.65964445e-01   7.89911600e-01   3.82824440e-04   4.74744487e-01   6.63307424e-01   8.69586399e-01
  749.8942093325   2.67253070e-01   7.89108367e-01   3.83102200e-04   4.75505430e-01   6.63899417e-01   8.68999506e-01
  753.2742556862   2.68548445e-01   7.88302570e-01   3.83381781e-04   4.76269694e-01   6.64493544e-01   8.68410012e-01
  756.6695371401   2.69850612e-01   7.87494206e-01   3.83663199e-04   4.77037289e-01   6.65089808e-01   8.67817907e-01
  760.0801223643   2.71159611e-01   7.86683270e-01   3.83946467e-04   4.77808227e-01   6.65688214e-01   8.67223179e-01
  763.5060803383   2.72475484e-01   7.85869758e-01   3.84231600e-04   4.78582519e-01   6.66288765e-01   8.66625818e-01
  766.9474803529   2.73798272e-01   7.85053664e-01   3.84518613e-04   4.79360176e-01   6.66891466e-01   8.66025812e-01
  770.4043920109   2.75128018e-01   7.84234983e-01   3.84807521e-04   4.80141209e-01   6.67496320e-01   8.65423151e-01
  773.8768852289   2.76464764e-01   7.83413713e-01   3.85098338e-04   4.80925630e-01   6.68103330e-01   8.64817823e-01
  777.3650302388   2.77808554e-01   7.82589847e-01   3.85391081e-04   4.81713450e-01   6.68712502e-01   8.64209818e-01
  780.8688975887   2.79159429e-01   7.81763381e-01   3.85685765e-04   4.82504680e-01   6.69323837e-01   8.63599124e-01
  784.3885581452   2.80517434e-01   7.80934311e-01   3.85982404e-04   4.83299331e-01   6.69937340e-01   8.62985730e-01
  787.9240830937   2.81882612e-01   7.80102633e-01   3.86281015e-04   4.84097414e-01   6.70553015e-01   8.62369625e-01
  791.4755439411   2.83255007e-01   7.79268341e-01   3.86581613e-04   4.84898942e-01   6.71170865e-01   8.61750798e-01
  795.0430125162   2.84634665e-01   7.78431431e-01   3.86884214e-04   4.85703923e-01   6.71790893e-01   8.61129237e-01
  798.6265609715   2.86021629e-01   7.77591899e-01   3.87188835e-04   4.86512370e-01   6.72413103e-01   8.60504931e-01
  802.2262617851   2.87415944e-01   7.76749740e-01   3.87495492e-04   4.87324294e-01   6.73037499e-01   8.59877869e-01
  805.8421877615   2.88817657e-01   7.75904950e-01   3.87804201e-04   4.88139706e-01   6.73664082e-01   8.59248040e-01
  809.4744120333   2.90226813e-01   7.75057525e-01   3.88114979e-04   4.88958616e-01   6.74292858e-01   8.58615431e-01
  813.1230080630   2.91643459e-01   7.74207459e-01   3.88427842e-04   4.89781036e-01   6.74923829e-01   8.57980033e-01
  816.7880496441   2.93067640e-01   7.73354749e-01   3.88742807e-04   4.90606977e-01   6.75556998e-01   8.57341832e-01
  820.4696109025   2.94499404e-01   7.72499390e-01   3.89059892e-04   4.91436448e-01   6.76192369e-01   8.56700818e-01
  824.1677662986   2.95938798e-01   7.71641378e-01   3.89379114e-04   4.92269462e-01   6.76829944e-01   8.56056978e-01
  827.8825906280   2.97385869e-01   7.70780709e-01   3.89700489e-04   4.93106029e-01   6.77469726e-01   8.55410303e-01
  831.6141590239   2.98840667e-01   7.69917378e-01   3.90024036e-04   4.93946160e-01   6.78111719e-01   8.54760779e-01
  835.3625469578   3.00303238e-01   7.69051380e-01   3.90349773e-04   4.94789865e-01   6.78755925e-01   8.54108395e-01
  839.1278302415   3.01773633e-01   7.68182712e-01   3.90677717e-04   4.95637156e-01   6.79402347e-01   8.53453139e-01
  842.9100850285   3.03251900e-01   7.67311369e-01   3.91007886e-04   4.96488042e-01   6.80050988e-01   8.52795001e-01
  846.7093878154   3.04738088e-01   7.66437348e-01   3.91340299e-04   4.97342535e-01   6.80701851e-01   8.52133967e-01
  850.5258154440   3.06232249e-01   7.65560643e-01   3.91674974e-04   4.98200644e-01   6.81354938e-01   8.51470027e-01
  854.3594451020   3.07734431e-01   7.64681250e-01   3.92011930e-04   4.99062381e-01   6.82010252e-01   8.50803167e-01
  858.2103543253   3.09244687e-01   7.63799166e-01   3.92351185e-04   4.99927756e-01   6.82667795e-01   8.50133378e-01
  862.0786209992   3.10763066e-01   7.62914386e-01   3.92692759e-04   5.00796779e-01   6.83327570e-01   8.49460645e-01
  865.9643233601   3.12289621e-01   7.62026906e-01   3.93036671e-04   5.01669461e-01   6.83989579e-01   8.48784959e-01
  869.8675399968   3.13824404e-01   7.61136722e-01   3.93382940e-04   5.02545811e-01   6.84653825e-01   8.48106306e-01
  873.7883498527   3.15367467e-01   7.60243829e-01   3.93731586e-04   5.03425841e-01   6.85320309e-01   8.47424675e-01
  877.7268322268   3.16918863e-01   7.59348224e-01   3.94082629e-04   5.04309560e-01   6.85989035e-01   8.46740053e-01
  881.6830667756   3.18478645e-01   7.58449903e-01   3.94436088e-04   5.05196979e-01   6.86660003e-01   8.46052429e-01
  885.6571335145   3.20046867e-01   7.57548860e-01   3.94791984e-04   5.06088107e-01   6.87333217e-01   8.45361790e-01
  889.6491128198   3.21623584e-01   7.56645094e-01   3.95150337e-04   5.06982954e-01   6.88008678e-01   8.44668125e-01
  893.6590854300   3.23208849e-01   7.55738598e-01   3.95511167e-04   5.07881531e-01   6.88686387e-01   8.43971420e-01
  897.6871324473   3.24802718e-01   7.54829369e-01   3.95874496e-04   5.08783847e-01   6.89366348e-01   8.43271665e-01
  901.7333353398   3.26405246e-01   7.53917404e-01   3.96240345e-04   5.09689912e-01   6.90048561e-01   8.42568846e-01
  905.7977759426   3.28016490e-01   7.53002698e-01   3.96608735e-04   5.10599736e-01   6.90733029e-01   8.41862951e-01
  909.8805364596   3.29636505e-01   7.52085247e-01   3.96979686e-04   5.11513329e-01   6.91419752e-01   8.41153969e-01
  913.9816994655   3.31265349e-01   7.51165048e-01   3.97353222e-04   5.12430699e-01   6.92108733e-01   8.40441886e-01
  918.1013479069   3.32903079e-01   7.50242096e-01   3.97729363e-04   5.13351858e-01   6.92799973e-01   8.39726691e-01
  922.2395651044   3.34549753e-01   7.49316387e-01   3.98108132e-04   5.14276813e-01   6.93493473e-01   8.39008370e-01
  926.3964347542   3.36205429e-01   7.48387919e-01   3.98489552e-04   5.15205574e-01   6.94189234e-01   8.38286912e-01
  930.5720409297   3.37870166e-01   7.47456685e-01   3.98873644e-04   5.16138151e-01   6.94887259e-01   8.37562304e-01
  934.7664680832   3.39544024e-01   7.46522684e-01   3.99260432e-04   5.17074553e-01   6.95587547e-01   8.36834534e-01
  938.9798010477   3.41227061e-01   7.45585911e-01   3.99649938e-04   5.18014789e-01   6.96290100e-01   8.36103588e-01
  943.2121250386   3.42919339e-01   7.44646362e-01   4.00042186e-04   5.18958868e-01   6.96994918e-01   8.35369455e-01
  947.4635256554   3.44620918e-01   7.43704034e-01   4.00437199e-04   5.19906798e-01   6.97702004e-01   8.34632122e-01
  951.7340888833   3.46331859e-01   7.42758922e-01   4.00835001e-04   5.20858590e-01   6.98411356e-01   8.33891575e-01
  956.0239010953   3.48052225e-01   7.41811023e-01   4.01235617e-04   5.21814251e-01   6.99122977e-01   8.33147804e-01
  960.3330490535   3.49782077e-01   7.40860333e-01   4.01639070e-04   5.22773790e-01   6.99836867e-01   8.32400794e-01
  964.6616199112   3.51521480e-01   7.39906850e-01   4.02045384e-04   5.23737215e-01   7.00553026e-01   8.31650533e-01
  969.0097012144   3.53270495e-01   7.38950567e-01   4.02454585e-04   5.24704536e-01   7.01271454e-01   8.30897008e-01
  973.3773809039   3.55029187e-01   7.37991483e-01   4.02866698e-04   5.25675761e-01   7.01992152e-01   8.30140207e-01
  977.7647473167   3.56797621e-01   7.37029594e-01   4.03281747e-04   5.26650897e-01   7.02715121e-01   8.29380116e-01
  982.1718891880   3.58575862e-01   7.36064896e-01   4.03699759e-04   5.27629953e-01   7.03440359e-01   8.28616723e-01
  986.5988956531   3.60363975e-01   7.35097385e-01   4.04120759e-04   5.28612938e-01   7.04167868e-01   8.27850015e-01
  991.0458562489   3.62162026e-01   7.34127057e-01   4.04544773e-04   5.29599858e-01   7.04897648e-01   8.27079979e-01
  995.5128609158   3.63970083e-01   7.33153910e-01   4.04971828e-04   5.30590721e-01   7.05629697e-01   8.26306602e-01
 1000.0000000000   3.65788212e-01   7.32177940e-01   4.05401950e-04   5.31585537e-01   7.06364016e-01   8.25529872e-01
 1004.5073642545   3.67616482e-01   7.31199143e-01   4.05835166e-04   5.32584311e-01   7.07100604e-01   8.24749774e-01
 1009.0350448414   3.69454962e-01   7.30217516e-01   4.06271504e-04   5.33587052e-01   7.07839461e-01   8.23966296e-01
 1013.5831333341   3.71303720e-01   7.29233054e-01   4.06710990e-04   5.34593767e-01   7.08580587e-01   8.23179426e-01
 1018.1517217182   3.73162825e-01   7.28245756e-01   4.07153653e-04   5.35604463e-01   7.09323980e-01   8.22389149e-01
 1022.7409023943   3.75032350e-01   7.27255617e-01   4.07599520e-04   5.36619147e-01   7.10069640e-01   8.21595453e-01
 1027.3507681793   3.76912363e-01   7.26262634e-01   4.08048620e-04   5.37637826e-01   7.10817565e-01   8.20798324e-01
 1031.9814123086   3.78802938e-01   7.25266804e-01   4.08500983e-04   5.38660507e-01   7.11567756e-01   8.19997750e-01
 1036.6329284377   3.80704146e-01   7.24268123e-01   4.08956635e-04   5.39687197e-01   7.12320210e-01   8.19193718e-01
 1041.3054106443   3.82616061e-01   7.23266587e-01   4.09415608e-04   5.40717903e-01   7.13074926e-01   8.18386213e-01
 1045.9989534303   3.84538755e-01   7.22262195e-01   4.09877931e-04   5.41752630e-01   7.13831904e-01   8.17575223e-01
 1050.7136517231   3.86472303e-01   7.21254942e-01   4.10343633e-04   5.42791385e-01   7.14591141e-01   8.16760734e-01
 1055.4496008786   3.88416780e-01   7.20244825e-01   4.10812744e-04   5.43834174e-01   7.15352636e-01   8.15942734e-01
 1060.2068966820   3.90372261e-01   7.19231840e-01   4.11285296e-04   5.44881003e-01   7.16116388e-01   8.15121208e-01
 1064.9856353504   3.92338823e-01   7.18215986e-01   4.11761320e-04   5.45931878e-01   7.16882393e-01   8.14296144e-01
 1069.7859135347   3.94316542e-01   7.17197257e-01   4.12240845e-04   5.46986805e-01   7.17650652e-01   8.13467528e-01
 1074.6078283213   3.96305497e-01   7.16175652e-01   4.12723905e-04   5.48045790e-01   7.18421160e-01   8.12635346e-01
 1079.4514772343   3.98305764e-01   7.15151168e-01   4.13210531e-04   5.49108836e-01   7.19193917e-01   8.11799586e-01
 1084.3169582372   4.00317424e-01   7.14123800e-01   4.13700755e-04   5.50175951e-01   7.19968919e-01   8.10960234e-01
 1089.2043697352   4.02340556e-01   7.13093546e-01   4.14194611e-04   5.51247139e-01   7.20746165e-01   8.10117275e-01
 1094.1138105772   4.04375241e-01   7.12060403e-01   4.14692130e-04   5.52322404e-01   7.21525651e-01   8.09270698e-01
 1099.0453800573   4.06421559e-01   7.11024368e-01   4.15193346e-04   5.53401752e-01   7.22307376e-01   8.08420487e-01
 1103.9991779174   4.08479593e-01   7.09985437e-01   4.15698294e-04   5.54485186e-01   7.23091336e-01   8.07566630e-01
 1108.9753043489   4.10549426e-01   7.08943609e-01   4.16207006e-04   5.55572712e-01   7.23877527e-01   8.06709114e-01
 1113.9738599948   4.12631140e-01   7.07898879e-01   4.16719519e-04   5.56664334e-01   7.24665948e-01   8.05847923e-01
 1118.9949459517   4.14724820e-01   7.06851245e-01   4.17235865e-04   5.57760056e-01   7.25456595e-01   8.04983046e-01
 1124.0386637721   4.16830551e-01   7.05800704e-01   4.17756082e-04   5.58859880e-01   7.26249463e-01   8.04114467e-01
 1129.1051154658   4.18948419e-01   7.04747253e-01   4.18280204e-04   5.59963812e-01   7.27044551e-01   8.03242174e-01
 1134.1944035028   4.21078511e-01   7.03690889e-01   4.18808267e-04   5.61071854e-01   7.27841854e-01   8.02366153e-01
 1139.3066308147   4.23220913e-01   7.02631609e-01   4.19340308e-04   5.62184010e-01   7.28641368e-01   8.01486390e-01
 1144.4419007973   4.25375715e-01   7.01569411e-01   4.19876364e-04   5.63300283e-01   7.29443090e-01   8.00602871e-01
 1149.6003173123   4.27543004e-01   7.00504291e-01   4.20416472e-04   5.64420675e-01   7.30247014e-01   7.99715583e-01
 1154.7819846895   4.29722872e-01   6.99436247e-01   4.20960669e-04   5.65545190e-01   7.31053138e-01   7.98824512e-01
 1159.9870077289   4.31915408e-01   6.98365277e-01   4.21508994e-04   5.66673830e-01   7.31861456e-01   7.97929643e-01
 1165.2154917032   4.34120704e-01   6.97291376e-01   4.22061485e-04   5.67806596e-01   7.32671965e-01   7.97030964e-01
 1170.4675423593   4.36338854e-01   6.96214544e-01   4.22618182e-04   5.68943491e-01   7.33484658e-01   7.96128460e-01
 1175.7432659207   4.38569950e-01   6.95134776e-01   4.23179123e-04   5.70084518e-01   7.34299532e-01   7.95222118e-01
 1181.0427690899   4.40814086e-01   6.94052071e-01   4.23744349e-04   5.71229676e-01   7.35116582e-01   7.94311923e-01
 1186.3661590503   4.43071357e-01   6.92966425e-01   4.24313900e-04   5.72378968e-01   7.35935802e-01   7.93397862e-01
 1191.7135434683   4.45341860e-01   6.91877837e-01   4.24887816e-04   5.73532395e-01   7.36757186e-01   7.92479921e-01
 1197.0850304957   4.47625692e-01   6.90786303e-01   4.25466139e-04   5.74689958e-01   7.37580731e-01   7.91558086e-01
 1202.4807287717   4.49922950e-01   6.89691821e-01   4.26048910e-04   5.75851658e-01   7.38406428e-01   7.90632342e-01
 1207.9007474253   4.52233734e-01   6.88594388e-01   4.26636173e-04   5.77017494e-01   7.39234274e-01   7.89702677e-01
 1213.3451960772   4.54558143e-01   6.87494003e-01   4.27227969e-04   5.78187467e-01   7.40064262e-01   7.88769076e-01
 1218.8141848423   4.56896278e-01   6.86390662e-01   4.27824341e-04   5.79361577e-01   7.40896386e-01   7.87831525e-01
 1224.3078243319   4.59248240e-01   6.85284362e-01   4.28425334e-04   5.80539824e-01   7.41730640e-01   7.86890010e-01
 1229.8262256557   4.61614134e-01   6.84175103e-01   4.29030991e-04   5.81722206e-01   7.42567016e-01   7.85944518e-01
 1235.3695004245   4.63994061e-01   6.83062880e-01   4.29641357e-04   5.82908724e-01   7.43405509e-01   7.84995033e-01
 1240.9377607517   4.66388128e-01   6.81947693e-01   4.30256478e-04   5.84099377e-01   7.44246112e-01   7.84041542e-01
 1246.5311192565   4.68796439e-01   6.80829537e-01   4.30876399e-04   5.85294162e-01   7.45088817e-01   7.83084032e-01
 1252.1496890656   4.71219102e-01   6.79708412e-01   4.31501166e-04   5.86493079e-01   7.45933618e-01   7.82122487e-01
 1257.7935838153   4.73656226e-01   6.78584315e-01   4.32130826e-04   5.87696124e-01   7.46780506e-01   7.81156895e-01
 1263.4629176545   4.76107917e-01   6.77457243e-01   4.32765427e-04   5.88903298e-01   7.47629476e-01   7.80187240e-01
 1269.1578052463   4.78574288e-01   6.76327194e-01   4.33405016e-04   5.90114596e-01   7.48480518e-01   7.79213509e-01
 1274.8783617710   4.81055449e-01   6.75194167e-01   4.34049643e-04   5.91330016e-01   7.49333626e-01   7.78235688e-01
 1280.6247029276   4.83551512e-01   6.74058158e-01   4.34699355e-04   5.92549555e-01   7.50188790e-01   7.77253762e-01
 1286.3969449370   4.86062590e-01   6.72919167e-01   4.35354203e-04   5.93773210e-01   7.51046003e-01   7.76267718e-01
 1292.1952045436   4.88588800e-01   6.71777189e-01   4.36014236e-04   5.95000977e-01   7.51905256e-01   7.75277542e-01
 1298.0195990184   4.91130255e-01   6.70632225e-01   4.36679507e-04   5.96232853e-01   7.52766542e-01   7.74283218e-01
 1303.8702461606   4.93687073e-01   6.69484270e-01   4.37350065e-04   5.97468833e-01   7.53629849e-01   7.73284734e-01
 1309.7472643006   4.96259372e-01   6.68333324e-01   4.38025964e-04   5.98708913e-01   7.54495171e-01   7.72282075e-01
 1315.6507723021   4.98847272e-01   6.67179384e-01   4.38707255e-04   5.99953088e-01   7.55362498e-01   7.71275226e-01
 1321.5808895645   5.01450892e-01   6.66022449e-01   4.39393993e-04   6.01201352e-01   7.56231819e-01   7.70264175e-01
 1327.5377360255   5.04070356e-01   6.64862515e-01   4.40086230e-04   6.02453701e-01   7.57103127e-01   7.69248906e-01
 1333.5214321633   5.06705784e-01   6.63699583e-01   4.40784022e-04   6.03710129e-01   7.57976410e-01   7.68229406e-01
 1339.5320989992   5.09357303e-01   6.62533648e-01   4.41487424e-04   6.04970630e-01   7.58851659e-01   7.67205660e-01
 1345.5698580999   5.12025037e-01   6.61364710e-01   4.42196492e-04   6.06235197e-01   7.59728864e-01   7.66177654e-01
 1351.6348315802   5.14709113e-01   6.60192767e-01   4.42911282e-04   6.07503823e-01   7.60608014e-01   7.65145374e-01
 1357.7271421052   5.17409660e-01   6.59017816e-01   4.43631851e-04   6.08776502e-01   7.61489099e-01   7.64108807e-01
 1363.8469128928   5.20126807e-01   6.57839856e-01   4.44358259e-04   6.10053226e-01   7.62372108e-01   7.63067937e-01
 1369.9942677166   5.22860684e-01   6.56658886e-01   4.45090562e-04   6.11333987e-01   7.63257030e-01   7.62022751e-01
 1376.1693309077   5.25611424e-01   6.55474903e-01   4.45828821e-04   6.12618778e-01   7.64143854e-01   7.60973234e-01
 1382.3722273579   5.28379161e-01   6.54287905e-01   4.46573096e-04   6.13907589e-01   7.65032568e-01   7.59919373e-01
 1388.6030825219   5.31164030e-01   6.53097892e-01   4.47323448e-04   6.15200413e-01   7.65923160e-01   7.58861153e-01
 1394.8620224196   5.33966166e-01   6.51904861e-01   4.48079937e-04   6.16497239e-01   7.66815620e-01   7.57798560e-01
 1401.1491736394   5.36785709e-01   6.50708810e-01   4.48842628e-04   6.17798059e-01   7.67709934e-01   7.56731581e-01
 1407.4646633398   5.39622796e-01   6.49509739e-01   4.49611582e-04   6.19102862e-01   7.68606091e-01   7.55660200e-01
 1413.8086192528   5.42477570e-01   6.48307644e-01   4.50386864e-04   6.20411638e-01   7.69504078e-01   7.54584404e-01
 1420.1811696859   5.45350172e-01   6.47102526e-01   4.51168539e-04   6.21724376e-01   7.70403882e-01   7.53504180e-01
 1426.5824435250   5.48240747e-01   6.45894382e-01   4.51956671e-04   6.23041066e-01   7.71305490e-01   7.52419511e-01
 1433.0125702370   5.51149439e-01   6.44683211e-01   4.52751328e-04   6.24361696e-01   7.72208890e-01   7.51330386e-01
 1439.4716798722   5.54076395e-01   6.43469010e-01   4.53552576e-04   6.25686255e-01   7.73114067e-01   7.50236789e-01
 1445.9599030674   5.57021765e-01   6.42251780e-01   4.54360484e-04   6.27014729e-01   7.74021009e-01   7.49138707e-01
 1452.4773710479   5.59985698e-01   6.41031518e-01   4.55175120e-04   6.28347106e-01   7.74929701e-01   7.48036125e-01
 1459.0242156306   5.62968346e-01   6.39808223e-01   4.55996554e-04   6.29683374e-01   7.75840129e-01   7.46929030e-01
 1465.6005692265   5.65969862e-01   6.38581894e-01   4.56824857e-04   6.31023519e-01   7.76752280e-01   7.45817407e-01
 1472.2065648435   5.68990402e-01   6.37352529e-01   4.57660101e-04   6.32367526e-01   7.77666138e-01   7.44701243e-01
 1478.8423360891   5.72030122e-01   6.36120126e-01   4.58502357e-04   6.33715383e-01   7.78581688e-01   7.43580523e-01
 1485.5080171728   5.75089182e-01   6.34884686e-01   4.59351699e-04   6.35067074e-01   7.79498916e-01   7.42455234e-01
 1492.2037429091   5.78167740e-01   6.33646205e-01   4.60208202e-04   6.36422583e-01   7.80417807e-01   7.41325362e-01
 1498.9296487203   5.81265960e-01   6.32404684e-01   4.61071940e-04   6.37781897e-01   7.81338345e-01   7.40190893e-01
 1505.6858706389   5.84384005e-01   6.31160121e-01   4.61942990e-04   6.39144997e-01   7.82260514e-01   7.39051812e-01
 1512.4725453106   5.87522041e-01   6.29912514e-01   4.62821429e-04   6.40511869e-01   7.83184298e-01   7.37908107e-01
 1519.2898099972   5.90680235e-01   6.28661863e-01   4.63707335e-04   6.41882495e-01   7.84109682e-01   7.36759762e-01
 1526.1378025790   5.93858756e-01   6.27408167e-01   4.64600788e-04   6.43256858e-01   7.85036648e-01   7.35606766e-01
 1533.0166615577   5.97057777e-01   6.26151423e-01   4.65501867e-04   6.44634940e-01   7.85965181e-01   7.34449102e-01
 1539.9265260595   6.00277469e-01   6.24891632e-01   4.66410654e-04   6.46016723e-01   7.86895262e-01   7.33286759e-01
 1546.8675358375   6.03518009e-01   6.23628793e-01   4.67327231e-04   6.47402189e-01   7.87826875e-01   7.32119721e-01
 1553.8398312750   6.06779573e-01   6.22362903e-01   4.68251682e-04   6.48791317e-01   7.88760003e-01   7.30947976e-01
 1560.8435533876   6.10062341e-01   6.21093963e-01   4.69184090e-04   6.50184089e-01   7.89694628e-01   7.29771510e-01
 1567.8788438270   6.13366493e-01   6.19821971e-01   4.70124542e-04   6.51580485e-01   7.90630732e-01   7.28590308e-01
 1574.9458448830   6.16692213e-01   6.18546927e-01   4.71073125e-04   6.52980484e-01   7.91568296e-01   7.27404358e-01
 1582.0446994869   6.20039686e-01   6.17268829e-01   4.72029925e-04   6.54384064e-01   7.92507303e-01   7.26213646e-01
 1589.1755512143   6.23409100e-01   6.15987677e-01   4.72995033e-04   6.55791205e-01   7.93447734e-01   7.25018158e-01
 1596.3385442879   6.26800645e-01   6.14703469e-01   4.73968538e-04   6.57201885e-01   7.94389569e-01   7.23817881e-01
 1603.5338235805   6.30214511e-01   6.13416206e-01   4.74950532e-04   6.58616080e-01   7.95332790e-01   7.22612801e-01
 1610.7615346177   6.33650894e-01   6.12125886e-01   4.75941107e-04   6.60033768e-01   7.96277377e-01   7.21402905e-01
 1618.0218235813   6.37109989e-01   6.10832508e-01   4.76940357e-04   6.61454926e-01   7.97223310e-01   7.20188180e-01
 1625.3148373119   6.40591994e-01   6.09536072e-01   4.77948377e-04   6.62879529e-01   7.98170569e-01   7.18968611e-01
 1632.6407233118   6.44097112e-01   6.08236577e-01   4.78965264e-04   6.64307552e-01   7.99119135e-01   7.17744186e-01
 1639.9996297484   6.47625544e-01   6.06934023e-01   4.79991115e-04   6.65738972e-01   8.00068986e-01   7.16514892e-01
 1647.3917054569   6.51177497e-01   6.05628409e-01   4.81026029e-04   6.67173762e-01   8.01020102e-01   7.15280714e-01
 1654.8170999432   6.54753179e-01   6.04319734e-01   4.82070106e-04   6.68611896e-01   8.01972462e-01   7.14041641e-01
 1662.2759633871   6.58352799e-01   6.03007997e-01   4.83123449e-04   6.70053348e-01   8.02926045e-01   7.12797659e-01
 1669.7684466456   6.61976572e-01   6.01693199e-01   4.84186160e-04   6.71498091e-01   8.03880829e-01   7.11548754e-01
 1677.2947012552   6.65624712e-01   6.00375338e-01   4.85258344e-04   6.72946096e-01   8.04836791e-01   7.10294914e-01
 1684.8548794358   6.69297438e-01   5.99054415e-01   4.86340106e-04   6.74397336e-01   8.05793911e-01   7.09036126e-01
 1692.4491340934   6.72994970e-01   5.97730428e-01   4.87431553e-04   6.75851782e-01   8.06752166e-01   7.07772376e-01
 1700.0776188229   6.76717531e-01   5.96403378e-01   4.88532796e-04   6.77309404e-01   8.07711532e-01   7.06503653e-01
 1707.7404879118   6.80465348e-01   5.95073264e-01   4.89643943e-04   6.78770174e-01   8.08671988e-01   7.05229942e-01
 1715.4378963429   6.84238649e-01   5.93740086e-01   4.90765107e-04   6.80234059e-01   8.09633510e-01   7.03951232e-01
 1723.1699997976   6.88037666e-01   5.92403843e-01   4.91896401e-04   6.81701030e-01   8.10596075e-01   7.02667509e-01
 1730.9369546591   6.91862633e-01   5.91064535e-01   4.93037940e-04   6.83171056e-01   8.11559658e-01   7.01378761e-01
 1738.7389180152   6.95713787e-01   5.89722162e-01   4.94189841e-04   6.84644103e-01   8.12524236e-01   7.00084975e-01
 1746.5760476621   6.99591369e-01   5.88376723e-01   4.95352221e-04   6.86120139e-01   8.13489785e-01   6.98786139e-01
 1754.4485021070   7.03495620e-01   5.87028219e-01   4.96525200e-04   6.87599132e-01   8.14456279e-01   6.97482241e-01
 1762.3564405717   7.07426787e-01   5.85676649e-01   4.97708901e-04   6.89081047e-01   8.15423695e-01   6.96173267e-01
 1770.3000229956   7.11385120e-01   5.84322014e-01   4.98903446e-04   6.90565849e-01   8.16392007e-01   6.94859205e-01
 1778.2794100389   7.15370869e-01   5.82964313e-01   5.00108959e-04   6.92053505e-01   8.17361190e-01   6.93540044e-01
 1786.2947630862   7.19384291e-01   5.81603546e-01   5.01325569e-04   6.93543979e-01   8.18331218e-01   6.92215771e-01
 1794.3462442492   7.23425644e-01   5.80239712e-01   5.02553402e-04   6.95037233e-01   8.19302065e-01   6.90886373e-01
 1802.4340163707   7.27495188e-01   5.78872814e-01   5.03792591e-04   6.96533233e-01   8.20273705e-01   6.89551840e-01
 1810.5582430271   7.31593190e-01   5.77502849e-01   5.05043265e-04   6.98031940e-01   8.21246112e-01   6.88212158e-01
 1818.7190885324   7.35719917e-01   5.76129818e-01   5.06305561e-04   6.99533317e-01   8.22219258e-01   6.86867316e-01
 1826.9167179409   7.39875640e-01   5.74753722e-01   5.07579613e-04   7.01037325e-01   8.23193117e-01   6.85517302e-01
 1835.1512970512   7.44060635e-01   5.73374561e-01   5.08865560e-04   7.02543925e-01   8.24167662e-01   6.84162105e-01
 1843.4229924091   7.48275180e-01   5.71992334e-01   5.10163541e-04   7.04053077e-01   8.25142864e-01   6.82801712e-01
 1851.7319713109   7.52519556e-01   5.70607042e-01   5.11473699e-04   7.05564741e-01   8.26118696e-01   6.81436112e-01
 1860.0784018073   7.56794050e-01   5.69218685e-01   5.12796177e-04   7.07078877e-01   8.27095130e-01   6.80065293e-01
 1868.4624527061   7.61098951e-01   5.67827264e-01   5.14131122e-04   7.08595443e-01   8.28072138e-01   6.78689245e-01
 1876.8842935762   7.65434552e-01   5.66432779e-01   5.15478681e-04   7.10114396e-01   8.29049690e-01   6.77307956e-01
 1885.3440947508   7.69801148e-01   5.65035231e-01   5.16839005e-04   7.11635694e-01   8.30027758e-01   6.75921414e-01
 1893.8420273309   7.74199041e-01   5.63634619e-01   5.18212248e-04   7.13159293e-01   8.31006312e-01   6.74529608e-01
 1902.3782631885   7.78628535e-01   5.62230944e-01   5.19598562e-04   7.14685151e-01   8.31985323e-01   6.73132528e-01
 1910.9529749704   7.83089938e-01   5.60824207e-01   5.20998106e-04   7.16213221e-01   8.32964761e-01   6.71730162e-01
 1919.5663361018   7.87583563e-01   5.59414408e-01   5.22411039e-04   7.17743459e-01   8.33944597e-01   6.70322500e-01
 1928.2185207892   7.92109726e-01   5.58001547e-01   5.23837523e-04   7.19275819e-01   8.34924798e-01   6.68909531e-01
 1936.9097040246   7.96668747e-01   5.56585626e-01   5.25277721e-04   7.20810255e-01   8.35905336e-01   6.67491243e-01
 1945.6400615886   8.01260951e-01   5.55166646e-01   5.26731801e-04   7.22346719e-01   8.36886179e-01   6.66067627e-01
 1954.4097700543   8.05886668e-01   5.53744605e-01   5.28199932e-04   7.23885164e-01   8.37867296e-01   6.64638673e-01
 1963.2190067904   8.10546229e-01   5.52319507e-01   5.29682285e-04   7.25425542e-01   8.38848656e-01   6.63204369e-01
 1972.0679499653   8.15239974e-01   5.50891350e-01   5.31179034e-04   7.26967803e-01   8.39830226e-01   6.61764706e-01
 1980.9567785503   8.19968245e-01   5.49460136e-01   5.32690357e-04   7.28511897e-01   8.40811975e-01   6.60319673e-01
 1989.8856723236   8.24731388e-01   5.48025867e-01   5.34216433e-04   7.30057776e-01   8.41793870e-01   6.58869260e-01
 1998.8548118735   8.29529754e-01   5.46588542e-01   5.35757444e-04   7.31605387e-01   8.42775879e-01   6.57413458e-01
 2007.8643786024   8.34363700e-01   5.45148162e-01   5.37313575e-04   7.33154680e-01   8.43757969e-01   6.55952257e-01
 2016.9145547303   8.39233588e-01   5.43704729e-01   5.38885013e-04   7.34705602e-01   8.44740107e-01   6.54485647e-01
 2026.0055232986   8.44139781e-01   5.42258244e-01   5.40471951e-04   7.36258100e-01   8.45722260e-01   6.53013619e-01
 2035.1374681737   8.49082652e-01   5.40808708e-01   5.42074581e-04   7.37812121e-01   8.46704394e-01   6.51536163e-01
 2044.3105740506   8.54062577e-01   5.39356121e-01   5.43693100e-04   7.39367611e-01   8.47686475e-01   6.50053269e-01
 2053.5250264571   8.59079935e-01   5.37900486e-01   5.45327707e-04   7.40924515e-01   8.48668469e-01   6.48564930e-01
 2062.7810117570   8.64135114e-01   5.36441802e-01   5.46978606e-04   7.42482779e-01   8.49650341e-01   6.47071135e-01
 2072.0787171542   8.69228504e-01   5.34980072e-01   5.48646002e-04   7.44042345e-01   8.50632058e-01   6.45571876e-01
 2081.4183306964   8.74360503e-01   5.33515297e-01   5.50330105e-04   7.45603158e-01   8.51613583e-01   6.44067145e-01
 2090.8000412787   8.79531513e-01   5.32047477e-01   5.52031126e-04   7.47165160e-01   8.52594882e-01   6.42556931e-01
 2100.2240386480   8.84741941e-01   5.30576615e-01   5.53749282e-04   7.48728294e-01   8.53575920e-01   6.41041228e-01
 2109.6905134062   8.89992202e-01   5.29102712e-01   5.55484791e-04   7.50292500e-01   8.54556660e-01   6.39520027e-01
 2119.1996570143   8.95282714e-01   5.27625769e-01   5.57237876e-04   7.51857720e-01   8.55537067e-01   6.37993319e-01
 2128.7516617964   9.00613902e-01   5.26145788e-01   5.59008764e-04   7.53423895e-01   8.56517104e-01   6.36461097e-01
 2138.3467209434   9.05986199e-01   5.24662771e-01   5.60797683e-04   7.54990963e-01   8.57496736e-01   6.34923352e-01
 2147.9850285170   9.11400040e-01   5.23176718e-01   5.62604868e-04   7.56558864e-01   8.58475925e-01   6.33380077e-01
 2157.6667794537   9.16855870e-01   5.21687632e-01   5.64430554e-04   7.58127535e-01   8.59454635e-01   6.31831265e-01
 2167.3921695684   9.22354138e-01   5.20195515e-01   5.66274984e-04   7.59696916e-01   8.60432827e-01   6.30276907e-01
 2177.1613955589   9.27895299e-01   5.18700367e-01   5.68138401e-04   7.61266943e-01   8.61410466e-01   6.28716997e-01
 2186.9746550095   9.33479817e-01   5.17202192e-01   5.70021055e-04   7.62837553e-01   8.62387513e-01   6.27151528e-01
 2196.8321463949   9.39108161e-01   5.15700991e-01   5.71923198e-04   7.64408681e-01   8.63363930e-01   6.25580492e-01
 2206.7340690846   9.44780806e-01   5.14196765e-01   5.73845087e-04   7.65980263e-01   8.64339680e-01   6.24003883e-01
 2216.6806233467   9.50498236e-01   5.12689518e-01   5.75786982e-04   7.67552233e-01   8.65314723e-01   6.22421695e-01
 2226.6720103519   9.56260939e-01   5.11179250e-01   5.77749149e-04   7.69124526e-01   8.66289022e-01   6.20833920e-01
 2236.7084321778   9.62069413e-01   5.09665965e-01   5.79731858e-04   7.70697075e-01   8.67262537e-01   6.19240553e-01
 2246.7900918126   9.67924162e-01   5.08149663e-01   5.81735382e-04   7.72269813e-01   8.68235231e-01   6.17641587e-01
 2256.9171931598   9.73825696e-01   5.06630348e-01   5.83760001e-04   7.73842672e-01   8.69207062e-01   6.16037018e-01
 2267.0899410415   9.79774536e-01   5.05108022e-01   5.85805996e-04   7.75415585e-01   8.70177992e-01   6.14426838e-01
 2277.3085412034   9.85771207e-01   5.03582687e-01   5.87873657e-04   7.76988481e-01   8.71147982e-01   6.12811042e-01
 2287.5732003184   9.91816243e-01   5.02054345e-01   5.89963274e-04   7.78561292e-01   8.72116991e-01   6.11189626e-01
 2297.8841259910   9.97910187e-01   5.00523000e-01   5.92075147e-04   7.80133948e-01   8.73084979e-01   6.09562583e-01
 2308.2415267614   1.00405359e+00   4.98988653e-01   5.94209578e-04   7.81706377e-01   8.74051907e-01   6.07929910e-01
 2318.6456121098   1.01024701e+00   4.97451306e-01   5.96366873e-04   7.83278510e-01   8.75017733e-01   6.06291601e-01
 2329.0965924605   1.01649101e+00   4.95910964e-01   5.98547346e-04   7.84850273e-01   8.75982418e-01   6.04647651e-01
 2339.5946791866   1.02278617e+00   4.94367628e-01   6.00751315e-04   7.86421595e-01   8.76945919e-01   6.02998057e-01
 2350.1400846135   1.02913307e+00   4.92821302e-01   6.02979103e-04   7.87992403e-01   8.77908197e-01   6.01342814e-01
 2360.7330220239   1.03553230e+00   4.91271988e-01   6.05231039e-04   7.89562624e-01   8.78869210e-01   5.99681919e-01
 2371.3737056617   1.04198447e+00   4.89719689e-01   6.07507458e-04   7.91132183e-01   8.79828916e-01   5.98015367e-01
 2382.0623507365   1.04849019e+00   4.88164408e-01   6.09808700e-04   7.92701006e-01   8.80787275e-01   5.96343156e-01
 2392.7991734281   1.05505007e+00   4.86606148e-01   6.12135111e-04   7.94269019e-01   8.81744244e-01   5.94665281e-01
 2403.5843908905   1.06166475e+00   4.85044913e-01   6.14487044e-04   7.95836144e-01   8.82699781e-01   5.92981740e-01
 2414.4182212566   1.06833487e+00   4.83480705e-01   6.16864856e-04   7.97402308e-01   8.83653845e-01   5.91292530e-01
 2425.3008836425   1.07506107e+00   4.81913528e-01   6.19268912e-04   7.98967432e-01   8.84606394e-01   5.89597649e-01
 2436.2325981517   1.08184401e+00   4.80343386e-01   6.21699583e-04   8.00531441e-01   8.85557384e-01   5.87897094e-01
 2447.2135858802   1.08868436e+00   4.78770281e-01   6.24157246e-04   8.02094256e-01   8.86506774e-01   5.86190862e-01
 2458.2440689202   1.09558281e+00   4.77194218e-01   6.26642286e-04   8.03655799e-01   8.87454520e-01   5.84478953e-01
 2469.3242703652   1.10254004e+00   4.75615200e-01   6.29155092e-04   8.05215992e-01   8.88400581e-01   5.82761363e-01
 2480.4544143141   1.10955675e+00   4.74033230e-01   6.31696063e-04   8.06774757e-01   8.89344913e-01   5.81038093e-01
 2491.6347258760   1.11663366e+00   4.72448313e-01   6.34265603e-04   8.08332013e-01   8.90287474e-01   5.79309141e-01
 2502.8654311746   1.12377148e+00   4.70860452e-01   6.36864124e-04   8.09887681e-01   8.91228219e-01   5.77574505e-01
 2514.1467573528   1.13097096e+00   4.69269651e-01   6.39492046e-04   8.11441680e-01   8.92167107e-01   5.75834186e-01
 2525.4789325774   1.13823284e+00   4.67675915e-01   6.42149795e-04   8.12993930e-01   8.93104093e-01   5.74088182e-01
 2536.8621860435   1.14555787e+00   4.66079248e-01   6.44837806e-04   8.14544350e-01   8.94039134e-01   5.72336494e-01
 2548.2967479793   1.15294684e+00   4.64479653e-01   6.47556520e-04   8.16092859e-01   8.94972186e-01   5.70579122e-01
 2559.7828496509   1.16040051e+00   4.62877135e-01   6.50306389e-04   8.17639373e-01   8.95903207e-01   5.68816066e-01
 2571.3207233667   1.16791969e+00   4.61271699e-01   6.53087872e-04   8.19183811e-01   8.96832152e-01   5.67047327e-01
 2582.9106024819   1.17550519e+00   4.59663349e-01   6.55901434e-04   8.20726091e-01   8.97758977e-01   5.65272905e-01
 2594.5527214040   1.18315782e+00   4.58052089e-01   6.58747551e-04   8.22266129e-01   8.98683639e-01   5.63492803e-01
 2606.2473155968   1.19087842e+00   4.56437925e-01   6.61626708e-04   8.23803842e-01   8.99606093e-01   5.61707021e-01
 2617.9946215854   1.19866784e+00   4.54820861e-01   6.64539398e-04   8.25339146e-01   9.00526296e-01   5.59915561e-01
 2629.7948769611   1.20652694e+00   4.53200903e-01   6.67486123e-04   8.26871957e-01   9.01444204e-01   5.58118426e-01
 2641.6483203861   1.21445660e+00   4.51578054e-01   6.70467395e-04   8.28402191e-01   9.02359772e-01   5.56315618e-01
 2653.5551915983   1.22245770e+00   4.49952321e-01   6.73483735e-04   8.29929762e-01   9.03272956e-01   5.54507139e-01
 2665.5157314161   1.23053116e+00   4.48323708e-01   6.76535674e-04   8.31454587e-01   9.04183713e-01   5.52692992e-01
 2677.5301817436   1.23867789e+00   4.46692221e-01   6.79623753e-04   8.32976579e-01   9.05091998e-01   5.50873181e-01
 2689.5987855750   1.24689883e+00   4.45057866e-01   6.82748524e-04   8.34495654e-01   9.05997766e-01   5.49047709e-01
 2701.7217870000   1.25519494e+00   4.43420648e-01   6.85910547e-04   8.36011724e-01   9.06900974e-01   5.47216580e-01
 2713.8994312082   1.26356717e+00   4.41780572e-01   6.89110396e-04   8.37524706e-01   9.07801577e-01   5.45379799e-01
 2726.1319644946   1.27201652e+00   4.40137645e-01   6.92348653e-04   8.39034511e-01   9.08699532e-01   5.43537369e-01
 2738.4196342644   1.28054398e+00   4.38491872e-01   6.95625913e-04   8.40541054e-01   9.09594793e-01   5.41689296e-01
 2750.7626890376   1.28915057e+00   4.36843260e-01   6.98942782e-04   8.42044249e-01   9.10487317e-01   5.39835586e-01
 2763.1613784546   1.29783733e+00   4.35191815e-01   7.02299877e-04   8.43544007e-01   9.11377060e-01   5.37976242e-01
 2775.6159532812   1.30660531e+00   4.33537543e-01   7.05697828e-04   8.45040243e-01   9.12263977e-01   5.36111272e-01
 2788.1266654131   1.31545558e+00   4.31880450e-01   7.09137278e-04   8.46532869e-01   9.13148024e-01   5.34240681e-01
 2800.6937678817   1.32438923e+00   4.30220544e-01   7.12618879e-04   8.48021798e-01   9.14029158e-01   5.32364477e-01
 2813.3175148588   1.33340737e+00   4.28557830e-01   7.16143299e-04   8.49506942e-01   9.14907334e-01   5.30482665e-01
 2825.9981616617   1.34251112e+00   4.26892317e-01   7.19711220e-04   8.50988214e-01   9.15782508e-01   5.28595253e-01
 2838.7359647588   1.35170164e+00   4.25224010e-01   7.23323333e-04   8.52465527e-01   9.16654637e-01   5.26702250e-01
 2851.5311817742   1.36098008e+00   4.23552917e-01   7.26980348e-04   8.53938793e-01   9.17523676e-01   5.24803662e-01
 2864.3840714934   1.37034764e+00   4.21879045e-01   7.30682985e-04   8.55407923e-01   9.18389583e-01   5.22899498e-01
 2877.2948938683   1.37980553e+00   4.20202402e-01   7.34431981e-04   8.56872831e-01   9.19252313e-01   5.20989766e-01
 2890.2639100224   1.38935497e+00   4.18522995e-01   7.38228086e-04   8.58333429e-01   9.20111823e-01   5.19074477e-01
 2903.2913822564   1.39899723e+00   4.16840832e-01   7.42072067e-04   8.59789628e-01   9.20968069e-01   5.17153639e-01
 2916.3775740531   1.40873356e+00   4.15155921e-01   7.45964705e-04   8.61241342e-01   9.21821009e-01   5.15227262e-01
 2929.5227500829   1.41856527e+00   4.13468271e-01   7.49906797e-04   8.62688482e-01   9.22670599e-01   5.13295356e-01
 2942.7271762093   1.42849368e+00   4.11777888e-01   7.53899157e-04   8.64130961e-01   9.23516796e-01   5.11357933e-01
 2955.9911194940   1.43852014e+00   4.10084783e-01   7.57942615e-04   8.65568691e-01   9.24359558e-01   5.09415002e-01
 2969.3148482025   1.44864600e+00   4.08388962e-01   7.62038019e-04   8.67001585e-01   9.25198842e-01   5.07466576e-01
 2982.6986318095   1.45887268e+00   4.06690436e-01   7.66186234e-04   8.68429555e-01   9.26034605e-01   5.05512666e-01
 2996.1427410044   1.46920157e+00   4.04989212e-01   7.70388142e-04   8.69852515e-01   9.26866805e-01   5.03553284e-01
 3009.6474476964   1.47963414e+00   4.03285301e-01   7.74644645e-04   8.71270377e-01   9.27695399e-01   5.01588444e-01
 3023.2130250207   1.49017185e+00   4.01578711e-01   7.78956663e-04   8.72683054e-01   9.28520347e-01   4.99618158e-01
 3036.8397473433   1.50081620e+00   3.99869451e-01   7.83325134e-04   8.74090459e-01   9.29341606e-01   4.97642439e-01
 3050.5278902670   1.51156871e+00   3.98157532e-01   7.87751019e-04   8.75492506e-01   9.30159135e-01   4.95661303e-01
 3064.2777306369   1.52243095e+00   3.96442964e-01   7.92235296e-04   8.76889109e-01   9.30972892e-01   4.93674762e-01
 3078.0895465457   1.53340449e+00   3.94725756e-01   7.96778967e-04   8.78280182e-01   9.31782836e-01   4.91682832e-01
 3091.9636173398   1.54449095e+00   3.93005918e-01   8.01383052e-04   8.79665638e-01   9.32588927e-01   4.89685528e-01
 3105.9002236247   1.55569197e+00   3.91283461e-01   8.06048596e-04   8.81045393e-01   9.33391124e-01   4.87682866e-01
 3119.8996472706   1.56700923e+00   3.89558396e-01   8.10776664e-04   8.82419361e-01   9.34189387e-01   4.85674862e-01
 3133.9621714182   1.57844444e+00   3.87830734e-01   8.15568345e-04   8.83787458e-01   9.34983676e-01   4.83661532e-01
 3148.0880804845   1.58999933e+00   3.86100485e-01   8.20424752e-04   8.85149598e-01   9.35773950e-01   4.81642894e-01
 3162.2776601684   1.60167569e+00   3.84367662e-01   8.25347023e-04   8.86505698e-01   9.36560171e-01   4.79618966e-01
 3176.5311974565   1.61347530e+00   3.82632274e-01   8.30336319e-04   8.87855675e-01   9.37342299e-01   4.77589764e-01
 3190.8489806291   1.62540003e+00   3.80894335e-01   8.35393827e-04   8.89199443e-01   9.38120296e-01   4.75555309e-01
 3205.2312992658   1.63745174e+00   3.79153856e-01   8.40520761e-04   8.90536922e-01   9.38894123e-01   4.73515618e-01
 3219.6784442514   1.64963236e+00   3.77410850e-01   8.45718362e-04   8.91868029e-01   9.39663742e-01   4.71470712e-01
 3234.1907077819   1.66194382e+00   3.75665328e-01   8.50987899e-04   8.93192680e-01   9.40429114e-01   4.69420609e-01
 3248.7683833702   1.67438813e+00   3.73917304e-01   8.56330667e-04   8.94510797e-01   9.41190204e-01   4.67365332e-01
 3263.4117658525   1.68696731e+00   3.72166791e-01   8.61747992e-04   8.95822296e-01   9.41946972e-01   4.65304900e-01
 3278.1211513935   1.69968343e+00   3.70413801e-01   8.67241231e-04   8.97127098e-01   9.42699384e-01   4.63239336e-01
 3292.8968374930   1.71253860e+00   3.68658348e-01   8.72811770e-04   8.98425124e-01   9.43447402e-01   4.61168661e-01
 3307.7391229920   1.72553498e+00   3.66900446e-01   8.78461027e-04   8.99716293e-01   9.44190990e-01   4.59092897e-01
 3322.6483080781   1.73867476e+00   3.65140109e-01   8.84190452e-04   9.01000528e-01   9.44930112e-01   4.57012069e-01
 3337.6246942920   1.75196018e+00   3.63377350e-01   8.90001529e-04   9.02277750e-01   9.45664735e-01   4.54926200e-01
 3352.6685845339   1.76539353e+00   3.61612186e-01   8.95895777e-04   9.03547883e-01   9.46394822e-01   4.52835313e-01
 3367.7802830689   1.77897714e+00   3.59844629e-01   9.01874749e-04   9.04810850e-01   9.47120340e-01   4.50739434e-01
 3382.9600955337   1.79271339e+00   3.58074697e-01   9.07940034e-04   9.06066574e-01   9.47841255e-01   4.48638588e-01
 3398.2083289426   1.80660471e+00   3.56302402e-01   9.14093259e-04   9.07314981e-01   9.48557533e-01   4.46532800e-01
 3413.5252916936   1.82065357e+00   3.54527763e-01   9.20336089e-04   9.08555996e-01   9.49269141e-01   4.44422097e-01
 3428.9112935751   1.83486251e+00   3.52750793e-01   9.26670229e-04   9.09789546e-01   9.49976048e-01   4.42306507e-01
 3444.3666457715   1.84923411e+00   3.50971511e-01   9.33097424e-04   9.11015558e-01   9.50678220e-01   4.40186056e-01
 3459.8916608699   1.86377100e+00   3.49189931e-01   9.39619459e-04   9.12233959e-01   9.51375627e-01   4.38060772e-01
 3475.4866528664   1.87847588e+00   3.47406072e-01   9.46238164e-04   9.13444680e-01   9.52068238e-01   4.35930686e-01
 3491.1519371724   1.89335149e+00   3.45619950e-01   9.52955413e-04   9.14647649e-01   9.52756021e-01   4.33795825e-01
 3506.8878306209   1.90840065e+00   3.43831583e-01   9.59773124e-04   9.15842797e-01   9.53438948e-01   4.31656219e-01
 3522.6946514731   1.92362621e+00   3.42040989e-01   9.66693261e-04   9.17030055e-01   9.54116988e-01   4.29511900e-01
 3538.5727194245   1.93903110e+00   3.40248186e-01   9.73717839e-04   9.18209357e-01   9.54790113e-01   4.27362899e-01
 3554.5223556119   1.95461831e+00   3.38453192e-01   9.80848919e-04   9.19380635e-01   9.55458295e-01   4.25209246e-01
 3570.5438826193   1.97039090e+00   3.36656027e-01   9.88088616e-04   9.20543823e-01   9.56121506e-01   4.23050975e-01
 3586.6376244848   1.98635199e+00   3.34856709e-01   9.95439094e-04   9.21698858e-01   9.56779718e-01   4.20888119e-01
 3602.8039067071   2.00250476e+00   3.33055259e-01   1.00290257e-03   9.22845675e-01   9.57432906e-01   4.18720711e-01
 3619.0430562520   2.01885247e+00   3.31251696e-01   1.01048133e-03   9.23984212e-01   9.58081042e-01   4.16548785e-01
 3635.3554015591   2.03539845e+00   3.29446041e-01   1.01817770e-03   9.25114408e-01   9.58724103e-01   4.14372377e-01
 3651.7412725484   2.05214610e+00   3.27638314e-01   1.02599406e-03   9.26236202e-01   9.59362062e-01   4.12191523e-01
 3668.2010006268   2.06909889e+00   3.25828536e-01   1.03393288e-03   9.27349534e-01   9.59994896e-01   4.10006258e-01
 3684.7349186952   2.08626039e+00   3.24016730e-01   1.04199666e-03   9.28454347e-01   9.60622581e-01   4.07816619e-01
 3701.3433611549   2.10363423e+00   3.22202916e-01   1.05018799e-03   9.29550583e-01   9.61245095e-01   4.05622645e-01
 3718.0266639145   2.12122412e+00   3.20387118e-01   1.05850951e-03   9.30638187e-01   9.61862415e-01   4.03424373e-01
 3734.7851643965   2.13903386e+00   3.18569358e-01   1.06696393e-03   9.31717104e-01   9.62474520e-01   4.01221843e-01
 3751.6192015446   2.15706734e+00   3.16749658e-01   1.07555404e-03   9.32787281e-01   9.63081388e-01   3.99015094e-01
 3768.5291158300   2.17532852e+00   3.14928044e-01   1.08428270e-03   9.33848664e-01   9.63683000e-01   3.96804167e-01
 3785.5152492586   2.19382148e+00   3.13104538e-01   1.09315284e-03   9.34901204e-01   9.64279336e-01   3.94589103e-01
 3802.5779453779   2.21255037e+00   3.11279166e-01   1.10216746e-03   9.35944851e-01   9.64870377e-01   3.92369944e-01
 3819.7175492837   2.23151945e+00   3.09451952e-01   1.11132966e-03   9.36979555e-01   9.65456105e-01   3.90146733e-01
 3836.9344076274   2.25073307e+00   3.07622921e-01   1.12064261e-03   9.38005271e-01   9.66036503e-01   3.87919512e-01
 3854.2288686231   2.27019568e+00   3.05792099e-01   1.13010957e-03   9.39021952e-01   9.66611553e-01   3.85688326e-01
 3871.6012820541   2.28991184e+00   3.03959513e-01   1.13973388e-03   9.40029553e-01   9.67181241e-01   3.83453221e-01
 3889.0519992803   2.30988622e+00   3.02125189e-01   1.14951897e-03   9.41028033e-01   9.67745550e-01   3.81214240e-01
 3906.5813732456   2.33012359e+00   3.00289155e-01   1.15946839e-03   9.42017348e-01   9.68304466e-01   3.78971432e-01
 3924.1897584845   2.35062885e+00   2.98451438e-01   1.16958574e-03   9.42997459e-01   9.68857975e-01   3.76724843e-01
 3941.8775111296   2.37140700e+00   2.96612067e-01   1.17987477e-03   9.43968327e-01   9.69406065e-01   3.74474521e-01
 3959.6449889188   2.39246317e+00   2.94771070e-01   1.19033929e-03   9.44929914e-01   9.69948723e-01   3.72220515e-01
 3977.4925512022   2.41380261e+00   2.92928477e-01   1.20098325e-03   9.45882185e-01   9.70485938e-01   3.69962875e-01
 3995.4205589499   2.43543070e+00   2.91084317e-01   1.21181068e-03   9.46825105e-01   9.71017699e-01   3.67701650e-01
 4013.4293747588   2.45735295e+00   2.89238621e-01   1.22282576e-03   9.47758640e-01   9.71543996e-01   3.65436892e-01
 4031.5193628604   2.47957500e+00   2.87391420e-01   1.23403275e-03   9.48682760e-01   9.72064820e-01   3.63168653e-01
 4049.6908891278   2.50210265e+00   2.85542744e-01   1.24543605e-03   9.49597433e-01   9.72580163e-01   3.60896986e-01
 4067.9443210830   2.52494181e+00   2.83692627e-01   1.25704020e-03   9.50502633e-01   9.73090016e-01   3.58621945e-01
 4086.2800279050   2.54809856e+00   2.81841100e-01   1.26884984e-03   9.51398331e-01   9.73594375e-01   3.56343584e-01
 4104.6983804365   2.57157913e+00   2.79988196e-01   1.28086977e-03   9.52284502e-01   9.74093232e-01   3.54061958e-01
 4123.1997511919   2.59538991e+00   2.78133951e-01   1.29310491e-03   9.53161123e-01   9.74586583e-01   3.51777123e-01
 4141.7845143644   2.61953744e+00   2.76278396e-01   1.30556033e-03   9.54028171e-01   9.75074423e-01   3.49489138e-01
 4160.4530458341   2.64402844e+00   2.74421569e-01   1.31824127e-03   9.54885625e-01   9.75556750e-01   3.47198060e-01
 4179.2057231753   2.66886978e+00   2.72563503e-01   1.33115308e-03   9.55733467e-01   9.76033559e-01   3.44903947e-01
 4198.0429256640   2.69406854e+00   2.70704236e-01   1.34430132e-03   9.56571678e-01   9.76504851e-01   3.42606860e-01
 4216.9650342858   2.71963195e+00   2.68843803e-01   1.35769169e-03   9.57400243e-01   9.76970623e-01   3.40306859e-01
 4235.9724317437   2.74556745e+00   2.66982243e-01   1.37133005e-03   9.58219148e-01   9.77430877e-01   3.38004006e-01
 4255.0655024654   2.77188267e+00   2.65119594e-01   1.38522246e-03   9.59028380e-01   9.77885612e-01   3.35698364e-01
 4274.2446326116   2.79858543e+00   2.63255893e-01   1.39937515e-03   9.59827928e-01   9.78334831e-01   3.33389995e-01
 4293.5102100835   2.82568377e+00   2.61391182e-01   1.41379455e-03   9.60617782e-01   9.78778535e-01   3.31078966e-01
 4312.8626245306   2.85318593e+00   2.59525498e-01   1.42848729e-03   9.61397936e-01   9.79216729e-01   3.28765340e-01
 4332.3022673588   2.88110040e+00   2.57658885e-01   1.44346018e-03   9.62168382e-01   9.79649417e-01   3.26449184e-01
 4351.8295317382   2.90943586e+00   2.55791382e-01   1.45872029e-03   9.62929117e-01   9.80076604e-01   3.24130566e-01
 4371.4448126111   2.93820125e+00   2.53923031e-01   1.47427486e-03   9.63680138e-01   9.80498296e-01   3.21809553e-01
 4391.1485066998   2.96740574e+00   2.52053877e-01   1.49013139e-03   9.64421444e-01   9.80914500e-01   3.19486216e-01
 4410.9410125149   2.99705876e+00   2.50183962e-01   1.50629761e-03   9.65153036e-01   9.81325223e-01   3.17160625e-01
 4430.8227303633   3.02717000e+00   2.48313332e-01   1.52278150e-03   9.65874916e-01   9.81730475e-01   3.14832850e-01
 4450.7940623560   3.05774941e+00   2.46442030e-01   1.53959128e-03   9.66587088e-01   9.82130265e-01   3.12502965e-01
 4470.8554124166   3.08880722e+00   2.44570102e-01   1.55673546e-03   9.67289557e-01   9.82524603e-01   3.10171042e-01
 4491.0071862894   3.12035395e+00   2.42697596e-01   1.57422281e-03   9.67982333e-01   9.82913501e-01   3.07837157e-01
 4511.2497915474   3.15240041e+00   2.40824559e-01   1.59206239e-03   9.68665422e-01   9.83296971e-01   3.05501384e-01
 4531.5836376008   3.18495773e+00   2.38951039e-01   1.61026355e-03   9.69338838e-01   9.83675025e-01   3.03163800e-01
 4552.0091357050   3.21803735e+00   2.37077085e-01   1.62883598e-03   9.70002590e-01   9.84047679e-01   3.00824483e-01
 4572.5266989693   3.25165102e+00   2.35202747e-01   1.64778965e-03   9.70656695e-01   9.84414946e-01   2.98483511e-01
 4593.1367423648   3.28581086e+00   2.33328076e-01   1.66713490e-03   9.71301168e-01   9.84776843e-01   2.96140965e-01
 4613.8396827332   3.32052932e+00   2.31453122e-01   1.68688240e-03   9.71936026e-01   9.85133385e-01   2.93796924e-01
 4634.6359387950   3.35581922e+00   2.29577939e-01   1.70704319e-03   9.72561289e-01   9.85484592e-01   2.91451472e-01
 4655.5259311580   3.39169377e+00   2.27702580e-01   1.72762868e-03   9.73176977e-01   9.85830480e-01   2.89104692e-01
 4676.5100823258   3.42816654e+00   2.25827098e-01   1.74865068e-03   9.73783114e-01   9.86171069e-01   2.86756667e-01
 4697.5888167065   3.46525154e+00   2.23951549e-01   1.77012140e-03   9.74379722e-01   9.86506379e-01   2.84407483e-01
 4718.7625606211   3.50296318e+00   2.22075989e-01   1.79205349e-03   9.74966829e-01   9.86836431e-01   2.82057227e-01
 4740.0317423121   3.54131630e+00   2.20200473e-01   1.81446003e-03   9.75544461e-01   9.87161247e-01   2.79705987e-01
 4761.3967919524   3.58032621e+00   2.18325061e-01   1.83735457e-03   9.76112647e-01   9.87480850e-01   2.77353851e-01
 4782.8581416538   3.62000865e+00   2.16449811e-01   1.86075113e-03   9.76671419e-01   9.87795263e-01   2.75000910e-01
 4804.4162254756   3.66037990e+00   2.14574782e-01   1.88466425e-03   9.77220809e-01   9.88104510e-01   2.72647255e-01
 4826.0714794339   3.70145668e+00   2.12700035e-01   1.90910899e-03   9.77760850e-01   9.88408617e-01   2.70292978e-01
 4847.8243415098   3.74325629e+00   2.10825631e-01   1.93410094e-03   9.78291577e-01   9.88707609e-01   2.67938174e-01
 4869.6752516586   3.78579652e+00   2.08951633e-01   1.95965626e-03   9.78813029e-01   9.89001514e-01   2.65582937e-01
 4891.6246518188   3.82909577e+00   2.07078105e-01   1.98579174e-03   9.79325242e-01   9.89290360e-01   2.63227364e-01
 4913.6729859206   3.87317299e+00   2.05205110e-01   2.01252475e-03   9.79828259e-01   9.89574174e-01   2.60871553e-01
 4935.8206998955   3.91804774e+00   2.03332715e-01   2.03987333e-03   9.80322119e-01   9.89852986e-01   2.58515602e-01
 4958.0682416847   3.96374022e+00   2.01460986e-01   2.06785618e-03   9.80806866e-01   9.90126827e-01   2.56159611e-01
 4980.4160612484   4.01027128e+00   1.99589991e-01   2.09649273e-03   9.81282544e-01   9.90395726e-01   2.53803682e-01
 5002.8646105752   4.05766246e+00   1.97719798e-01   2.12580314e-03   9.81749200e-01   9.90659717e-01   2.51447918e-01
 5025.4143436909   4.10593598e+00   1.95850477e-01   2.15580833e-03   9.82206880e-01   9.90918832e-01   2.49092423e-01
 5048.0657166675   4.15511483e+00   1.93982100e-01   2.18653006e-03   9.82655634e-01   9.91173103e-01   2.46737302e-01
 5070.8191876329   4.20522275e+00   1.92114737e-01   2.21799089e-03   9.83095511e-01   9.91422565e-01   2.44382662e-01
 5093.6752167801   4.25628426e+00   1.90248463e-01   2.25021431e-03   9.83526564e-01   9.91667253e-01   2.42028612e-01
 5116.6342663761   4.30832474e+00   1.88383350e-01   2.28322471e-03   9.83948844e-01   9.91907203e-01   2.39675260e-01
 5139.6968007715   4.36137042e+00   1.86519476e-01   2.31704746e-03   9.84362406e-01   9.92142450e-01   2.37322718e-01
 5162.8632864101   4.41544841e+00   1.84656916e-01   2.35170895e-03   9.84767306e-01   9.92373031e-01   2.34971099e-01
 5186.1341918379   4.47058679e+00   1.82795747e-01   2.38723662e-03   9.85163599e-01   9.92598985e-01   2.32620515e-01
 5209.5099877131   4.52681460e+00   1.80936050e-01   2.42365905e-03   9.85551343e-01   9.92820351e-01   2.30271083e-01
 5232.9911468149   4.58416188e+00   1.79077903e-01   2.46100597e-03   9.85930598e-01   9.93037166e-01   2.27922919e-01
 5256.5781440540   4.64265977e+00   1.77221389e-01   2.49930835e-03   9.86301423e-01   9.93249471e-01   2.25576141e-01
 5280.2714564813   4.70234049e+00   1.75366589e-01   2.53859845e-03   9.86663880e-01   9.93457307e-01   2.23230869e-01
 5304.0715632981   4.76323741e+00   1.73513588e-01   2.57890987e-03   9.87018031e-01   9.93660715e-01   2.20887225e-01
 5327.9789458656   4.82538512e+00   1.71662470e-01   2.62027764e-03   9.87363939e-01   9.93859736e-01   2.18545329e-01
 5351.9940877148   4.88881947e+00   1.69813323e-01   2.66273828e-03   9.87701668e-01   9.94054413e-01   2.16205308e-01
 5376.1174745558   4.95357761e+00   1.67966232e-01   2.70632989e-03   9.88031283e-01   9.94244788e-01   2.13867287e-01
 5400.3495942884   5.01969806e+00   1.66121289e-01   2.75109220e-03   9.88352850e-01   9.94430907e-01   2.11531392e-01
 5424.6909370113   5.08722080e+00   1.64278582e-01   2.79706668e-03   9.88666437e-01   9.94612813e-01   2.09197754e-01
 5449.1419950323   5.15618728e+00   1.62438203e-01   2.84429664e-03   9.88972110e-01   9.94790550e-01   2.06866501e-01
 5473.7032628782   5.22664053e+00   1.60600246e-01   2.89282728e-03   9.89269939e-01   9.94964165e-01   2.04537768e-01
 5498.3752373048   5.29862523e+00   1.58764804e-01   2.94270586e-03   9.89559993e-01   9.95133702e-01   2.02211686e-01
 5523.1584173071   5.37218777e+00   1.56931973e-01   2.99398172e-03   9.89842340e-01   9.95299210e-01   1.99888392e-01
 5548.0533041290   5.44737633e+00   1.55101851e-01   3.04670650e-03   9.90117053e-01   9.95460734e-01   1.97568023e-01
 5573.0604012739   5.52424097e+00   1.53274535e-01   3.10093417e-03   9.90384201e-01   9.95618322e-01   1.95250716e-01
 5598.1802145145   5.60283374e+00   1.51450126e-01   3.15672121e-03   9.90643856e-01   9.95772022e-01   1.92936614e-01
 5623.4132519035   5.68320873e+00   1.49628725e-01   3.21412672e-03   9.90896090e-01   9.95921882e-01   1.90625857e-01
 5648.7600237832   5.76542223e+00   1.47810435e-01   3.27321259e-03   9.91140975e-01   9.96067952e-01   1.88318589e-01
 5674.2210427964   5.84953278e+00   1.45995359e-01   3.33404366e-03   9.91378585e-01   9.96210280e-01   1.86014956e-01
 5699.7968238966   5.93560130e+00   1.44183605e-01   3.39668784e-03   9.91608991e-01   9.96348916e-01   1.83715106e-01
 5725.4878843584   6.02369122e+00   1.42375279e-01   3.46121635e-03   9.91832267e-01   9.96483911e-01   1.81419187e-01
 5751.2947437877   6.11386861e+00   1.40570491e-01   3.52770386e-03   9.92048486e-01   9.96615314e-01   1.79127351e-01
 5777.2179241327   6.20620228e+00   1.38769349e-01   3.59622873e-03   9.92257721e-01   9.96743177e-01   1.76839749e-01
 5803.2579496942   6.30076396e+00   1.36971967e-01   3.66687318e-03   9.92460046e-01   9.96867551e-01   1.74556536e-01
 5829.4153471361   6.39762842e+00   1.35178458e-01   3.73972357e-03   9.92655533e-01   9.96988487e-01   1.72277870e-01
 5855.6906454962   6.49687363e+00   1.33388936e-01   3.81487060e-03   9.92844256e-01   9.97106037e-01   1.70003907e-01
 5882.0843761969   6.59858097e+00   1.31603520e-01   3.89240962e-03   9.93026286e-01   9.97220252e-01   1.67734809e-01
 5908.5970730559   6.70283534e+00   1.29822326e-01   3.97244087e-03   9.93201697e-01   9.97331186e-01   1.65470736e-01
 5935.2292722970   6.80972541e+00   1.28045475e-01   4.05506979e-03   9.93370560e-01   9.97438891e-01   1.63211854e-01
 5961.9815125610   6.91934379e+00   1.26273089e-01   4.14040737e-03   9.93532947e-01   9.97543418e-01   1.60958327e-01
 5988.8543349164   7.03178724e+00   1.24505290e-01   4.22857046e-03   9.93688928e-01   9.97644822e-01   1.58710325e-01
 6015.8482828708   7.14715693e+00   1.22742204e-01   4.31968218e-03   9.93838573e-01   9.97743156e-01   1.56468016e-01
 6042.9639023813   7.26555865e+00   1.20983958e-01   4.41387228e-03   9.93981952e-01   9.97838471e-01   1.54231572e-01
 6070.2017418659   7.38710308e+00   1.19230680e-01   4.51127758e-03   9.94119132e-01   9.97930823e-01   1.52001168e-01
 6097.5623522146   7.51190609e+00   1.17482499e-01   4.61204244e-03   9.94250182e-01   9.98020264e-01   1.49776979e-01
 6125.0462868003   7.64008898e+00   1.15739549e-01   4.71631927e-03   9.94375166e-01   9.98106848e-01   1.47559184e-01
 6152.6541014904   7.77177885e+00   1.14001962e-01   4.82426902e-03   9.94494150e-01   9.98190628e-01   1.45347961e-01
 6180.3863546575   7.90710891e+00   1.12269875e-01   4.93606179e-03   9.94607198e-01   9.98271658e-01   1.43143495e-01
 6208.2436071912   8.04621884e+00   1.10543423e-01   5.05187743e-03   9.94714370e-01   9.98349991e-01   1.40945968e-01
 6236.2264225093   8.18925517e+00   1.08822748e-01   5.17190622e-03   9.94815728e-01   9.98425682e-01   1.38755567e-01
 6264.3353665688   8.33637170e+00   1.07107989e-01   5.29634960e-03   9.94911329e-01   9.98498784e-01   1.36572481e-01
 6292.5710078781   8.48772995e+00   1.05399290e-01   5.42542091e-03   9.95001229e-01   9.98569350e-01   1.34396901e-01
 6320.9339175077   8.64349960e+00   1.03696795e-01   5.55934628e-03   9.95085484e-01   9.98637434e-01   1.32229019e-01
 6349.4246691023   8.80385903e+00   1.02000651e-01   5.69836551e-03   9.95164145e-01   9.98703089e-01   1.30069032e-01
 6378.0438388922   8.96899584e+00   1.00311006e-01   5.84273308e-03   9.95237261e-01   9.98766369e-01   1.27917136e-01
 6406.7920057050   9.13910744e+00   9.86280110e-02   5.99271920e-03   9.95304879e-01   9.98827326e-01   1.25773532e-01
 6435.6697509773   9.31440168e+00   9.69518186e-02   6.14861099e-03   9.95367043e-01   9.98886014e-01   1.23638421e-01
 6464.6776587664   9.49509751e+00   9.52825830e-02   6.31071373e-03   9.95423794e-01   9.98942485e-01   1.21512009e-01
 6493.8163157621   9.68142575e+00   9.36204608e-02   6.47935224e-03   9.95475169e-01   9.98996791e-01   1.19394501e-01
 6523.0863112988   9.87362979e+00   9.19656103e-02   6.65487236e-03   9.95521201e-01   9.99048986e-01   1.17286108e-01
 6552.4882373671   1.00719665e+01   9.03181920e-02   6.83764259e-03   9.95561922e-01   9.99099121e-01   1.15187041e-01
 6582.0226886260   1.02767072e+01   8.86783686e-02   7.02805586e-03   9.95597356e-01   9.99147247e-01   1.13097513e-01
 6611.6902624148   1.04881385e+01   8.70463045e-02   7.22653146e-03   9.95627526e-01   9.99193417e-01   1.11017742e-01
 6641.4915587652   1.07065633e+01   8.54221666e-02   7.43351713e-03   9.95652448e-01   9.99237682e-01   1.08947947e-01
 6671.4271804135   1.09323023e+01   8.38061235e-02   7.64949140e-03   9.95672134e-01   9.99280091e-01   1.06888348e-01
 6701.4977328127   1.11656949e+01   8.21983464e-02   7.87496612e-03   9.95686591e-01   9.99320696e-01   1.04839171e-01
 6731.7038241450   1.14071006e+01   8.05990081e-02   8.11048918e-03   9.95695819e-01   9.99359547e-01   1.02800641e-01
 6762.0460653335   1.16569006e+01   7.90082841e-02   8.35664759e-03   9.95699814e-01   9.99396693e-01   1.00772988e-01
 6792.5250700555   1.19154994e+01   7.74263516e-02   8.61407082e-03   9.95698562e-01   9.99432183e-01   9.87564445e-02
 6823.1414547538   1.21833263e+01   7.58533905e-02   8.88343440e-03   9.95692046e-01   9.99466066e-01   9.67512438e-02
 6853.8958386501   1.24608375e+01   7.42895826e-02   9.16546405e-03   9.95680238e-01   9.99498391e-01   9.47576234e-02
 6884.7888437570   1.27485181e+01   7.27351119e-02   9.46094004e-03   9.95663103e-01   9.99529204e-01   9.27758232e-02
 6915.8210948909   1.30468842e+01   7.11901649e-02   9.77070214e-03   9.95640599e-01   9.99558553e-01   9.08060858e-02
 6946.9932196843   1.33564855e+01   6.96549303e-02   1.00956550e-02   9.95612672e-01   9.99586486e-01   8.88486564e-02
 6978.3058485987   1.36779082e+01   6.81295990e-02   1.04367743e-02   9.95579261e-01   9.99613047e-01   8.69037832e-02
 7009.7596149373   1.40117773e+01   6.66143644e-02   1.07951130e-02   9.95540290e-01   9.99638282e-01   8.49717169e-02
 7041.3551548581   1.43587602e+01   6.51094221e-02   1.11718092e-02   9.95495674e-01   9.99662237e-01   8.30527114e-02
 7073.0931073861   1.47195704e+01   6.36149702e-02   1.15680941e-02   9.95445317e-01   9.99684956e-01   8.11470232e-02
 7104.9741144268   1.50949709e+01   6.21312090e-02   1.19853009e-02   9.95389106e-01   9.99706481e-01   7.92549118e-02
 7136.9988207790   1.54857788e+01   6.06583415e-02   1.24248753e-02   9.95326916e-01   9.99726857e-01   7.73766396e-02
 7169.1678741479   1.58928698e+01   5.91965729e-02   1.28883866e-02   9.95258604e-01   9.99746125e-01   7.55124720e-02
 7201.4819251581   1.63171835e+01   5.77461108e-02   1.33775405e-02   9.95184012e-01   9.99764328e-01   7.36626773e-02
 7233.9416273667   1.67597290e+01   5.63071656e-02   1.38941928e-02   9.95102963e-01   9.99781505e-01   7.18275269e-02
 7266.5476372768   1.72215910e+01   5.48799499e-02   1.44403662e-02   9.95015258e-01   9.99797698e-01   7.00072951e-02
 7299.3006143504   1.77039373e+01   5.34646789e-02   1.50182671e-02   9.94920678e-01   9.99812945e-01   6.82022594e-02
 7332.2012210221   1.82080260e+01   5.20615704e-02   1.56303064e-02   9.94818981e-01   9.99827286e-01   6.64127005e-02
 7365.2501227123   1.87352147e+01   5.06708447e-02   1.62791218e-02   9.94709896e-01   9.99840758e-01   6.46389020e-02
 7398.4479878406   1.92869695e+01   4.92927246e-02   1.69676035e-02   9.94593127e-01   9.99853399e-01   6.28811508e-02
 7431.7954878395   1.98648759e+01   4.79274358e-02   1.76989229e-02   9.94468345e-01   9.99865244e-01   6.11397370e-02
 7465.2932971678   2.04706510e+01   4.65752063e-02   1.84765657e-02   9.94335187e-01   9.99876330e-01   5.94149540e-02
 7498.9420933245   2.11061565e+01   4.52362670e-02   1.93043691e-02   9.94193254e-01   9.99886691e-01   5.77070982e-02
 7532.7425568623   2.17734141e+01   4.39108513e-02   2.01865641e-02   9.94042107e-01   9.99896361e-01   5.60164696e-02
 7566.6953714011   2.24746218e+01   4.25991954e-02   2.11278242e-02   9.93881259e-01   9.99905373e-01   5.43433714e-02
 7600.8012236426   2.32121733e+01   4.13015381e-02   2.21333207e-02   9.93710176e-01   9.99913759e-01   5.26881102e-02
 7635.0608033833   2.39886794e+01   4.00181211e-02   2.32087861e-02   9.93528268e-01   9.99921551e-01   5.10509959e-02
 7669.4748035291   2.48069918e+01   3.87491889e-02   2.43605879e-02   9.93334885e-01   9.99928780e-01   4.94323420e-02
 7704.0439201091   2.56702309e+01   3.74949885e-02   2.55958122e-02   9.93129310e-01   9.99935474e-01   4.78324652e-02
 7738.7688522894   2.65818166e+01   3.62557700e-02   2.69223613e-02   9.92910751e-01   9.99941663e-01   4.62516860e-02
 7773.6503023877   2.75455041e+01   3.50317863e-02   2.83490667e-02   9.92678332e-01   9.99947375e-01   4.46903283e-02
 7808.6889758874   2.85654241e+01   3.38232930e-02   2.98858205e-02   9.92431084e-01   9.99952636e-01   4.31487194e-02
 7843.8855814515   2.96461289e+01   3.26305487e-02   3.15437280e-02   9.92167937e-01   9.99957474e-01   4.16271905e-02
 7879.2408309375   3.07926459e+01   3.14538150e-02   3.33352871e-02   9.91887699e-01   9.99961912e-01   4.01260762e-02
 7914.7554394112   3.20105385e+01   3.02933562e-02   3.52745979e-02   9.91589051e-01   9.99965975e-01   3.86457149e-02
 7950.4301251616   3.33059766e+01   2.91494398e-02   3.73776102e-02   9.91270525e-01   9.99969688e-01   3.71864486e-02
 7986.2656097153   3.46858185e+01   2.80223361e-02   3.96624156e-02   9.90930485e-01   9.99973072e-01   3.57486231e-02
 8022.2626178512   3.61577053e+01   2.69123185e-02   4.21495939e-02   9.90567106e-01   9.99976149e-01   3.43325879e-02
 8058.4218776148   3.77301717e+01   2.58196635e-02   4.48626254e-02   9.90178346e-01   9.99978940e-01   3.29386964e-02
 8094.7441203333   3.94127755e+01   2.47446504e-02   4.78283846e-02   9.89761919e-01   9.99981466e-01   3.15673058e-02
 8131.2300806304   4.12162487e+01   2.36875618e-02   5.10777314e-02   9.89315258e-01   9.99983744e-01   3.02187770e-02
 8167.8804964406   4.31526771e+01   2.26486833e-02   5.46462258e-02   9.88835471e-01   9.99985795e-01   2.88934751e-02
 8204.6961090250   4.52357111e+01   2.16283037e-02   5.85749926e-02   9.88319297e-01   9.99987634e-01   2.75917690e-02
 8241.6776629855   4.74808176e+01   2.06267149e-02   6.29117747e-02   9.87763044e-01   9.99989279e-01   2.63140314e-02
 8278.8259062805   4.99055801e+01   1.96442119e-02   6.77122227e-02   9.87162522e-01   9.99990745e-01   2.50606392e-02
 8316.1415902394   5.25300586e+01   1.86810929e-02   7.30414818e-02   9.86512963e-01   9.99992048e-01   2.38319733e-02
 8353.6254695782   5.53772237e+01   1.77376595e-02   7.89761566e-02   9.85808918e-01   9.99993201e-01   2.26284185e-02
 8391.2783024150   5.84734822e+01   1.68142164e-02   8.56067582e-02   9.85044144e-01   9.99994218e-01   2.14503640e-02
 8429.1008502846   6.18493188e+01   1.59110714e-02   9.30407734e-02   9.84211460e-01   9.99995112e-01   2.02982028e-02
 8467.0938781544   6.55400816e+01   1.50285358e-02   1.01406539e-01   9.83302570e-01   9.99995895e-01   1.91723321e-02
 8505.2581544400   6.95869525e+01   1.41669241e-02   1.10858170e-01   9.82307854e-01   9.99996577e-01   1.80731535e-02
 8543.5944510203   7.40381526e+01   1.33265541e-02   1.21581880e-01   9.81216103e-01   9.99997170e-01   1.70010725e-02
 8582.1035432534   7.89504505e+01   1.25077469e-02   1.33804150e-01   9.80014198e-01   9.99997684e-01   1.59564989e-02
 8620.7862099924   8.43910657e+01   1.17108270e-02   1.47802388e-01   9.78686701e-01   9.99998128e-01   1.49398469e-02
 8659.6432336006   9.04400896e+01   1.09361223e-02   1.63918981e-01   9.77215351e-01   9.99998510e-01   1.39515349e-02
 8698.6753999682   9.71935929e+01   1.01839638e-02   1.82579992e-01   9.75578414e-01   9.99998840e-01   1.29919853e-02
 8737.8834985272   1.04767655e+02   9.45468635e-03   2.04320353e-01   9.73749866e-01   9.99999126e-01   1.20616253e-02
 8777.2683222681   1.13303640e+02   8.74862778e-03   2.29818214e-01   9.71698329e-01   9.99999375e-01   1.11608859e-02
 8816.8306677557   1.22975197e+02   8.06612955e-03   2.59942413e-01   9.69385692e-01   9.99999596e-01   1.02902030e-02
 8856.5713351452   1.33997648e+02   7.40753648e-03   2.95819061e-01   9.66765300e-01   9.99999798e-01   9.45001631e-03
 8896.4911281983   1.46640770e+02   6.77319687e-03   3.38926463e-01   9.63779540e-01   9.99999989e-01   8.64077034e-03
 8936.5908542997   1.61246466e+02   6.16346246e-03   3.91232881e-01   9.60356600e-01   1.00000000e+00   7.86291388e-03
 8976.8713244731   1.78253600e+02   5.57868850e-03   4.55400507e-01   9.56406041e-01   1.00000000e+00   7.11690020e-03
 9017.3333533980   1.98233599e+02   5.01923373e-03   5.35094268e-01   9.51812676e-01   1.00000000e+00   6.40318697e-03
 9057.9777594256   2.21942554e+02   4.48546042e-03   6.35461222e-01   9.46427959e-01   1.00000000e+00   5.72223635e-03
 9098.8053645962   2.50399388e+02   3.97773442e-03   7.63896340e-01   9.40057660e-01   1.00000000e+00   5.07451507e-03
 9139.8169946549   2.85006404e+02   3.49642521e-03   9.31306364e-01   9.32443871e-01   1.00000000e+00   4.46049448e-03
 9181.0134790689   3.27741267e+02   3.04190590e-03   1.15427621e+00   9.23238170e-01   1.00000000e+00   3.88065057e-03
 9222.3956510442   3.81474503e+02   2.61455337e-03   1.45895112e+00   9.11960557e-01   1.00000000e+00   3.33546413e-03
 9263.9643475422   4.50518583e+02   2.21474827e-03   1.88837136e+00   8.97934898e-01   1.00000000e+00   2.82542077e-03
 9305.7204092970   5.41630355e+02   1.84287516e-03   2.51724793e+00   8.80184080e-01   1.00000000e+00   2.35101110e-03
 9347.6646808319   6.65967872e+02   1.49932259e-03   3.48419341e+00   8.57253393e-01   1.00000000e+00   1.91273079e-03
 9389.7980104769   8.43250014e+02   1.18448325e-03   5.06954467e+00   8.26899868e-01   1.00000000e+00   1.51108080e-03
 9432.1212503860   1.11165146e+03   8.98754042e-04   7.91038762e+00   7.85517284e-01   1.00000000e+00   1.14656748e-03
 9474.6352565538   1.55533235e+03   6.42536279e-04   1.37183739e+01   7.27004467e-01   1.00000000e+00   8.19702798e-04
 9517.3408888332   2.40148428e+03   4.16235814e-04   2.84816210e+01   6.40363021e-01   1.00000000e+00   5.31004509e-04
 9560.2390109531   3.16127766e+03   3.16227766e-04   4.57543621e+01   5.81701265e-01   1.00000000e+00   4.03421243e-04
 9603.3304905352   3.16127766e+03   3.16227766e-04   4.57543621e+01   5.81701265e-01   1.00000000e+00   4.03421243e-04
 9646.6161991120   3.16127766e+03   3.16227766e-04   4.57543621e+01   5.81701265e-01   1.00000000e+00   4.03421243e-04
 9690.0970121444   3.16127766e+03   3.16227766e-04   4.57543621e+01   5.81701265e-01   1.00000000e+00   4.03421243e-04
 9733.7738090392   3.16127766e+03   3.16227766e-04   4.57543621e+01   5.81701265e-01   1.00000000e+00   4.03421243e-04
 9777.6474731671   3.16127766e+03   3.16227766e-04   4.57543621e+01   5.81701265e-01   1.00000000e+00   4.03421243e-04
 9821.7188918804   3.16127766e+03   3.16227766e-04   4.57543621e+01   5.81701265e-01   1.00000000e+00   4.03421243e-04
 9865.9889565310   3.16127766e+03   3.16227766e-04   4.57543621e+01   5.81701265e-01   1.00000000e+00   4.03421243e-04
 9910.4585624886   3.16127766e+03   3.16227766e-04   4.57543621e+01   5.81701265e-01   1.00000000e+00   4.03421243e-04
 9955.1286091585   3.16127766e+03   3.16227766e-04   4.57543621e+01   5.81701265e-01   1.00000000e+00   4.03421243e-04
10000.0000000000   3.16127766e+03   3.16227766e-04   4.57543621e+01   5.81701265e-01   1.00000000e+00   4.03421243e-04
10045.0736425446   3.16127766e+03   3.16227766e-04   4.57543621e+01   5.81701265e-01   1.00000000e+00   4.03421243e-04
10090.3504484145   3.16127766e+03   3.16227766e-04   4.57543621e+01   5.81701265e-01   1.00000000e+00   4.03421243e-04
10135.8313333406   3.16127766e+03   3.16227766e-04   4.57543621e+01   5.81701265e-01   1.00000000e+00   4.03421243e-04
10181.5172171818   3.16127766e+03   3.16227766e-04   4.57543621e+01   5.81701265e-01   1.00000000e+00   4.03421243e-04
10227.4090239427   3.16127766e+03   3.16227766e-04   4.57543621e+01   5.81701265e-01   1.00000000e+00   4.03421243e-04
10273.5076817930   3.16127766e+03   3.16227766e-04   4.57543621e+01   5.81701265e-01   1.00000000e+00   4.03421243e-04
10319.8141230859   3.16127766e+03   3.16227766e-04   4.57543621e+01   5.81701265e-01   1.00000000e+00   4.03421243e-04
10366.3292843770   3.16127766e+03   3.16227766e-04   4.57543621e+01   5.81701265e-01   1.00000000e+00   4.03421243e-04
10413.0541064433   3.16127766e+03   3.16227766e-04   4.57543621e+01   5.81701265e-01   1.00000000e+00   4.03421243e-04
10459.9895343025   3.16127766e+03   3.16227766e-04   4.57543621e+01   5.81701265e-01   1.00000000e+00   4.03421243e-04
10507.1365172315   3.16127766e+03   3.16227766e-04   4.57543621e+01   5.81701265e-01   1.00000000e+00   4.03421243e-04
10554.4960087860   3.16127766e+03   3.16227766e-04   4.57543621e+01   5.81701265e-01   1.00000000e+00   4.03421243e-04
10602.0689668199   3.16127766e+03   3.16227766e-04   4.57543621e+01   5.81701265e-01   1.00000000e+00   4.03421243e-04
10649.8563535043   3.16127766e+03   3.16227766e-04   4.57543621e+01   5.81701265e-01   1.00000000e+00   4.03421243e-04
10697.8591353472   3.16127766e+03   3.16227766e-04   4.57543621e+01   5.81701265e-01   1.00000000e+00   4.03421243e-04
10746.0782832131   3.16127766e+03   3.16227766e-04   4.57543621e+01   5.81701265e-01   1.00000000e+00   4.03421243e-04
10794.5147723426   3.16127766e+03   3.16227766e-04   4.57543621e+01   5.81701265e-01   1.00000000e+00   4.03421243e-04
10843.1695823717   3.16127766e+03   3.16227766e-04   4.57543621e+01   5.81701265e-01   1.00000000e+00   4.03421243e-04
10892.0436973523   3.16127766e+03   3.16227766e-04   4.57543621e+01   5.81701265e-01   1.00000000e+00   4.03421243e-04
10941.1381057719   3.16127766e+03   3.16227766e-04   4.57543621e+01   5.81701265e-01   1.00000000e+00   4.03421243e-04
10990.4538005729   3.16127766e+03   3.16227766e-04   4.57543621e+01   5.81701265e-01   1.00000000e+00   4.03421243e-04
11039.9917791739   3.16127766e+03   3.16227766e-04   4.57543621e+01   5.81701265e-01   1.00000000e+00   4.03421243e-04
11089.7530434890   3.16127766e+03   3.16227766e-04   4.57543621e+01   5.81701265e-01   1.00000000e+00   4.03421243e-04
11139.7385999480   3.16127766e+03   3.16227766e-04   4.57543621e+01   5.81701265e-01   1.00000000e+00   4.03421243e-04
11189.9494595175   3.16127766e+03   3.16227766e-04   4.57543621e+01   5.81701265e-01   1.00000000e+00   4.03421243e-04
11240.3866377206   3.16127766e+03   3.16227766e-04   4.57543621e+01   5.81701265e-01   1.00000000e+00   4.03421243e-04
11291.0511546577   3.16127766e+03   3.16227766e-04   4.57543621e+01   5.81701265e-01   1.00000000e+00   4.03421243e-04
11341.9440350275   3.16127766e+03   3.16227766e-04   4.57543621e+01   5.81701265e-01   1.00000000e+00   4.03421243e-04
11393.0663081472   3.16127766e+03   3.16227766e-04   4.57543621e+01   5.81701265e-01   1.00000000e+00   4.03421243e-04
11444.4190079732   3.16127766e+03   3.16227766e-04   4.57543621e+01   5.81701265e-01   1.00000000e+00   4.03421243e-04
11496.0031731228   3.16127766e+03   3.16227766e-04   4.57543621e+01   5.81701265e-01   1.00000000e+00   4.03421243e-04
11547.8198468946   3.16127766e+03   3.16227766e-04   4.57543621e+01   5.81701265e-01   1.00000000e+00   4.03421243e-04
11599.8700772894   3.16127766e+03   3.16227766e-04   4.57543621e+01   5.81701265e-01   1.00000000e+00   4.03421243e-04
11652.1549170322   3.16127766e+03   3.16227766e-04   4.57543621e+01   5.81701265e-01   1.00000000e+00   4.03421243e-04
11704.6754235927   3.16127766e+03   3.16227766e-04   4.57543621e+01   5.81701265e-01   1.00000000e+00   4.03421243e-04
11757.4326592071   3.16127766e+03   3.16227766e-04   4.57543621e+01   5.81701265e-01   1.00000000e+00   4.03421243e-04
11810.4276908994   3.16127766e+03   3.16227766e-04   4.57543621e+01   5.81701265e-01   1.00000000e+00   4.03421243e-04
11863.6615905033   3.16127766e+03   3.16227766e-04   4.57543621e+01   5.81701265e-01   1.00000000e+00   4.03421243e-04
11917.1354346834   3.16127766e+03   3.16227766e-04   4.57543621e+01   5.81701265e-01   1.00000000e+00   4.03421243e-04
11970.8503049573   3.16127766e+03   3.16227766e-04   4.57543621e+01   5.81701265e-01   1.00000000e+00   4.03421243e-04
12024.8072877174   3.16127766e+03   3.16227766e-04   4.57543621e+01   5.81701265e-01   1.00000000e+00   4.03421243e-04
12079.0074742528   3.16127766e+03   3.16227766e-04   4.57543621e+01   5.81701265e-01   1.00000000e+00   4.03421243e-04
12133.4519607717   3.16127766e+03   3.16227766e-04   4.57543621e+01   5.81701265e-01   1.00000000e+00   4.03421243e-04
12188.1418484229   3.16127766e+03   3.16227766e-04   4.57543621e+01   5.81701265e-01   1.00000000e+00   4.03421243e-04
12243.0782433188   3.16127766e+03   3.16227766e-04   4.57543621e+01   5.81701265e-01   1.00000000e+00   4.03421243e-04
12298.2622565573   3.16127766e+03   3.16227766e-04   4.57543621e+01   5.81701265e-01   1.00000000e+00   4.03421243e-04
12353.6950042445   3.16127766e+03   3.16227766e-04   4.57543621e+01   5.81701265e-01   1.00000000e+00   4.03421243e-04
12409.3776075172   3.16127766e+03   3.16227766e-04   4.57543621e+01   5.81701265e-01   1.00000000e+00   4.03421243e-04
12465.3111925654   3.16127766e+03   3.16227766e-04   4.57543621e+01   5.81701265e-01   1.00000000e+00   4.03421243e-04
12521.4968906555   3.16127766e+03   3.16227766e-04   4.57543621e+01   5.81701265e-01   1.00000000e+00   4.03421243e-04
12577.9358381529   3.16127766e+03   3.16227766e-04   4.57543621e+01   5.81701265e-01   1.00000000e+00   4.03421243e-04
12634.6291765447   3.16127766e+03   3.16227766e-04   4.57543621e+01   5.81701265e-01   1.00000000e+00   4.03421243e-04
12691.5780524634   3.16127766e+03   3.16227766e-04   4.57543621e+01   5.81701265e-01   1.00000000e+00   4.03421243e-04
12748.7836177098   3.16127766e+03   3.16227766e-04   4.57543621e+01   5.81701265e-01   1.00000000e+00   4.03421243e-04
12806.2470292762   3.16127766e+03   3.16227766e-04   4.57543621e+01   5.81701265e-01   1.00000000e+00   4.03421243e-04
12863.9694493697   3.16127766e+03   3.16227766e-04   4.57543621e+01   5.81701265e-01   1.00000000e+00   4.03421243e-04
12921.9520454363   3.16127766e+03   3.16227766e-04   4.57543621e+01   5.81701265e-01   1.00000000e+00   4.03421243e-04
12980.1959901838   3.16127766e+03   3.16227766e-04   4.57543621e+01   5.81701265e-01   1.00000000e+00   4.03421243e-04
13038.7024616059   3.16127766e+03   3.16227766e-04   4.57543621e+01   5.81701265e-01   1.00000000e+00   4.03421243e-04
13097.4726430059   3.16127766e+03   3.16227766e-04   4.57543621e+01   5.81701265e-01   1.00000000e+00   4.03421243e-04
13156.5077230208   3.16127766e+03   3.16227766e-04   4.57543621e+01   5.81701265e-01   1.00000000e+00   4.03421243e-04
13215.8088956451   3.16127766e+03   3.16227766e-04   4.57543621e+01   5.81701265e-01   1.00000000e+00   4.03421243e-04
13275.3773602551   3.16127766e+03   3.16227766e-04   4.57543621e+01   5.81701265e-01   1.00000000e+00   4.03421243e-04
13335.2143216332   3.16127766e+03   3.16227766e-04   4.57543621e+01   5.81701265e-01   1.00000000e+00   4.03421243e-04
13395.3209899921   3.16127766e+03   3.16227766e-04   4.57543621e+01   5.81701265e-01   1.00000000e+00   4.03421243e-04
13455.6985809995   3.16127766e+03   3.16227766e-04   4.57543621e+01   5.81701265e-01   1.00000000e+00   4.03421243e-04
13516.3483158023   3.16127766e+03   3.16227766e-04   4.57543621e+01   5.81701265e-01   1.00000000e+00   4.03421243e-04
13577.2714210518   3.16127766e+03   3.16227766e-04   4.57543621e+01   5.81701265e-01   1.00000000e+00   4.03421243e-04
13638.4691289282   3.16127766e+03   3.16227766e-04   4.57543621e+01   5.81701265e-01   1.00000000e+00   4.03421243e-04
13699.9426771655   3.16127766e+03   3.16227766e-04   4.57543621e+01   5.81701265e-01   1.00000000e+00   4.03421243e-04
13761.6933090768   3.16127766e+03   3.16227766e-04   4.57543621e+01   5.81701265e-01   1.00000000e+00   4.03421243e-04
13823.7222735790   3.16127766e+03   3.16227766e-04   4.57543621e+01   5.81701265e-01   1.00000000e+00   4.03421243e-04
13886.0308252185   3.16127766e+03   3.16227766e-04   4.57543621e+01   5.81701265e-01   1.00000000e+00   4.03421243e-04
13948.6202241965   3.16127766e+03   3.16227766e-04   4.57543621e+01   5.81701265e-01   1.00000000e+00   4.03421243e-04
14011.4917363941   3.16127766e+03   3.16227766e-04   4.57543621e+01   5.81701265e-01   1.00000000e+00   4.03421243e-04
14074.6466333984   3.16127766e+03   3.16227766e-04   4.57543621e+01   5.81701265e-01   1.00000000e+00   4.03421243e-04
14138.0861925280   3.16127766e+03   3.16227766e-04   4.57543621e+01   5.81701265e-01   1.00000000e+00   4.03421243e-04
14201.8116968587   3.16127766e+03   3.16227766e-04   4.57543621e+01   5.81701265e-01   1.00000000e+00   4.03421243e-04
14265.8244352497   3.16127766e+03   3.16227766e-04   4.57543621e+01   5.81701265e-01   1.00000000e+00   4.03421243e-04
14330.1257023696   3.16127766e+03   3.16227766e-04   4.57543621e+01   5.81701265e-01   1.00000000e+00   4.03421243e-04
14394.7167987224   3.16127766e+03   3.16227766e-04   4.57543621e+01   5.81701265e-01   1.00000000e+00   4.03421243e-04
14459.5990306741   3.16127766e+03   3.16227766e-04   4.57543621e+01   5.81701265e-01   1.00000000e+00   4.03421243e-04
14524.7737104788   3.16127766e+03   3.16227766e-04   4.57543621e+01   5.81701265e-01   1.00000000e+00   4.03421243e-04
14590.2421563056   3.16127766e+03   3.16227766e-04   4.57543621e+01   5.81701265e-01   1.00000000e+00   4.03421243e-04
14656.0056922648   3.16127766e+03   3.16227766e-04   4.57543621e+01   5.81701265e-01   1.00000000e+00   4.03421243e-04
14722.0656484354   3.16127766e+03   3.16227766e-04   4.57543621e+01   5.81701265e-01   1.00000000e+00   4.03421243e-04
14788.4233608910   3.16127766e+03   3.16227766e-04   4.57543621e+01   5.81701265e-01   1.00000000e+00   4.03421243e-04
14855.0801717277   3.16127766e+03   3.16227766e-04   4.57543621e+01   5.81701265e-01   1.00000000e+00   4.03421243e-04
14922.0374290910   3.16127766e+03   3.16227766e-04   4.57543621e+01   5.81701265e-01   1.00000000e+00   4.03421243e-04
14989.2964872026   3.16127766e+03   3.16227766e-04   4.57543621e+01   5.81701265e-01   1.00000000e+00   4.03421243e-04
15056.8587063885   3.16127766e+03   3.16227766e-04   4.57543621e+01   5.81701265e-01   1.00000000e+00   4.03421243e-04
15124.7254531062   3.16127766e+03   3.16227766e-04   4.57543621e+01   5.81701265e-01   1.00000000e+00   4.03421243e-04
15192.8980999721   3.16127766e+03   3.16227766e-04   4.57543621e+01   5.81701265e-01   1.00000000e+00   4.03421243e-04
15261.3780257896   3.16127766e+03   3.16227766e-04   4.57543621e+01   5.81701265e-01   1.00000000e+00   4.03421243e-04
15330.1666155769   3.16127766e+03   3.16227766e-04   4.57543621e+01   5.81701265e-01   1.00000000e+00   4.03421243e-04
15399.2652605949   3.16127766e+03   3.16227766e-04   4.57543621e+01   5.81701265e-01   1.00000000e+00   4.03421243e-04
15468.6753583755   3.16127766e+03   3.16227766e-04   4.57543621e+01   5.81701265e-01   1.00000000e+00   4.03421243e-04
15538.3983127497   3.16127766e+03   3.16227766e-04   4.57543621e+01   5.81701265e-01   1.00000000e+00   4.03421243e-04
15608.4355338762   3.16127766e+03   3.16227766e-04   4.57543621e+01   5.81701265e-01   1.00000000e+00   4.03421243e-04
15678.7884382697   3.16127766e+03   3.16227766e-04   4.57543621e+01   5.81701265e-01   1.00000000e+00   4.03421243e-04
15749.4584488296   3.16127766e+03   3.16227766e-04   4.57543621e+01   5.81701265e-01   1.00000000e+00   4.03421243e-04
15820.4469948690   3.16127766e+03   3.16227766e-04   4.57543621e+01   5.81701265e-01   1.00000000e+00   4.03421243e-04
15891.7555121433   3.16127766e+03   3.16227766e-04   4.57543621e+01   5.81701265e-01   1.00000000e+00   4.03421243e-04
15963.3854428794   3.16127766e+03   3.16227766e-04   4.57543621e+01   5.81701265e-01   1.00000000e+00   4.03421243e-04
16035.3382358049   3.16127766e+03   3.16227766e-04   4.57543621e+01   5.81701265e-01   1.00000000e+00   4.03421243e-04
16107.6153461771   3.16127766e+03   3.16227766e-04   4.57543621e+01   5.81701265e-01   1.00000000e+00   4.03421243e-04
16180.2182358131   3.16127766e+03   3.16227766e-04   4.57543621e+01   5.81701265e-01   1.00000000e+00   4.03421243e-04
16253.1483731186   3.16127766e+03   3.16227766e-04   4.57543621e+01   5.81701265e-01   1.00000000e+00   4.03421243e-04
16326.4072331181   3.16127766e+03   3.16227766e-04   4.57543621e+01   5.81701265e-01   1.00000000e+00   4.03421243e-04
16399.9962974844   3.16127766e+03   3.16227766e-04   4.57543621e+01   5.81701265e-01   1.00000000e+00   4.03421243e-04
16473.9170545691   3.16127766e+03   3.16227766e-04   4.57543621e+01   5.81701265e-01   1.00000000e+00   4.03421243e-04
16548.1709994318   3.16127766e+03   3.16227766e-04   4.57543621e+01   5.81701265e-01   1.00000000e+00   4.03421243e-04
16622.7596338713   3.16127766e+03   3.16227766e-04   4.57543621e+01   5.81701265e-01   1.00000000e+00   4.03421243e-04
16697.6844664556   3.16127766e+03   3.16227766e-04   4.57543621e+01   5.81701265e-01   1.00000000e+00   4.03421243e-04
16772.9470125520   3.16127766e+03   3.16227766e-04   4.57543621e+01   5.81701265e-01   1.00000000e+00   4.03421243e-04
16848.5487943583   3.16127766e+03   3.16227766e-04   4.57543621e+01   5.81701265e-01   1.00000000e+00   4.03421243e-04
16924.4913409336   3.16127766e+03   3.16227766e-04   4.57543621e+01   5.81701265e-01   1.00000000e+00   4.03421243e-04
17000.7761882287   3.16127766e+03   3.16227766e-04   4.57543621e+01   5.81701265e-01   1.00000000e+00   4.03421243e-04
17077.4048791176   3.16127766e+03   3.16227766e-04   4.57543621e+01   5.81701265e-01   1.00000000e+00   4.03421243e-04
17154.3789634287   3.16127766e+03   3.16227766e-04   4.57543621e+01   5.81701265e-01   1.00000000e+00   4.03421243e-04
17231.6999979760   3.16127766e+03   3.16227766e-04   4.57543621e+01   5.81701265e-01   1.00000000e+00   4.03421243e-04
17309.3695465905   3.16127766e+03   3.16227766e-04   4.57543621e+01   5.81701265e-01   1.00000000e+00   4.03421243e-04
17387.3891801521   3.16127766e+03   3.16227766e-04   4.57543621e+01   5.81701265e-01   1.00000000e+00   4.03421243e-04
17465.7604766212   3.16127766e+03   3.16227766e-04   4.57543621e+01   5.81701265e-01   1.00000000e+00   4.03421243e-04
17544.4850210705   3.16127766e+03   3.16227766e-04   4.57543621e+01   5.81701265e-01   1.00000000e+00   4.03421243e-04
17623.5644057174   3.16127766e+03   3.16227766e-04   4.57543621e+01   5.81701265e-01   1.00000000e+00   4.03421243e-04
17703.0002299560   3.16127766e+03   3.16227766e-04   4.57543621e+01   5.81701265e-01   1.00000000e+00   4.03421243e-04
17782.7941003892   3.16127766e+03   3.16227766e-04   4.57543621e+01   5.81701265e-01   1.00000000e+00   4.03421243e-04
17862.9476308617   3.16127766e+03   3.16227766e-04   4.57543621e+01   5.81701265e-01   1.00000000e+00   4.03421243e-04
17943.4624424925   3.16127766e+03   3.16227766e-04   4.57543621e+01   5.81701265e-01   1.00000000e+00   4.03421243e-04
18024.3401637070   3.16127766e+03   3.16227766e-04   4.57543621e+01   5.81701265e-01   1.00000000e+00   4.03421243e-04
18105.5824302712   3.16127766e+03   3.16227766e-04   4.57543621e+01   5.81701265e-01   1.00000000e+00   4.03421243e-04
18187.1908853236   3.16127766e+03   3.16227766e-04   4.57543621e+01   5.81701265e-01   1.00000000e+00   4.03421243e-04
18269.1671794092   3.16127766e+03   3.16227766e-04   4.57543621e+01   5.81701265e-01   1.00000000e+00   4.03421243e-04
18351.5129705125   3.16127766e+03   3.16227766e-04   4.57543621e+01   5.81701265e-01   1.00000000e+00   4.03421243e-04
18434.2299240911   3.16127766e+03   3.16227766e-04   4.57543621e+01   5.81701265e-01   1.00000000e+00   4.03421243e-04
18517.3197131095   3.16127766e+03   3.16227766e-04   4.57543621e+01   5.81701265e-01   1.00000000e+00   4.03421243e-04
18600.7840180728   3.16127766e+03   3.16227766e-04   4.57543621e+01   5.81701265e-01   1.00000000e+00   4.03421243e-04
18684.6245270609   3.16127766e+03   3.16227766e-04   4.57543621e+01   5.81701265e-01   1.00000000e+00   4.03421243e-04
18768.8429357622   3.16127766e+03   3.16227766e-04   4.57543621e+01   5.81701265e-01   1.00000000e+00   4.03421243e-04
18853.4409475084   3.16127766e+03   3.16227766e-04   4.57543621e+01   5.81701265e-01   1.00000000e+00   4.03421243e-04
18938.4202733088   3.16127766e+03   3.16227766e-04   4.57543621e+01   5.81701265e-01   1.00000000e+00   4.03421243e-04
19023.7826318848   3.16127766e+03   3.16227766e-04   4.57543621e+01   5.81701265e-01   1.00000000e+00   4.03421243e-04
19109.5297497044   3.16127766e+03   3.16227766e-04   4.57543621e+01   5.81701265e-01   1.00000000e+00   4.03421243e-04
19195.6633610177   3.16127766e+03   3.16227766e-04   4.57543621e+01   5.81701265e-01   1.00000000e+00   4.03421243e-04
19282.1852078919   3.16127766e+03   3.16227766e-04   4.57543621e+01   5.81701265e-01   1.00000000e+00   4.03421243e-04
19369.0970402459   3.16127766e+03   3.16227766e-04   4.57543621e+01   5.81701265e-01   1.00000000e+00   4.03421243e-04
19456.4006158863   3.16127766e+03   3.16227766e-04   4.57543621e+01   5.81701265e-01   1.00000000e+00   4.03421243e-04
19544.0977005429   3.16127766e+03   3.16227766e-04   4.57543621e+01   5.81701265e-01   1.00000000e+00   4.03421243e-04
19632.1900679040   3.16127766e+03   3.16227766e-04   4.57543621e+01   5.81701265e-01   1.00000000e+00   4.03421243e-04
19720.6794996529   3.16127766e+03   3.16227766e-04   4.57543621e+01   5.81701265e-01   1.00000000e+00   4.03421243e-04
19809.5677855034   3.16127766e+03   3.16227766e-04   4.57543621e+01   5.81701265e-01   1.00000000e+00   4.03421243e-04
19898.8567232361   3.16127766e+03   3.16227766e-04   4.57543621e+01   5.81701265e-01   1.00000000e+00   4.03421243e-04
19988.5481187350   3.16127766e+03   3.16227766e-04   4.57543621e+01   5.81701265e-01   1.00000000e+00   4.03421243e-04
20078.6437860241   3.16127766e+03   3.16227766e-04   4.57543621e+01   5.81701265e-01   1.00000000e+00   4.03421243e-04
20169.1455473033   3.16127766e+03   3.16227766e-04   4.57543621e+01   5.81701265e-01   1.00000000e+00   4.03421243e-04
20260.0552329862   3.16127766e+03   3.16227766e-04   4.57543621e+01   5.81701265e-01   1.00000000e+00   4.03421243e-04
20351.3746817369   3.16127766e+03   3.16227766e-04   4.57543621e+01   5.81701265e-01   1.00000000e+00   4.03421243e-04
20443.1057405065   3.16127766e+03   3.16227766e-04   4.57543621e+01   5.81701265e-01   1.00000000e+00   4.03421243e-04
20535.2502645714   3.16127766e+03   3.16227766e-04   4.57543621e+01   5.81701265e-01   1.00000000e+00   4.03421243e-04
20627.8101175704   3.16127766e+03   3.16227766e-04   4.57543621e+01   5.81701265e-01   1.00000000e+00   4.03421243e-04
20720.7871715422   3.16127766e+03   3.16227766e-04   4.57543621e+01   5.81701265e-01   1.00000000e+00   4.03421243e-04
20814.1833069635   3.16127766e+03   3.16227766e-04   4.57543621e+01   5.81701265e-01   1.00000000e+00   4.03421243e-04
20908.0004127871   3.16127766e+03   3.16227766e-04   4.57543621e+01   5.81701265e-01   1.00000000e+00   4.03421243e-04
21002.2403864800   3.16127766e+03   3.16227766e-04   4.57543621e+01   5.81701265e-01   1.00000000e+00   4.03421243e-04
21096.9051340617   3.16127766e+03   3.16227766e-04   4.57543621e+01   5.81701265e-01   1.00000000e+00   4.03421243e-04
21191.9965701427   3.16127766e+03   3.16227766e-04   4.57543621e+01   5.81701265e-01   1.00000000e+00   4.03421243e-04
21287.5166179637   3.16127766e+03   3.16227766e-04   4.57543621e+01   5.81701265e-01   1.00000000e+00   4.03421243e-04
21383.4672094338   3.16127766e+03   3.16227766e-04   4.57543621e+01   5.81701265e-01   1.00000000e+00   4.03421243e-04
21479.8502851700   3.16127766e+03   3.16227766e-04   4.57543621e+01   5.81701265e-01   1.00000000e+00   4.03421243e-04
21576.6677945367   3.16127766e+03   3.16227766e-04   4.57543621e+01   5.81701265e-01   1.00000000e+00   4.03421243e-04
21673.9216956841   3.16127766e+03   3.16227766e-04   4.57543621e+01   5.81701265e-01   1.00000000e+00   4.03421243e-04
21771.6139555893   3.16127766e+03   3.16227766e-04   4.57543621e+01   5.81701265e-01   1.00000000e+00   4.03421243e-04
21869.7465500947   3.16127766e+03   3.16227766e-04   4.57543621e+01   5.81701265e-01   1.00000000e+00   4.03421243e-04
21968.3214639487   3.16127766e+03   3.16227766e-04   4.57543621e+01   5.81701265e-01   1.00000000e+00   4.03421243e-04
22067.3406908458   3.16127766e+03   3.16227766e-04   4.57543621e+01   5.81701265e-01   1.00000000e+00   4.03421243e-04
22166.8062334669   3.16127766e+03   3.16227766e-04   4.57543621e+01   5.81701265e-01   1.00000000e+00   4.03421243e-04
22266.7201035192   3.16127766e+03   3.16227766e-04   4.57543621e+01   5.81701265e-01   1.00000000e+00   4.03421243e-04
22367.0843217779   3.16127766e+03   3.16227766e-04   4.57543621e+01   5.81701265e-01   1.00000000e+00   4.03421243e-04
22467.9009181264   3.16127766e+03   3.16227766e-04   4.57543621e+01   5.81701265e-01   1.00000000e+00   4.03421243e-04
22569.1719315976   3.16127766e+03   3.16227766e-04   4.57543621e+01   5.81701265e-01   1.00000000e+00   4.03421243e-04
22670.8994104149   3.16127766e+03   3.16227766e-04   4.57543621e+01   5.81701265e-01   1.00000000e+00   4.03421243e-04
22773.0854120339   3.16127766e+03   3.16227766e-04   4.57543621e+01   5.81701265e-01   1.00000000e+00   4.03421243e-04
22875.7320031839   3.16127766e+03   3.16227766e-04   4.57543621e+01   5.81701265e-01   1.00000000e+00   4.03421243e-04
22978.8412599097   3.16127766e+03   3.16227766e-04   4.57543621e+01   5.81701265e-01   1.00000000e+00   4.03421243e-04
23082.4152676136   3.16127766e+03   3.16227766e-04   4.57543621e+01   5.81701265e-01   1.00000000e+00   4.03421243e-04
23186.4561210975   3.16127766e+03   3.16227766e-04   4.57543621e+01   5.81701265e-01   1.00000000e+00   4.03421243e-04
23290.9659246054   3.16127766e+03   3.16227766e-04   4.57543621e+01   5.81701265e-01   1.00000000e+00   4.03421243e-04
23395.9467918659   3.16127766e+03   3.16227766e-04   4.57543621e+01   5.81701265e-01   1.00000000e+00   4.03421243e-04
23501.4008461349   3.16127766e+03   3.16227766e-04   4.57543621e+01   5.81701265e-01   1.00000000e+00   4.03421243e-04
23607.3302202385   3.16127766e+03   3.16227766e-04   4.57543621e+01   5.81701265e-01   1.00000000e+00   4.03421243e-04
23713.7370566165   3.16127766e+03   3.16227766e-04   4.57543621e+01   5.81701265e-01   1.00000000e+00   4.03421243e-04
23820.6235073653   3.16127766e+03   3.16227766e-04   4.57543621e+01   5.81701265e-01   1.00000000e+00   4.03421243e-04
23927.9917342813   3.16127766e+03   3.16227766e-04   4.57543621e+01   5.81701265e-01   1.00000000e+00   4.03421243e-04
24035.8439089055   3.16127766e+03   3.16227766e-04   4.57543621e+01   5.81701265e-01   1.00000000e+00   4.03421243e-04
24144.1822125664   3.16127766e+03   3.16227766e-04   4.57543621e+01   5.81701265e-01   1.00000000e+00   4.03421243e-04
24253.0088364245   3.16127766e+03   3.16227766e-04   4.57543621e+01   5.81701265e-01   1.00000000e+00   4.03421243e-04
24362.3259815169   3.16127766e+03   3.16227766e-04   4.57543621e+01   5.81701265e-01   1.00000000e+00   4.03421243e-04
24472.1358588017   3.16127766e+03   3.16227766e-04   4.57543621e+01   5.81701265e-01   1.00000000e+00   4.03421243e-04
24582.4406892019   3.16127766e+03   3.16227766e-04   4.57543621e+01   5.81701265e-01   1.00000000e+00   4.03421243e-04
24693.2427036519   3.16127766e+03   3.16227766e-04   4.57543621e+01   5.81701265e-01   1.00000000e+00   4.03421243e-04
24804.5441431411   3.16127766e+03   3.16227766e-04   4.57543621e+01   5.81701265e-01   1.00000000e+00   4.03421243e-04
24916.3472587601   3.16127766e+03   3.16227766e-04   4.57543621e+01   5.81701265e-01   1.00000000e+00   4.03421243e-04
25028.6543117460   3.16127766e+03   3.16227766e-04   4.57543621e+01   5.81701265e-01   1.00000000e+00   4.03421243e-04
25141.4675735281   3.16127766e+03   3.16227766e-04   4.57543621e+01   5.81701265e-01   1.00000000e+00   4.03421243e-04
25254.7893257738   3.16127766e+03   3.16227766e-04   4.57543621e+01   5.81701265e-01   1.00000000e+00   4.03421243e-04
25368.6218604347   3.16127766e+03   3.16227766e-04   4.57543621e+01   5.81701265e-01   1.00000000e+00   4.03421243e-04
25482.9674797934   3.16127766e+03   3.16227766e-04   4.57543621e+01   5.81701265e-01   1.00000000e+00   4.03421243e-04
25597.8284965095   3.16127766e+03   3.16227766e-04   4.57543621e+01   5.81701265e-01   1.00000000e+00   4.03421243e-04
25713.2072336665   3.16127766e+03   3.16227766e-04   4.57543621e+01   5.81701265e-01   1.00000000e+00   4.03421243e-04
25829.1060248191   3.16127766e+03   3.16227766e-04   4.57543621e+01   5.81701265e-01   1.00000000e+00   4.03421243e-04
25945.5272140401   3.16127766e+03   3.16227766e-04   4.57543621e+01   5.81701265e-01   1.00000000e+00   4.03421243e-04
26062.4731559679   3.16127766e+03   3.16227766e-04   4.57543621e+01   5.81701265e-01   1.00000000e+00   4.03421243e-04
26179.9462158539   3.16127766e+03   3.16227766e-04   4.57543621e+01   5.81701265e-01   1.00000000e+00   4.03421243e-04
26297.9487696111   3.16127766e+03   3.16227766e-04   4.57543621e+01   5.81701265e-01   1.00000000e+00   4.03421243e-04
26416.4832038609   3.16127766e+03   3.16227766e-04   4.57543621e+01   5.81701265e-01   1.00000000e+00   4.03421243e-04
26535.5519159825   3.16127766e+03   3.16227766e-04   4.57543621e+01   5.81701265e-01   1.00000000e+00   4.03421243e-04
26655.1573141611   3.16127766e+03   3.16227766e-04   4.57543621e+01   5.81701265e-01   1.00000000e+00   4.03421243e-04
26775.3018174360   3.16127766e+03   3.16227766e-04   4.57543621e+01   5.81701265e-01   1.00000000e+00   4.03421243e-04
26895.9878557504   3.16127766e+03   3.16227766e-04   4.57543621e+01   5.81701265e-01   1.00000000e+00   4.03421243e-04
27017.2178699999   3.16127766e+03   3.16227766e-04   4.57543621e+01   5.81701265e-01   1.00000000e+00   4.03421243e-04
27138.9943120821   3.16127766e+03   3.16227766e-04   4.57543621e+01   5.81701265e-01   1.00000000e+00   4.03421243e-04
27261.3196449464   3.16127766e+03   3.16227766e-04   4.57543621e+01   5.81701265e-01   1.00000000e+00   4.03421243e-04
27384.1963426436   3.16127766e+03   3.16227766e-04   4.57543621e+01   5.81701265e-01   1.00000000e+00   4.03421243e-04
27507.6268903756   3.16127766e+03   3.16227766e-04   4.57543621e+01   5.81701265e-01   1.00000000e+00   4.03421243e-04
27631.6137845463   3.16127766e+03   3.16227766e-04   4.57543621e+01   5.81701265e-01   1.00000000e+00   4.03421243e-04
27756.1595328119   3.16127766e+03   3.16227766e-04   4.57543621e+01   5.81701265e-01   1.00000000e+00   4.03421243e-04
27881.2666541313   3.16127766e+03   3.16227766e-04   4.57543621e+01   5.81701265e-01   1.00000000e+00   4.03421243e-04
28006.9376788172   3.16127766e+03   3.16227766e-04   4.57543621e+01   5.81701265e-01   1.00000000e+00   4.03421243e-04
28133.1751485877   3.16127766e+03   3.16227766e-04   4.57543621e+01   5.81701265e-01   1.00000000e+00   4.03421243e-04
28259.9816166170   3.16127766e+03   3.16227766e-04   4.57543621e+01   5.81701265e-01   1.00000000e+00   4.03421243e-04
28387.3596475875   3.16127766e+03   3.16227766e-04   4.57543621e+01   5.81701265e-01   1.00000000e+00   4.03421243e-04
28515.3118177416   3.16127766e+03   3.16227766e-04   4.57543621e+01   5.81701265e-01   1.00000000e+00   4.03421243e-04
28643.8407149338   3.16127766e+03   3.16227766e-04   4.57543621e+01   5.81701265e-01   1.00000000e+00   4.03421243e-04
28772.9489386828   3.16127766e+03   3.16227766e-04   4.57543621e+01   5.81701265e-01   1.00000000e+00   4.03421243e-04
28902.6391002244   3.16127766e+03   3.16227766e-04   4.57543621e+01   5.81701265e-01   1.00000000e+00   4.03421243e-04
29032.9138225645   3.16127766e+03   3.16227766e-04   4.57543621e+01   5.81701265e-01   1.00000000e+00   4.03421243e-04
29163.7757405312   3.16127766e+03   3.16227766e-04   4.57543621e+01   5.81701265e-01   1.00000000e+00   4.03421243e-04
29295.2275008292   3.16127766e+03   3.16227766e-04   4.57543621e+01   5.81701265e-01   1.00000000e+00   4.03421243e-04
29427.2717620928   3.16127766e+03   3.16227766e-04   4.57543621e+01   5.81701265e-01   1.00000000e+00   4.03421243e-04
29559.9111949396   3.16127766e+03   3.16227766e-04   4.57543621e+01   5.81701265e-01   1.00000000e+00   4.03421243e-04
29693.1484820247   3.16127766e+03   3.16227766e-04   4.57543621e+01   5.81701265e-01   1.00000000e+00   4.03421243e-04
29826.9863180951   3.16127766e+03   3.16227766e-04   4.57543621e+01   5.81701265e-01   1.00000000e+00   4.03421243e-04
29961.4274100436   3.16127766e+03   3.16227766e-04   4.57543621e+01   5.81701265e-01   1.00000000e+00   4.03421243e-04
30096.4744769643   3.16127766e+03   3.16227766e-04   4.57543621e+01   5.81701265e-01   1.00000000e+00   4.03421243e-04
30232.1302502072   3.16127766e+03   3.16227766e-04   4.57543621e+01   5.81701265e-01   1.00000000e+00   4.03421243e-04
30368.3974734332   3.16127766e+03   3.16227766e-04   4.57543621e+01   5.81701265e-01   1.00000000e+00   4.03421243e-04
30505.2789026702   3.16127766e+03   3.16227766e-04   4.57543621e+01   5.81701265e-01   1.00000000e+00   4.03421243e-04
30642.7773063685   3.16127766e+03   3.16227766e-04   4.57543621e+01   5.81701265e-01   1.00000000e+00   4.03421243e-04
30780.8954654567   3.16127766e+03   3.16227766e-04   4.57543621e+01   5.81701265e-01   1.00000000e+00   4.03421243e-04
30919.6361733980   3.16127766e+03   3.16227766e-04   4.57543621e+01   5.81701265e-01   1.00000000e+00   4.03421243e-04
31059.0022362469   3.16127766e+03   3.16227766e-04   4.57543621e+01   5.81701265e-01   1.00000000e+00   4.03421243e-04
31198.9964727060   3.16127766e+03   3.16227766e-04   4.57543621e+01   5.81701265e-01   1.00000000e+00   4.03421243e-04
31339.6217141821   3.16127766e+03   3.16227766e-04   4.57543621e+01   5.81701265e-01   1.00000000e+00   4.03421243e-04
31480.8808048449   3.16127766e+03   3.16227766e-04   4.57543621e+01   5.81701265e-01   1.00000000e+00   4.03421243e-04
31622.7766016838   3.16127766e+03   3.16227766e-04   4.57543621e+01   5.81701265e-01   1.00000000e+00   4.03421243e-04
31765.3119745650   3.16127766e+03   3.16227766e-04   4.57543621e+01   5.81701265e-01   1.00000000e+00   4.03421243e-04
31908.4898062910   3.16127766e+03   3.16227766e-04   4.57543621e+01   5.81701265e-01   1.00000000e+00   4.03421243e-04
32052.3129926578   3.16127766e+03   3.16227766e-04   4.57543621e+01   5.81701265e-01   1.00000000e+00   4.03421243e-04
32196.7844425137   3.16127766e+03   3.16227766e-04   4.57543621e+01   5.81701265e-01   1.00000000e+00   4.03421243e-04
32341.9070778185   3.16127766e+03   3.16227766e-04   4.57543621e+01   5.81701265e-01   1.00000000e+00   4.03421243e-04
32487.6838337023   3.16127766e+03   3.16227766e-04   4.57543621e+01   5.81701265e-01   1.00000000e+00   4.03421243e-04
32634.1176585246   3.16127766e+03   3.16227766e-04   4.57543621e+01   5.81701265e-01   1.00000000e+00   4.03421243e-04
32781.2115139345   3.16127766e+03   3.16227766e-04   4.57543621e+01   5.81701265e-01   1.00000000e+00   4.03421243e-04
32928.9683749305   3.16127766e+03   3.16227766e-04   4.57543621e+01   5.81701265e-01   1.00000000e+00   4.03421243e-04
33077.3912299199   3.16127766e+03   3.16227766e-04   4.57543621e+01   5.81701265e-01   1.00000000e+00   4.03421243e-04
33226.4830807805   3.16127766e+03   3.16227766e-04   4.57543621e+01   5.81701265e-01   1.00000000e+00   4.03421243e-04
33376.2469429203   3.16127766e+03   3.16227766e-04   4.57543621e+01   5.81701265e-01   1.00000000e+00   4.03421243e-04
33526.6858453390   3.16127766e+03   3.16227766e-04   4.57543621e+01   5.81701265e-01   1.00000000e+00   4.03421243e-04
33677.8028306888   3.16127766e+03   3.16227766e-04   4.57543621e+01   5.81701265e-01   1.00000000e+00   4.03421243e-04
33829.6009553367   3.16127766e+03   3.16227766e-04   4.57543621e+01   5.81701265e-01   1.00000000e+00   4.03421243e-04
33982.0832894256   3.16127766e+03   3.16227766e-04   4.57543621e+01   5.81701265e-01   1.00000000e+00   4.03421243e-04
34135.2529169364   3.16127766e+03   3.16227766e-04   4.57543621e+01   5.81701265e-01   1.00000000e+00   4.03421243e-04
34289.1129357512   3.16127766e+03   3.16227766e-04   4.57543621e+01   5.81701265e-01   1.00000000e+00   4.03421243e-04
34443.6664577152   3.16127766e+03   3.16227766e-04   4.57543621e+01   5.81701265e-01   1.00000000e+00   4.03421243e-04
34598.9166086993   3.16127766e+03   3.16227766e-04   4.57543621e+01   5.81701265e-01   1.00000000e+00   4.03421243e-04
34754.8665286644   3.16127766e+03   3.16227766e-04   4.57543621e+01   5.81701265e-01   1.00000000e+00   4.03421243e-04
34911.5193717244   3.16127766e+03   3.16227766e-04   4.57543621e+01   5.81701265e-01   1.00000000e+00   4.03421243e-04
35068.8783062095   3.16127766e+03   3.16227766e-04   4.57543621e+01   5.81701265e-01   1.00000000e+00   4.03421243e-04
35226.9465147309   3.16127766e+03   3.16227766e-04   4.57543621e+01   5.81701265e-01   1.00000000e+00   4.03421243e-04
35385.7271942454   3.16127766e+03   3.16227766e-04   4.57543621e+01   5.81701265e-01   1.00000000e+00   4.03421243e-04
35545.2235561188   3.16127766e+03   3.16227766e-04   4.57543621e+01   5.81701265e-01   1.00000000e+00   4.03421243e-04
35705.4388261925   3.16127766e+03   3.16227766e-04   4.57543621e+01   5.81701265e-01   1.00000000e+00   4.03421243e-04
35866.3762448477   3.16127766e+03   3.16227766e-04   4.57543621e+01   5.81701265e-01   1.00000000e+00   4.03421243e-04
36028.0390670708   3.16127766e+03   3.16227766e-04   4.57543621e+01   5.81701265e-01   1.00000000e+00   4.03421243e-04
36190.4305625200   3.16127766e+03   3.16227766e-04   4.57543621e+01   5.81701265e-01   1.00000000e+00   4.03421243e-04
36353.5540155912   3.16127766e+03   3.16227766e-04   4.57543621e+01   5.81701265e-01   1.00000000e+00   4.03421243e-04
36517.4127254837   3.16127766e+03   3.16227766e-04   4.57543621e+01   5.81701265e-01   1.00000000e+00   4.03421243e-04
36682.0100062680   3.16127766e+03   3.16227766e-04   4.57543621e+01   5.81701265e-01   1.00000000e+00   4.03421243e-04
36847.3491869520   3.16127766e+03   3.16227766e-04   4.57543621e+01   5.81701265e-01   1.00000000e+00   4.03421243e-04
37013.4336115491   3.16127766e+03   3.16227766e-04   4.57543621e+01   5.81701265e-01   1.00000000e+00   4.03421243e-04
37180.2666391447   3.16127766e+03   3.16227766e-04   4.57543621e+01   5.81701265e-01   1.00000000e+00   4.03421243e-04
37347.8516439653   3.16127766e+03   3.16227766e-04   4.57543621e+01   5.81701265e-01   1.00000000e+00   4.03421243e-04
37516.1920154464   3.16127766e+03   3.16227766e-04   4.57543621e+01   5.81701265e-01   1.00000000e+00   4.03421243e-04
37685.2911583003   3.16127766e+03   3.16227766e-04   4.57543621e+01   5.81701265e-01   1.00000000e+00   4.03421243e-04
37855.1524925862   3.16127766e+03   3.16227766e-04   4.57543621e+01   5.81701265e-01   1.00000000e+00   4.03421243e-04
38025.7794537786   3.16127766e+03   3.16227766e-04   4.57543621e+01   5.81701265e-01   1.00000000e+00   4.03421243e-04
38197.1754928366   3.16127766e+03   3.16227766e-04   4.57543621e+01   5.81701265e-01   1.00000000e+00   4.03421243e-04
38369.3440762744   3.16127766e+03   3.16227766e-04   4.57543621e+01   5.81701265e-01   1.00000000e+00   4.03421243e-04
38542.2886862310   3.16127766e+03   3.16227766e-04   4.57543621e+01   5.81701265e-01   1.00000000e+00   4.03421243e-04
38716.0128205405   3.16127766e+03   3.16227766e-04   4.57543621e+01   5.81701265e-01   1.00000000e+00   4.03421243e-04
38890.5199928031   3.16127766e+03   3.16227766e-04   4.57543621e+01   5.81701265e-01   1.00000000e+00   4.03421243e-04
39065.8137324562   3.16127766e+03   3.16227766e-04   4.57543621e+01   5.81701265e-01   1.00000000e+00   4.03421243e-04
39241.8975848453   3.16127766e+03   3.16227766e-04   4.57543621e+01   5.81701265e-01   1.00000000e+00   4.03421243e-04
39418.7751112965   3.16127766e+03   3.16227766e-04   4.57543621e+01   5.81701265e-01   1.00000000e+00   4.03421243e-04
39596.4498891879   3.16127766e+03   3.16227766e-04   4.57543621e+01   5.81701265e-01   1.00000000e+00   4.03421243e-04
39774.9255120220   3.16127766e+03   3.16227766e-04   4.57543621e+01   5.81701265e-01   1.00000000e+00   4.03421243e-04
39954.2055894988   3.16127766e+03   3.16227766e-04   4.57543621e+01   5.81701265e-01   1.00000000e+00   4.03421243e-04
40134.2937475884   3.16127766e+03   3.16227766e-04   4.57543621e+01   5.81701265e-01   1.00000000e+00   4.03421243e-04
40315.1936286044   3.16127766e+03   3.16227766e-04   4.57543621e+01   5.81701265e-01   1.00000000e+00   4.03421243e-04
40496.9088912776   3.16127766e+03   3.16227766e-04   4.57543621e+01   5.81701265e-01   1.00000000e+00   4.03421243e-04
40679.4432108303   3.16127766e+03   3.16227766e-04   4.57543621e+01   5.81701265e-01   1.00000000e+00   4.03421243e-04
40862.8002790504   3.16127766e+03   3.16227766e-04   4.57543621e+01   5.81701265e-01   1.00000000e+00   4.03421243e-04
41046.9838043654   3.16127766e+03   3.16227766e-04   4.57543621e+01   5.81701265e-01   1.00000000e+00   4.03421243e-04
41231.9975119186   3.16127766e+03   3.16227766e-04   4.57543621e+01   5.81701265e-01   1.00000000e+00   4.03421243e-04
41417.8451436440   3.16127766e+03   3.16227766e-04   4.57543621e+01   5.81701265e-01   1.00000000e+00   4.03421243e-04
41604.5304583413   3.16127766e+03   3.16227766e-04   4.57543621e+01   5.81701265e-01   1.00000000e+00   4.03421243e-04
41792.0572317529   3.16127766e+03   3.16227766e-04   4.57543621e+01   5.81701265e-01   1.00000000e+00   4.03421243e-04
41980.4292566398   3.16127766e+03   3.16227766e-04   4.57543621e+01   5.81701265e-01   1.00000000e+00   4.03421243e-04
42169.6503428581   3.16127766e+03   3.16227766e-04   4.57543621e+01   5.81701265e-01   1.00000000e+00   4.03421243e-04
42359.7243174367   3.16127766e+03   3.16227766e-04   4.57543621e+01   5.81701265e-01   1.00000000e+00   4.03421243e-04
42550.6550246541   3.16127766e+03   3.16227766e-04   4.57543621e+01   5.81701265e-01   1.00000000e+00   4.03421243e-04
42742.4463261161   3.16127766e+03   3.16227766e-04   4.57543621e+01   5.81701265e-01   1.00000000e+00   4.03421243e-04
42935.1021008347   3.16127766e+03   3.16227766e-04   4.57543621e+01   5.81701265e-01   1.00000000e+00   4.03421243e-04
43128.6262453058   3.16127766e+03   3.16227766e-04   4.57543621e+01   5.81701265e-01   1.00000000e+00   4.03421243e-04
43323.0226735879   3.16127766e+03   3.16227766e-04   4.57543621e+01   5.81701265e-01   1.00000000e+00   4.03421243e-04
43518.2953173821   3.16127766e+03   3.16227766e-04   4.57543621e+01   5.81701265e-01   1.00000000e+00   4.03421243e-04
43714.4481261109   3.16127766e+03   3.16227766e-04   4.57543621e+01   5.81701265e-01   1.00000000e+00   4.03421243e-04
43911.4850669980   3.16127766e+03   3.16227766e-04   4.57543621e+01   5.81701265e-01   1.00000000e+00   4.03421243e-04
44109.4101251493   3.16127766e+03   3.16227766e-04   4.57543621e+01   5.81701265e-01   1.00000000e+00   4.03421243e-04
44308.2273036330   3.16127766e+03   3.16227766e-04   4.57543621e+01   5.81701265e-01   1.00000000e+00   4.03421243e-04
44507.9406235599   3.16127766e+03   3.16227766e-04   4.57543621e+01   5.81701265e-01   1.00000000e+00   4.03421243e-04
44708.5541241662   3.16127766e+03   3.16227766e-04   4.57543621e+01   5.81701265e-01   1.00000000e+00   4.03421243e-04
44910.0718628941   3.16127766e+03   3.16227766e-04   4.57543621e+01   5.81701265e-01   1.00000000e+00   4.03421243e-04
45112.4979154744   3.16127766e+03   3.16227766e-04   4.57543621e+01   5.81701265e-01   1.00000000e+00   4.03421243e-04
45315.8363760081   3.16127766e+03   3.16227766e-04   4.57543621e+01   5.81701265e-01   1.00000000e+00   4.03421243e-04
45520.0913570503   3.16127766e+03   3.16227766e-04   4.57543621e+01   5.81701265e-01   1.00000000e+00   4.03421243e-04
45725.2669896931   3.16127766e+03   3.16227766e-04   4.57543621e+01   5.81701265e-01   1.00000000e+00   4.03421243e-04
45931.3674236481   3.16127766e+03   3.16227766e-04   4.57543621e+01   5.81701265e-01   1.00000000e+00   4.03421243e-04
46138.3968273320   3.16127766e+03   3.16227766e-04   4.57543621e+01   5.81701265e-01   1.00000000e+00   4.03421243e-04
46346.3593879498   3.16127766e+03   3.16227766e-04   4.57543621e+01   5.81701265e-01   1.00000000e+00   4.03421243e-04
46555.2593115795   3.16127766e+03   3.16227766e-04   4.57543621e+01   5.81701265e-01   1.00000000e+00   4.03421243e-04
46765.1008232577   3.16127766e+03   3.16227766e-04   4.57543621e+01   5.81701265e-01   1.00000000e+00   4.03421243e-04
46975.8881670649   3.16127766e+03   3.16227766e-04   4.57543621e+01   5.81701265e-01   1.00000000e+00   4.03421243e-04
47187.6256062107   3.16127766e+03   3.16227766e-04   4.57543621e+01   5.81701265e-01   1.00000000e+00   4.03421243e-04
47400.3174231210   3.16127766e+03   3.16227766e-04   4.57543621e+01   5.81701265e-01   1.00000000e+00   4.03421243e-04
47613.9679195243   3.16127766e+03   3.16227766e-04   4.57543621e+01   5.81701265e-01   1.00000000e+00   4.03421243e-04
47828.5814165378   3.16127766e+03   3.16227766e-04   4.57543621e+01   5.81701265e-01   1.00000000e+00   4.03421243e-04
48044.1622547563   3.16127766e+03   3.16227766e-04   4.57543621e+01   5.81701265e-01   1.00000000e+00   4.03421243e-04
48260.7147943391   3.16127766e+03   3.16227766e-04   4.57543621e+01   5.81701265e-01   1.00000000e+00   4.03421243e-04
48478.2434150979   3.16127766e+03   3.16227766e-04   4.57543621e+01   5.81701265e-01   1.00000000e+00   4.03421243e-04
48696.7525165862   3.16127766e+03   3.16227766e-04   4.57543621e+01   5.81701265e-01   1.00000000e+00   4.03421243e-04
48916.2465181878   3.16127766e+03   3.16227766e-04   4.57543621e+01   5.81701265e-01   1.00000000e+00   4.03421243e-04
49136.7298592065   3.16127766e+03   3.16227766e-04   4.57543621e+01   5.81701265e-01   1.00000000e+00   4.03421243e-04
49358.2069989550   3.16127766e+03   3.16227766e-04   4.57543621e+01   5.81701265e-01   1.00000000e+00   4.03421243e-04
49580.6824168464   3.16127766e+03   3.16227766e-04   4.57543621e+01   5.81701265e-01   1.00000000e+00   4.03421243e-04
49804.1606124841   3.16127766e+03   3.16227766e-04   4.57543621e+01   5.81701265e-01   1.00000000e+00   4.03421243e-04
50028.6461057522   3.16127766e+03   3.16227766e-04   4.57543621e+01   5.81701265e-01   1.00000000e+00   4.03421243e-04
50254.1434369084   3.16127766e+03   3.16227766e-04   4.57543621e+01   5.81701265e-01   1.00000000e+00   4.03421243e-04
50480.6571666747   3.16127766e+03   3.16227766e-04   4.57543621e+01   5.81701265e-01   1.00000000e+00   4.03421243e-04
50708.1918763295   3.16127766e+03   3.16227766e-04   4.57543621e+01   5.81701265e-01   1.00000000e+00   4.03421243e-04
50936.7521678012   3.16127766e+03   3.16227766e-04   4.57543621e+01   5.81701265e-01   1.00000000e+00   4.03421243e-04
51166.3426637609   3.16127766e+03   3.16227766e-04   4.57543621e+01   5.81701265e-01   1.00000000e+00   4.03421243e-04
51396.9680077150   3.16127766e+03   3.16227766e-04   4.57543621e+01   5.81701265e-01   1.00000000e+00   4.03421243e-04
51628.6328641007   3.16127766e+03   3.16227766e-04   4.57543621e+01   5.81701265e-01   1.00000000e+00   4.03421243e-04
51861.3419183793   3.16127766e+03   3.16227766e-04   4.57543621e+01   5.81701265e-01   1.00000000e+00   4.03421243e-04
52095.0998771306   3.16127766e+03   3.16227766e-04   4.57543621e+01   5.81701265e-01   1.00000000e+00   4.03421243e-04
52329.9114681493   3.16127766e+03   3.16227766e-04   4.57543621e+01   5.81701265e-01   1.00000000e+00   4.03421243e-04
52565.7814405402   3.16127766e+03   3.16227766e-04   4.57543621e+01   5.81701265e-01   1.00000000e+00   4.03421243e-04
52802.7145648131   3.16127766e+03   3.16227766e-04   4.57543621e+01   5.81701265e-01   1.00000000e+00   4.03421243e-04
53040.7156329811   3.16127766e+03   3.16227766e-04   4.57543621e+01   5.81701265e-01   1.00000000e+00   4.03421243e-04
53279.7894586564   3.16127766e+03   3.16227766e-04   4.57543621e+01   5.81701265e-01   1.00000000e+00   4.03421243e-04
53519.9408771476   3.16127766e+03   3.16227766e-04   4.57543621e+01   5.81701265e-01   1.00000000e+00   4.03421243e-04
53761.1747455581   3.16127766e+03   3.16227766e-04   4.57543621e+01   5.81701265e-01   1.00000000e+00   4.03421243e-04
54003.4959428841   3.16127766e+03   3.16227766e-04   4.57543621e+01   5.81701265e-01   1.00000000e+00   4.03421243e-04
54246.9093701132   3.16127766e+03   3.16227766e-04   4.57543621e+01   5.81701265e-01   1.00000000e+00   4.03421243e-04
54491.4199503231   3.16127766e+03   3.16227766e-04   4.57543621e+01   5.81701265e-01   1.00000000e+00   4.03421243e-04
54737.0326287820   3.16127766e+03   3.16227766e-04   4.57543621e+01   5.81701265e-01   1.00000000e+00   4.03421243e-04
54983.7523730484   3.16127766e+03   3.16227766e-04   4.57543621e+01   5.81701265e-01   1.00000000e+00   4.03421243e-04
55231.5841730709   3.16127766e+03   3.16227766e-04   4.57543621e+01   5.81701265e-01   1.00000000e+00   4.03421243e-04
55480.5330412899   3.16127766e+03   3.16227766e-04   4.57543621e+01   5.81701265e-01   1.00000000e+00   4.03421243e-04
55730.6040127388   3.16127766e+03   3.16227766e-04   4.57543621e+01   5.81701265e-01   1.00000000e+00   4.03421243e-04
55981.8021451454   3.16127766e+03   3.16227766e-04   4.57543621e+01   5.81701265e-01   1.00000000e+00   4.03421243e-04
56234.1325190347   3.16127766e+03   3.16227766e-04   4.57543621e+01   5.81701265e-01   1.00000000e+00   4.03421243e-04
56487.6002378319   3.16127766e+03   3.16227766e-04   4.57543621e+01   5.81701265e-01   1.00000000e+00   4.03421243e-04
56742.2104279642   3.16127766e+03   3.16227766e-04   4.57543621e+01   5.81701265e-01   1.00000000e+00   4.03421243e-04
56997.9682389663   3.16127766e+03   3.16227766e-04   4.57543621e+01   5.81701265e-01   1.00000000e+00   4.03421243e-04
57254.8788435838   3.16127766e+03   3.16227766e-04   4.57543621e+01   5.81701265e-01   1.00000000e+00   4.03421243e-04
57512.9474378769   3.16127766e+03   3.16227766e-04   4.57543621e+01   5.81701265e-01   1.00000000e+00   4.03421243e-04
57772.1792413271   3.16127766e+03   3.16227766e-04   4.57543621e+01   5.81701265e-01   1.00000000e+00   4.03421243e-04
58032.5794969420   3.16127766e+03   3.16227766e-04   4.57543621e+01   5.81701265e-01   1.00000000e+00   4.03421243e-04
58294.1534713607   3.16127766e+03   3.16227766e-04   4.57543621e+01   5.81701265e-01   1.00000000e+00   4.03421243e-04
58556.9064549616   3.16127766e+03   3.16227766e-04   4.57543621e+01   5.81701265e-01   1.00000000e+00   4.03421243e-04
58820.8437619687   3.16127766e+03   3.16227766e-04   4.57543621e+01   5.81701265e-01   1.00000000e+00   4.03421243e-04
59085.9707305587   3.16127766e+03   3.16227766e-04   4.57543621e+01   5.81701265e-01   1.00000000e+00   4.03421243e-04
59352.2927229697   3.16127766e+03   3.16227766e-04   4.57543621e+01   5.81701265e-01   1.00000000e+00   4.03421243e-04
59619.8151256096   3.16127766e+03   3.16227766e-04   4.57543621e+01   5.81701265e-01   1.00000000e+00   4.03421243e-04
59888.5433491646   3.16127766e+03   3.16227766e-04   4.57543621e+01   5.81701265e-01   1.00000000e+00   4.03421243e-04
60158.4828287083   3.16127766e+03   3.16227766e-04   4.57543621e+01   5.81701265e-01   1.00000000e+00   4.03421243e-04
60429.6390238131   3.16127766e+03   3.16227766e-04   4.57543621e+01   5.81701265e-01   1.00000000e+00   4.03421243e-04
60702.0174186592   3.16127766e+03   3.16227766e-04   4.57543621e+01   5.81701265e-01   1.00000000e+00   4.03421243e-04
60975.6235221458   3.16127766e+03   3.16227766e-04   4.57543621e+01   5.81701265e-01   1.00000000e+00   4.03421243e-04
61250.4628680030   3.16127766e+03   3.16227766e-04   4.57543621e+01   5.81701265e-01   1.00000000e+00   4.03421243e-04
61526.5410149037   3.16127766e+03   3.16227766e-04   4.57543621e+01   5.81701265e-01   1.00000000e+00   4.03421243e-04
61803.8635465749   3.16127766e+03   3.16227766e-04   4.57543621e+01   5.81701265e-01   1.00000000e+00   4.03421243e-04
62082.4360719124   3.16127766e+03   3.16227766e-04   4.57543621e+01   5.81701265e-01   1.00000000e+00   4.03421243e-04
62362.2642250930   3.16127766e+03   3.16227766e-04   4.57543621e+01   5.81701265e-01   1.00000000e+00   4.03421243e-04
62643.3536656885   3.16127766e+03   3.16227766e-04   4.57543621e+01   5.81701265e-01   1.00000000e+00   4.03421243e-04
62925.7100787808   3.16127766e+03   3.16227766e-04   4.57543621e+01   5.81701265e-01   1.00000000e+00   4.03421243e-04
63209.3391750767   3.16127766e+03   3.16227766e-04   4.57543621e+01   5.81701265e-01   1.00000000e+00   4.03421243e-04
63494.2466910225   3.16127766e+03   3.16227766e-04   4.57543621e+01   5.81701265e-01   1.00000000e+00   4.03421243e-04
63780.4383889216   3.16127766e+03   3.16227766e-04   4.57543621e+01   5.81701265e-01   1.00000000e+00   4.03421243e-04
64067.9200570499   3.16127766e+03   3.16227766e-04   4.57543621e+01   5.81701265e-01   1.00000000e+00   4.03421243e-04
64356.6975097728   3.16127766e+03   3.16227766e-04   4.57543621e+01   5.81701265e-01   1.00000000e+00   4.03421243e-04
64646.7765876635   3.16127766e+03   3.16227766e-04   4.57543621e+01   5.81701265e-01   1.00000000e+00   4.03421243e-04
64938.1631576211   3.16127766e+03   3.16227766e-04   4.57543621e+01   5.81701265e-01   1.00000000e+00   4.03421243e-04
65230.8631129882   3.16127766e+03   3.16227766e-04   4.57543621e+01   5.81701265e-01   1.00000000e+00   4.03421243e-04
65524.8823736713   3.16127766e+03   3.16227766e-04   4.57543621e+01   5.81701265e-01   1.00000000e+00   4.03421243e-04
65820.2268862602   3.16127766e+03   3.16227766e-04   4.57543621e+01   5.81701265e-01   1.00000000e+00   4.03421243e-04
66116.9026241481   3.16127766e+03   3.16227766e-04   4.57543621e+01   5.81701265e-01   1.00000000e+00   4.03421243e-04
66414.9155876519   3.16127766e+03   3.16227766e-04   4.57543621e+01   5.81701265e-01   1.00000000e+00   4.03421243e-04
66714.2718041347   3.16127766e+03   3.16227766e-04   4.57543621e+01   5.81701265e-01   1.00000000e+00   4.03421243e-04
67014.9773281274   3.16127766e+03   3.16227766e-04   4.57543621e+01   5.81701265e-01   1.00000000e+00   4.03421243e-04
67317.0382414497   3.16127766e+03   3.16227766e-04   4.57543621e+01   5.81701265e-01   1.00000000e+00   4.03421243e-04
67620.4606533354   3.16127766e+03   3.16227766e-04   4.57543621e+01   5.81701265e-01   1.00000000e+00   4.03421243e-04
67925.2507005547   3.16127766e+03   3.16227766e-04   4.57543621e+01   5.81701265e-01   1.00000000e+00   4.03421243e-04
68231.4145475377   3.16127766e+03   3.16227766e-04   4.57543621e+01   5.81701265e-01   1.00000000e+00   4.03421243e-04
68538.9583865006   3.16127766e+03   3.16227766e-04   4.57543621e+01   5.81701265e-01   1.00000000e+00   4.03421243e-04
68847.8884375702   3.16127766e+03   3.16227766e-04   4.57543621e+01   5.81701265e-01   1.00000000e+00   4.03421243e-04
69158.2109489088   3.16127766e+03   3.16227766e-04   4.57543621e+01   5.81701265e-01   1.00000000e+00   4.03421243e-04
69469.9321968425   3.16127766e+03   3.16227766e-04   4.57543621e+01   5.81701265e-01   1.00000000e+00   4.03421243e-04
69783.0584859866   3.16127766e+03   3.16227766e-04   4.57543621e+01   5.81701265e-01   1.00000000e+00   4.03421243e-04
70097.5961493733   3.16127766e+03   3.16227766e-04   4.57543621e+01   5.81701265e-01   1.00000000e+00   4.03421243e-04
70413.5515485807   3.16127766e+03   3.16227766e-04   4.57543621e+01   5.81701265e-01   1.00000000e+00   4.03421243e-04
70730.9310738607   3.16127766e+03   3.16227766e-04   4.57543621e+01   5.81701265e-01   1.00000000e+00   4.03421243e-04
71049.7411442678   3.16127766e+03   3.16227766e-04   4.57543621e+01   5.81701265e-01   1.00000000e+00   4.03421243e-04
71369.9882077902   3.16127766e+03   3.16227766e-04   4.57543621e+01   5.81701265e-01   1.00000000e+00   4.03421243e-04
71691.6787414793   3.16127766e+03   3.16227766e-04   4.57543621e+01   5.81701265e-01   1.00000000e+00   4.03421243e-04
72014.8192515812   3.16127766e+03   3.16227766e-04   4.57543621e+01   5.81701265e-01   1.00000000e+00   4.03421243e-04
72339.4162736673   3.16127766e+03   3.16227766e-04   4.57543621e+01   5.81701265e-01   1.00000000e+00   4.03421243e-04
72665.4763727679   3.16127766e+03   3.16227766e-04   4.57543621e+01   5.81701265e-01   1.00000000e+00   4.03421243e-04
72993.0061435041   3.16127766e+03   3.16227766e-04   4.57543621e+01   5.81701265e-01   1.00000000e+00   4.03421243e-04
73322.0122102210   3.16127766e+03   3.16227766e-04   4.57543621e+01   5.81701265e-01   1.00000000e+00   4.03421243e-04
73652.5012271226   3.16127766e+03   3.16227766e-04   4.57543621e+01   5.81701265e-01   1.00000000e+00   4.03421243e-04
73984.4798784056   3.16127766e+03   3.16227766e-04   4.57543621e+01   5.81701265e-01   1.00000000e+00   4.03421243e-04
74317.9548783945   3.16127766e+03   3.16227766e-04   4.57543621e+01   5.81701265e-01   1.00000000e+00   4.03421243e-04
74652.9329716780   3.16127766e+03   3.16227766e-04   4.57543621e+01   5.81701265e-01   1.00000000e+00   4.03421243e-04
74989.4209332455   3.16127766e+03   3.16227766e-04   4.57543621e+01   5.81701265e-01   1.00000000e+00   4.03421243e-04
75327.4255686228   3.16127766e+03   3.16227766e-04   4.57543621e+01   5.81701265e-01   1.00000000e+00   4.03421243e-04
75666.9537140114   3.16127766e+03   3.16227766e-04   4.57543621e+01   5.81701265e-01   1.00000000e+00   4.03421243e-04
76008.0122364262   3.16127766e+03   3.16227766e-04   4.57543621e+01   5.81701265e-01   1.00000000e+00   4.03421243e-04
76350.6080338333   3.16127766e+03   3.16227766e-04   4.57543621e+01   5.81701265e-01   1.00000000e+00   4.03421243e-04
76694.7480352914   3.16127766e+03   3.16227766e-04   4.57543621e+01   5.81701265e-01   1.00000000e+00   4.03421243e-04
77040.4392010909   3.16127766e+03   3.16227766e-04   4.57543621e+01   5.81701265e-01   1.00000000e+00   4.03421243e-04
77387.6885228939   3.16127766e+03   3.16227766e-04   4.57543621e+01   5.81701265e-01   1.00000000e+00   4.03421243e-04
77736.5030238774   3.16127766e+03   3.16227766e-04   4.57543621e+01   5.81701265e-01   1.00000000e+00   4.03421243e-04
78086.8897588743   3.16127766e+03   3.16227766e-04   4.57543621e+01   5.81701265e-01   1.00000000e+00   4.03421243e-04
78438.8558145155   3.16127766e+03   3.16227766e-04   4.57543621e+01   5.81701265e-01   1.00000000e+00   4.03421243e-04
78792.4083093747   3.16127766e+03   3.16227766e-04   4.57543621e+01   5.81701265e-01   1.00000000e+00   4.03421243e-04
79147.5543941113   3.16127766e+03   3.16227766e-04   4.57543621e+01   5.81701265e-01   1.00000000e+00   4.03421243e-04
79504.3012516157   3.16127766e+03   3.16227766e-04   4.57543621e+01   5.81701265e-01   1.00000000e+00   4.03421243e-04
79862.6560971531   3.16127766e+03   3.16227766e-04   4.57543621e+01   5.81701265e-01   1.00000000e+00   4.03421243e-04
80222.6261785118   3.16127766e+03   3.16227766e-04   4.57543621e+01   5.81701265e-01   1.00000000e+00   4.03421243e-04
80584.2187761481   3.16127766e+03   3.16227766e-04   4.57543621e+01   5.81701265e-01   1.00000000e+00   4.03421243e-04
80947.4412033334   3.16127766e+03   3.16227766e-04   4.57543621e+01   5.81701265e-01   1.00000000e+00   4.03421243e-04
81312.3008063034   3.16127766e+03   3.16227766e-04   4.57543621e+01   5.81701265e-01   1.00000000e+00   4.03421243e-04
81678.8049644061   3.16127766e+03   3.16227766e-04   4.57543621e+01   5.81701265e-01   1.00000000e+00   4.03421243e-04
82046.9610902498   3.16127766e+03   3.16227766e-04   4.57543621e+01   5.81701265e-01   1.00000000e+00   4.03421243e-04
82416.7766298551   3.16127766e+03   3.16227766e-04   4.57543621e+01   5.81701265e-01   1.00000000e+00   4.03421243e-04
82788.2590628048   3.16127766e+03   3.16227766e-04   4.57543621e+01   5.81701265e-01   1.00000000e+00   4.03421243e-04
83161.4159023935   3.16127766e+03   3.16227766e-04   4.57543621e+01   5.81701265e-01   1.00000000e+00   4.03421243e-04
83536.2546957824   3.16127766e+03   3.16227766e-04   4.57543621e+01   5.81701265e-01   1.00000000e+00   4.03421243e-04
83912.7830241500   3.16127766e+03   3.16227766e-04   4.57543621e+01   5.81701265e-01   1.00000000e+00   4.03421243e-04
84291.0085028454   3.16127766e+03   3.16227766e-04   4.57543621e+01   5.81701265e-01   1.00000000e+00   4.03421243e-04
84670.9387815437   3.16127766e+03   3.16227766e-04   4.57543621e+01   5.81701265e-01   1.00000000e+00   4.03421243e-04
85052.5815443996   3.16127766e+03   3.16227766e-04   4.57543621e+01   5.81701265e-01   1.00000000e+00   4.03421243e-04
85435.9445102025   3.16127766e+03   3.16227766e-04   4.57543621e+01   5.81701265e-01   1.00000000e+00   4.03421243e-04
85821.0354325339   3.16127766e+03   3.16227766e-04   4.57543621e+01   5.81701265e-01   1.00000000e+00   4.03421243e-04
86207.8620999237   3.16127766e+03   3.16227766e-04   4.57543621e+01   5.81701265e-01   1.00000000e+00   4.03421243e-04
86596.4323360064   3.16127766e+03   3.16227766e-04   4.57543621e+01   5.81701265e-01   1.00000000e+00   4.03421243e-04
86986.7539996816   3.16127766e+03   3.16227766e-04   4.57543621e+01   5.81701265e-01   1.00000000e+00   4.03421243e-04
87378.8349852714   3.16127766e+03   3.16227766e-04   4.57543621e+01   5.81701265e-01   1.00000000e+00   4.03421243e-04
87772.6832226808   3.16127766e+03   3.16227766e-04   4.57543621e+01   5.81701265e-01   1.00000000e+00   4.03421243e-04
88168.3066775569   3.16127766e+03   3.16227766e-04   4.57543621e+01   5.81701265e-01   1.00000000e+00   4.03421243e-04
88565.7133514517   3.16127766e+03   3.16227766e-04   4.57543621e+01   5.81701265e-01   1.00000000e+00   4.03421243e-04
88964.9112819832   3.16127766e+03   3.16227766e-04   4.57543621e+01   5.81701265e-01   1.00000000e+00   4.03421243e-04
89365.9085429970   3.16127766e+03   3.16227766e-04   4.57543621e+01   5.81701265e-01   1.00000000e+00   4.03421243e-04
89768.7132447311   3.16127766e+03   3.16227766e-04   4.57543621e+01   5.81701265e-01   1.00000000e+00   4.03421243e-04
90173.3335339798   3.16127766e+03   3.16227766e-04   4.57543621e+01   5.81701265e-01   1.00000000e+00   4.03421243e-04
90579.7775942564   3.16127766e+03   3.16227766e-04   4.57543621e+01   5.81701265e-01   1.00000000e+00   4.03421243e-04
90988.0536459619   3.16127766e+03   3.16227766e-04   4.57543621e+01   5.81701265e-01   1.00000000e+00   4.03421243e-04
91398.1699465490   3.16127766e+03   3.16227766e-04   4.57543621e+01   5.81701265e-01   1.00000000e+00   4.03421243e-04
91810.1347906893   3.16127766e+03   3.16227766e-04   4.57543621e+01   5.81701265e-01   1.00000000e+00   4.03421243e-04
92223.9565104421   3.16127766e+03   3.16227766e-04   4.57543621e+01   5.81701265e-01   1.00000000e+00   4.03421243e-04
92639.6434754226   3.16127766e+03   3.16227766e-04   4.57543621e+01   5.81701265e-01   1.00000000e+00   4.03421243e-04
93057.2040929698   3.16127766e+03   3.16227766e-04   4.57543621e+01   5.81701265e-01   1.00000000e+00   4.03421243e-04
93476.6468083185   3.16127766e+03   3.16227766e-04   4.57543621e+01   5.81701265e-01   1.00000000e+00   4.03421243e-04
93897.9801047696   3.16127766e+03   3.16227766e-04   4.57543621e+01   5.81701265e-01   1.00000000e+00   4.03421243e-04
94321.2125038599   3.16127766e+03   3.16227766e-04   4.57543621e+01   5.81701265e-01   1.00000000e+00   4.03421243e-04
94746.3525655373   3.16127766e+03   3.16227766e-04   4.57543621e+01   5.81701265e-01   1.00000000e+00   4.03421243e-04
95173.4088883321   3.16127766e+03   3.16227766e-04   4.57543621e+01   5.81701265e-01   1.00000000e+00   4.03421243e-04
95602.3901095307   3.16127766e+03   3.16227766e-04   4.57543621e+01   5.81701265e-01   1.00000000e+00   4.03421243e-04
96033.3049053514   3.16127766e+03   3.16227766e-04   4.57543621e+01   5.81701265e-01   1.00000000e+00   4.03421243e-04
96466.1619911196   3.16127766e+03   3.16227766e-04   4.57543621e+01   5.81701265e-01   1.00000000e+00   4.03421243e-04
96900.9701214438   3.16127766e+03   3.16227766e-04   4.57543621e+01   5.81701265e-01   1.00000000e+00   4.03421243e-04
97337.7380903918   3.16127766e+03   3.16227766e-04   4.57543621e+01   5.81701265e-01   1.00000000e+00   4.03421243e-04
97776.4747316706   3.16127766e+03   3.16227766e-04   4.57543621e+01   5.81701265e-01   1.00000000e+00   4.03421243e-04
98217.1889188037   3.16127766e+03   3.16227766e-04   4.57543621e+01   5.81701265e-01   1.00000000e+00   4.03421243e-04
98659.8895653100   3.16127766e+03   3.16227766e-04   4.57543621e+01   5.81701265e-01   1.00000000e+00   4.03421243e-04
99104.5856248858   3.16127766e+03   3.16227766e-04   4.57543621e+01   5.81701265e-01   1.00000000e+00   4.03421243e-04
99551.2860915850   3.16127766e+03   3.16227766e-04   4.57543621e+01   5.81701265e-01   1.00000000e+00   4.03421243e-04
