    0.0010000000   3.33560201e-07   9.99999666e-01   3.33560225e-04   3.11075587e-01   5.23387915e-01   9.99999825e-01
    0.0010045074   3.35063678e-07   9.99999665e-01   3.33560225e-04   3.11075588e-01   5.23387916e-01   9.99999825e-01
    0.0010090350   3.36573932e-07   9.99999663e-01   3.33560226e-04   3.11075589e-01   5.23387917e-01   9.99999824e-01
    0.0010135831   3.38090994e-07   9.99999662e-01   3.33560226e-04   3.11075590e-01   5.23387918e-01   9.99999823e-01
    0.0010181517   3.39614893e-07   9.99999660e-01   3.33560226e-04   3.11075591e-01   5.23387919e-01   9.99999822e-01
    0.0010227409   3.41145661e-07   9.99999659e-01   3.33560226e-04   3.11075592e-01   5.23387919e-01   9.99999821e-01
    0.0010273508   3.42683329e-07   9.99999657e-01   3.33560227e-04   3.11075593e-01   5.23387920e-01   9.99999821e-01
    0.0010319814   3.44227928e-07   9.99999656e-01   3.33560227e-04   3.11075594e-01   5.23387921e-01   9.99999820e-01
    0.0010366329   3.45779488e-07   9.99999654e-01   3.33560227e-04   3.11075595e-01   5.23387922e-01   9.99999819e-01
    0.0010413054   3.47338043e-07   9.99999653e-01   3.33560227e-04   3.11075596e-01   5.23387923e-01   9.99999818e-01
    0.0010459990   3.48903622e-07   9.99999651e-01   3.33560228e-04   3.11075597e-01   5.23387924e-01   9.99999817e-01
    0.0010507137   3.50476258e-07   9.99999650e-01   3.33560228e-04   3.11075598e-01   5.23387925e-01   9.99999817e-01
    0.0010554496   3.52055982e-07   9.99999648e-01   3.33560228e-04   3.11075599e-01   5.23387926e-01   9.99999816e-01
    0.0010602069   3.53642827e-07   9.99999646e-01   3.33560228e-04   3.11075600e-01   5.23387927e-01   9.99999815e-01
    0.0010649856   3.55236824e-07   9.99999645e-01   3.33560228e-04   3.11075601e-01   5.23387928e-01   9.99999814e-01
    0.0010697859   3.56838006e-07   9.99999643e-01   3.33560229e-04   3.11075602e-01   5.23387929e-01   9.99999813e-01
    0.0010746078   3.58446405e-07   9.99999642e-01   3.33560229e-04   3.11075603e-01   5.23387930e-01   9.99999812e-01
    0.0010794515   3.60062053e-07   9.99999640e-01   3.33560229e-04   3.11075604e-01   5.23387931e-01   9.99999812e-01
    0.0010843170   3.61684984e-07   9.99999638e-01   3.33560229e-04   3.11075605e-01   5.23387932e-01   9.99999811e-01
    0.0010892044   3.63315231e-07   9.99999637e-01   3.33560230e-04   3.11075607e-01   5.23387933e-01   9.99999810e-01
    0.0010941138   3.64952825e-07   9.99999635e-01   3.33560230e-04   3.11075608e-01   5.23387934e-01   9.99999809e-01
    0.0010990454   3.66597800e-07   9.99999633e-01   3.33560230e-04   3.11075609e-01   5.23387935e-01   9.99999808e-01
    0.0011039992   3.68250190e-07   9.99999632e-01   3.33560231e-04   3.11075610e-01   5.23387936e-01   9.99999807e-01
    0.0011089753   3.69910028e-07   9.99999630e-01   3.33560231e-04   3.11075611e-01   5.23387937e-01   9.99999806e-01
    0.0011139739   3.71577347e-07   9.99999628e-01   3.33560231e-04   3.11075612e-01   5.23387938e-01   9.99999806e-01
    0.0011189949   3.73252182e-07   9.99999627e-01   3.33560231e-04   3.11075613e-01   5.23387939e-01   9.99999805e-01
    0.0011240387   3.74934566e-07   9.99999625e-01   3.33560232e-04   3.11075614e-01   5.23387940e-01   9.99999804e-01
    0.0011291051   3.76624533e-07   9.99999623e-01   3.33560232e-04   3.11075615e-01   5.23387941e-01   9.99999803e-01
    0.0011341944   3.78322117e-07   9.99999622e-01   3.33560232e-04   3.11075616e-01   5.23387942e-01   9.99999802e-01
    0.0011393066   3.80027352e-07   9.99999620e-01   3.33560232e-04   3.11075617e-01   5.23387943e-01   9.99999801e-01
    0.0011444419   3.81740274e-07   9.99999618e-01   3.33560233e-04   3.11075618e-01   5.23387944e-01   9.99999800e-01
    0.0011496003   3.83460917e-07   9.99999617e-01   3.33560233e-04   3.11075619e-01   5.23387945e-01   9.99999799e-01
    0.0011547820   3.85189315e-07   9.99999615e-01   3.33560233e-04   3.11075621e-01   5.23387946e-01   9.99999798e-01
    0.0011599870   3.86925504e-07   9.99999613e-01   3.33560233e-04   3.11075622e-01   5.23387947e-01   9.99999797e-01
    0.0011652155   3.88669518e-07   9.99999611e-01   3.33560234e-04   3.11075623e-01   5.23387948e-01   9.99999797e-01
    0.0011704675   3.90421393e-07   9.99999610e-01   3.33560234e-04   3.11075624e-01   5.23387949e-01   9.99999796e-01
    0.0011757433   3.92181165e-07   9.99999608e-01   3.33560234e-04   3.11075625e-01   5.23387951e-01   9.99999795e-01
    0.0011810428   3.93948868e-07   9.99999606e-01   3.33560235e-04   3.11075626e-01   5.23387952e-01   9.99999794e-01
    0.0011863662   3.95724540e-07   9.99999604e-01   3.33560235e-04   3.11075627e-01   5.23387953e-01   9.99999793e-01
    0.0011917135   3.97508214e-07   9.99999602e-01   3.33560235e-04   3.11075628e-01   5.23387954e-01   9.99999792e-01
    0.0011970850   3.99299929e-07   9.99999601e-01   3.33560235e-04   3.11075630e-01   5.23387955e-01   9.99999791e-01
    0.0012024807   4.01099719e-07   9.99999599e-01   3.33560236e-04   3.11075631e-01   5.23387956e-01   9.99999790e-01
    0.0012079007   4.02907622e-07   9.99999597e-01   3.33560236e-04   3.11075632e-01   5.23387957e-01   9.99999789e-01
    0.0012133452   4.04723674e-07   9.99999595e-01   3.33560236e-04   3.11075633e-01   5.23387958e-01   9.99999788e-01
    0.0012188142   4.06547911e-07   9.99999593e-01   3.33560236e-04   3.11075634e-01   5.23387959e-01   9.99999787e-01
    0.0012243078   4.08380371e-07   9.99999592e-01   3.33560237e-04   3.11075635e-01   5.23387960e-01   9.99999786e-01
    0.0012298262   4.10221090e-07   9.99999590e-01   3.33560237e-04   3.11075637e-01   5.23387962e-01   9.99999785e-01
    0.0012353695   4.12070106e-07   9.99999588e-01   3.33560237e-04   3.11075638e-01   5.23387963e-01   9.99999784e-01
    0.0012409378   4.13927456e-07   9.99999586e-01   3.33560238e-04   3.11075639e-01   5.23387964e-01   9.99999783e-01
    0.0012465311   4.15793178e-07   9.99999584e-01   3.33560238e-04   3.11075640e-01   5.23387965e-01   9.99999782e-01
    0.0012521497   4.17667310e-07   9.99999582e-01   3.33560238e-04   3.11075641e-01   5.23387966e-01   9.99999781e-01
    0.0012577936   4.19549888e-07   9.99999580e-01   3.33560239e-04   3.11075643e-01   5.23387967e-01   9.99999780e-01
    0.0012634629   4.21440953e-07   9.99999579e-01   3.33560239e-04   3.11075644e-01   5.23387968e-01   9.99999779e-01
    0.0012691578   4.23340541e-07   9.99999577e-01   3.33560239e-04   3.11075645e-01   5.23387970e-01   9.99999778e-01
    0.0012748784   4.25248691e-07   9.99999575e-01   3.33560239e-04   3.11075646e-01   5.23387971e-01   9.99999777e-01
    0.0012806247   4.27165442e-07   9.99999573e-01   3.33560240e-04   3.11075648e-01   5.23387972e-01   9.99999776e-01
    0.0012863969   4.29090833e-07   9.99999571e-01   3.33560240e-04   3.11075649e-01   5.23387973e-01   9.99999775e-01
    0.0012921952   4.31024901e-07   9.99999569e-01   3.33560240e-04   3.11075650e-01   5.23387974e-01   9.99999774e-01
    0.0012980196   4.32967688e-07   9.99999567e-01   3.33560241e-04   3.11075651e-01   5.23387975e-01   9.99999773e-01
    0.0013038702   4.34919231e-07   9.99999565e-01   3.33560241e-04   3.11075653e-01   5.23387977e-01   9.99999772e-01
    0.0013097473   4.36879571e-07   9.99999563e-01   3.33560241e-04   3.11075654e-01   5.23387978e-01   9.99999771e-01
    0.0013156508   4.38848746e-07   9.99999561e-01   3.33560242e-04   3.11075655e-01   5.23387979e-01   9.99999770e-01
    0.0013215809   4.40826798e-07   9.99999559e-01   3.33560242e-04   3.11075656e-01   5.23387980e-01   9.99999769e-01
    0.0013275377   4.42813765e-07   9.99999557e-01   3.33560242e-04   3.11075658e-01   5.23387981e-01   9.99999768e-01
    0.0013335214   4.44809688e-07   9.99999555e-01   3.33560242e-04   3.11075659e-01   5.23387983e-01   9.99999767e-01
    0.0013395321   4.46814607e-07   9.99999553e-01   3.33560243e-04   3.11075660e-01   5.23387984e-01   9.99999766e-01
    0.0013455699   4.48828564e-07   9.99999551e-01   3.33560243e-04   3.11075661e-01   5.23387985e-01   9.99999765e-01
    0.0013516348   4.50851598e-07   9.99999549e-01   3.33560243e-04   3.11075663e-01   5.23387986e-01   9.99999764e-01
    0.0013577271   4.52883750e-07   9.99999547e-01   3.33560244e-04   3.11075664e-01   5.23387988e-01   9.99999763e-01
    0.0013638469   4.54925063e-07   9.99999545e-01   3.33560244e-04   3.11075665e-01   5.23387989e-01   9.99999762e-01
    0.0013699943   4.56975576e-07   9.99999543e-01   3.33560244e-04   3.11075667e-01   5.23387990e-01   9.99999761e-01
    0.0013761693   4.59035331e-07   9.99999541e-01   3.33560245e-04   3.11075668e-01   5.23387991e-01   9.99999760e-01
    0.0013823722   4.61104371e-07   9.99999539e-01   3.33560245e-04   3.11075669e-01   5.23387993e-01   9.99999759e-01
    0.0013886031   4.63182737e-07   9.99999537e-01   3.33560245e-04   3.11075671e-01   5.23387994e-01   9.99999758e-01
    0.0013948620   4.65270470e-07   9.99999535e-01   3.33560246e-04   3.11075672e-01   5.23387995e-01   9.99999756e-01
    0.0014011492   4.67367614e-07   9.99999533e-01   3.33560246e-04   3.11075673e-01   5.23387996e-01   9.99999755e-01
    0.0014074647   4.69474210e-07   9.99999531e-01   3.33560246e-04   3.11075675e-01   5.23387998e-01   9.99999754e-01
    0.0014138086   4.71590302e-07   9.99999528e-01   3.33560247e-04   3.11075676e-01   5.23387999e-01   9.99999753e-01
    0.0014201812   4.73715931e-07   9.99999526e-01   3.33560247e-04   3.11075677e-01   5.23388000e-01   9.99999752e-01
    0.0014265824   4.75851142e-07   9.99999524e-01   3.33560247e-04   3.11075679e-01   5.23388002e-01   9.99999751e-01
    0.0014330126   4.77995976e-07   9.99999522e-01   3.33560248e-04   3.11075680e-01   5.23388003e-01   9.99999750e-01
    0.0014394717   4.80150479e-07   9.99999520e-01   3.33560248e-04   3.11075682e-01   5.23388004e-01   9.99999749e-01
    0.0014459599   4.82314692e-07   9.99999518e-01   3.33560248e-04   3.11075683e-01   5.23388006e-01   9.99999748e-01
    0.0014524774   4.84488660e-07   9.99999516e-01   3.33560249e-04   3.11075684e-01   5.23388007e-01   9.99999746e-01
    0.0014590242   4.86672427e-07   9.99999513e-01   3.33560249e-04   3.11075686e-01   5.23388008e-01   9.99999745e-01
    0.0014656006   4.88866038e-07   9.99999511e-01   3.33560249e-04   3.11075687e-01   5.23388010e-01   9.99999744e-01
    0.0014722066   4.91069535e-07   9.99999509e-01   3.33560250e-04   3.11075689e-01   5.23388011e-01   9.99999743e-01
    0.0014788423   4.93282965e-07   9.99999507e-01   3.33560250e-04   3.11075690e-01   5.23388012e-01   9.99999742e-01
    0.0014855080   4.95506371e-07   9.99999504e-01   3.33560250e-04   3.11075691e-01   5.23388014e-01   9.99999741e-01
    0.0014922037   4.97739799e-07   9.99999502e-01   3.33560251e-04   3.11075693e-01   5.23388015e-01   9.99999739e-01
    0.0014989296   4.99983294e-07   9.99999500e-01   3.33560251e-04   3.11075694e-01   5.23388016e-01   9.99999738e-01
    0.0015056859   5.02236901e-07   9.99999498e-01   3.33560251e-04   3.11075696e-01   5.23388018e-01   9.99999737e-01
    0.0015124725   5.04500666e-07   9.99999495e-01   3.33560252e-04   3.11075697e-01   5.23388019e-01   9.99999736e-01
    0.0015192898   5.06774634e-07   9.99999493e-01   3.33560252e-04   3.11075699e-01   5.23388020e-01   9.99999735e-01
    0.0015261378   5.09058852e-07   9.99999491e-01   3.33560252e-04   3.11075700e-01   5.23388022e-01   9.99999734e-01
    0.0015330167   5.11353366e-07   9.99999489e-01   3.33560253e-04   3.11075702e-01   5.23388023e-01   9.99999732e-01
    0.0015399265   5.13658222e-07   9.99999486e-01   3.33560253e-04   3.11075703e-01   5.23388025e-01   9.99999731e-01
    0.0015468675   5.15973467e-07   9.99999484e-01   3.33560254e-04   3.11075705e-01   5.23388026e-01   9.99999730e-01
    0.0015538398   5.18299148e-07   9.99999482e-01   3.33560254e-04   3.11075706e-01   5.23388027e-01   9.99999729e-01
    0.0015608436   5.20635311e-07   9.99999479e-01   3.33560254e-04   3.11075708e-01   5.23388029e-01   9.99999728e-01
    0.0015678788   5.22982005e-07   9.99999477e-01   3.33560255e-04   3.11075709e-01   5.23388030e-01   9.99999726e-01
    0.0015749458   5.25339275e-07   9.99999475e-01   3.33560255e-04   3.11075711e-01   5.23388032e-01   9.99999725e-01
    0.0015820447   5.27707171e-07   9.99999472e-01   3.33560255e-04   3.11075712e-01   5.23388033e-01   9.99999724e-01
    0.0015891756   5.30085740e-07   9.99999470e-01   3.33560256e-04   3.11075714e-01   5.23388035e-01   9.99999723e-01
    0.0015963385   5.32475030e-07   9.99999468e-01   3.33560256e-04   3.11075715e-01   5.23388036e-01   9.99999721e-01
    0.0016035338   5.34875089e-07   9.99999465e-01   3.33560256e-04   3.11075717e-01   5.23388038e-01   9.99999720e-01
    0.0016107615   5.37285966e-07   9.99999463e-01   3.33560257e-04   3.11075718e-01   5.23388039e-01   9.99999719e-01
    0.0016180218   5.39707710e-07   9.99999460e-01   3.33560257e-04   3.11075720e-01   5.23388041e-01   9.99999718e-01
    0.0016253148   5.42140369e-07   9.99999458e-01   3.33560258e-04   3.11075721e-01   5.23388042e-01   9.99999716e-01
    0.0016326407   5.44583994e-07   9.99999455e-01   3.33560258e-04   3.11075723e-01   5.23388044e-01   9.99999715e-01
    0.0016399996   5.47038633e-07   9.99999453e-01   3.33560258e-04   3.11075725e-01   5.23388045e-01   9.99999714e-01
    0.0016473917   5.49504335e-07   9.99999450e-01   3.33560259e-04   3.11075726e-01   5.23388047e-01   9.99999712e-01
    0.0016548171   5.51981152e-07   9.99999448e-01   3.33560259e-04   3.11075728e-01   5.23388048e-01   9.99999711e-01
    0.0016622760   5.54469132e-07   9.99999446e-01   3.33560260e-04   3.11075729e-01   5.23388050e-01   9.99999710e-01
    0.0016697684   5.56968327e-07   9.99999443e-01   3.33560260e-04   3.11075731e-01   5.23388051e-01   9.99999708e-01
    0.0016772947   5.59478786e-07   9.99999441e-01   3.33560260e-04   3.11075733e-01   5.23388053e-01   9.99999707e-01
    0.0016848549   5.62000561e-07   9.99999438e-01   3.33560261e-04   3.11075734e-01   5.23388054e-01   9.99999706e-01
    0.0016924491   5.64533703e-07   9.99999435e-01   3.33560261e-04   3.11075736e-01   5.23388056e-01   9.99999705e-01
    0.0017000776   5.67078262e-07   9.99999433e-01   3.33560261e-04   3.11075738e-01   5.23388057e-01   9.99999703e-01
    0.0017077405   5.69634291e-07   9.99999430e-01   3.33560262e-04   3.11075739e-01   5.23388059e-01   9.99999702e-01
    0.0017154379   5.72201841e-07   9.99999428e-01   3.33560262e-04   3.11075741e-01   5.23388060e-01   9.99999701e-01
    0.0017231700   5.74780963e-07   9.99999425e-01   3.33560263e-04   3.11075742e-01   5.23388062e-01   9.99999699e-01
    0.0017309370   5.77371711e-07   9.99999423e-01   3.33560263e-04   3.11075744e-01   5.23388064e-01   9.99999698e-01
    0.0017387389   5.79974136e-07   9.99999420e-01   3.33560263e-04   3.11075746e-01   5.23388065e-01   9.99999696e-01
    0.0017465760   5.82588291e-07   9.99999417e-01   3.33560264e-04   3.11075747e-01   5.23388067e-01   9.99999695e-01
    0.0017544485   5.85214229e-07   9.99999415e-01   3.33560264e-04   3.11075749e-01   5.23388068e-01   9.99999694e-01
    0.0017623564   5.87852003e-07   9.99999412e-01   3.33560265e-04   3.11075751e-01   5.23388070e-01   9.99999692e-01
    0.0017703000   5.90501666e-07   9.99999409e-01   3.33560265e-04   3.11075753e-01   5.23388072e-01   9.99999691e-01
    0.0017782794   5.93163273e-07   9.99999407e-01   3.33560266e-04   3.11075754e-01   5.23388073e-01   9.99999690e-01
    0.0017862948   5.95836876e-07   9.99999404e-01   3.33560266e-04   3.11075756e-01   5.23388075e-01   9.99999688e-01
    0.0017943462   5.98522530e-07   9.99999401e-01   3.33560266e-04   3.11075758e-01   5.23388076e-01   9.99999687e-01
    0.0018024340   6.01220290e-07   9.99999399e-01   3.33560267e-04   3.11075759e-01   5.23388078e-01   9.99999685e-01
    0.0018105582   6.03930209e-07   9.99999396e-01   3.33560267e-04   3.11075761e-01   5.23388080e-01   9.99999684e-01
    0.0018187191   6.06652343e-07   9.99999393e-01   3.33560268e-04   3.11075763e-01   5.23388081e-01   9.99999682e-01
    0.0018269167   6.09386746e-07   9.99999391e-01   3.33560268e-04   3.11075765e-01   5.23388083e-01   9.99999681e-01
    0.0018351513   6.12133474e-07   9.99999388e-01   3.33560268e-04   3.11075766e-01   5.23388085e-01   9.99999680e-01
    0.0018434230   6.14892583e-07   9.99999385e-01   3.33560269e-04   3.11075768e-01   5.23388086e-01   9.99999678e-01
    0.0018517320   6.17664129e-07   9.99999382e-01   3.33560269e-04   3.11075770e-01   5.23388088e-01   9.99999677e-01
    0.0018600784   6.20448166e-07   9.99999380e-01   3.33560270e-04   3.11075772e-01   5.23388090e-01   9.99999675e-01
    0.0018684625   6.23244753e-07   9.99999377e-01   3.33560270e-04   3.11075774e-01   5.23388091e-01   9.99999674e-01
    0.0018768843   6.26053944e-07   9.99999374e-01   3.33560271e-04   3.11075775e-01   5.23388093e-01   9.99999672e-01
    0.0018853441   6.28875798e-07   9.99999371e-01   3.33560271e-04   3.11075777e-01   5.23388095e-01   9.99999671e-01
    0.0018938420   6.31710370e-07   9.99999368e-01   3.33560272e-04   3.11075779e-01   5.23388097e-01   9.99999669e-01
    0.0019023783   6.34557720e-07   9.99999365e-01   3.33560272e-04   3.11075781e-01   5.23388098e-01   9.99999668e-01
    0.0019109530   6.37417903e-07   9.99999363e-01   3.33560272e-04   3.11075783e-01   5.23388100e-01   9.99999666e-01
    0.0019195663   6.40290978e-07   9.99999360e-01   3.33560273e-04   3.11075785e-01   5.23388102e-01   9.99999665e-01
    0.0019282185   6.43177003e-07   9.99999357e-01   3.33560273e-04   3.11075786e-01   5.23388104e-01   9.99999663e-01
    0.0019369097   6.46076036e-07   9.99999354e-01   3.33560274e-04   3.11075788e-01   5.23388105e-01   9.99999662e-01
    0.0019456401   6.48988137e-07   9.99999351e-01   3.33560274e-04   3.11075790e-01   5.23388107e-01   9.99999660e-01
    0.0019544098   6.51913363e-07   9.99999348e-01   3.33560275e-04   3.11075792e-01   5.23388109e-01   9.99999659e-01
    0.0019632190   6.54851775e-07   9.99999345e-01   3.33560275e-04   3.11075794e-01   5.23388111e-01   9.99999657e-01
    0.0019720679   6.57803431e-07   9.99999342e-01   3.33560276e-04   3.11075796e-01   5.23388113e-01   9.99999656e-01
    0.0019809568   6.60768391e-07   9.99999339e-01   3.33560276e-04   3.11075798e-01   5.23388114e-01   9.99999654e-01
    0.0019898857   6.63746715e-07   9.99999336e-01   3.33560277e-04   3.11075800e-01   5.23388116e-01   9.99999653e-01
    0.0019988548   6.66738464e-07   9.99999333e-01   3.33560277e-04   3.11075802e-01   5.23388118e-01   9.99999651e-01
    0.0020078644   6.69743697e-07   9.99999330e-01   3.33560277e-04   3.11075803e-01   5.23388120e-01   9.99999649e-01
    0.0020169146   6.72762477e-07   9.99999327e-01   3.33560278e-04   3.11075805e-01   5.23388122e-01   9.99999648e-01
    0.0020260055   6.75794863e-07   9.99999324e-01   3.33560278e-04   3.11075807e-01   5.23388124e-01   9.99999646e-01
    0.0020351375   6.78840917e-07   9.99999321e-01   3.33560279e-04   3.11075809e-01   5.23388125e-01   9.99999645e-01
    0.0020443106   6.81900700e-07   9.99999318e-01   3.33560279e-04   3.11075811e-01   5.23388127e-01   9.99999643e-01
    0.0020535250   6.84974276e-07   9.99999315e-01   3.33560280e-04   3.11075813e-01   5.23388129e-01   9.99999641e-01
    0.0020627810   6.88061705e-07   9.99999312e-01   3.33560280e-04   3.11075815e-01   5.23388131e-01   9.99999640e-01
    0.0020720787   6.91163050e-07   9.99999309e-01   3.33560281e-04   3.11075817e-01   5.23388133e-01   9.99999638e-01
    0.0020814183   6.94278374e-07   9.99999306e-01   3.33560281e-04   3.11075819e-01   5.23388135e-01   9.99999637e-01
    0.0020908000   6.97407740e-07   9.99999303e-01   3.33560282e-04   3.11075821e-01   5.23388137e-01   9.99999635e-01
    0.0021002240   7.00551212e-07   9.99999299e-01   3.33560282e-04   3.11075823e-01   5.23388139e-01   9.99999633e-01
    0.0021096905   7.03708852e-07   9.99999296e-01   3.33560283e-04   3.11075825e-01   5.23388141e-01   9.99999632e-01
    0.0021191997   7.06880724e-07   9.99999293e-01   3.33560283e-04   3.11075827e-01   5.23388142e-01   9.99999630e-01
    0.0021287517   7.10066894e-07   9.99999290e-01   3.33560284e-04   3.11075829e-01   5.23388144e-01   9.99999628e-01
    0.0021383467   7.13267424e-07   9.99999287e-01   3.33560284e-04   3.11075831e-01   5.23388146e-01   9.99999627e-01
    0.0021479850   7.16482381e-07   9.99999284e-01   3.33560285e-04   3.11075834e-01   5.23388148e-01   9.99999625e-01
    0.0021576668   7.19711829e-07   9.99999280e-01   3.33560285e-04   3.11075836e-01   5.23388150e-01   9.99999623e-01
    0.0021673922   7.22955832e-07   9.99999277e-01   3.33560286e-04   3.11075838e-01   5.23388152e-01   9.99999622e-01
    0.0021771614   7.26214458e-07   9.99999274e-01   3.33560286e-04   3.11075840e-01   5.23388154e-01   9.99999620e-01
    0.0021869747   7.29487772e-07   9.99999271e-01   3.33560287e-04   3.11075842e-01   5.23388156e-01   9.99999618e-01
    0.0021968321   7.32775840e-07   9.99999267e-01   3.33560287e-04   3.11075844e-01   5.23388158e-01   9.99999616e-01
    0.0022067341   7.36078728e-07   9.99999264e-01   3.33560288e-04   3.11075846e-01   5.23388160e-01   9.99999615e-01
    0.0022166806   7.39396503e-07   9.99999261e-01   3.33560288e-04   3.11075848e-01   5.23388162e-01   9.99999613e-01
    0.0022266720   7.42729233e-07   9.99999257e-01   3.33560289e-04   3.11075850e-01   5.23388164e-01   9.99999611e-01
    0.0022367084   7.46076985e-07   9.99999254e-01   3.33560289e-04   3.11075853e-01   5.23388166e-01   9.99999610e-01
    0.0022467901   7.49439826e-07   9.99999251e-01   3.33560290e-04   3.11075855e-01   5.23388168e-01   9.99999608e-01
    0.0022569172   7.52817825e-07   9.99999247e-01   3.33560290e-04   3.11075857e-01   5.23388170e-01   9.99999606e-01
    0.0022670899   7.56211050e-07   9.99999244e-01   3.33560291e-04   3.11075859e-01   5.23388173e-01   9.99999604e-01
    0.0022773085   7.59619569e-07   9.99999240e-01   3.33560291e-04   3.11075861e-01   5.23388175e-01   9.99999602e-01
    0.0022875732   7.63043452e-07   9.99999237e-01   3.33560292e-04   3.11075863e-01   5.23388177e-01   9.99999601e-01
    0.0022978841   7.66482767e-07   9.99999234e-01   3.33560293e-04   3.11075866e-01   5.23388179e-01   9.99999599e-01
    0.0023082415   7.69937585e-07   9.99999230e-01   3.33560293e-04   3.11075868e-01   5.23388181e-01   9.99999597e-01
    0.0023186456   7.73407975e-07   9.99999227e-01   3.33560294e-04   3.11075870e-01   5.23388183e-01   9.99999595e-01
    0.0023290966   7.76894007e-07   9.99999223e-01   3.33560294e-04   3.11075872e-01   5.23388185e-01   9.99999593e-01
    0.0023395947   7.80395752e-07   9.99999220e-01   3.33560295e-04   3.11075875e-01   5.23388187e-01   9.99999592e-01
    0.0023501401   7.83913280e-07   9.99999216e-01   3.33560295e-04   3.11075877e-01   5.23388189e-01   9.99999590e-01
    0.0023607330   7.87446664e-07   9.99999213e-01   3.33560296e-04   3.11075879e-01   5.23388192e-01   9.99999588e-01
    0.0023713737   7.90995973e-07   9.99999209e-01   3.33560296e-04   3.11075881e-01   5.23388194e-01   9.99999586e-01
    0.0023820624   7.94561281e-07   9.99999205e-01   3.33560297e-04   3.11075884e-01   5.23388196e-01   9.99999584e-01
    0.0023927992   7.98142659e-07   9.99999202e-01   3.33560297e-04   3.11075886e-01   5.23388198e-01   9.99999582e-01
    0.0024035844   8.01740179e-07   9.99999198e-01   3.33560298e-04   3.11075888e-01   5.23388200e-01   9.99999580e-01
    0.0024144182   8.05353915e-07   9.99999195e-01   3.33560299e-04   3.11075891e-01   5.23388203e-01   9.99999578e-01
    0.0024253009   8.08983939e-07   9.99999191e-01   3.33560299e-04   3.11075893e-01   5.23388205e-01   9.99999577e-01
    0.0024362326   8.12630325e-07   9.99999187e-01   3.33560300e-04   3.11075895e-01   5.23388207e-01   9.99999575e-01
    0.0024472136   8.16293146e-07   9.99999184e-01   3.33560300e-04   3.11075898e-01   5.23388209e-01   9.99999573e-01
    0.0024582441   8.19972478e-07   9.99999180e-01   3.33560301e-04   3.11075900e-01   5.23388211e-01   9.99999571e-01
    0.0024693243   8.23668393e-07   9.99999176e-01   3.33560301e-04   3.11075902e-01   5.23388214e-01   9.99999569e-01
    0.0024804544   8.27380967e-07   9.99999173e-01   3.33560302e-04   3.11075905e-01   5.23388216e-01   9.99999567e-01
    0.0024916347   8.31110275e-07   9.99999169e-01   3.33560303e-04   3.11075907e-01   5.23388218e-01   9.99999565e-01
    0.0025028654   8.34856393e-07   9.99999165e-01   3.33560303e-04   3.11075910e-01   5.23388221e-01   9.99999563e-01
    0.0025141468   8.38619395e-07   9.99999161e-01   3.33560304e-04   3.11075912e-01   5.23388223e-01   9.99999561e-01
    0.0025254789   8.42399359e-07   9.99999158e-01   3.33560304e-04   3.11075914e-01   5.23388225e-01   9.99999559e-01
    0.0025368622   8.46196361e-07   9.99999154e-01   3.33560305e-04   3.11075917e-01   5.23388227e-01   9.99999557e-01
    0.0025482967   8.50010477e-07   9.99999150e-01   3.33560306e-04   3.11075919e-01   5.23388230e-01   9.99999555e-01
    0.0025597828   8.53841784e-07   9.99999146e-01   3.33560306e-04   3.11075922e-01   5.23388232e-01   9.99999553e-01
    0.0025713207   8.57690361e-07   9.99999142e-01   3.33560307e-04   3.11075924e-01   5.23388234e-01   9.99999551e-01
    0.0025829106   8.61556285e-07   9.99999138e-01   3.33560307e-04   3.11075927e-01   5.23388237e-01   9.99999549e-01
    0.0025945527   8.65439634e-07   9.99999135e-01   3.33560308e-04   3.11075929e-01   5.23388239e-01   9.99999547e-01
    0.0026062473   8.69340486e-07   9.99999131e-01   3.33560309e-04   3.11075932e-01   5.23388242e-01   9.99999545e-01
    0.0026179946   8.73258921e-07   9.99999127e-01   3.33560309e-04   3.11075934e-01   5.23388244e-01   9.99999543e-01
    0.0026297949   8.77195018e-07   9.99999123e-01   3.33560310e-04   3.11075937e-01   5.23388246e-01   9.99999541e-01
    0.0026416483   8.81148856e-07   9.99999119e-01   3.33560310e-04   3.11075939e-01   5.23388249e-01   9.99999539e-01
    0.0026535552   8.85120516e-07   9.99999115e-01   3.33560311e-04   3.11075942e-01   5.23388251e-01   9.99999537e-01
    0.0026655157   8.89110077e-07   9.99999111e-01   3.33560312e-04   3.11075945e-01   5.23388254e-01   9.99999535e-01
    0.0026775302   8.93117621e-07   9.99999107e-01   3.33560312e-04   3.11075947e-01   5.23388256e-01   9.99999533e-01
    0.0026895988   8.97143228e-07   9.99999103e-01   3.33560313e-04   3.11075950e-01   5.23388259e-01   9.99999530e-01
    0.0027017218   9.01186980e-07   9.99999099e-01   3.33560313e-04   3.11075952e-01   5.23388261e-01   9.99999528e-01
    0.0027138994   9.05248959e-07   9.99999095e-01   3.33560314e-04   3.11075955e-01   5.23388263e-01   9.99999526e-01
    0.0027261320   9.09329247e-07   9.99999091e-01   3.33560315e-04   3.11075958e-01   5.23388266e-01   9.99999524e-01
    0.0027384196   9.13427926e-07   9.99999087e-01   3.33560315e-04   3.11075960e-01   5.23388268e-01   9.99999522e-01
    0.0027507627   9.17545079e-07   9.99999082e-01   3.33560316e-04   3.11075963e-01   5.23388271e-01   9.99999520e-01
    0.0027631614   9.21680790e-07   9.99999078e-01   3.33560317e-04   3.11075965e-01   5.23388273e-01   9.99999518e-01
    0.0027756160   9.25835142e-07   9.99999074e-01   3.33560317e-04   3.11075968e-01   5.23388276e-01   9.99999515e-01
    0.0027881267   9.30008219e-07   9.99999070e-01   3.33560318e-04   3.11075971e-01   5.23388279e-01   9.99999513e-01
    0.0028006938   9.34200106e-07   9.99999066e-01   3.33560319e-04   3.11075973e-01   5.23388281e-01   9.99999511e-01
    0.0028133175   9.38410887e-07   9.99999062e-01   3.33560319e-04   3.11075976e-01   5.23388284e-01   9.99999509e-01
    0.0028259982   9.42640648e-07   9.99999057e-01   3.33560320e-04   3.11075979e-01   5.23388286e-01   9.99999507e-01
    0.0028387360   9.46889473e-07   9.99999053e-01   3.33560321e-04   3.11075982e-01   5.23388289e-01   9.99999504e-01
    0.0028515312   9.51157450e-07   9.99999049e-01   3.33560321e-04   3.11075984e-01   5.23388291e-01   9.99999502e-01
    0.0028643841   9.55444664e-07   9.99999045e-01   3.33560322e-04   3.11075987e-01   5.23388294e-01   9.99999500e-01
    0.0028772949   9.59751202e-07   9.99999040e-01   3.33560323e-04   3.11075990e-01   5.23388297e-01   9.99999498e-01
    0.0028902639   9.64077151e-07   9.99999036e-01   3.33560323e-04   3.11075993e-01   5.23388299e-01   9.99999495e-01
    0.0029032914   9.68422599e-07   9.99999032e-01   3.33560324e-04   3.11075995e-01   5.23388302e-01   9.99999493e-01
    0.0029163776   9.72787634e-07   9.99999027e-01   3.33560325e-04   3.11075998e-01   5.23388305e-01   9.99999491e-01
    0.0029295228   9.77172343e-07   9.99999023e-01   3.33560325e-04   3.11076001e-01   5.23388307e-01   9.99999489e-01
    0.0029427272   9.81576815e-07   9.99999018e-01   3.33560326e-04   3.11076004e-01   5.23388310e-01   9.99999486e-01
    0.0029559911   9.86001141e-07   9.99999014e-01   3.33560327e-04   3.11076007e-01   5.23388313e-01   9.99999484e-01
    0.0029693148   9.90445408e-07   9.99999010e-01   3.33560327e-04   3.11076010e-01   5.23388315e-01   9.99999482e-01
    0.0029826986   9.94909707e-07   9.99999005e-01   3.33560328e-04   3.11076013e-01   5.23388318e-01   9.99999479e-01
    0.0029961427   9.99394129e-07   9.99999001e-01   3.33560329e-04   3.11076015e-01   5.23388321e-01   9.99999477e-01
    0.0030096474   1.00389876e-06   9.99998996e-01   3.33560329e-04   3.11076018e-01   5.23388324e-01   9.99999475e-01
    0.0030232130   1.00842370e-06   9.99998992e-01   3.33560330e-04   3.11076021e-01   5.23388326e-01   9.99999472e-01
    0.0030368397   1.01296904e-06   9.99998987e-01   3.33560331e-04   3.11076024e-01   5.23388329e-01   9.99999470e-01
    0.0030505279   1.01753486e-06   9.99998982e-01   3.33560332e-04   3.11076027e-01   5.23388332e-01   9.99999467e-01
    0.0030642777   1.02212126e-06   9.99998978e-01   3.33560332e-04   3.11076030e-01   5.23388335e-01   9.99999465e-01
    0.0030780895   1.02672833e-06   9.99998973e-01   3.33560333e-04   3.11076033e-01   5.23388338e-01   9.99999463e-01
    0.0030919636   1.03135617e-06   9.99998969e-01   3.33560334e-04   3.11076036e-01   5.23388340e-01   9.99999460e-01
    0.0031059002   1.03600487e-06   9.99998964e-01   3.33560334e-04   3.11076039e-01   5.23388343e-01   9.99999458e-01
    0.0031198996   1.04067452e-06   9.99998959e-01   3.33560335e-04   3.11076042e-01   5.23388346e-01   9.99999455e-01
    0.0031339622   1.04536522e-06   9.99998955e-01   3.33560336e-04   3.11076045e-01   5.23388349e-01   9.99999453e-01
    0.0031480881   1.05007707e-06   9.99998950e-01   3.33560337e-04   3.11076048e-01   5.23388352e-01   9.99999450e-01
    0.0031622777   1.05481015e-06   9.99998945e-01   3.33560337e-04   3.11076051e-01   5.23388355e-01   9.99999448e-01
    0.0031765312   1.05956456e-06   9.99998940e-01   3.33560338e-04   3.11076054e-01   5.23388358e-01   9.99999445e-01
    0.0031908490   1.06434041e-06   9.99998936e-01   3.33560339e-04   3.11076057e-01   5.23388360e-01   9.99999443e-01
    0.0032052313   1.06913778e-06   9.99998931e-01   3.33560340e-04   3.11076060e-01   5.23388363e-01   9.99999440e-01
    0.0032196784   1.07395677e-06   9.99998926e-01   3.33560340e-04   3.11076063e-01   5.23388366e-01   9.99999438e-01
    0.0032341907   1.07879749e-06   9.99998921e-01   3.33560341e-04   3.11076066e-01   5.23388369e-01   9.99999435e-01
    0.0032487684   1.08366002e-06   9.99998916e-01   3.33560342e-04   3.11076070e-01   5.23388372e-01   9.99999433e-01
    0.0032634118   1.08854447e-06   9.99998911e-01   3.33560343e-04   3.11076073e-01   5.23388375e-01   9.99999430e-01
    0.0032781212   1.09345094e-06   9.99998907e-01   3.33560343e-04   3.11076076e-01   5.23388378e-01   9.99999428e-01
    0.0032928968   1.09837953e-06   9.99998902e-01   3.33560344e-04   3.11076079e-01   5.23388381e-01   9.99999425e-01
    0.0033077391   1.10333032e-06   9.99998897e-01   3.33560345e-04   3.11076082e-01   5.23388384e-01   9.99999423e-01
    0.0033226483   1.10830344e-06   9.99998892e-01   3.33560346e-04   3.11076085e-01   5.23388387e-01   9.99999420e-01
    0.0033376247   1.11329896e-06   9.99998887e-01   3.33560347e-04   3.11076089e-01   5.23388390e-01   9.99999417e-01
    0.0033526686   1.11831701e-06   9.99998882e-01   3.33560347e-04   3.11076092e-01   5.23388393e-01   9.99999415e-01
    0.0033677803   1.12335767e-06   9.99998877e-01   3.33560348e-04   3.11076095e-01   5.23388396e-01   9.99999412e-01
    0.0033829601   1.12842106e-06   9.99998872e-01   3.33560349e-04   3.11076098e-01   5.23388400e-01   9.99999409e-01
    0.0033982083   1.13350726e-06   9.99998866e-01   3.33560350e-04   3.11076102e-01   5.23388403e-01   9.99999407e-01
    0.0034135253   1.13861639e-06   9.99998861e-01   3.33560350e-04   3.11076105e-01   5.23388406e-01   9.99999404e-01
    0.0034289113   1.14374856e-06   9.99998856e-01   3.33560351e-04   3.11076108e-01   5.23388409e-01   9.99999401e-01
    0.0034443666   1.14890385e-06   9.99998851e-01   3.33560352e-04   3.11076112e-01   5.23388412e-01   9.99999399e-01
    0.0034598917   1.15408238e-06   9.99998846e-01   3.33560353e-04   3.11076115e-01   5.23388415e-01   9.99999396e-01
    0.0034754867   1.15928425e-06   9.99998841e-01   3.33560354e-04   3.11076118e-01   5.23388418e-01   9.99999393e-01
    0.0034911519   1.16450957e-06   9.99998835e-01   3.33560354e-04   3.11076122e-01   5.23388422e-01   9.99999391e-01
    0.0035068878   1.16975844e-06   9.99998830e-01   3.33560355e-04   3.11076125e-01   5.23388425e-01   9.99999388e-01
    0.0035226947   1.17503097e-06   9.99998825e-01   3.33560356e-04   3.11076128e-01   5.23388428e-01   9.99999385e-01
    0.0035385727   1.18032726e-06   9.99998820e-01   3.33560357e-04   3.11076132e-01   5.23388431e-01   9.99999382e-01
    0.0035545224   1.18564743e-06   9.99998814e-01   3.33560358e-04   3.11076135e-01   5.23388434e-01   9.99999379e-01
    0.0035705439   1.19099157e-06   9.99998809e-01   3.33560359e-04   3.11076139e-01   5.23388438e-01   9.99999377e-01
    0.0035866376   1.19635981e-06   9.99998804e-01   3.33560359e-04   3.11076142e-01   5.23388441e-01   9.99999374e-01
    0.0036028039   1.20175224e-06   9.99998798e-01   3.33560360e-04   3.11076145e-01   5.23388444e-01   9.99999371e-01
    0.0036190431   1.20716897e-06   9.99998793e-01   3.33560361e-04   3.11076149e-01   5.23388448e-01   9.99999368e-01
    0.0036353554   1.21261013e-06   9.99998787e-01   3.33560362e-04   3.11076152e-01   5.23388451e-01   9.99999365e-01
    0.0036517413   1.21807580e-06   9.99998782e-01   3.33560363e-04   3.11076156e-01   5.23388454e-01   9.99999362e-01
    0.0036682010   1.22356612e-06   9.99998776e-01   3.33560364e-04   3.11076160e-01   5.23388458e-01   9.99999360e-01
    0.0036847349   1.22908118e-06   9.99998771e-01   3.33560365e-04   3.11076163e-01   5.23388461e-01   9.99999357e-01
    0.0037013434   1.23462109e-06   9.99998765e-01   3.33560365e-04   3.11076167e-01   5.23388464e-01   9.99999354e-01
    0.0037180267   1.24018598e-06   9.99998760e-01   3.33560366e-04   3.11076170e-01   5.23388468e-01   9.99999351e-01
    0.0037347852   1.24577595e-06   9.99998754e-01   3.33560367e-04   3.11076174e-01   5.23388471e-01   9.99999348e-01
    0.0037516192   1.25139112e-06   9.99998749e-01   3.33560368e-04   3.11076177e-01   5.23388475e-01   9.99999345e-01
    0.0037685291   1.25703160e-06   9.99998743e-01   3.33560369e-04   3.11076181e-01   5.23388478e-01   9.99999342e-01
    0.0037855152   1.26269750e-06   9.99998737e-01   3.33560370e-04   3.11076185e-01   5.23388481e-01   9.99999339e-01
    0.0038025779   1.26838894e-06   9.99998732e-01   3.33560371e-04   3.11076188e-01   5.23388485e-01   9.99999336e-01
    0.0038197175   1.27410603e-06   9.99998726e-01   3.33560372e-04   3.11076192e-01   5.23388488e-01   9.99999333e-01
    0.0038369344   1.27984889e-06   9.99998720e-01   3.33560372e-04   3.11076196e-01   5.23388492e-01   9.99999330e-01
    0.0038542289   1.28561764e-06   9.99998714e-01   3.33560373e-04   3.11076199e-01   5.23388495e-01   9.99999327e-01
    0.0038716013   1.29141239e-06   9.99998709e-01   3.33560374e-04   3.11076203e-01   5.23388499e-01   9.99999324e-01
    0.0038890520   1.29723326e-06   9.99998703e-01   3.33560375e-04   3.11076207e-01   5.23388503e-01   9.99999321e-01
    0.0039065814   1.30308036e-06   9.99998697e-01   3.33560376e-04   3.11076211e-01   5.23388506e-01   9.99999318e-01
    0.0039241898   1.30895382e-06   9.99998691e-01   3.33560377e-04   3.11076214e-01   5.23388510e-01   9.99999315e-01
    0.0039418775   1.31485375e-06   9.99998685e-01   3.33560378e-04   3.11076218e-01   5.23388513e-01   9.99999312e-01
    0.0039596450   1.32078028e-06   9.99998679e-01   3.33560379e-04   3.11076222e-01   5.23388517e-01   9.99999309e-01
    0.0039774926   1.32673352e-06   9.99998673e-01   3.33560380e-04   3.11076226e-01   5.23388520e-01   9.99999306e-01
    0.0039954206   1.33271359e-06   9.99998667e-01   3.33560381e-04   3.11076230e-01   5.23388524e-01   9.99999302e-01
    0.0040134294   1.33872062e-06   9.99998661e-01   3.33560382e-04   3.11076234e-01   5.23388528e-01   9.99999299e-01
    0.0040315194   1.34475472e-06   9.99998655e-01   3.33560383e-04   3.11076237e-01   5.23388531e-01   9.99999296e-01
    0.0040496909   1.35081603e-06   9.99998649e-01   3.33560383e-04   3.11076241e-01   5.23388535e-01   9.99999293e-01
    0.0040679443   1.35690465e-06   9.99998643e-01   3.33560384e-04   3.11076245e-01   5.23388539e-01   9.99999290e-01
    0.0040862800   1.36302071e-06   9.99998637e-01   3.33560385e-04   3.11076249e-01   5.23388543e-01   9.99999287e-01
    0.0041046984   1.36916435e-06   9.99998631e-01   3.33560386e-04   3.11076253e-01   5.23388546e-01   9.99999283e-01
    0.0041231998   1.37533567e-06   9.99998625e-01   3.33560387e-04   3.11076257e-01   5.23388550e-01   9.99999280e-01
    0.0041417845   1.38153481e-06   9.99998618e-01   3.33560388e-04   3.11076261e-01   5.23388554e-01   9.99999277e-01
    0.0041604530   1.38776189e-06   9.99998612e-01   3.33560389e-04   3.11076265e-01   5.23388558e-01   9.99999274e-01
    0.0041792057   1.39401704e-06   9.99998606e-01   3.33560390e-04   3.11076269e-01   5.23388562e-01   9.99999270e-01
    0.0041980429   1.40030039e-06   9.99998600e-01   3.33560391e-04   3.11076273e-01   5.23388565e-01   9.99999267e-01
    0.0042169650   1.40661205e-06   9.99998593e-01   3.33560392e-04   3.11076277e-01   5.23388569e-01   9.99999264e-01
    0.0042359724   1.41295217e-06   9.99998587e-01   3.33560393e-04   3.11076281e-01   5.23388573e-01   9.99999260e-01
    0.0042550655   1.41932086e-06   9.99998581e-01   3.33560394e-04   3.11076285e-01   5.23388577e-01   9.99999257e-01
    0.0042742446   1.42571826e-06   9.99998574e-01   3.33560395e-04   3.11076289e-01   5.23388581e-01   9.99999254e-01
    0.0042935102   1.43214449e-06   9.99998568e-01   3.33560396e-04   3.11076294e-01   5.23388585e-01   9.99999250e-01
    0.0043128626   1.43859969e-06   9.99998561e-01   3.33560397e-04   3.11076298e-01   5.23388589e-01   9.99999247e-01
    0.0043323023   1.44508399e-06   9.99998555e-01   3.33560398e-04   3.11076302e-01   5.23388593e-01   9.99999244e-01
    0.0043518295   1.45159751e-06   9.99998548e-01   3.33560399e-04   3.11076306e-01   5.23388597e-01   9.99999240e-01
    0.0043714448   1.45814039e-06   9.99998542e-01   3.33560400e-04   3.11076310e-01   5.23388601e-01   9.99999237e-01
    0.0043911485   1.46471276e-06   9.99998535e-01   3.33560401e-04   3.11076315e-01   5.23388605e-01   9.99999233e-01
    0.0044109410   1.47131476e-06   9.99998529e-01   3.33560402e-04   3.11076319e-01   5.23388609e-01   9.99999230e-01
    0.0044308227   1.47794651e-06   9.99998522e-01   3.33560403e-04   3.11076323e-01   5.23388613e-01   9.99999226e-01
    0.0044507941   1.48460816e-06   9.99998515e-01   3.33560404e-04   3.11076327e-01   5.23388617e-01   9.99999223e-01
    0.0044708554   1.49129983e-06   9.99998509e-01   3.33560405e-04   3.11076332e-01   5.23388621e-01   9.99999219e-01
    0.0044910072   1.49802166e-06   9.99998502e-01   3.33560406e-04   3.11076336e-01   5.23388625e-01   9.99999216e-01
    0.0045112498   1.50477380e-06   9.99998495e-01   3.33560407e-04   3.11076340e-01   5.23388629e-01   9.99999212e-01
    0.0045315836   1.51155636e-06   9.99998488e-01   3.33560409e-04   3.11076345e-01   5.23388633e-01   9.99999209e-01
    0.0045520091   1.51836950e-06   9.99998482e-01   3.33560410e-04   3.11076349e-01   5.23388637e-01   9.99999205e-01
    0.0045725267   1.52521335e-06   9.99998475e-01   3.33560411e-04   3.11076353e-01   5.23388642e-01   9.99999202e-01
    0.0045931367   1.53208804e-06   9.99998468e-01   3.33560412e-04   3.11076358e-01   5.23388646e-01   9.99999198e-01
    0.0046138397   1.53899372e-06   9.99998461e-01   3.33560413e-04   3.11076362e-01   5.23388650e-01   9.99999195e-01
    0.0046346359   1.54593053e-06   9.99998454e-01   3.33560414e-04   3.11076367e-01   5.23388654e-01   9.99999191e-01
    0.0046555259   1.55289861e-06   9.99998447e-01   3.33560415e-04   3.11076371e-01   5.23388658e-01   9.99999187e-01
    0.0046765101   1.55989809e-06   9.99998440e-01   3.33560416e-04   3.11076376e-01   5.23388663e-01   9.99999184e-01
    0.0046975888   1.56692912e-06   9.99998433e-01   3.33560417e-04   3.11076380e-01   5.23388667e-01   9.99999180e-01
    0.0047187626   1.57399184e-06   9.99998426e-01   3.33560418e-04   3.11076385e-01   5.23388671e-01   9.99999176e-01
    0.0047400317   1.58108640e-06   9.99998419e-01   3.33560419e-04   3.11076389e-01   5.23388676e-01   9.99999172e-01
    0.0047613968   1.58821293e-06   9.99998412e-01   3.33560420e-04   3.11076394e-01   5.23388680e-01   9.99999169e-01
    0.0047828581   1.59537159e-06   9.99998405e-01   3.33560422e-04   3.11076399e-01   5.23388684e-01   9.99999165e-01
    0.0048044162   1.60256251e-06   9.99998397e-01   3.33560423e-04   3.11076403e-01   5.23388689e-01   9.99999161e-01
    0.0048260715   1.60978585e-06   9.99998390e-01   3.33560424e-04   3.11076408e-01   5.23388693e-01   9.99999157e-01
    0.0048478243   1.61704174e-06   9.99998383e-01   3.33560425e-04   3.11076412e-01   5.23388698e-01   9.99999154e-01
    0.0048696753   1.62433034e-06   9.99998376e-01   3.33560426e-04   3.11076417e-01   5.23388702e-01   9.99999150e-01
    0.0048916247   1.63165179e-06   9.99998368e-01   3.33560427e-04   3.11076422e-01   5.23388706e-01   9.99999146e-01
    0.0049136730   1.63900625e-06   9.99998361e-01   3.33560428e-04   3.11076427e-01   5.23388711e-01   9.99999142e-01
    0.0049358207   1.64639385e-06   9.99998354e-01   3.33560430e-04   3.11076431e-01   5.23388715e-01   9.99999138e-01
    0.0049580682   1.65381475e-06   9.99998346e-01   3.33560431e-04   3.11076436e-01   5.23388720e-01   9.99999134e-01
    0.0049804161   1.66126909e-06   9.99998339e-01   3.33560432e-04   3.11076441e-01   5.23388725e-01   9.99999131e-01
    0.0050028646   1.66875704e-06   9.99998331e-01   3.33560433e-04   3.11076446e-01   5.23388729e-01   9.99999127e-01
    0.0050254143   1.67627874e-06   9.99998324e-01   3.33560434e-04   3.11076451e-01   5.23388734e-01   9.99999123e-01
    0.0050480657   1.68383434e-06   9.99998316e-01   3.33560435e-04   3.11076455e-01   5.23388738e-01   9.99999119e-01
    0.0050708192   1.69142400e-06   9.99998309e-01   3.33560437e-04   3.11076460e-01   5.23388743e-01   9.99999115e-01
    0.0050936752   1.69904787e-06   9.99998301e-01   3.33560438e-04   3.11076465e-01   5.23388748e-01   9.99999111e-01
    0.0051166343   1.70670610e-06   9.99998293e-01   3.33560439e-04   3.11076470e-01   5.23388752e-01   9.99999107e-01
    0.0051396968   1.71439885e-06   9.99998286e-01   3.33560440e-04   3.11076475e-01   5.23388757e-01   9.99999103e-01
    0.0051628633   1.72212627e-06   9.99998278e-01   3.33560441e-04   3.11076480e-01   5.23388762e-01   9.99999099e-01
    0.0051861342   1.72988852e-06   9.99998270e-01   3.33560443e-04   3.11076485e-01   5.23388766e-01   9.99999095e-01
    0.0052095100   1.73768577e-06   9.99998262e-01   3.33560444e-04   3.11076490e-01   5.23388771e-01   9.99999091e-01
    0.0052329911   1.74551815e-06   9.99998254e-01   3.33560445e-04   3.11076495e-01   5.23388776e-01   9.99999086e-01
    0.0052565781   1.75338584e-06   9.99998247e-01   3.33560446e-04   3.11076500e-01   5.23388781e-01   9.99999082e-01
    0.0052802715   1.76128899e-06   9.99998239e-01   3.33560447e-04   3.11076505e-01   5.23388786e-01   9.99999078e-01
    0.0053040716   1.76922777e-06   9.99998231e-01   3.33560449e-04   3.11076510e-01   5.23388790e-01   9.99999074e-01
    0.0053279789   1.77720232e-06   9.99998223e-01   3.33560450e-04   3.11076515e-01   5.23388795e-01   9.99999070e-01
    0.0053519941   1.78521283e-06   9.99998215e-01   3.33560451e-04   3.11076521e-01   5.23388800e-01   9.99999066e-01
    0.0053761175   1.79325943e-06   9.99998207e-01   3.33560452e-04   3.11076526e-01   5.23388805e-01   9.99999061e-01
    0.0054003496   1.80134231e-06   9.99998199e-01   3.33560454e-04   3.11076531e-01   5.23388810e-01   9.99999057e-01
    0.0054246909   1.80946162e-06   9.99998191e-01   3.33560455e-04   3.11076536e-01   5.23388815e-01   9.99999053e-01
    0.0054491420   1.81761753e-06   9.99998182e-01   3.33560456e-04   3.11076541e-01   5.23388820e-01   9.99999049e-01
    0.0054737033   1.82581019e-06   9.99998174e-01   3.33560457e-04   3.11076547e-01   5.23388825e-01   9.99999044e-01
    0.0054983752   1.83403979e-06   9.99998166e-01   3.33560459e-04   3.11076552e-01   5.23388830e-01   9.99999040e-01
    0.0055231584   1.84230648e-06   9.99998158e-01   3.33560460e-04   3.11076557e-01   5.23388835e-01   9.99999036e-01
    0.0055480533   1.85061043e-06   9.99998149e-01   3.33560461e-04   3.11076563e-01   5.23388840e-01   9.99999031e-01
    0.0055730604   1.85895181e-06   9.99998141e-01   3.33560463e-04   3.11076568e-01   5.23388845e-01   9.99999027e-01
    0.0055981802   1.86733078e-06   9.99998133e-01   3.33560464e-04   3.11076573e-01   5.23388850e-01   9.99999023e-01
    0.0056234133   1.87574753e-06   9.99998124e-01   3.33560465e-04   3.11076579e-01   5.23388855e-01   9.99999018e-01
    0.0056487600   1.88420221e-06   9.99998116e-01   3.33560467e-04   3.11076584e-01   5.23388860e-01   9.99999014e-01
    0.0056742210   1.89269500e-06   9.99998107e-01   3.33560468e-04   3.11076590e-01   5.23388866e-01   9.99999009e-01
    0.0056997968   1.90122607e-06   9.99998099e-01   3.33560469e-04   3.11076595e-01   5.23388871e-01   9.99999005e-01
    0.0057254879   1.90979559e-06   9.99998090e-01   3.33560471e-04   3.11076601e-01   5.23388876e-01   9.99999000e-01
    0.0057512947   1.91840374e-06   9.99998082e-01   3.33560472e-04   3.11076606e-01   5.23388881e-01   9.99998996e-01
    0.0057772179   1.92705069e-06   9.99998073e-01   3.33560473e-04   3.11076612e-01   5.23388887e-01   9.99998991e-01
    0.0058032579   1.93573661e-06   9.99998064e-01   3.33560475e-04   3.11076617e-01   5.23388892e-01   9.99998987e-01
    0.0058294153   1.94446168e-06   9.99998056e-01   3.33560476e-04   3.11076623e-01   5.23388897e-01   9.99998982e-01
    0.0058556906   1.95322608e-06   9.99998047e-01   3.33560477e-04   3.11076629e-01   5.23388903e-01   9.99998978e-01
    0.0058820844   1.96202999e-06   9.99998038e-01   3.33560479e-04   3.11076634e-01   5.23388908e-01   9.99998973e-01
    0.0059085971   1.97087358e-06   9.99998029e-01   3.33560480e-04   3.11076640e-01   5.23388913e-01   9.99998968e-01
    0.0059352293   1.97975703e-06   9.99998020e-01   3.33560481e-04   3.11076646e-01   5.23388919e-01   9.99998964e-01
    0.0059619815   1.98868052e-06   9.99998011e-01   3.33560483e-04   3.11076651e-01   5.23388924e-01   9.99998959e-01
    0.0059888543   1.99764423e-06   9.99998002e-01   3.33560484e-04   3.11076657e-01   5.23388930e-01   9.99998954e-01
    0.0060158483   2.00664834e-06   9.99997993e-01   3.33560486e-04   3.11076663e-01   5.23388935e-01   9.99998950e-01
    0.0060429639   2.01569304e-06   9.99997984e-01   3.33560487e-04   3.11076669e-01   5.23388941e-01   9.99998945e-01
    0.0060702017   2.02477851e-06   9.99997975e-01   3.33560488e-04   3.11076675e-01   5.23388946e-01   9.99998940e-01
    0.0060975624   2.03390493e-06   9.99997966e-01   3.33560490e-04   3.11076680e-01   5.23388952e-01   9.99998935e-01
    0.0061250463   2.04307248e-06   9.99997957e-01   3.33560491e-04   3.11076686e-01   5.23388957e-01   9.99998931e-01
    0.0061526541   2.05228136e-06   9.99997948e-01   3.33560493e-04   3.11076692e-01   5.23388963e-01   9.99998926e-01
    0.0061803864   2.06153174e-06   9.99997938e-01   3.33560494e-04   3.11076698e-01   5.23388969e-01   9.99998921e-01
    0.0062082436   2.07082382e-06   9.99997929e-01   3.33560496e-04   3.11076704e-01   5.23388974e-01   9.99998916e-01
    0.0062362264   2.08015778e-06   9.99997920e-01   3.33560497e-04   3.11076710e-01   5.23388980e-01   9.99998911e-01
    0.0062643354   2.08953382e-06   9.99997910e-01   3.33560499e-04   3.11076716e-01   5.23388986e-01   9.99998906e-01
    0.0062925710   2.09895211e-06   9.99997901e-01   3.33560500e-04   3.11076722e-01   5.23388991e-01   9.99998901e-01
    0.0063209339   2.10841286e-06   9.99997892e-01   3.33560501e-04   3.11076728e-01   5.23388997e-01   9.99998896e-01
    0.0063494247   2.11791625e-06   9.99997882e-01   3.33560503e-04   3.11076734e-01   5.23389003e-01   9.99998892e-01
    0.0063780438   2.12746247e-06   9.99997873e-01   3.33560504e-04   3.11076741e-01   5.23389009e-01   9.99998887e-01
    0.0064067920   2.13705173e-06   9.99997863e-01   3.33560506e-04   3.11076747e-01   5.23389015e-01   9.99998881e-01
    0.0064356698   2.14668420e-06   9.99997853e-01   3.33560507e-04   3.11076753e-01   5.23389021e-01   9.99998876e-01
    0.0064646777   2.15636009e-06   9.99997844e-01   3.33560509e-04   3.11076759e-01   5.23389026e-01   9.99998871e-01
    0.0064938163   2.16607960e-06   9.99997834e-01   3.33560510e-04   3.11076765e-01   5.23389032e-01   9.99998866e-01
    0.0065230863   2.17584291e-06   9.99997824e-01   3.33560512e-04   3.11076772e-01   5.23389038e-01   9.99998861e-01
    0.0065524882   2.18565024e-06   9.99997814e-01   3.33560513e-04   3.11076778e-01   5.23389044e-01   9.99998856e-01
    0.0065820227   2.19550176e-06   9.99997805e-01   3.33560515e-04   3.11076784e-01   5.23389050e-01   9.99998851e-01
    0.0066116903   2.20539769e-06   9.99997795e-01   3.33560517e-04   3.11076791e-01   5.23389056e-01   9.99998846e-01
    0.0066414916   2.21533823e-06   9.99997785e-01   3.33560518e-04   3.11076797e-01   5.23389062e-01   9.99998841e-01
    0.0066714272   2.22532357e-06   9.99997775e-01   3.33560520e-04   3.11076803e-01   5.23389068e-01   9.99998835e-01
    0.0067014977   2.23535392e-06   9.99997765e-01   3.33560521e-04   3.11076810e-01   5.23389075e-01   9.99998830e-01
    0.0067317038   2.24542948e-06   9.99997755e-01   3.33560523e-04   3.11076816e-01   5.23389081e-01   9.99998825e-01
    0.0067620461   2.25555045e-06   9.99997744e-01   3.33560524e-04   3.11076823e-01   5.23389087e-01   9.99998819e-01
    0.0067925251   2.26571705e-06   9.99997734e-01   3.33560526e-04   3.11076829e-01   5.23389093e-01   9.99998814e-01
    0.0068231415   2.27592946e-06   9.99997724e-01   3.33560528e-04   3.11076836e-01   5.23389099e-01   9.99998809e-01
    0.0068538958   2.28618791e-06   9.99997714e-01   3.33560529e-04   3.11076843e-01   5.23389106e-01   9.99998803e-01
    0.0068847888   2.29649260e-06   9.99997704e-01   3.33560531e-04   3.11076849e-01   5.23389112e-01   9.99998798e-01
    0.0069158211   2.30684373e-06   9.99997693e-01   3.33560532e-04   3.11076856e-01   5.23389118e-01   9.99998793e-01
    0.0069469932   2.31724152e-06   9.99997683e-01   3.33560534e-04   3.11076863e-01   5.23389125e-01   9.99998787e-01
    0.0069783058   2.32768618e-06   9.99997672e-01   3.33560536e-04   3.11076869e-01   5.23389131e-01   9.99998782e-01
    0.0070097596   2.33817792e-06   9.99997662e-01   3.33560537e-04   3.11076876e-01   5.23389137e-01   9.99998776e-01
    0.0070413552   2.34871694e-06   9.99997651e-01   3.33560539e-04   3.11076883e-01   5.23389144e-01   9.99998771e-01
    0.0070730931   2.35930347e-06   9.99997641e-01   3.33560541e-04   3.11076890e-01   5.23389150e-01   9.99998765e-01
    0.0071049741   2.36993772e-06   9.99997630e-01   3.33560542e-04   3.11076896e-01   5.23389157e-01   9.99998760e-01
    0.0071369988   2.38061990e-06   9.99997619e-01   3.33560544e-04   3.11076903e-01   5.23389163e-01   9.99998754e-01
    0.0071691679   2.39135022e-06   9.99997609e-01   3.33560546e-04   3.11076910e-01   5.23389170e-01   9.99998748e-01
    0.0072014819   2.40212891e-06   9.99997598e-01   3.33560547e-04   3.11076917e-01   5.23389176e-01   9.99998743e-01
    0.0072339416   2.41295619e-06   9.99997587e-01   3.33560549e-04   3.11076924e-01   5.23389183e-01   9.99998737e-01
    0.0072665476   2.42383227e-06   9.99997576e-01   3.33560551e-04   3.11076931e-01   5.23389190e-01   9.99998731e-01
    0.0072993006   2.43475737e-06   9.99997565e-01   3.33560552e-04   3.11076938e-01   5.23389196e-01   9.99998726e-01
    0.0073322012   2.44573172e-06   9.99997554e-01   3.33560554e-04   3.11076945e-01   5.23389203e-01   9.99998720e-01
    0.0073652501   2.45675553e-06   9.99997543e-01   3.33560556e-04   3.11076952e-01   5.23389210e-01   9.99998714e-01
    0.0073984480   2.46782902e-06   9.99997532e-01   3.33560557e-04   3.11076959e-01   5.23389216e-01   9.99998708e-01
    0.0074317955   2.47895243e-06   9.99997521e-01   3.33560559e-04   3.11076966e-01   5.23389223e-01   9.99998703e-01
    0.0074652933   2.49012598e-06   9.99997510e-01   3.33560561e-04   3.11076974e-01   5.23389230e-01   9.99998697e-01
    0.0074989421   2.50134989e-06   9.99997499e-01   3.33560563e-04   3.11076981e-01   5.23389237e-01   9.99998691e-01
    0.0075327426   2.51262440e-06   9.99997487e-01   3.33560564e-04   3.11076988e-01   5.23389244e-01   9.99998685e-01
    0.0075666954   2.52394972e-06   9.99997476e-01   3.33560566e-04   3.11076995e-01   5.23389251e-01   9.99998679e-01
    0.0076008012   2.53532608e-06   9.99997465e-01   3.33560568e-04   3.11077003e-01   5.23389258e-01   9.99998673e-01
    0.0076350608   2.54675373e-06   9.99997453e-01   3.33560570e-04   3.11077010e-01   5.23389265e-01   9.99998667e-01
    0.0076694748   2.55823288e-06   9.99997442e-01   3.33560571e-04   3.11077017e-01   5.23389272e-01   9.99998661e-01
    0.0077040439   2.56976378e-06   9.99997430e-01   3.33560573e-04   3.11077025e-01   5.23389279e-01   9.99998655e-01
    0.0077387689   2.58134664e-06   9.99997419e-01   3.33560575e-04   3.11077032e-01   5.23389286e-01   9.99998649e-01
    0.0077736503   2.59298172e-06   9.99997407e-01   3.33560577e-04   3.11077040e-01   5.23389293e-01   9.99998643e-01
    0.0078086890   2.60466924e-06   9.99997395e-01   3.33560579e-04   3.11077047e-01   5.23389300e-01   9.99998637e-01
    0.0078438856   2.61640944e-06   9.99997384e-01   3.33560581e-04   3.11077055e-01   5.23389307e-01   9.99998631e-01
    0.0078792408   2.62820256e-06   9.99997372e-01   3.33560582e-04   3.11077062e-01   5.23389314e-01   9.99998624e-01
    0.0079147554   2.64004883e-06   9.99997360e-01   3.33560584e-04   3.11077070e-01   5.23389321e-01   9.99998618e-01
    0.0079504301   2.65194850e-06   9.99997348e-01   3.33560586e-04   3.11077078e-01   5.23389329e-01   9.99998612e-01
    0.0079862656   2.66390181e-06   9.99997336e-01   3.33560588e-04   3.11077085e-01   5.23389336e-01   9.99998606e-01
    0.0080222626   2.67590899e-06   9.99997324e-01   3.33560590e-04   3.11077093e-01   5.23389343e-01   9.99998599e-01
    0.0080584219   2.68797029e-06   9.99997312e-01   3.33560592e-04   3.11077101e-01   5.23389351e-01   9.99998593e-01
    0.0080947441   2.70008596e-06   9.99997300e-01   3.33560594e-04   3.11077109e-01   5.23389358e-01   9.99998587e-01
    0.0081312301   2.71225624e-06   9.99997288e-01   3.33560595e-04   3.11077116e-01   5.23389365e-01   9.99998580e-01
    0.0081678805   2.72448138e-06   9.99997276e-01   3.33560597e-04   3.11077124e-01   5.23389373e-01   9.99998574e-01
    0.0082046961   2.73676161e-06   9.99997263e-01   3.33560599e-04   3.11077132e-01   5.23389380e-01   9.99998568e-01
    0.0082416777   2.74909720e-06   9.99997251e-01   3.33560601e-04   3.11077140e-01   5.23389388e-01   9.99998561e-01
    0.0082788259   2.76148839e-06   9.99997239e-01   3.33560603e-04   3.11077148e-01   5.23389395e-01   9.99998555e-01
    0.0083161416   2.77393544e-06   9.99997226e-01   3.33560605e-04   3.11077156e-01   5.23389403e-01   9.99998548e-01
    0.0083536255   2.78643858e-06   9.99997214e-01   3.33560607e-04   3.11077164e-01   5.23389411e-01   9.99998542e-01
    0.0083912783   2.79899808e-06   9.99997201e-01   3.33560609e-04   3.11077172e-01   5.23389418e-01   9.99998535e-01
    0.0084291009   2.81161420e-06   9.99997188e-01   3.33560611e-04   3.11077180e-01   5.23389426e-01   9.99998528e-01
    0.0084670939   2.82428717e-06   9.99997176e-01   3.33560613e-04   3.11077188e-01   5.23389434e-01   9.99998522e-01
    0.0085052582   2.83701727e-06   9.99997163e-01   3.33560615e-04   3.11077197e-01   5.23389442e-01   9.99998515e-01
    0.0085435945   2.84980475e-06   9.99997150e-01   3.33560617e-04   3.11077205e-01   5.23389449e-01   9.99998508e-01
    0.0085821035   2.86264987e-06   9.99997137e-01   3.33560619e-04   3.11077213e-01   5.23389457e-01   9.99998502e-01
    0.0086207862   2.87555288e-06   9.99997124e-01   3.33560621e-04   3.11077221e-01   5.23389465e-01   9.99998495e-01
    0.0086596432   2.88851406e-06   9.99997111e-01   3.33560623e-04   3.11077230e-01   5.23389473e-01   9.99998488e-01
    0.0086986754   2.90153365e-06   9.99997098e-01   3.33560625e-04   3.11077238e-01   5.23389481e-01   9.99998481e-01
    0.0087378835   2.91461193e-06   9.99997085e-01   3.33560627e-04   3.11077247e-01   5.23389489e-01   9.99998475e-01
    0.0087772683   2.92774915e-06   9.99997072e-01   3.33560629e-04   3.11077255e-01   5.23389497e-01   9.99998468e-01
    0.0088168307   2.94094560e-06   9.99997059e-01   3.33560631e-04   3.11077263e-01   5.23389505e-01   9.99998461e-01
    0.0088565713   2.95420152e-06   9.99997046e-01   3.33560633e-04   3.11077272e-01   5.23389513e-01   9.99998454e-01
    0.0088964911   2.96751719e-06   9.99997032e-01   3.33560635e-04   3.11077281e-01   5.23389521e-01   9.99998447e-01
    0.0089365909   2.98089288e-06   9.99997019e-01   3.33560637e-04   3.11077289e-01   5.23389529e-01   9.99998440e-01
    0.0089768713   2.99432886e-06   9.99997006e-01   3.33560639e-04   3.11077298e-01   5.23389537e-01   9.99998433e-01
    0.0090173334   3.00782540e-06   9.99996992e-01   3.33560641e-04   3.11077306e-01   5.23389546e-01   9.99998426e-01
    0.0090579778   3.02138277e-06   9.99996979e-01   3.33560644e-04   3.11077315e-01   5.23389554e-01   9.99998419e-01
    0.0090988054   3.03500126e-06   9.99996965e-01   3.33560646e-04   3.11077324e-01   5.23389562e-01   9.99998412e-01
    0.0091398170   3.04868112e-06   9.99996951e-01   3.33560648e-04   3.11077333e-01   5.23389571e-01   9.99998404e-01
    0.0091810135   3.06242265e-06   9.99996938e-01   3.33560650e-04   3.11077342e-01   5.23389579e-01   9.99998397e-01
    0.0092223957   3.07622611e-06   9.99996924e-01   3.33560652e-04   3.11077350e-01   5.23389587e-01   9.99998390e-01
    0.0092639643   3.09009179e-06   9.99996910e-01   3.33560654e-04   3.11077359e-01   5.23389596e-01   9.99998383e-01
    0.0093057204   3.10401997e-06   9.99996896e-01   3.33560656e-04   3.11077368e-01   5.23389604e-01   9.99998375e-01
    0.0093476647   3.11801093e-06   9.99996882e-01   3.33560659e-04   3.11077377e-01   5.23389613e-01   9.99998368e-01
    0.0093897980   3.13206495e-06   9.99996868e-01   3.33560661e-04   3.11077386e-01   5.23389621e-01   9.99998361e-01
    0.0094321213   3.14618232e-06   9.99996854e-01   3.33560663e-04   3.11077395e-01   5.23389630e-01   9.99998353e-01
    0.0094746353   3.16036332e-06   9.99996840e-01   3.33560665e-04   3.11077405e-01   5.23389639e-01   9.99998346e-01
    0.0095173409   3.17460824e-06   9.99996825e-01   3.33560667e-04   3.11077414e-01   5.23389647e-01   9.99998338e-01
    0.0095602390   3.18891737e-06   9.99996811e-01   3.33560670e-04   3.11077423e-01   5.23389656e-01   9.99998331e-01
    0.0096033305   3.20329099e-06   9.99996797e-01   3.33560672e-04   3.11077432e-01   5.23389665e-01   9.99998323e-01
    0.0096466162   3.21772940e-06   9.99996782e-01   3.33560674e-04   3.11077441e-01   5.23389674e-01   9.99998316e-01
    0.0096900970   3.23223289e-06   9.99996768e-01   3.33560676e-04   3.11077451e-01   5.23389683e-01   9.99998308e-01
    0.0097337738   3.24680175e-06   9.99996753e-01   3.33560679e-04   3.11077460e-01   5.23389691e-01   9.99998301e-01
    0.0097776475   3.26143628e-06   9.99996739e-01   3.33560681e-04   3.11077469e-01   5.23389700e-01   9.99998293e-01
    0.0098217189   3.27613677e-06   9.99996724e-01   3.33560683e-04   3.11077479e-01   5.23389709e-01   9.99998285e-01
    0.0098659890   3.29090353e-06   9.99996709e-01   3.33560686e-04   3.11077488e-01   5.23389718e-01   9.99998278e-01
    0.0099104586   3.30573684e-06   9.99996694e-01   3.33560688e-04   3.11077498e-01   5.23389727e-01   9.99998270e-01
    0.0099551286   3.32063701e-06   9.99996679e-01   3.33560690e-04   3.11077508e-01   5.23389736e-01   9.99998262e-01
    0.0100000000   3.33560434e-06   9.99996664e-01   3.33560693e-04   3.11077517e-01   5.23389746e-01   9.99998254e-01
    0.0100450736   3.35063914e-06   9.99996649e-01   3.33560695e-04   3.11077527e-01   5.23389755e-01   9.99998246e-01
    0.0100903504   3.36574170e-06   9.99996634e-01   3.33560697e-04   3.11077537e-01   5.23389764e-01   9.99998238e-01
    0.0101358313   3.38091234e-06   9.99996619e-01   3.33560700e-04   3.11077546e-01   5.23389773e-01   9.99998230e-01
    0.0101815172   3.39615135e-06   9.99996604e-01   3.33560702e-04   3.11077556e-01   5.23389782e-01   9.99998222e-01
    0.0102274090   3.41145906e-06   9.99996589e-01   3.33560704e-04   3.11077566e-01   5.23389792e-01   9.99998214e-01
    0.0102735077   3.42683576e-06   9.99996573e-01   3.33560707e-04   3.11077576e-01   5.23389801e-01   9.99998206e-01
    0.0103198141   3.44228177e-06   9.99996558e-01   3.33560709e-04   3.11077586e-01   5.23389811e-01   9.99998198e-01
    0.0103663293   3.45779740e-06   9.99996542e-01   3.33560712e-04   3.11077596e-01   5.23389820e-01   9.99998190e-01
    0.0104130541   3.47338296e-06   9.99996527e-01   3.33560714e-04   3.11077606e-01   5.23389830e-01   9.99998182e-01
    0.0104599895   3.48903878e-06   9.99996511e-01   3.33560716e-04   3.11077616e-01   5.23389839e-01   9.99998174e-01
    0.0105071365   3.50476516e-06   9.99996495e-01   3.33560719e-04   3.11077626e-01   5.23389849e-01   9.99998166e-01
    0.0105544960   3.52056242e-06   9.99996479e-01   3.33560721e-04   3.11077636e-01   5.23389858e-01   9.99998157e-01
    0.0106020690   3.53643089e-06   9.99996464e-01   3.33560724e-04   3.11077646e-01   5.23389868e-01   9.99998149e-01
    0.0106498564   3.55237089e-06   9.99996448e-01   3.33560726e-04   3.11077657e-01   5.23389878e-01   9.99998141e-01
    0.0106978591   3.56838273e-06   9.99996432e-01   3.33560729e-04   3.11077667e-01   5.23389888e-01   9.99998132e-01
    0.0107460783   3.58446675e-06   9.99996416e-01   3.33560731e-04   3.11077677e-01   5.23389897e-01   9.99998124e-01
    0.0107945148   3.60062326e-06   9.99996399e-01   3.33560734e-04   3.11077688e-01   5.23389907e-01   9.99998115e-01
    0.0108431696   3.61685259e-06   9.99996383e-01   3.33560736e-04   3.11077698e-01   5.23389917e-01   9.99998107e-01
    0.0108920437   3.63315508e-06   9.99996367e-01   3.33560739e-04   3.11077708e-01   5.23389927e-01   9.99998098e-01
    0.0109411381   3.64953105e-06   9.99996350e-01   3.33560741e-04   3.11077719e-01   5.23389937e-01   9.99998090e-01
    0.0109904538   3.66598082e-06   9.99996334e-01   3.33560744e-04   3.11077730e-01   5.23389947e-01   9.99998081e-01
    0.0110399918   3.68250475e-06   9.99996318e-01   3.33560747e-04   3.11077740e-01   5.23389957e-01   9.99998073e-01
    0.0110897530   3.69910315e-06   9.99996301e-01   3.33560749e-04   3.11077751e-01   5.23389967e-01   9.99998064e-01
    0.0111397386   3.71577637e-06   9.99996284e-01   3.33560752e-04   3.11077762e-01   5.23389977e-01   9.99998055e-01
    0.0111899495   3.73252475e-06   9.99996267e-01   3.33560754e-04   3.11077772e-01   5.23389988e-01   9.99998046e-01
    0.0112403866   3.74934861e-06   9.99996251e-01   3.33560757e-04   3.11077783e-01   5.23389998e-01   9.99998038e-01
    0.0112910512   3.76624830e-06   9.99996234e-01   3.33560760e-04   3.11077794e-01   5.23390008e-01   9.99998029e-01
    0.0113419440   3.78322417e-06   9.99996217e-01   3.33560762e-04   3.11077805e-01   5.23390019e-01   9.99998020e-01
    0.0113930663   3.80027656e-06   9.99996200e-01   3.33560765e-04   3.11077816e-01   5.23390029e-01   9.99998011e-01
    0.0114444190   3.81740580e-06   9.99996183e-01   3.33560768e-04   3.11077827e-01   5.23390039e-01   9.99998002e-01
    0.0114960032   3.83461226e-06   9.99996165e-01   3.33560770e-04   3.11077838e-01   5.23390050e-01   9.99997993e-01
    0.0115478198   3.85189627e-06   9.99996148e-01   3.33560773e-04   3.11077849e-01   5.23390060e-01   9.99997984e-01
    0.0115998701   3.86925818e-06   9.99996131e-01   3.33560776e-04   3.11077860e-01   5.23390071e-01   9.99997975e-01
    0.0116521549   3.88669835e-06   9.99996113e-01   3.33560778e-04   3.11077871e-01   5.23390082e-01   9.99997966e-01
    0.0117046754   3.90421714e-06   9.99996096e-01   3.33560781e-04   3.11077883e-01   5.23390092e-01   9.99997957e-01
    0.0117574327   3.92181488e-06   9.99996078e-01   3.33560784e-04   3.11077894e-01   5.23390103e-01   9.99997947e-01
    0.0118104277   3.93949194e-06   9.99996061e-01   3.33560787e-04   3.11077905e-01   5.23390114e-01   9.99997938e-01
    0.0118636616   3.95724869e-06   9.99996043e-01   3.33560789e-04   3.11077917e-01   5.23390125e-01   9.99997929e-01
    0.0119171354   3.97508546e-06   9.99996025e-01   3.33560792e-04   3.11077928e-01   5.23390136e-01   9.99997919e-01
    0.0119708503   3.99300264e-06   9.99996007e-01   3.33560795e-04   3.11077940e-01   5.23390146e-01   9.99997910e-01
    0.0120248073   4.01100057e-06   9.99995989e-01   3.33560798e-04   3.11077951e-01   5.23390157e-01   9.99997901e-01
    0.0120790075   4.02907963e-06   9.99995971e-01   3.33560800e-04   3.11077963e-01   5.23390168e-01   9.99997891e-01
    0.0121334520   4.04724018e-06   9.99995953e-01   3.33560803e-04   3.11077975e-01   5.23390180e-01   9.99997882e-01
    0.0121881418   4.06548258e-06   9.99995935e-01   3.33560806e-04   3.11077986e-01   5.23390191e-01   9.99997872e-01
    0.0122430782   4.08380721e-06   9.99995916e-01   3.33560809e-04   3.11077998e-01   5.23390202e-01   9.99997863e-01
    0.0122982623   4.10221443e-06   9.99995898e-01   3.33560812e-04   3.11078010e-01   5.23390213e-01   9.99997853e-01
    0.0123536950   4.12070463e-06   9.99995879e-01   3.33560815e-04   3.11078022e-01   5.23390224e-01   9.99997843e-01
    0.0124093776   4.13927816e-06   9.99995861e-01   3.33560818e-04   3.11078034e-01   5.23390236e-01   9.99997834e-01
    0.0124653112   4.15793541e-06   9.99995842e-01   3.33560821e-04   3.11078046e-01   5.23390247e-01   9.99997824e-01
    0.0125214969   4.17667676e-06   9.99995823e-01   3.33560823e-04   3.11078058e-01   5.23390258e-01   9.99997814e-01
    0.0125779358   4.19550258e-06   9.99995805e-01   3.33560826e-04   3.11078070e-01   5.23390270e-01   9.99997804e-01
    0.0126346292   4.21441326e-06   9.99995786e-01   3.33560829e-04   3.11078082e-01   5.23390282e-01   9.99997794e-01
    0.0126915781   4.23340917e-06   9.99995767e-01   3.33560832e-04   3.11078094e-01   5.23390293e-01   9.99997784e-01
    0.0127487836   4.25249071e-06   9.99995748e-01   3.33560835e-04   3.11078107e-01   5.23390305e-01   9.99997774e-01
    0.0128062470   4.27165825e-06   9.99995728e-01   3.33560838e-04   3.11078119e-01   5.23390316e-01   9.99997764e-01
    0.0128639694   4.29091219e-06   9.99995709e-01   3.33560841e-04   3.11078131e-01   5.23390328e-01   9.99997754e-01
    0.0129219520   4.31025292e-06   9.99995690e-01   3.33560844e-04   3.11078144e-01   5.23390340e-01   9.99997744e-01
    0.0129801960   4.32968082e-06   9.99995670e-01   3.33560847e-04   3.11078156e-01   5.23390352e-01   9.99997734e-01
    0.0130387025   4.34919628e-06   9.99995651e-01   3.33560850e-04   3.11078169e-01   5.23390364e-01   9.99997724e-01
    0.0130974726   4.36879972e-06   9.99995631e-01   3.33560853e-04   3.11078181e-01   5.23390376e-01   9.99997713e-01
    0.0131565077   4.38849151e-06   9.99995612e-01   3.33560856e-04   3.11078194e-01   5.23390388e-01   9.99997703e-01
    0.0132158089   4.40827206e-06   9.99995592e-01   3.33560860e-04   3.11078207e-01   5.23390400e-01   9.99997693e-01
    0.0132753774   4.42814177e-06   9.99995572e-01   3.33560863e-04   3.11078219e-01   5.23390412e-01   9.99997682e-01
    0.0133352143   4.44810103e-06   9.99995552e-01   3.33560866e-04   3.11078232e-01   5.23390424e-01   9.99997672e-01
    0.0133953210   4.46815027e-06   9.99995532e-01   3.33560869e-04   3.11078245e-01   5.23390436e-01   9.99997661e-01
    0.0134556986   4.48828987e-06   9.99995512e-01   3.33560872e-04   3.11078258e-01   5.23390449e-01   9.99997651e-01
    0.0135163483   4.50852025e-06   9.99995492e-01   3.33560875e-04   3.11078271e-01   5.23390461e-01   9.99997640e-01
    0.0135772714   4.52884181e-06   9.99995471e-01   3.33560878e-04   3.11078284e-01   5.23390473e-01   9.99997630e-01
    0.0136384691   4.54925497e-06   9.99995451e-01   3.33560881e-04   3.11078297e-01   5.23390486e-01   9.99997619e-01
    0.0136999427   4.56976014e-06   9.99995430e-01   3.33560885e-04   3.11078311e-01   5.23390498e-01   9.99997608e-01
    0.0137616933   4.59035774e-06   9.99995410e-01   3.33560888e-04   3.11078324e-01   5.23390511e-01   9.99997597e-01
    0.0138237223   4.61104818e-06   9.99995389e-01   3.33560891e-04   3.11078337e-01   5.23390523e-01   9.99997587e-01
    0.0138860308   4.63183187e-06   9.99995368e-01   3.33560894e-04   3.11078350e-01   5.23390536e-01   9.99997576e-01
    0.0139486202   4.65270925e-06   9.99995347e-01   3.33560898e-04   3.11078364e-01   5.23390549e-01   9.99997565e-01
    0.0140114917   4.67368073e-06   9.99995326e-01   3.33560901e-04   3.11078377e-01   5.23390562e-01   9.99997554e-01
    0.0140746466   4.69474673e-06   9.99995305e-01   3.33560904e-04   3.11078391e-01   5.23390574e-01   9.99997543e-01
    0.0141380862   4.71590769e-06   9.99995284e-01   3.33560907e-04   3.11078404e-01   5.23390587e-01   9.99997532e-01
    0.0142018117   4.73716403e-06   9.99995263e-01   3.33560911e-04   3.11078418e-01   5.23390600e-01   9.99997521e-01
    0.0142658244   4.75851617e-06   9.99995242e-01   3.33560914e-04   3.11078432e-01   5.23390613e-01   9.99997509e-01
    0.0143301257   4.77996456e-06   9.99995220e-01   3.33560917e-04   3.11078446e-01   5.23390626e-01   9.99997498e-01
    0.0143947168   4.80150963e-06   9.99995199e-01   3.33560921e-04   3.11078459e-01   5.23390640e-01   9.99997487e-01
    0.0144595990   4.82315181e-06   9.99995177e-01   3.33560924e-04   3.11078473e-01   5.23390653e-01   9.99997476e-01
    0.0145247737   4.84489153e-06   9.99995155e-01   3.33560928e-04   3.11078487e-01   5.23390666e-01   9.99997464e-01
    0.0145902422   4.86672925e-06   9.99995133e-01   3.33560931e-04   3.11078501e-01   5.23390679e-01   9.99997453e-01
    0.0146560057   4.88866540e-06   9.99995111e-01   3.33560934e-04   3.11078516e-01   5.23390693e-01   9.99997441e-01
    0.0147220656   4.91070042e-06   9.99995089e-01   3.33560938e-04   3.11078530e-01   5.23390706e-01   9.99997430e-01
    0.0147884234   4.93283476e-06   9.99995067e-01   3.33560941e-04   3.11078544e-01   5.23390720e-01   9.99997418e-01
    0.0148550802   4.95506887e-06   9.99995045e-01   3.33560945e-04   3.11078558e-01   5.23390733e-01   9.99997407e-01
    0.0149220374   4.97740319e-06   9.99995023e-01   3.33560948e-04   3.11078573e-01   5.23390747e-01   9.99997395e-01
    0.0149892965   4.99983819e-06   9.99995000e-01   3.33560952e-04   3.11078587e-01   5.23390760e-01   9.99997383e-01
    0.0150568587   5.02237431e-06   9.99994978e-01   3.33560955e-04   3.11078601e-01   5.23390774e-01   9.99997371e-01
    0.0151247255   5.04501200e-06   9.99994955e-01   3.33560959e-04   3.11078616e-01   5.23390788e-01   9.99997360e-01
    0.0151928981   5.06775174e-06   9.99994932e-01   3.33560962e-04   3.11078631e-01   5.23390802e-01   9.99997348e-01
    0.0152613780   5.09059397e-06   9.99994909e-01   3.33560966e-04   3.11078645e-01   5.23390816e-01   9.99997336e-01
    0.0153301666   5.11353916e-06   9.99994886e-01   3.33560969e-04   3.11078660e-01   5.23390830e-01   9.99997324e-01
    0.0153992653   5.13658777e-06   9.99994863e-01   3.33560973e-04   3.11078675e-01   5.23390844e-01   9.99997312e-01
    0.0154686754   5.15974027e-06   9.99994840e-01   3.33560977e-04   3.11078690e-01   5.23390858e-01   9.99997299e-01
    0.0155383983   5.18299712e-06   9.99994817e-01   3.33560980e-04   3.11078705e-01   5.23390872e-01   9.99997287e-01
    0.0156084355   5.20635881e-06   9.99994794e-01   3.33560984e-04   3.11078720e-01   5.23390886e-01   9.99997275e-01
    0.0156787884   5.22982579e-06   9.99994770e-01   3.33560987e-04   3.11078735e-01   5.23390901e-01   9.99997263e-01
    0.0157494584   5.25339855e-06   9.99994747e-01   3.33560991e-04   3.11078750e-01   5.23390915e-01   9.99997250e-01
    0.0158204470   5.27707756e-06   9.99994723e-01   3.33560995e-04   3.11078765e-01   5.23390930e-01   9.99997238e-01
    0.0158917555   5.30086330e-06   9.99994699e-01   3.33560999e-04   3.11078780e-01   5.23390944e-01   9.99997226e-01
    0.0159633854   5.32475625e-06   9.99994675e-01   3.33561002e-04   3.11078796e-01   5.23390959e-01   9.99997213e-01
    0.0160353382   5.34875690e-06   9.99994651e-01   3.33561006e-04   3.11078811e-01   5.23390973e-01   9.99997201e-01
    0.0161076153   5.37286572e-06   9.99994627e-01   3.33561010e-04   3.11078827e-01   5.23390988e-01   9.99997188e-01
    0.0161802182   5.39708322e-06   9.99994603e-01   3.33561013e-04   3.11078842e-01   5.23391003e-01   9.99997175e-01
    0.0162531484   5.42140987e-06   9.99994579e-01   3.33561017e-04   3.11078858e-01   5.23391018e-01   9.99997163e-01
    0.0163264072   5.44584617e-06   9.99994554e-01   3.33561021e-04   3.11078874e-01   5.23391032e-01   9.99997150e-01
    0.0163999963   5.47039261e-06   9.99994530e-01   3.33561025e-04   3.11078889e-01   5.23391047e-01   9.99997137e-01
    0.0164739171   5.49504970e-06   9.99994505e-01   3.33561029e-04   3.11078905e-01   5.23391062e-01   9.99997124e-01
    0.0165481710   5.51981792e-06   9.99994480e-01   3.33561033e-04   3.11078921e-01   5.23391078e-01   9.99997111e-01
    0.0166227596   5.54469778e-06   9.99994455e-01   3.33561036e-04   3.11078937e-01   5.23391093e-01   9.99997098e-01
    0.0166976845   5.56968979e-06   9.99994430e-01   3.33561040e-04   3.11078953e-01   5.23391108e-01   9.99997085e-01
    0.0167729470   5.59479444e-06   9.99994405e-01   3.33561044e-04   3.11078969e-01   5.23391123e-01   9.99997072e-01
    0.0168485488   5.62001225e-06   9.99994380e-01   3.33561048e-04   3.11078986e-01   5.23391139e-01   9.99997059e-01
    0.0169244913   5.64534372e-06   9.99994355e-01   3.33561052e-04   3.11079002e-01   5.23391154e-01   9.99997045e-01
    0.0170007762   5.67078938e-06   9.99994329e-01   3.33561056e-04   3.11079018e-01   5.23391170e-01   9.99997032e-01
    0.0170774049   5.69634973e-06   9.99994304e-01   3.33561060e-04   3.11079035e-01   5.23391185e-01   9.99997019e-01
    0.0171543790   5.72202528e-06   9.99994278e-01   3.33561064e-04   3.11079051e-01   5.23391201e-01   9.99997005e-01
    0.0172317000   5.74781657e-06   9.99994252e-01   3.33561068e-04   3.11079068e-01   5.23391217e-01   9.99996992e-01
    0.0173093695   5.77372411e-06   9.99994226e-01   3.33561072e-04   3.11079084e-01   5.23391232e-01   9.99996978e-01
    0.0173873892   5.79974842e-06   9.99994200e-01   3.33561076e-04   3.11079101e-01   5.23391248e-01   9.99996964e-01
    0.0174657605   5.82589004e-06   9.99994174e-01   3.33561080e-04   3.11079118e-01   5.23391264e-01   9.99996951e-01
    0.0175444850   5.85214948e-06   9.99994148e-01   3.33561084e-04   3.11079135e-01   5.23391280e-01   9.99996937e-01
    0.0176235644   5.87852728e-06   9.99994122e-01   3.33561088e-04   3.11079152e-01   5.23391296e-01   9.99996923e-01
    0.0177030002   5.90502399e-06   9.99994095e-01   3.33561093e-04   3.11079169e-01   5.23391312e-01   9.99996909e-01
    0.0177827941   5.93164012e-06   9.99994068e-01   3.33561097e-04   3.11079186e-01   5.23391329e-01   9.99996895e-01
    0.0178629476   5.95837622e-06   9.99994042e-01   3.33561101e-04   3.11079203e-01   5.23391345e-01   9.99996881e-01
    0.0179434624   5.98523283e-06   9.99994015e-01   3.33561105e-04   3.11079220e-01   5.23391361e-01   9.99996867e-01
    0.0180243402   6.01221049e-06   9.99993988e-01   3.33561109e-04   3.11079238e-01   5.23391378e-01   9.99996853e-01
    0.0181055824   6.03930975e-06   9.99993961e-01   3.33561113e-04   3.11079255e-01   5.23391394e-01   9.99996839e-01
    0.0181871909   6.06653116e-06   9.99993934e-01   3.33561118e-04   3.11079273e-01   5.23391411e-01   9.99996825e-01
    0.0182691672   6.09387526e-06   9.99993906e-01   3.33561122e-04   3.11079290e-01   5.23391428e-01   9.99996811e-01
    0.0183515130   6.12134262e-06   9.99993879e-01   3.33561126e-04   3.11079308e-01   5.23391444e-01   9.99996796e-01
    0.0184342299   6.14893378e-06   9.99993851e-01   3.33561131e-04   3.11079326e-01   5.23391461e-01   9.99996782e-01
    0.0185173197   6.17664930e-06   9.99993823e-01   3.33561135e-04   3.11079343e-01   5.23391478e-01   9.99996767e-01
    0.0186007840   6.20448975e-06   9.99993796e-01   3.33561139e-04   3.11079361e-01   5.23391495e-01   9.99996753e-01
    0.0186846245   6.23245568e-06   9.99993768e-01   3.33561144e-04   3.11079379e-01   5.23391512e-01   9.99996738e-01
    0.0187688429   6.26054767e-06   9.99993739e-01   3.33561148e-04   3.11079397e-01   5.23391529e-01   9.99996723e-01
    0.0188534409   6.28876628e-06   9.99993711e-01   3.33561152e-04   3.11079416e-01   5.23391547e-01   9.99996709e-01
    0.0189384203   6.31711209e-06   9.99993683e-01   3.33561157e-04   3.11079434e-01   5.23391564e-01   9.99996694e-01
    0.0190237826   6.34558565e-06   9.99993654e-01   3.33561161e-04   3.11079452e-01   5.23391581e-01   9.99996679e-01
    0.0191095297   6.37418756e-06   9.99993626e-01   3.33561166e-04   3.11079470e-01   5.23391599e-01   9.99996664e-01
    0.0191956634   6.40291839e-06   9.99993597e-01   3.33561170e-04   3.11079489e-01   5.23391616e-01   9.99996649e-01
    0.0192821852   6.43177872e-06   9.99993568e-01   3.33561175e-04   3.11079507e-01   5.23391634e-01   9.99996634e-01
    0.0193690970   6.46076913e-06   9.99993539e-01   3.33561179e-04   3.11079526e-01   5.23391651e-01   9.99996619e-01
    0.0194564006   6.48989022e-06   9.99993510e-01   3.33561184e-04   3.11079545e-01   5.23391669e-01   9.99996603e-01
    0.0195440977   6.51914256e-06   9.99993481e-01   3.33561188e-04   3.11079564e-01   5.23391687e-01   9.99996588e-01
    0.0196321901   6.54852675e-06   9.99993452e-01   3.33561193e-04   3.11079583e-01   5.23391705e-01   9.99996573e-01
    0.0197206795   6.57804340e-06   9.99993422e-01   3.33561197e-04   3.11079601e-01   5.23391723e-01   9.99996557e-01
    0.0198095678   6.60769308e-06   9.99993392e-01   3.33561202e-04   3.11079621e-01   5.23391741e-01   9.99996542e-01
    0.0198988567   6.63747640e-06   9.99993363e-01   3.33561207e-04   3.11079640e-01   5.23391759e-01   9.99996526e-01
    0.0199885481   6.66739398e-06   9.99993333e-01   3.33561211e-04   3.11079659e-01   5.23391777e-01   9.99996510e-01
    0.0200786438   6.69744640e-06   9.99993303e-01   3.33561216e-04   3.11079678e-01   5.23391796e-01   9.99996495e-01
    0.0201691455   6.72763427e-06   9.99993272e-01   3.33561221e-04   3.11079698e-01   5.23391814e-01   9.99996479e-01
    0.0202600552   6.75795822e-06   9.99993242e-01   3.33561225e-04   3.11079717e-01   5.23391833e-01   9.99996463e-01
    0.0203513747   6.78841885e-06   9.99993212e-01   3.33561230e-04   3.11079737e-01   5.23391851e-01   9.99996447e-01
    0.0204431057   6.81901677e-06   9.99993181e-01   3.33561235e-04   3.11079756e-01   5.23391870e-01   9.99996431e-01
    0.0205352503   6.84975261e-06   9.99993150e-01   3.33561240e-04   3.11079776e-01   5.23391889e-01   9.99996415e-01
    0.0206278101   6.88062699e-06   9.99993119e-01   3.33561244e-04   3.11079796e-01   5.23391907e-01   9.99996399e-01
    0.0207207872   6.91164054e-06   9.99993088e-01   3.33561249e-04   3.11079816e-01   5.23391926e-01   9.99996383e-01
    0.0208141833   6.94279387e-06   9.99993057e-01   3.33561254e-04   3.11079836e-01   5.23391945e-01   9.99996366e-01
    0.0209080004   6.97408762e-06   9.99993026e-01   3.33561259e-04   3.11079856e-01   5.23391964e-01   9.99996350e-01
    0.0210022404   7.00552242e-06   9.99992995e-01   3.33561264e-04   3.11079876e-01   5.23391984e-01   9.99996333e-01
    0.0210969051   7.03709892e-06   9.99992963e-01   3.33561269e-04   3.11079897e-01   5.23392003e-01   9.99996317e-01
    0.0211919966   7.06881774e-06   9.99992931e-01   3.33561274e-04   3.11079917e-01   5.23392022e-01   9.99996300e-01
    0.0212875166   7.10067953e-06   9.99992899e-01   3.33561279e-04   3.11079937e-01   5.23392042e-01   9.99996284e-01
    0.0213834672   7.13268493e-06   9.99992867e-01   3.33561284e-04   3.11079958e-01   5.23392061e-01   9.99996267e-01
    0.0214798503   7.16483459e-06   9.99992835e-01   3.33561289e-04   3.11079979e-01   5.23392081e-01   9.99996250e-01
    0.0215766678   7.19712917e-06   9.99992803e-01   3.33561294e-04   3.11079999e-01   5.23392100e-01   9.99996233e-01
    0.0216739217   7.22956930e-06   9.99992770e-01   3.33561299e-04   3.11080020e-01   5.23392120e-01   9.99996216e-01
    0.0217716140   7.26215566e-06   9.99992738e-01   3.33561304e-04   3.11080041e-01   5.23392140e-01   9.99996199e-01
    0.0218697466   7.29488890e-06   9.99992705e-01   3.33561309e-04   3.11080062e-01   5.23392160e-01   9.99996182e-01
    0.0219683215   7.32776967e-06   9.99992672e-01   3.33561314e-04   3.11080083e-01   5.23392180e-01   9.99996165e-01
    0.0220673407   7.36079866e-06   9.99992639e-01   3.33561319e-04   3.11080105e-01   5.23392200e-01   9.99996147e-01
    0.0221668062   7.39397652e-06   9.99992606e-01   3.33561324e-04   3.11080126e-01   5.23392221e-01   9.99996130e-01
    0.0222667201   7.42730392e-06   9.99992573e-01   3.33561330e-04   3.11080147e-01   5.23392241e-01   9.99996113e-01
    0.0223670843   7.46078154e-06   9.99992539e-01   3.33561335e-04   3.11080169e-01   5.23392261e-01   9.99996095e-01
    0.0224679009   7.49441006e-06   9.99992506e-01   3.33561340e-04   3.11080191e-01   5.23392282e-01   9.99996078e-01
    0.0225691719   7.52819016e-06   9.99992472e-01   3.33561345e-04   3.11080212e-01   5.23392302e-01   9.99996060e-01
    0.0226708994   7.56212251e-06   9.99992438e-01   3.33561351e-04   3.11080234e-01   5.23392323e-01   9.99996042e-01
    0.0227730854   7.59620781e-06   9.99992404e-01   3.33561356e-04   3.11080256e-01   5.23392344e-01   9.99996024e-01
    0.0228757320   7.63044675e-06   9.99992370e-01   3.33561361e-04   3.11080278e-01   5.23392365e-01   9.99996006e-01
    0.0229788413   7.66484001e-06   9.99992335e-01   3.33561367e-04   3.11080300e-01   5.23392386e-01   9.99995988e-01
    0.0230824153   7.69938830e-06   9.99992301e-01   3.33561372e-04   3.11080322e-01   5.23392407e-01   9.99995970e-01
    0.0231864561   7.73409231e-06   9.99992266e-01   3.33561377e-04   3.11080345e-01   5.23392428e-01   9.99995952e-01
    0.0232909659   7.76895275e-06   9.99992231e-01   3.33561383e-04   3.11080367e-01   5.23392449e-01   9.99995934e-01
    0.0233959468   7.80397031e-06   9.99992196e-01   3.33561388e-04   3.11080390e-01   5.23392471e-01   9.99995916e-01
    0.0235014008   7.83914571e-06   9.99992161e-01   3.33561394e-04   3.11080412e-01   5.23392492e-01   9.99995897e-01
    0.0236073302   7.87447966e-06   9.99992126e-01   3.33561399e-04   3.11080435e-01   5.23392514e-01   9.99995879e-01
    0.0237137371   7.90997287e-06   9.99992090e-01   3.33561405e-04   3.11080458e-01   5.23392535e-01   9.99995860e-01
    0.0238206235   7.94562607e-06   9.99992054e-01   3.33561410e-04   3.11080481e-01   5.23392557e-01   9.99995841e-01
    0.0239279917   7.98143997e-06   9.99992019e-01   3.33561416e-04   3.11080504e-01   5.23392579e-01   9.99995823e-01
    0.0240358439   8.01741529e-06   9.99991983e-01   3.33561421e-04   3.11080527e-01   5.23392601e-01   9.99995804e-01
    0.0241441822   8.05355277e-06   9.99991947e-01   3.33561427e-04   3.11080550e-01   5.23392623e-01   9.99995785e-01
    0.0242530088   8.08985314e-06   9.99991910e-01   3.33561433e-04   3.11080573e-01   5.23392645e-01   9.99995766e-01
    0.0243623260   8.12631712e-06   9.99991874e-01   3.33561438e-04   3.11080597e-01   5.23392667e-01   9.99995747e-01
    0.0244721359   8.16294546e-06   9.99991837e-01   3.33561444e-04   3.11080620e-01   5.23392689e-01   9.99995728e-01
    0.0245824407   8.19973890e-06   9.99991800e-01   3.33561450e-04   3.11080644e-01   5.23392712e-01   9.99995708e-01
    0.0246932427   8.23669818e-06   9.99991763e-01   3.33561456e-04   3.11080668e-01   5.23392734e-01   9.99995689e-01
    0.0248045441   8.27382405e-06   9.99991726e-01   3.33561461e-04   3.11080692e-01   5.23392757e-01   9.99995670e-01
    0.0249163473   8.31111726e-06   9.99991689e-01   3.33561467e-04   3.11080716e-01   5.23392780e-01   9.99995650e-01
    0.0250286543   8.34857857e-06   9.99991651e-01   3.33561473e-04   3.11080740e-01   5.23392803e-01   9.99995630e-01
    0.0251414676   8.38620873e-06   9.99991614e-01   3.33561479e-04   3.11080764e-01   5.23392826e-01   9.99995611e-01
    0.0252547893   8.42400850e-06   9.99991576e-01   3.33561485e-04   3.11080788e-01   5.23392849e-01   9.99995591e-01
    0.0253686219   8.46197865e-06   9.99991538e-01   3.33561491e-04   3.11080813e-01   5.23392872e-01   9.99995571e-01
    0.0254829675   8.50011994e-06   9.99991500e-01   3.33561497e-04   3.11080837e-01   5.23392895e-01   9.99995551e-01
    0.0255978285   8.53843316e-06   9.99991462e-01   3.33561503e-04   3.11080862e-01   5.23392918e-01   9.99995531e-01
    0.0257132072   8.57691906e-06   9.99991423e-01   3.33561509e-04   3.11080886e-01   5.23392942e-01   9.99995511e-01
    0.0258291060   8.61557844e-06   9.99991384e-01   3.33561515e-04   3.11080911e-01   5.23392965e-01   9.99995491e-01
    0.0259455272   8.65441207e-06   9.99991346e-01   3.33561521e-04   3.11080936e-01   5.23392989e-01   9.99995470e-01
    0.0260624732   8.69342073e-06   9.99991307e-01   3.33561527e-04   3.11080961e-01   5.23393013e-01   9.99995450e-01
    0.0261799462   8.73260523e-06   9.99991267e-01   3.33561533e-04   3.11080987e-01   5.23393037e-01   9.99995429e-01
    0.0262979488   8.77196634e-06   9.99991228e-01   3.33561539e-04   3.11081012e-01   5.23393061e-01   9.99995409e-01
    0.0264164832   8.81150487e-06   9.99991189e-01   3.33561545e-04   3.11081037e-01   5.23393085e-01   9.99995388e-01
    0.0265355519   8.85122161e-06   9.99991149e-01   3.33561551e-04   3.11081063e-01   5.23393109e-01   9.99995367e-01
    0.0266551573   8.89111738e-06   9.99991109e-01   3.33561558e-04   3.11081088e-01   5.23393134e-01   9.99995347e-01
    0.0267753018   8.93119296e-06   9.99991069e-01   3.33561564e-04   3.11081114e-01   5.23393158e-01   9.99995326e-01
    0.0268959879   8.97144919e-06   9.99991029e-01   3.33561570e-04   3.11081140e-01   5.23393183e-01   9.99995304e-01
    0.0270172179   9.01188686e-06   9.99990988e-01   3.33561576e-04   3.11081166e-01   5.23393207e-01   9.99995283e-01
    0.0271389943   9.05250681e-06   9.99990948e-01   3.33561583e-04   3.11081192e-01   5.23393232e-01   9.99995262e-01
    0.0272613196   9.09330984e-06   9.99990907e-01   3.33561589e-04   3.11081218e-01   5.23393257e-01   9.99995241e-01
    0.0273841963   9.13429679e-06   9.99990866e-01   3.33561595e-04   3.11081245e-01   5.23393282e-01   9.99995219e-01
    0.0275076269   9.17546848e-06   9.99990825e-01   3.33561602e-04   3.11081271e-01   5.23393307e-01   9.99995198e-01
    0.0276316138   9.21682574e-06   9.99990783e-01   3.33561608e-04   3.11081298e-01   5.23393332e-01   9.99995176e-01
    0.0277561595   9.25836942e-06   9.99990742e-01   3.33561615e-04   3.11081324e-01   5.23393357e-01   9.99995154e-01
    0.0278812667   9.30010036e-06   9.99990700e-01   3.33561621e-04   3.11081351e-01   5.23393383e-01   9.99995132e-01
    0.0280069377   9.34201939e-06   9.99990658e-01   3.33561628e-04   3.11081378e-01   5.23393408e-01   9.99995111e-01
    0.0281331751   9.38412737e-06   9.99990616e-01   3.33561634e-04   3.11081405e-01   5.23393434e-01   9.99995088e-01
    0.0282599816   9.42642514e-06   9.99990574e-01   3.33561641e-04   3.11081433e-01   5.23393460e-01   9.99995066e-01
    0.0283873596   9.46891357e-06   9.99990531e-01   3.33561647e-04   3.11081460e-01   5.23393486e-01   9.99995044e-01
    0.0285153118   9.51159350e-06   9.99990488e-01   3.33561654e-04   3.11081487e-01   5.23393512e-01   9.99995022e-01
    0.0286438407   9.55446581e-06   9.99990446e-01   3.33561661e-04   3.11081515e-01   5.23393538e-01   9.99994999e-01
    0.0287729489   9.59753137e-06   9.99990403e-01   3.33561667e-04   3.11081542e-01   5.23393564e-01   9.99994977e-01
    0.0289026391   9.64079104e-06   9.99990359e-01   3.33561674e-04   3.11081570e-01   5.23393591e-01   9.99994954e-01
    0.0290329138   9.68424569e-06   9.99990316e-01   3.33561681e-04   3.11081598e-01   5.23393617e-01   9.99994931e-01
    0.0291637757   9.72789621e-06   9.99990272e-01   3.33561688e-04   3.11081626e-01   5.23393644e-01   9.99994909e-01
    0.0292952275   9.77174348e-06   9.99990228e-01   3.33561695e-04   3.11081654e-01   5.23393671e-01   9.99994886e-01
    0.0294272718   9.81578839e-06   9.99990184e-01   3.33561701e-04   3.11081683e-01   5.23393697e-01   9.99994863e-01
    0.0295599112   9.86003183e-06   9.99990140e-01   3.33561708e-04   3.11081711e-01   5.23393724e-01   9.99994839e-01
    0.0296931485   9.90447469e-06   9.99990096e-01   3.33561715e-04   3.11081740e-01   5.23393751e-01   9.99994816e-01
    0.0298269863   9.94911787e-06   9.99990051e-01   3.33561722e-04   3.11081769e-01   5.23393779e-01   9.99994793e-01
    0.0299614274   9.99396227e-06   9.99990006e-01   3.33561729e-04   3.11081797e-01   5.23393806e-01   9.99994769e-01
    0.0300964745   1.00390088e-05   9.99989961e-01   3.33561736e-04   3.11081826e-01   5.23393834e-01   9.99994746e-01
    0.0302321303   1.00842584e-05   9.99989916e-01   3.33561743e-04   3.11081855e-01   5.23393861e-01   9.99994722e-01
    0.0303683975   1.01297119e-05   9.99989870e-01   3.33561750e-04   3.11081885e-01   5.23393889e-01   9.99994698e-01
    0.0305052789   1.01753703e-05   9.99989825e-01   3.33561757e-04   3.11081914e-01   5.23393917e-01   9.99994674e-01
    0.0306427773   1.02212345e-05   9.99989779e-01   3.33561765e-04   3.11081943e-01   5.23393945e-01   9.99994650e-01
    0.0307808955   1.02673055e-05   9.99989733e-01   3.33561772e-04   3.11081973e-01   5.23393973e-01   9.99994626e-01
    0.0309196362   1.03135841e-05   9.99989687e-01   3.33561779e-04   3.11082003e-01   5.23394001e-01   9.99994602e-01
    0.0310590022   1.03600713e-05   9.99989640e-01   3.33561786e-04   3.11082033e-01   5.23394029e-01   9.99994578e-01
    0.0311989965   1.04067680e-05   9.99989593e-01   3.33561793e-04   3.11082063e-01   5.23394058e-01   9.99994553e-01
    0.0313396217   1.04536752e-05   9.99989546e-01   3.33561801e-04   3.11082093e-01   5.23394086e-01   9.99994529e-01
    0.0314808808   1.05007938e-05   9.99989499e-01   3.33561808e-04   3.11082123e-01   5.23394115e-01   9.99994504e-01
    0.0316227766   1.05481249e-05   9.99989452e-01   3.33561815e-04   3.11082154e-01   5.23394144e-01   9.99994479e-01
    0.0317653120   1.05956692e-05   9.99989404e-01   3.33561823e-04   3.11082184e-01   5.23394173e-01   9.99994454e-01
    0.0319084898   1.06434279e-05   9.99989357e-01   3.33561830e-04   3.11082215e-01   5.23394202e-01   9.99994429e-01
    0.0320523130   1.06914018e-05   9.99989309e-01   3.33561838e-04   3.11082246e-01   5.23394231e-01   9.99994404e-01
    0.0321967844   1.07395920e-05   9.99989261e-01   3.33561845e-04   3.11082277e-01   5.23394261e-01   9.99994379e-01
    0.0323419071   1.07879993e-05   9.99989212e-01   3.33561853e-04   3.11082308e-01   5.23394290e-01   9.99994354e-01
    0.0324876838   1.08366249e-05   9.99989163e-01   3.33561860e-04   3.11082339e-01   5.23394320e-01   9.99994328e-01
    0.0326341177   1.08854696e-05   9.99989115e-01   3.33561868e-04   3.11082370e-01   5.23394350e-01   9.99994303e-01
    0.0327812115   1.09345345e-05   9.99989066e-01   3.33561876e-04   3.11082402e-01   5.23394380e-01   9.99994277e-01
    0.0329289684   1.09838206e-05   9.99989016e-01   3.33561883e-04   3.11082434e-01   5.23394410e-01   9.99994251e-01
    0.0330773912   1.10333288e-05   9.99988967e-01   3.33561891e-04   3.11082465e-01   5.23394440e-01   9.99994225e-01
    0.0332264831   1.10830602e-05   9.99988917e-01   3.33561899e-04   3.11082497e-01   5.23394470e-01   9.99994199e-01
    0.0333762469   1.11330157e-05   9.99988867e-01   3.33561907e-04   3.11082530e-01   5.23394501e-01   9.99994173e-01
    0.0335266858   1.11831964e-05   9.99988817e-01   3.33561914e-04   3.11082562e-01   5.23394531e-01   9.99994147e-01
    0.0336778028   1.12336032e-05   9.99988767e-01   3.33561922e-04   3.11082594e-01   5.23394562e-01   9.99994120e-01
    0.0338296010   1.12842373e-05   9.99988716e-01   3.33561930e-04   3.11082627e-01   5.23394593e-01   9.99994094e-01
    0.0339820833   1.13350996e-05   9.99988665e-01   3.33561938e-04   3.11082659e-01   5.23394624e-01   9.99994067e-01
    0.0341352529   1.13861912e-05   9.99988614e-01   3.33561946e-04   3.11082692e-01   5.23394655e-01   9.99994041e-01
    0.0342891129   1.14375130e-05   9.99988563e-01   3.33561954e-04   3.11082725e-01   5.23394686e-01   9.99994014e-01
    0.0344436665   1.14890662e-05   9.99988511e-01   3.33561962e-04   3.11082758e-01   5.23394718e-01   9.99993987e-01
    0.0345989166   1.15408517e-05   9.99988459e-01   3.33561970e-04   3.11082792e-01   5.23394749e-01   9.99993960e-01
    0.0347548665   1.15928707e-05   9.99988407e-01   3.33561978e-04   3.11082825e-01   5.23394781e-01   9.99993932e-01
    0.0349115194   1.16451241e-05   9.99988355e-01   3.33561986e-04   3.11082859e-01   5.23394813e-01   9.99993905e-01
    0.0350688783   1.16976131e-05   9.99988303e-01   3.33561994e-04   3.11082892e-01   5.23394845e-01   9.99993878e-01
    0.0352269465   1.17503387e-05   9.99988250e-01   3.33562003e-04   3.11082926e-01   5.23394877e-01   9.99993850e-01
    0.0353857272   1.18033019e-05   9.99988197e-01   3.33562011e-04   3.11082960e-01   5.23394909e-01   9.99993822e-01
    0.0355452236   1.18565038e-05   9.99988144e-01   3.33562019e-04   3.11082995e-01   5.23394942e-01   9.99993794e-01
    0.0357054388   1.19099455e-05   9.99988090e-01   3.33562028e-04   3.11083029e-01   5.23394975e-01   9.99993766e-01
    0.0358663762   1.19636281e-05   9.99988037e-01   3.33562036e-04   3.11083063e-01   5.23395007e-01   9.99993738e-01
    0.0360280391   1.20175527e-05   9.99987983e-01   3.33562044e-04   3.11083098e-01   5.23395040e-01   9.99993710e-01
    0.0361904306   1.20717203e-05   9.99987928e-01   3.33562053e-04   3.11083133e-01   5.23395073e-01   9.99993682e-01
    0.0363535540   1.21261321e-05   9.99987874e-01   3.33562061e-04   3.11083168e-01   5.23395106e-01   9.99993653e-01
    0.0365174127   1.21807892e-05   9.99987819e-01   3.33562070e-04   3.11083203e-01   5.23395140e-01   9.99993625e-01
    0.0366820100   1.22356926e-05   9.99987764e-01   3.33562078e-04   3.11083238e-01   5.23395173e-01   9.99993596e-01
    0.0368473492   1.22908435e-05   9.99987709e-01   3.33562087e-04   3.11083274e-01   5.23395207e-01   9.99993567e-01
    0.0370134336   1.23462430e-05   9.99987654e-01   3.33562095e-04   3.11083309e-01   5.23395241e-01   9.99993538e-01
    0.0371802666   1.24018921e-05   9.99987598e-01   3.33562104e-04   3.11083345e-01   5.23395275e-01   9.99993509e-01
    0.0373478516   1.24577921e-05   9.99987542e-01   3.33562113e-04   3.11083381e-01   5.23395309e-01   9.99993480e-01
    0.0375161920   1.25139441e-05   9.99987486e-01   3.33562122e-04   3.11083417e-01   5.23395343e-01   9.99993450e-01
    0.0376852912   1.25703492e-05   9.99987430e-01   3.33562130e-04   3.11083454e-01   5.23395377e-01   9.99993421e-01
    0.0378551525   1.26270085e-05   9.99987373e-01   3.33562139e-04   3.11083490e-01   5.23395412e-01   9.99993391e-01
    0.0380257795   1.26839232e-05   9.99987316e-01   3.33562148e-04   3.11083527e-01   5.23395446e-01   9.99993361e-01
    0.0381971755   1.27410944e-05   9.99987259e-01   3.33562157e-04   3.11083563e-01   5.23395481e-01   9.99993331e-01
    0.0383693441   1.27985233e-05   9.99987202e-01   3.33562166e-04   3.11083600e-01   5.23395516e-01   9.99993301e-01
    0.0385422887   1.28562111e-05   9.99987144e-01   3.33562175e-04   3.11083637e-01   5.23395552e-01   9.99993271e-01
    0.0387160128   1.29141589e-05   9.99987086e-01   3.33562184e-04   3.11083675e-01   5.23395587e-01   9.99993241e-01
    0.0388905200   1.29723679e-05   9.99987028e-01   3.33562193e-04   3.11083712e-01   5.23395622e-01   9.99993210e-01
    0.0390658137   1.30308393e-05   9.99986969e-01   3.33562202e-04   3.11083750e-01   5.23395658e-01   9.99993180e-01
    0.0392418976   1.30895742e-05   9.99986911e-01   3.33562211e-04   3.11083787e-01   5.23395694e-01   9.99993149e-01
    0.0394187751   1.31485739e-05   9.99986852e-01   3.33562220e-04   3.11083825e-01   5.23395730e-01   9.99993118e-01
    0.0395964499   1.32078395e-05   9.99986792e-01   3.33562230e-04   3.11083863e-01   5.23395766e-01   9.99993087e-01
    0.0397749255   1.32673722e-05   9.99986733e-01   3.33562239e-04   3.11083902e-01   5.23395802e-01   9.99993056e-01
    0.0399542056   1.33271732e-05   9.99986673e-01   3.33562248e-04   3.11083940e-01   5.23395839e-01   9.99993025e-01
    0.0401342937   1.33872439e-05   9.99986613e-01   3.33562258e-04   3.11083979e-01   5.23395875e-01   9.99992993e-01
    0.0403151936   1.34475852e-05   9.99986553e-01   3.33562267e-04   3.11084017e-01   5.23395912e-01   9.99992962e-01
    0.0404969089   1.35081986e-05   9.99986492e-01   3.33562276e-04   3.11084056e-01   5.23395949e-01   9.99992930e-01
    0.0406794432   1.35690852e-05   9.99986431e-01   3.33562286e-04   3.11084096e-01   5.23395986e-01   9.99992898e-01
    0.0408628003   1.36302462e-05   9.99986370e-01   3.33562295e-04   3.11084135e-01   5.23396024e-01   9.99992866e-01
    0.0410469838   1.36916828e-05   9.99986309e-01   3.33562305e-04   3.11084174e-01   5.23396061e-01   9.99992834e-01
    0.0412319975   1.37533964e-05   9.99986247e-01   3.33562315e-04   3.11084214e-01   5.23396099e-01   9.99992802e-01
    0.0414178451   1.38153882e-05   9.99986185e-01   3.33562324e-04   3.11084254e-01   5.23396136e-01   9.99992769e-01
    0.0416045305   1.38776594e-05   9.99986123e-01   3.33562334e-04   3.11084294e-01   5.23396174e-01   9.99992737e-01
    0.0417920572   1.39402113e-05   9.99986060e-01   3.33562344e-04   3.11084334e-01   5.23396213e-01   9.99992704e-01
    0.0419804293   1.40030451e-05   9.99985997e-01   3.33562353e-04   3.11084374e-01   5.23396251e-01   9.99992671e-01
    0.0421696503   1.40661621e-05   9.99985934e-01   3.33562363e-04   3.11084415e-01   5.23396289e-01   9.99992638e-01
    0.0423597243   1.41295636e-05   9.99985871e-01   3.33562373e-04   3.11084456e-01   5.23396328e-01   9.99992605e-01
    0.0425506550   1.41932509e-05   9.99985807e-01   3.33562383e-04   3.11084497e-01   5.23396367e-01   9.99992571e-01
    0.0427424463   1.42572253e-05   9.99985743e-01   3.33562393e-04   3.11084538e-01   5.23396406e-01   9.99992538e-01
    0.0429351021   1.43214880e-05   9.99985679e-01   3.33562403e-04   3.11084579e-01   5.23396445e-01   9.99992504e-01
    0.0431286262   1.43860404e-05   9.99985614e-01   3.33562413e-04   3.11084621e-01   5.23396485e-01   9.99992471e-01
    0.0433230227   1.44508837e-05   9.99985549e-01   3.33562423e-04   3.11084662e-01   5.23396524e-01   9.99992437e-01
    0.0435182953   1.45160194e-05   9.99985484e-01   3.33562433e-04   3.11084704e-01   5.23396564e-01   9.99992403e-01
    0.0437144481   1.45814486e-05   9.99985419e-01   3.33562443e-04   3.11084746e-01   5.23396604e-01   9.99992368e-01
    0.0439114851   1.46471727e-05   9.99985353e-01   3.33562454e-04   3.11084789e-01   5.23396644e-01   9.99992334e-01
    0.0441094101   1.47131931e-05   9.99985287e-01   3.33562464e-04   3.11084831e-01   5.23396684e-01   9.99992299e-01
    0.0443082273   1.47795110e-05   9.99985221e-01   3.33562474e-04   3.11084874e-01   5.23396724e-01   9.99992265e-01
    0.0445079406   1.48461279e-05   9.99985154e-01   3.33562485e-04   3.11084916e-01   5.23396765e-01   9.99992230e-01
    0.0447085541   1.49130450e-05   9.99985087e-01   3.33562495e-04   3.11084959e-01   5.23396806e-01   9.99992195e-01
    0.0449100719   1.49802638e-05   9.99985020e-01   3.33562506e-04   3.11085003e-01   5.23396847e-01   9.99992160e-01
    0.0451124979   1.50477855e-05   9.99984952e-01   3.33562516e-04   3.11085046e-01   5.23396888e-01   9.99992124e-01
    0.0453158364   1.51156116e-05   9.99984885e-01   3.33562527e-04   3.11085090e-01   5.23396929e-01   9.99992089e-01
    0.0455200914   1.51837434e-05   9.99984816e-01   3.33562537e-04   3.11085133e-01   5.23396971e-01   9.99992053e-01
    0.0457252670   1.52521823e-05   9.99984748e-01   3.33562548e-04   3.11085177e-01   5.23397013e-01   9.99992017e-01
    0.0459313674   1.53209297e-05   9.99984679e-01   3.33562559e-04   3.11085222e-01   5.23397055e-01   9.99991981e-01
    0.0461383968   1.53899870e-05   9.99984610e-01   3.33562569e-04   3.11085266e-01   5.23397097e-01   9.99991945e-01
    0.0463463594   1.54593555e-05   9.99984541e-01   3.33562580e-04   3.11085311e-01   5.23397139e-01   9.99991909e-01
    0.0465552593   1.55290367e-05   9.99984471e-01   3.33562591e-04   3.11085355e-01   5.23397182e-01   9.99991872e-01
    0.0467651008   1.55990320e-05   9.99984401e-01   3.33562602e-04   3.11085400e-01   5.23397224e-01   9.99991836e-01
    0.0469758882   1.56693428e-05   9.99984331e-01   3.33562613e-04   3.11085446e-01   5.23397267e-01   9.99991799e-01
    0.0471876256   1.57399705e-05   9.99984260e-01   3.33562624e-04   3.11085491e-01   5.23397310e-01   9.99991762e-01
    0.0474003174   1.58109165e-05   9.99984189e-01   3.33562635e-04   3.11085537e-01   5.23397353e-01   9.99991725e-01
    0.0476139679   1.58821823e-05   9.99984118e-01   3.33562646e-04   3.11085582e-01   5.23397397e-01   9.99991687e-01
    0.0478285814   1.59537694e-05   9.99984046e-01   3.33562657e-04   3.11085628e-01   5.23397441e-01   9.99991650e-01
    0.0480441623   1.60256791e-05   9.99983975e-01   3.33562668e-04   3.11085675e-01   5.23397484e-01   9.99991612e-01
    0.0482607148   1.60979129e-05   9.99983902e-01   3.33562680e-04   3.11085721e-01   5.23397528e-01   9.99991575e-01
    0.0484782434   1.61704724e-05   9.99983830e-01   3.33562691e-04   3.11085768e-01   5.23397573e-01   9.99991537e-01
    0.0486967525   1.62433588e-05   9.99983757e-01   3.33562702e-04   3.11085815e-01   5.23397617e-01   9.99991498e-01
    0.0489162465   1.63165739e-05   9.99983684e-01   3.33562714e-04   3.11085862e-01   5.23397662e-01   9.99991460e-01
    0.0491367299   1.63901189e-05   9.99983610e-01   3.33562725e-04   3.11085909e-01   5.23397707e-01   9.99991422e-01
    0.0493582070   1.64639954e-05   9.99983536e-01   3.33562737e-04   3.11085956e-01   5.23397752e-01   9.99991383e-01
    0.0495806824   1.65382049e-05   9.99983462e-01   3.33562748e-04   3.11086004e-01   5.23397797e-01   9.99991344e-01
    0.0498041606   1.66127489e-05   9.99983388e-01   3.33562760e-04   3.11086052e-01   5.23397842e-01   9.99991305e-01
    0.0500286461   1.66876289e-05   9.99983313e-01   3.33562771e-04   3.11086100e-01   5.23397888e-01   9.99991266e-01
    0.0502541434   1.67628464e-05   9.99983237e-01   3.33562783e-04   3.11086149e-01   5.23397934e-01   9.99991227e-01
    0.0504806572   1.68384030e-05   9.99983162e-01   3.33562795e-04   3.11086197e-01   5.23397980e-01   9.99991187e-01
    0.0507081919   1.69143001e-05   9.99983086e-01   3.33562807e-04   3.11086246e-01   5.23398026e-01   9.99991147e-01
    0.0509367522   1.69905393e-05   9.99983010e-01   3.33562819e-04   3.11086295e-01   5.23398073e-01   9.99991107e-01
    0.0511663427   1.70671222e-05   9.99982933e-01   3.33562831e-04   3.11086344e-01   5.23398120e-01   9.99991067e-01
    0.0513969680   1.71440502e-05   9.99982856e-01   3.33562842e-04   3.11086394e-01   5.23398166e-01   9.99991027e-01
    0.0516286329   1.72213250e-05   9.99982779e-01   3.33562855e-04   3.11086443e-01   5.23398214e-01   9.99990987e-01
    0.0518613419   1.72989481e-05   9.99982701e-01   3.33562867e-04   3.11086493e-01   5.23398261e-01   9.99990946e-01
    0.0520950999   1.73769211e-05   9.99982623e-01   3.33562879e-04   3.11086543e-01   5.23398308e-01   9.99990905e-01
    0.0523299115   1.74552455e-05   9.99982545e-01   3.33562891e-04   3.11086594e-01   5.23398356e-01   9.99990864e-01
    0.0525657814   1.75339230e-05   9.99982466e-01   3.33562903e-04   3.11086644e-01   5.23398404e-01   9.99990823e-01
    0.0528027146   1.76129551e-05   9.99982387e-01   3.33562915e-04   3.11086695e-01   5.23398452e-01   9.99990782e-01
    0.0530407156   1.76923434e-05   9.99982308e-01   3.33562928e-04   3.11086746e-01   5.23398501e-01   9.99990740e-01
    0.0532797895   1.77720896e-05   9.99982228e-01   3.33562940e-04   3.11086797e-01   5.23398549e-01   9.99990698e-01
    0.0535199409   1.78521952e-05   9.99982148e-01   3.33562953e-04   3.11086849e-01   5.23398598e-01   9.99990656e-01
    0.0537611747   1.79326619e-05   9.99982068e-01   3.33562965e-04   3.11086901e-01   5.23398647e-01   9.99990614e-01
    0.0540034959   1.80134913e-05   9.99981987e-01   3.33562978e-04   3.11086952e-01   5.23398697e-01   9.99990572e-01
    0.0542469094   1.80946850e-05   9.99981906e-01   3.33562990e-04   3.11087005e-01   5.23398746e-01   9.99990529e-01
    0.0544914200   1.81762447e-05   9.99981824e-01   3.33563003e-04   3.11087057e-01   5.23398796e-01   9.99990487e-01
    0.0547370326   1.82581720e-05   9.99981742e-01   3.33563016e-04   3.11087110e-01   5.23398846e-01   9.99990444e-01
    0.0549837524   1.83404685e-05   9.99981660e-01   3.33563029e-04   3.11087163e-01   5.23398896e-01   9.99990401e-01
    0.0552315842   1.84231361e-05   9.99981577e-01   3.33563042e-04   3.11087216e-01   5.23398946e-01   9.99990358e-01
    0.0554805330   1.85061762e-05   9.99981494e-01   3.33563055e-04   3.11087269e-01   5.23398997e-01   9.99990314e-01
    0.0557306040   1.85895907e-05   9.99981411e-01   3.33563068e-04   3.11087323e-01   5.23399048e-01   9.99990270e-01
    0.0559818021   1.86733811e-05   9.99981327e-01   3.33563081e-04   3.11087377e-01   5.23399099e-01   9.99990227e-01
    0.0562341325   1.87575492e-05   9.99981243e-01   3.33563094e-04   3.11087431e-01   5.23399150e-01   9.99990183e-01
    0.0564876002   1.88420967e-05   9.99981158e-01   3.33563107e-04   3.11087485e-01   5.23399202e-01   9.99990138e-01
    0.0567422104   1.89270252e-05   9.99981073e-01   3.33563120e-04   3.11087540e-01   5.23399254e-01   9.99990094e-01
    0.0569979682   1.90123366e-05   9.99980988e-01   3.33563133e-04   3.11087595e-01   5.23399306e-01   9.99990049e-01
    0.0572548788   1.90980325e-05   9.99980902e-01   3.33563147e-04   3.11087650e-01   5.23399358e-01   9.99990004e-01
    0.0575129474   1.91841147e-05   9.99980816e-01   3.33563160e-04   3.11087705e-01   5.23399411e-01   9.99989959e-01
    0.0577721792   1.92705849e-05   9.99980730e-01   3.33563174e-04   3.11087761e-01   5.23399463e-01   9.99989914e-01
    0.0580325795   1.93574448e-05   9.99980643e-01   3.33563187e-04   3.11087816e-01   5.23399516e-01   9.99989869e-01
    0.0582941535   1.94446963e-05   9.99980556e-01   3.33563201e-04   3.11087873e-01   5.23399569e-01   9.99989823e-01
    0.0585569065   1.95323410e-05   9.99980468e-01   3.33563214e-04   3.11087929e-01   5.23399623e-01   9.99989777e-01
    0.0588208438   1.96203808e-05   9.99980380e-01   3.33563228e-04   3.11087985e-01   5.23399677e-01   9.99989731e-01
    0.0590859707   1.97088174e-05   9.99980292e-01   3.33563242e-04   3.11088042e-01   5.23399730e-01   9.99989685e-01
    0.0593522927   1.97976526e-05   9.99980203e-01   3.33563256e-04   3.11088099e-01   5.23399785e-01   9.99989638e-01
    0.0596198151   1.98868882e-05   9.99980114e-01   3.33563270e-04   3.11088157e-01   5.23399839e-01   9.99989591e-01
    0.0598885433   1.99765261e-05   9.99980024e-01   3.33563283e-04   3.11088214e-01   5.23399894e-01   9.99989545e-01
    0.0601584828   2.00665680e-05   9.99979934e-01   3.33563298e-04   3.11088272e-01   5.23399949e-01   9.99989497e-01
    0.0604296390   2.01570158e-05   9.99979843e-01   3.33563312e-04   3.11088330e-01   5.23400004e-01   9.99989450e-01
    0.0607020174   2.02478712e-05   9.99979753e-01   3.33563326e-04   3.11088389e-01   5.23400059e-01   9.99989403e-01
    0.0609756235   2.03391362e-05   9.99979661e-01   3.33563340e-04   3.11088447e-01   5.23400115e-01   9.99989355e-01
    0.0612504629   2.04308125e-05   9.99979570e-01   3.33563354e-04   3.11088506e-01   5.23400171e-01   9.99989307e-01
    0.0615265410   2.05229021e-05   9.99979478e-01   3.33563369e-04   3.11088566e-01   5.23400227e-01   9.99989259e-01
    0.0618038635   2.06154067e-05   9.99979385e-01   3.33563383e-04   3.11088625e-01   5.23400283e-01   9.99989210e-01
    0.0620824361   2.07083283e-05   9.99979292e-01   3.33563397e-04   3.11088685e-01   5.23400340e-01   9.99989162e-01
    0.0623622642   2.08016687e-05   9.99979199e-01   3.33563412e-04   3.11088745e-01   5.23400397e-01   9.99989113e-01
    0.0626433537   2.08954299e-05   9.99979105e-01   3.33563427e-04   3.11088805e-01   5.23400454e-01   9.99989064e-01
    0.0629257101   2.09896137e-05   9.99979011e-01   3.33563441e-04   3.11088866e-01   5.23400512e-01   9.99989014e-01
    0.0632093392   2.10842220e-05   9.99978916e-01   3.33563456e-04   3.11088926e-01   5.23400569e-01   9.99988965e-01
    0.0634942467   2.11792567e-05   9.99978821e-01   3.33563471e-04   3.11088988e-01   5.23400627e-01   9.99988915e-01
    0.0637804384   2.12747198e-05   9.99978726e-01   3.33563486e-04   3.11089049e-01   5.23400685e-01   9.99988865e-01
    0.0640679201   2.13706132e-05   9.99978630e-01   3.33563501e-04   3.11089111e-01   5.23400744e-01   9.99988815e-01
    0.0643566975   2.14669388e-05   9.99978534e-01   3.33563516e-04   3.11089172e-01   5.23400803e-01   9.99988765e-01
    0.0646467766   2.15636986e-05   9.99978437e-01   3.33563531e-04   3.11089235e-01   5.23400862e-01   9.99988714e-01
    0.0649381632   2.16608945e-05   9.99978340e-01   3.33563546e-04   3.11089297e-01   5.23400921e-01   9.99988663e-01
    0.0652308631   2.17585286e-05   9.99978242e-01   3.33563561e-04   3.11089360e-01   5.23400980e-01   9.99988612e-01
    0.0655248824   2.18566027e-05   9.99978144e-01   3.33563576e-04   3.11089423e-01   5.23401040e-01   9.99988561e-01
    0.0658202269   2.19551189e-05   9.99978045e-01   3.33563592e-04   3.11089486e-01   5.23401100e-01   9.99988509e-01
    0.0661169026   2.20540791e-05   9.99977946e-01   3.33563607e-04   3.11089550e-01   5.23401161e-01   9.99988457e-01
    0.0664149156   2.21534854e-05   9.99977847e-01   3.33563622e-04   3.11089614e-01   5.23401221e-01   9.99988405e-01
    0.0667142718   2.22533397e-05   9.99977747e-01   3.33563638e-04   3.11089678e-01   5.23401282e-01   9.99988353e-01
    0.0670149773   2.23536442e-05   9.99977647e-01   3.33563654e-04   3.11089742e-01   5.23401343e-01   9.99988300e-01
    0.0673170382   2.24544007e-05   9.99977546e-01   3.33563669e-04   3.11089807e-01   5.23401405e-01   9.99988248e-01
    0.0676204607   2.25556114e-05   9.99977445e-01   3.33563685e-04   3.11089872e-01   5.23401467e-01   9.99988195e-01
    0.0679252507   2.26572783e-05   9.99977343e-01   3.33563701e-04   3.11089938e-01   5.23401529e-01   9.99988142e-01
    0.0682314145   2.27594034e-05   9.99977241e-01   3.33563717e-04   3.11090003e-01   5.23401591e-01   9.99988088e-01
    0.0685389584   2.28619889e-05   9.99977139e-01   3.33563733e-04   3.11090069e-01   5.23401653e-01   9.99988034e-01
    0.0688478884   2.29650368e-05   9.99977035e-01   3.33563749e-04   3.11090135e-01   5.23401716e-01   9.99987980e-01
    0.0691582109   2.30685491e-05   9.99976932e-01   3.33563765e-04   3.11090202e-01   5.23401779e-01   9.99987926e-01
    0.0694699322   2.31725280e-05   9.99976828e-01   3.33563781e-04   3.11090269e-01   5.23401843e-01   9.99987872e-01
    0.0697830585   2.32769756e-05   9.99976724e-01   3.33563797e-04   3.11090336e-01   5.23401906e-01   9.99987817e-01
    0.0700975961   2.33818940e-05   9.99976619e-01   3.33563814e-04   3.11090403e-01   5.23401970e-01   9.99987762e-01
    0.0704135515   2.34872853e-05   9.99976513e-01   3.33563830e-04   3.11090471e-01   5.23402035e-01   9.99987707e-01
    0.0707309311   2.35931516e-05   9.99976407e-01   3.33563847e-04   3.11090539e-01   5.23402099e-01   9.99987652e-01
    0.0710497411   2.36994951e-05   9.99976301e-01   3.33563863e-04   3.11090608e-01   5.23402164e-01   9.99987596e-01
    0.0713699882   2.38063180e-05   9.99976194e-01   3.33563880e-04   3.11090676e-01   5.23402229e-01   9.99987540e-01
    0.0716916787   2.39136223e-05   9.99976087e-01   3.33563897e-04   3.11090745e-01   5.23402295e-01   9.99987484e-01
    0.0720148193   2.40214104e-05   9.99975979e-01   3.33563913e-04   3.11090815e-01   5.23402360e-01   9.99987428e-01
    0.0723394163   2.41296842e-05   9.99975871e-01   3.33563930e-04   3.11090884e-01   5.23402426e-01   9.99987371e-01
    0.0726654764   2.42384461e-05   9.99975762e-01   3.33563947e-04   3.11090954e-01   5.23402493e-01   9.99987314e-01
    0.0729930061   2.43476982e-05   9.99975653e-01   3.33563964e-04   3.11091024e-01   5.23402559e-01   9.99987257e-01
    0.0733220122   2.44574428e-05   9.99975543e-01   3.33563981e-04   3.11091095e-01   5.23402626e-01   9.99987199e-01
    0.0736525012   2.45676820e-05   9.99975433e-01   3.33563998e-04   3.11091166e-01   5.23402694e-01   9.99987142e-01
    0.0739844799   2.46784182e-05   9.99975322e-01   3.33564016e-04   3.11091237e-01   5.23402761e-01   9.99987084e-01
    0.0743179549   2.47896534e-05   9.99975211e-01   3.33564033e-04   3.11091308e-01   5.23402829e-01   9.99987025e-01
    0.0746529330   2.49013901e-05   9.99975099e-01   3.33564050e-04   3.11091380e-01   5.23402897e-01   9.99986967e-01
    0.0749894209   2.50136304e-05   9.99974987e-01   3.33564068e-04   3.11091452e-01   5.23402966e-01   9.99986908e-01
    0.0753274256   2.51263766e-05   9.99974874e-01   3.33564085e-04   3.11091525e-01   5.23403034e-01   9.99986849e-01
    0.0756669537   2.52396310e-05   9.99974761e-01   3.33564103e-04   3.11091598e-01   5.23403103e-01   9.99986790e-01
    0.0760080122   2.53533959e-05   9.99974647e-01   3.33564121e-04   3.11091671e-01   5.23403173e-01   9.99986730e-01
    0.0763506080   2.54676735e-05   9.99974533e-01   3.33564138e-04   3.11091744e-01   5.23403242e-01   9.99986671e-01
    0.0766947480   2.55824663e-05   9.99974418e-01   3.33564156e-04   3.11091818e-01   5.23403312e-01   9.99986611e-01
    0.0770404392   2.56977765e-05   9.99974303e-01   3.33564174e-04   3.11091892e-01   5.23403383e-01   9.99986550e-01
    0.0773876885   2.58136064e-05   9.99974187e-01   3.33564192e-04   3.11091967e-01   5.23403453e-01   9.99986490e-01
    0.0777365030   2.59299584e-05   9.99974071e-01   3.33564210e-04   3.11092041e-01   5.23403524e-01   9.99986429e-01
    0.0780868898   2.60468349e-05   9.99973954e-01   3.33564229e-04   3.11092117e-01   5.23403596e-01   9.99986367e-01
    0.0784388558   2.61642382e-05   9.99973836e-01   3.33564247e-04   3.11092192e-01   5.23403667e-01   9.99986306e-01
    0.0787924083   2.62821707e-05   9.99973719e-01   3.33564265e-04   3.11092268e-01   5.23403739e-01   9.99986244e-01
    0.0791475544   2.64006347e-05   9.99973600e-01   3.33564284e-04   3.11092344e-01   5.23403811e-01   9.99986182e-01
    0.0795043013   2.65196327e-05   9.99973481e-01   3.33564302e-04   3.11092420e-01   5.23403884e-01   9.99986120e-01
    0.0798626561   2.66391671e-05   9.99973362e-01   3.33564321e-04   3.11092497e-01   5.23403957e-01   9.99986057e-01
    0.0802226262   2.67592403e-05   9.99973241e-01   3.33564340e-04   3.11092574e-01   5.23404030e-01   9.99985995e-01
    0.0805842188   2.68798547e-05   9.99973121e-01   3.33564358e-04   3.11092652e-01   5.23404104e-01   9.99985931e-01
    0.0809474412   2.70010128e-05   9.99973000e-01   3.33564377e-04   3.11092730e-01   5.23404177e-01   9.99985868e-01
    0.0813123008   2.71227169e-05   9.99972878e-01   3.33564396e-04   3.11092808e-01   5.23404252e-01   9.99985804e-01
    0.0816788050   2.72449697e-05   9.99972756e-01   3.33564415e-04   3.11092887e-01   5.23404326e-01   9.99985740e-01
    0.0820469611   2.73677735e-05   9.99972633e-01   3.33564434e-04   3.11092966e-01   5.23404401e-01   9.99985676e-01
    0.0824167766   2.74911308e-05   9.99972510e-01   3.33564454e-04   3.11093045e-01   5.23404476e-01   9.99985612e-01
    0.0827882591   2.76150441e-05   9.99972386e-01   3.33564473e-04   3.11093125e-01   5.23404552e-01   9.99985547e-01
    0.0831614159   2.77395160e-05   9.99972261e-01   3.33564492e-04   3.11093205e-01   5.23404628e-01   9.99985482e-01
    0.0835362547   2.78645489e-05   9.99972136e-01   3.33564512e-04   3.11093285e-01   5.23404704e-01   9.99985416e-01
    0.0839127830   2.79901454e-05   9.99972011e-01   3.33564531e-04   3.11093366e-01   5.23404781e-01   9.99985350e-01
    0.0842910085   2.81163080e-05   9.99971884e-01   3.33564551e-04   3.11093447e-01   5.23404858e-01   9.99985284e-01
    0.0846709388   2.82430393e-05   9.99971758e-01   3.33564571e-04   3.11093528e-01   5.23404935e-01   9.99985218e-01
    0.0850525815   2.83703418e-05   9.99971630e-01   3.33564590e-04   3.11093610e-01   5.23405013e-01   9.99985151e-01
    0.0854359445   2.84982181e-05   9.99971503e-01   3.33564610e-04   3.11093692e-01   5.23405090e-01   9.99985084e-01
    0.0858210354   2.86266708e-05   9.99971374e-01   3.33564630e-04   3.11093775e-01   5.23405169e-01   9.99985017e-01
    0.0862078621   2.87557025e-05   9.99971245e-01   3.33564650e-04   3.11093858e-01   5.23405248e-01   9.99984950e-01
    0.0865964323   2.88853158e-05   9.99971116e-01   3.33564671e-04   3.11093941e-01   5.23405327e-01   9.99984882e-01
    0.0869867540   2.90155133e-05   9.99970985e-01   3.33564691e-04   3.11094025e-01   5.23405406e-01   9.99984814e-01
    0.0873788350   2.91462977e-05   9.99970855e-01   3.33564711e-04   3.11094109e-01   5.23405486e-01   9.99984745e-01
    0.0877726832   2.92776716e-05   9.99970723e-01   3.33564732e-04   3.11094193e-01   5.23405566e-01   9.99984677e-01
    0.0881683067   2.94096376e-05   9.99970591e-01   3.33564752e-04   3.11094278e-01   5.23405646e-01   9.99984607e-01
    0.0885657134   2.95421985e-05   9.99970459e-01   3.33564773e-04   3.11094363e-01   5.23405727e-01   9.99984538e-01
    0.0889649113   2.96753569e-05   9.99970326e-01   3.33564794e-04   3.11094449e-01   5.23405808e-01   9.99984468e-01
    0.0893659085   2.98091154e-05   9.99970192e-01   3.33564814e-04   3.11094535e-01   5.23405890e-01   9.99984398e-01
    0.0897687132   2.99434769e-05   9.99970057e-01   3.33564835e-04   3.11094621e-01   5.23405972e-01   9.99984328e-01
    0.0901733335   3.00784440e-05   9.99969922e-01   3.33564856e-04   3.11094708e-01   5.23406054e-01   9.99984257e-01
    0.0905797776   3.02140195e-05   9.99969787e-01   3.33564877e-04   3.11094795e-01   5.23406137e-01   9.99984186e-01
    0.0909880536   3.03502060e-05   9.99969651e-01   3.33564899e-04   3.11094883e-01   5.23406220e-01   9.99984115e-01
    0.0913981699   3.04870064e-05   9.99969514e-01   3.33564920e-04   3.11094971e-01   5.23406303e-01   9.99984044e-01
    0.0918101348   3.06244235e-05   9.99969377e-01   3.33564941e-04   3.11095059e-01   5.23406387e-01   9.99983972e-01
    0.0922239565   3.07624599e-05   9.99969238e-01   3.33564963e-04   3.11095148e-01   5.23406471e-01   9.99983899e-01
    0.0926396435   3.09011185e-05   9.99969100e-01   3.33564984e-04   3.11095237e-01   5.23406556e-01   9.99983827e-01
    0.0930572041   3.10404021e-05   9.99968961e-01   3.33565006e-04   3.11095327e-01   5.23406641e-01   9.99983754e-01
    0.0934766468   3.11803135e-05   9.99968821e-01   3.33565028e-04   3.11095416e-01   5.23406726e-01   9.99983681e-01
    0.0938979801   3.13208556e-05   9.99968680e-01   3.33565050e-04   3.11095507e-01   5.23406812e-01   9.99983607e-01
    0.0943212125   3.14620311e-05   9.99968539e-01   3.33565072e-04   3.11095598e-01   5.23406898e-01   9.99983533e-01
    0.0947463526   3.16038430e-05   9.99968397e-01   3.33565094e-04   3.11095689e-01   5.23406984e-01   9.99983459e-01
    0.0951734089   3.17462941e-05   9.99968255e-01   3.33565116e-04   3.11095780e-01   5.23407071e-01   9.99983384e-01
    0.0956023901   3.18893873e-05   9.99968112e-01   3.33565138e-04   3.11095872e-01   5.23407158e-01   9.99983310e-01
    0.0960333049   3.20331254e-05   9.99967968e-01   3.33565161e-04   3.11095965e-01   5.23407246e-01   9.99983234e-01
    0.0964661620   3.21775115e-05   9.99967824e-01   3.33565183e-04   3.11096058e-01   5.23407334e-01   9.99983159e-01
    0.0969009701   3.23225483e-05   9.99967678e-01   3.33565206e-04   3.11096151e-01   5.23407423e-01   9.99983083e-01
    0.0973377381   3.24682389e-05   9.99967533e-01   3.33565228e-04   3.11096244e-01   5.23407511e-01   9.99983007e-01
    0.0977764747   3.26145862e-05   9.99967386e-01   3.33565251e-04   3.11096338e-01   5.23407601e-01   9.99982930e-01
    0.0982171889   3.27615932e-05   9.99967239e-01   3.33565274e-04   3.11096433e-01   5.23407690e-01   9.99982853e-01
    0.0986598896   3.29092627e-05   9.99967092e-01   3.33565297e-04   3.11096528e-01   5.23407780e-01   9.99982776e-01
    0.0991045856   3.30575979e-05   9.99966943e-01   3.33565320e-04   3.11096623e-01   5.23407871e-01   9.99982698e-01
    0.0995512861   3.32066017e-05   9.99966795e-01   3.33565343e-04   3.11096719e-01   5.23407962e-01   9.99982620e-01
    0.1000000000   3.33562771e-05   9.99966645e-01   3.33565367e-04   3.11096815e-01   5.23408053e-01   9.99982542e-01
    0.1004507364   3.35066272e-05   9.99966494e-01   3.33565390e-04   3.11096912e-01   5.23408145e-01   9.99982463e-01
    0.1009035045   3.36576550e-05   9.99966343e-01   3.33565414e-04   3.11097009e-01   5.23408237e-01   9.99982384e-01
    0.1013583133   3.38093635e-05   9.99966192e-01   3.33565437e-04   3.11097106e-01   5.23408329e-01   9.99982305e-01
    0.1018151722   3.39617558e-05   9.99966039e-01   3.33565461e-04   3.11097204e-01   5.23408422e-01   9.99982225e-01
    0.1022740902   3.41148350e-05   9.99965886e-01   3.33565485e-04   3.11097303e-01   5.23408516e-01   9.99982145e-01
    0.1027350768   3.42686042e-05   9.99965733e-01   3.33565509e-04   3.11097402e-01   5.23408609e-01   9.99982064e-01
    0.1031981412   3.44230666e-05   9.99965578e-01   3.33565533e-04   3.11097501e-01   5.23408704e-01   9.99981984e-01
    0.1036632928   3.45782251e-05   9.99965423e-01   3.33565557e-04   3.11097601e-01   5.23408798e-01   9.99981902e-01
    0.1041305411   3.47340830e-05   9.99965267e-01   3.33565581e-04   3.11097701e-01   5.23408893e-01   9.99981821e-01
    0.1045998953   3.48906435e-05   9.99965111e-01   3.33565606e-04   3.11097802e-01   5.23408989e-01   9.99981739e-01
    0.1050713652   3.50479096e-05   9.99964953e-01   3.33565630e-04   3.11097903e-01   5.23409085e-01   9.99981656e-01
    0.1055449601   3.52058846e-05   9.99964795e-01   3.33565655e-04   3.11098004e-01   5.23409181e-01   9.99981574e-01
    0.1060206897   3.53645716e-05   9.99964637e-01   3.33565679e-04   3.11098106e-01   5.23409278e-01   9.99981491e-01
    0.1064985635   3.55239740e-05   9.99964477e-01   3.33565704e-04   3.11098209e-01   5.23409375e-01   9.99981407e-01
    0.1069785914   3.56840948e-05   9.99964317e-01   3.33565729e-04   3.11098312e-01   5.23409473e-01   9.99981324e-01
    0.1074607828   3.58449374e-05   9.99964156e-01   3.33565754e-04   3.11098415e-01   5.23409571e-01   9.99981239e-01
    0.1079451477   3.60065049e-05   9.99963995e-01   3.33565779e-04   3.11098519e-01   5.23409669e-01   9.99981155e-01
    0.1084316958   3.61688007e-05   9.99963833e-01   3.33565805e-04   3.11098623e-01   5.23409768e-01   9.99981070e-01
    0.1089204370   3.63318280e-05   9.99963669e-01   3.33565830e-04   3.11098728e-01   5.23409868e-01   9.99980984e-01
    0.1094113811   3.64955902e-05   9.99963506e-01   3.33565856e-04   3.11098833e-01   5.23409967e-01   9.99980899e-01
    0.1099045380   3.66600905e-05   9.99963341e-01   3.33565881e-04   3.11098939e-01   5.23410068e-01   9.99980813e-01
    0.1103999178   3.68253323e-05   9.99963176e-01   3.33565907e-04   3.11099045e-01   5.23410169e-01   9.99980726e-01
    0.1108975304   3.69913190e-05   9.99963010e-01   3.33565933e-04   3.11099152e-01   5.23410270e-01   9.99980639e-01
    0.1113973860   3.71580538e-05   9.99962843e-01   3.33565959e-04   3.11099259e-01   5.23410371e-01   9.99980552e-01
    0.1118994946   3.73255401e-05   9.99962676e-01   3.33565985e-04   3.11099367e-01   5.23410474e-01   9.99980464e-01
    0.1124038664   3.74937814e-05   9.99962508e-01   3.33566011e-04   3.11099475e-01   5.23410576e-01   9.99980376e-01
    0.1129105115   3.76627810e-05   9.99962339e-01   3.33566037e-04   3.11099584e-01   5.23410679e-01   9.99980288e-01
    0.1134194404   3.78325424e-05   9.99962169e-01   3.33566064e-04   3.11099693e-01   5.23410783e-01   9.99980199e-01
    0.1139306631   3.80030689e-05   9.99961998e-01   3.33566090e-04   3.11099802e-01   5.23410887e-01   9.99980110e-01
    0.1144441901   3.81743641e-05   9.99961827e-01   3.33566117e-04   3.11099912e-01   5.23410991e-01   9.99980020e-01
    0.1149600317   3.83464314e-05   9.99961655e-01   3.33566144e-04   3.11100023e-01   5.23411096e-01   9.99979930e-01
    0.1154781985   3.85192743e-05   9.99961482e-01   3.33566171e-04   3.11100134e-01   5.23411202e-01   9.99979840e-01
    0.1159987008   3.86928963e-05   9.99961309e-01   3.33566198e-04   3.11100246e-01   5.23411307e-01   9.99979749e-01
    0.1165215492   3.88673009e-05   9.99961134e-01   3.33566225e-04   3.11100358e-01   5.23411414e-01   9.99979657e-01
    0.1170467542   3.90424915e-05   9.99960959e-01   3.33566252e-04   3.11100470e-01   5.23411521e-01   9.99979566e-01
    0.1175743266   3.92184719e-05   9.99960783e-01   3.33566280e-04   3.11100584e-01   5.23411628e-01   9.99979474e-01
    0.1181042769   3.93952454e-05   9.99960606e-01   3.33566307e-04   3.11100697e-01   5.23411736e-01   9.99979381e-01
    0.1186366159   3.95728158e-05   9.99960429e-01   3.33566335e-04   3.11100811e-01   5.23411844e-01   9.99979288e-01
    0.1191713543   3.97511865e-05   9.99960250e-01   3.33566362e-04   3.11100926e-01   5.23411953e-01   9.99979195e-01
    0.1197085030   3.99303613e-05   9.99960071e-01   3.33566390e-04   3.11101041e-01   5.23412062e-01   9.99979101e-01
    0.1202480729   4.01103437e-05   9.99959891e-01   3.33566418e-04   3.11101157e-01   5.23412172e-01   9.99979007e-01
    0.1207900747   4.02911373e-05   9.99959710e-01   3.33566447e-04   3.11101273e-01   5.23412282e-01   9.99978912e-01
    0.1213345196   4.04727458e-05   9.99959529e-01   3.33566475e-04   3.11101390e-01   5.23412393e-01   9.99978817e-01
    0.1218814185   4.06551730e-05   9.99959346e-01   3.33566503e-04   3.11101507e-01   5.23412504e-01   9.99978722e-01
    0.1224307824   4.08384224e-05   9.99959163e-01   3.33566532e-04   3.11101625e-01   5.23412616e-01   9.99978626e-01
    0.1229826226   4.10224978e-05   9.99958979e-01   3.33566560e-04   3.11101743e-01   5.23412728e-01   9.99978529e-01
    0.1235369500   4.12074029e-05   9.99958794e-01   3.33566589e-04   3.11101862e-01   5.23412841e-01   9.99978433e-01
    0.1240937761   4.13931415e-05   9.99958609e-01   3.33566618e-04   3.11101982e-01   5.23412954e-01   9.99978335e-01
    0.1246531119   4.15797173e-05   9.99958422e-01   3.33566647e-04   3.11102101e-01   5.23413068e-01   9.99978238e-01
    0.1252149689   4.17671340e-05   9.99958235e-01   3.33566676e-04   3.11102222e-01   5.23413182e-01   9.99978140e-01
    0.1257793584   4.19553956e-05   9.99958046e-01   3.33566706e-04   3.11102343e-01   5.23413297e-01   9.99978041e-01
    0.1263462918   4.21445057e-05   9.99957857e-01   3.33566735e-04   3.11102465e-01   5.23413412e-01   9.99977942e-01
    0.1269157805   4.23344682e-05   9.99957667e-01   3.33566765e-04   3.11102587e-01   5.23413528e-01   9.99977843e-01
    0.1274878362   4.25252869e-05   9.99957477e-01   3.33566794e-04   3.11102709e-01   5.23413644e-01   9.99977743e-01
    0.1280624703   4.27169658e-05   9.99957285e-01   3.33566824e-04   3.11102833e-01   5.23413761e-01   9.99977643e-01
    0.1286396945   4.29095087e-05   9.99957092e-01   3.33566854e-04   3.11102956e-01   5.23413879e-01   9.99977542e-01
    0.1292195205   4.31029194e-05   9.99956899e-01   3.33566884e-04   3.11103081e-01   5.23413997e-01   9.99977441e-01
    0.1298019599   4.32972019e-05   9.99956705e-01   3.33566915e-04   3.11103206e-01   5.23414115e-01   9.99977339e-01
    0.1303870246   4.34923602e-05   9.99956510e-01   3.33566945e-04   3.11103331e-01   5.23414234e-01   9.99977237e-01
    0.1309747264   4.36883981e-05   9.99956314e-01   3.33566976e-04   3.11103457e-01   5.23414354e-01   9.99977134e-01
    0.1315650772   4.38853196e-05   9.99956117e-01   3.33567006e-04   3.11103584e-01   5.23414474e-01   9.99977031e-01
    0.1321580890   4.40831288e-05   9.99955919e-01   3.33567037e-04   3.11103711e-01   5.23414594e-01   9.99976928e-01
    0.1327537736   4.42818295e-05   9.99955720e-01   3.33567068e-04   3.11103838e-01   5.23414716e-01   9.99976824e-01
    0.1333521432   4.44814260e-05   9.99955521e-01   3.33567099e-04   3.11103967e-01   5.23414837e-01   9.99976719e-01
    0.1339532099   4.46819220e-05   9.99955320e-01   3.33567130e-04   3.11104096e-01   5.23414960e-01   9.99976614e-01
    0.1345569858   4.48833218e-05   9.99955119e-01   3.33567162e-04   3.11104225e-01   5.23415082e-01   9.99976509e-01
    0.1351634832   4.50856294e-05   9.99954916e-01   3.33567193e-04   3.11104355e-01   5.23415206e-01   9.99976403e-01
    0.1357727142   4.52888490e-05   9.99954713e-01   3.33567225e-04   3.11104486e-01   5.23415330e-01   9.99976297e-01
    0.1363846913   4.54929845e-05   9.99954509e-01   3.33567257e-04   3.11104617e-01   5.23415454e-01   9.99976190e-01
    0.1369994268   4.56980401e-05   9.99954304e-01   3.33567288e-04   3.11104749e-01   5.23415579e-01   9.99976082e-01
    0.1376169331   4.59040200e-05   9.99954098e-01   3.33567321e-04   3.11104881e-01   5.23415705e-01   9.99975975e-01
    0.1382372227   4.61109284e-05   9.99953891e-01   3.33567353e-04   3.11105014e-01   5.23415831e-01   9.99975866e-01
    0.1388603083   4.63187694e-05   9.99953683e-01   3.33567385e-04   3.11105148e-01   5.23415958e-01   9.99975758e-01
    0.1394862022   4.65275472e-05   9.99953475e-01   3.33567418e-04   3.11105282e-01   5.23416085e-01   9.99975648e-01
    0.1401149174   4.67372661e-05   9.99953265e-01   3.33567450e-04   3.11105417e-01   5.23416213e-01   9.99975538e-01
    0.1407464663   4.69479303e-05   9.99953054e-01   3.33567483e-04   3.11105552e-01   5.23416341e-01   9.99975428e-01
    0.1413808619   4.71595440e-05   9.99952843e-01   3.33567516e-04   3.11105688e-01   5.23416471e-01   9.99975317e-01
    0.1420181170   4.73721116e-05   9.99952630e-01   3.33567549e-04   3.11105825e-01   5.23416600e-01   9.99975206e-01
    0.1426582444   4.75856374e-05   9.99952417e-01   3.33567582e-04   3.11105962e-01   5.23416730e-01   9.99975094e-01
    0.1433012570   4.78001256e-05   9.99952202e-01   3.33567616e-04   3.11106100e-01   5.23416861e-01   9.99974982e-01
    0.1439471680   4.80155806e-05   9.99951987e-01   3.33567649e-04   3.11106239e-01   5.23416993e-01   9.99974869e-01
    0.1445959903   4.82320067e-05   9.99951770e-01   3.33567683e-04   3.11106378e-01   5.23417125e-01   9.99974756e-01
    0.1452477371   4.84494084e-05   9.99951553e-01   3.33567717e-04   3.11106518e-01   5.23417257e-01   9.99974642e-01
    0.1459024216   4.86677900e-05   9.99951335e-01   3.33567751e-04   3.11106658e-01   5.23417390e-01   9.99974528e-01
    0.1465600569   4.88871560e-05   9.99951115e-01   3.33567785e-04   3.11106799e-01   5.23417524e-01   9.99974413e-01
    0.1472206565   4.91075107e-05   9.99950895e-01   3.33567819e-04   3.11106941e-01   5.23417658e-01   9.99974298e-01
    0.1478842336   4.93288587e-05   9.99950674e-01   3.33567854e-04   3.11107083e-01   5.23417793e-01   9.99974182e-01
    0.1485508017   4.95512044e-05   9.99950451e-01   3.33567888e-04   3.11107226e-01   5.23417929e-01   9.99974066e-01
    0.1492203743   4.97745523e-05   9.99950228e-01   3.33567923e-04   3.11107369e-01   5.23418065e-01   9.99973949e-01
    0.1498929649   4.99989070e-05   9.99950004e-01   3.33567958e-04   3.11107514e-01   5.23418202e-01   9.99973831e-01
    0.1505685871   5.02242729e-05   9.99949778e-01   3.33567993e-04   3.11107658e-01   5.23418339e-01   9.99973713e-01
    0.1512472545   5.04506547e-05   9.99949552e-01   3.33568028e-04   3.11107804e-01   5.23418477e-01   9.99973595e-01
    0.1519289810   5.06780568e-05   9.99949325e-01   3.33568064e-04   3.11107950e-01   5.23418616e-01   9.99973476e-01
    0.1526137803   5.09064840e-05   9.99949096e-01   3.33568099e-04   3.11108097e-01   5.23418755e-01   9.99973356e-01
    0.1533016662   5.11359408e-05   9.99948867e-01   3.33568135e-04   3.11108245e-01   5.23418895e-01   9.99973236e-01
    0.1539926526   5.13664319e-05   9.99948636e-01   3.33568171e-04   3.11108393e-01   5.23419036e-01   9.99973116e-01
    0.1546867536   5.15979619e-05   9.99948405e-01   3.33568207e-04   3.11108542e-01   5.23419177e-01   9.99972995e-01
    0.1553839831   5.18305355e-05   9.99948172e-01   3.33568243e-04   3.11108691e-01   5.23419319e-01   9.99972873e-01
    0.1560843553   5.20641575e-05   9.99947939e-01   3.33568280e-04   3.11108841e-01   5.23419461e-01   9.99972751e-01
    0.1567878844   5.22988324e-05   9.99947704e-01   3.33568316e-04   3.11108992e-01   5.23419605e-01   9.99972628e-01
    0.1574945845   5.25345652e-05   9.99947468e-01   3.33568353e-04   3.11109144e-01   5.23419748e-01   9.99972504e-01
    0.1582044699   5.27713606e-05   9.99947231e-01   3.33568390e-04   3.11109296e-01   5.23419893e-01   9.99972380e-01
    0.1589175551   5.30092232e-05   9.99946994e-01   3.33568427e-04   3.11109449e-01   5.23420038e-01   9.99972256e-01
    0.1596338544   5.32481581e-05   9.99946755e-01   3.33568464e-04   3.11109602e-01   5.23420183e-01   9.99972131e-01
    0.1603533824   5.34881699e-05   9.99946515e-01   3.33568501e-04   3.11109757e-01   5.23420330e-01   9.99972005e-01
    0.1610761535   5.37292636e-05   9.99946274e-01   3.33568539e-04   3.11109912e-01   5.23420477e-01   9.99971879e-01
    0.1618021824   5.39714440e-05   9.99946031e-01   3.33568577e-04   3.11110067e-01   5.23420624e-01   9.99971752e-01
    0.1625314837   5.42147161e-05   9.99945788e-01   3.33568615e-04   3.11110224e-01   5.23420773e-01   9.99971625e-01
    0.1632640723   5.44590846e-05   9.99945544e-01   3.33568653e-04   3.11110381e-01   5.23420922e-01   9.99971497e-01
    0.1639999630   5.47045547e-05   9.99945298e-01   3.33568691e-04   3.11110539e-01   5.23421072e-01   9.99971369e-01
    0.1647391705   5.49511312e-05   9.99945052e-01   3.33568729e-04   3.11110697e-01   5.23421222e-01   9.99971240e-01
    0.1654817100   5.51988192e-05   9.99944804e-01   3.33568768e-04   3.11110856e-01   5.23421373e-01   9.99971110e-01
    0.1662275963   5.54476236e-05   9.99944555e-01   3.33568807e-04   3.11111016e-01   5.23421525e-01   9.99970980e-01
    0.1669768447   5.56975495e-05   9.99944306e-01   3.33568845e-04   3.11111177e-01   5.23421677e-01   9.99970849e-01
    0.1677294701   5.59486019e-05   9.99944055e-01   3.33568885e-04   3.11111338e-01   5.23421830e-01   9.99970717e-01
    0.1684854879   5.62007859e-05   9.99943802e-01   3.33568924e-04   3.11111500e-01   5.23421984e-01   9.99970585e-01
    0.1692449134   5.64541067e-05   9.99943549e-01   3.33568963e-04   3.11111663e-01   5.23422138e-01   9.99970453e-01
    0.1700077619   5.67085693e-05   9.99943295e-01   3.33569003e-04   3.11111827e-01   5.23422294e-01   9.99970320e-01
    0.1707740488   5.69641789e-05   9.99943039e-01   3.33569043e-04   3.11111991e-01   5.23422449e-01   9.99970186e-01
    0.1715437896   5.72209406e-05   9.99942782e-01   3.33569083e-04   3.11112156e-01   5.23422606e-01   9.99970052e-01
    0.1723170000   5.74788597e-05   9.99942524e-01   3.33569123e-04   3.11112322e-01   5.23422763e-01   9.99969917e-01
    0.1730936955   5.77379413e-05   9.99942265e-01   3.33569163e-04   3.11112488e-01   5.23422921e-01   9.99969781e-01
    0.1738738918   5.79981908e-05   9.99942005e-01   3.33569204e-04   3.11112656e-01   5.23423080e-01   9.99969645e-01
    0.1746576048   5.82596133e-05   9.99941744e-01   3.33569244e-04   3.11112824e-01   5.23423239e-01   9.99969508e-01
    0.1754448502   5.85222142e-05   9.99941481e-01   3.33569285e-04   3.11112993e-01   5.23423400e-01   9.99969371e-01
    0.1762356441   5.87859987e-05   9.99941217e-01   3.33569326e-04   3.11113162e-01   5.23423560e-01   9.99969232e-01
    0.1770300023   5.90509723e-05   9.99940953e-01   3.33569368e-04   3.11113333e-01   5.23423722e-01   9.99969094e-01
    0.1778279410   5.93171402e-05   9.99940686e-01   3.33569409e-04   3.11113504e-01   5.23423884e-01   9.99968954e-01
    0.1786294763   5.95845079e-05   9.99940419e-01   3.33569451e-04   3.11113675e-01   5.23424047e-01   9.99968815e-01
    0.1794346244   5.98530807e-05   9.99940151e-01   3.33569493e-04   3.11113848e-01   5.23424211e-01   9.99968674e-01
    0.1802434016   6.01228642e-05   9.99939881e-01   3.33569535e-04   3.11114022e-01   5.23424376e-01   9.99968533e-01
    0.1810558243   6.03938636e-05   9.99939610e-01   3.33569577e-04   3.11114196e-01   5.23424541e-01   9.99968391e-01
    0.1818719089   6.06660846e-05   9.99939338e-01   3.33569619e-04   3.11114371e-01   5.23424707e-01   9.99968248e-01
    0.1826916718   6.09395327e-05   9.99939064e-01   3.33569662e-04   3.11114547e-01   5.23424874e-01   9.99968105e-01
    0.1835151297   6.12142132e-05   9.99938790e-01   3.33569704e-04   3.11114723e-01   5.23425041e-01   9.99967962e-01
    0.1843422992   6.14901320e-05   9.99938514e-01   3.33569747e-04   3.11114900e-01   5.23425209e-01   9.99967817e-01
    0.1851731971   6.17672944e-05   9.99938237e-01   3.33569791e-04   3.11115079e-01   5.23425378e-01   9.99967672e-01
    0.1860078402   6.20457061e-05   9.99937958e-01   3.33569834e-04   3.11115258e-01   5.23425548e-01   9.99967526e-01
    0.1868462453   6.23253728e-05   9.99937679e-01   3.33569877e-04   3.11115437e-01   5.23425719e-01   9.99967380e-01
    0.1876884294   6.26063000e-05   9.99937398e-01   3.33569921e-04   3.11115618e-01   5.23425890e-01   9.99967233e-01
    0.1885344095   6.28884936e-05   9.99937115e-01   3.33569965e-04   3.11115799e-01   5.23426062e-01   9.99967085e-01
    0.1893842027   6.31719591e-05   9.99936832e-01   3.33570009e-04   3.11115982e-01   5.23426235e-01   9.99966937e-01
    0.1902378263   6.34567024e-05   9.99936547e-01   3.33570054e-04   3.11116165e-01   5.23426409e-01   9.99966788e-01
    0.1910952975   6.37427291e-05   9.99936261e-01   3.33570098e-04   3.11116349e-01   5.23426583e-01   9.99966638e-01
    0.1919566336   6.40300451e-05   9.99935974e-01   3.33570143e-04   3.11116533e-01   5.23426758e-01   9.99966488e-01
    0.1928218521   6.43186561e-05   9.99935685e-01   3.33570188e-04   3.11116719e-01   5.23426934e-01   9.99966337e-01
    0.1936909704   6.46085681e-05   9.99935396e-01   3.33570233e-04   3.11116905e-01   5.23427111e-01   9.99966185e-01
    0.1945640062   6.48997869e-05   9.99935104e-01   3.33570278e-04   3.11117092e-01   5.23427289e-01   9.99966033e-01
    0.1954409770   6.51923183e-05   9.99934812e-01   3.33570324e-04   3.11117280e-01   5.23427467e-01   9.99965880e-01
    0.1963219007   6.54861683e-05   9.99934518e-01   3.33570370e-04   3.11117469e-01   5.23427646e-01   9.99965726e-01
    0.1972067950   6.57813429e-05   9.99934223e-01   3.33570416e-04   3.11117659e-01   5.23427826e-01   9.99965571e-01
    0.1980956779   6.60778479e-05   9.99933927e-01   3.33570462e-04   3.11117850e-01   5.23428007e-01   9.99965416e-01
    0.1989885672   6.63756895e-05   9.99933629e-01   3.33570508e-04   3.11118041e-01   5.23428189e-01   9.99965260e-01
    0.1998854812   6.66748735e-05   9.99933330e-01   3.33570555e-04   3.11118233e-01   5.23428371e-01   9.99965104e-01
    0.2007864379   6.69754062e-05   9.99933029e-01   3.33570602e-04   3.11118427e-01   5.23428554e-01   9.99964946e-01
    0.2016914555   6.72772935e-05   9.99932727e-01   3.33570649e-04   3.11118621e-01   5.23428738e-01   9.99964788e-01
    0.2026005523   6.75805415e-05   9.99932424e-01   3.33570696e-04   3.11118816e-01   5.23428923e-01   9.99964630e-01
    0.2035137468   6.78851565e-05   9.99932119e-01   3.33570743e-04   3.11119011e-01   5.23429109e-01   9.99964470e-01
    0.2044310574   6.81911445e-05   9.99931814e-01   3.33570791e-04   3.11119208e-01   5.23429296e-01   9.99964310e-01
    0.2053525026   6.84985117e-05   9.99931506e-01   3.33570839e-04   3.11119406e-01   5.23429483e-01   9.99964149e-01
    0.2062781012   6.88072644e-05   9.99931197e-01   3.33570887e-04   3.11119604e-01   5.23429671e-01   9.99963988e-01
    0.2072078717   6.91174088e-05   9.99930887e-01   3.33570935e-04   3.11119804e-01   5.23429861e-01   9.99963825e-01
    0.2081418331   6.94289512e-05   9.99930576e-01   3.33570984e-04   3.11120004e-01   5.23430051e-01   9.99963662e-01
    0.2090800041   6.97418979e-05   9.99930263e-01   3.33571032e-04   3.11120205e-01   5.23430241e-01   9.99963498e-01
    0.2100224039   7.00562551e-05   9.99929949e-01   3.33571081e-04   3.11120407e-01   5.23430433e-01   9.99963334e-01
    0.2109690513   7.03720294e-05   9.99929633e-01   3.33571130e-04   3.11120610e-01   5.23430626e-01   9.99963169e-01
    0.2119199657   7.06892270e-05   9.99929316e-01   3.33571180e-04   3.11120814e-01   5.23430819e-01   9.99963003e-01
    0.2128751662   7.10078544e-05   9.99928997e-01   3.33571229e-04   3.11121019e-01   5.23431013e-01   9.99962836e-01
    0.2138346721   7.13279180e-05   9.99928677e-01   3.33571279e-04   3.11121225e-01   5.23431209e-01   9.99962668e-01
    0.2147985029   7.16494242e-05   9.99928356e-01   3.33571329e-04   3.11121431e-01   5.23431405e-01   9.99962500e-01
    0.2157666779   7.19723797e-05   9.99928033e-01   3.33571380e-04   3.11121639e-01   5.23431602e-01   9.99962331e-01
    0.2167392170   7.22967909e-05   9.99927708e-01   3.33571430e-04   3.11121847e-01   5.23431799e-01   9.99962161e-01
    0.2177161396   7.26226644e-05   9.99927383e-01   3.33571481e-04   3.11122057e-01   5.23431998e-01   9.99961991e-01
    0.2186974655   7.29500068e-05   9.99927055e-01   3.33571532e-04   3.11122267e-01   5.23432198e-01   9.99961819e-01
    0.2196832146   7.32788247e-05   9.99926727e-01   3.33571583e-04   3.11122479e-01   5.23432398e-01   9.99961647e-01
    0.2206734069   7.36091247e-05   9.99926396e-01   3.33571634e-04   3.11122691e-01   5.23432600e-01   9.99961474e-01
    0.2216680623   7.39409136e-05   9.99926065e-01   3.33571686e-04   3.11122904e-01   5.23432802e-01   9.99961301e-01
    0.2226672010   7.42741980e-05   9.99925731e-01   3.33571738e-04   3.11123118e-01   5.23433005e-01   9.99961126e-01
    0.2236708432   7.46089847e-05   9.99925397e-01   3.33571790e-04   3.11123334e-01   5.23433209e-01   9.99960951e-01
    0.2246790092   7.49452804e-05   9.99925060e-01   3.33571843e-04   3.11123550e-01   5.23433414e-01   9.99960775e-01
    0.2256917193   7.52830920e-05   9.99924723e-01   3.33571895e-04   3.11123767e-01   5.23433620e-01   9.99960598e-01
    0.2267089941   7.56224263e-05   9.99924383e-01   3.33571948e-04   3.11123985e-01   5.23433827e-01   9.99960421e-01
    0.2277308541   7.59632902e-05   9.99924042e-01   3.33572001e-04   3.11124204e-01   5.23434035e-01   9.99960242e-01
    0.2287573200   7.63056905e-05   9.99923700e-01   3.33572054e-04   3.11124424e-01   5.23434244e-01   9.99960063e-01
    0.2297884126   7.66496342e-05   9.99923356e-01   3.33572108e-04   3.11124645e-01   5.23434454e-01   9.99959883e-01
    0.2308241527   7.69951282e-05   9.99923011e-01   3.33572162e-04   3.11124868e-01   5.23434664e-01   9.99959702e-01
    0.2318645612   7.73421796e-05   9.99922664e-01   3.33572216e-04   3.11125091e-01   5.23434876e-01   9.99959521e-01
    0.2329096592   7.76907953e-05   9.99922315e-01   3.33572270e-04   3.11125315e-01   5.23435089e-01   9.99959338e-01
    0.2339594679   7.80409824e-05   9.99921965e-01   3.33572325e-04   3.11125540e-01   5.23435302e-01   9.99959155e-01
    0.2350140085   7.83927480e-05   9.99921613e-01   3.33572379e-04   3.11125766e-01   5.23435517e-01   9.99958971e-01
    0.2360733022   7.87460991e-05   9.99921260e-01   3.33572434e-04   3.11125993e-01   5.23435732e-01   9.99958786e-01
    0.2371373706   7.91010430e-05   9.99920905e-01   3.33572490e-04   3.11126221e-01   5.23435949e-01   9.99958600e-01
    0.2382062351   7.94575869e-05   9.99920549e-01   3.33572545e-04   3.11126451e-01   5.23436166e-01   9.99958413e-01
    0.2392799173   7.98157378e-05   9.99920191e-01   3.33572601e-04   3.11126681e-01   5.23436384e-01   9.99958226e-01
    0.2403584391   8.01755032e-05   9.99919831e-01   3.33572657e-04   3.11126912e-01   5.23436604e-01   9.99958038e-01
    0.2414418221   8.05368901e-05   9.99919470e-01   3.33572713e-04   3.11127144e-01   5.23436824e-01   9.99957849e-01
    0.2425300884   8.08999061e-05   9.99919107e-01   3.33572770e-04   3.11127378e-01   5.23437046e-01   9.99957659e-01
    0.2436232598   8.12645584e-05   9.99918742e-01   3.33572827e-04   3.11127612e-01   5.23437268e-01   9.99957468e-01
    0.2447213586   8.16308543e-05   9.99918376e-01   3.33572884e-04   3.11127848e-01   5.23437491e-01   9.99957276e-01
    0.2458244069   8.19988013e-05   9.99918008e-01   3.33572941e-04   3.11128084e-01   5.23437716e-01   9.99957083e-01
    0.2469324270   8.23684069e-05   9.99917638e-01   3.33572998e-04   3.11128322e-01   5.23437941e-01   9.99956890e-01
    0.2480454414   8.27396785e-05   9.99917267e-01   3.33573056e-04   3.11128560e-01   5.23438167e-01   9.99956696e-01
    0.2491634726   8.31126236e-05   9.99916894e-01   3.33573114e-04   3.11128800e-01   5.23438395e-01   9.99956501e-01
    0.2502865431   8.34872498e-05   9.99916520e-01   3.33573173e-04   3.11129041e-01   5.23438623e-01   9.99956304e-01
    0.2514146757   8.38635646e-05   9.99916143e-01   3.33573231e-04   3.11129283e-01   5.23438853e-01   9.99956108e-01
    0.2525478933   8.42415756e-05   9.99915766e-01   3.33573290e-04   3.11129526e-01   5.23439083e-01   9.99955910e-01
    0.2536862186   8.46212906e-05   9.99915386e-01   3.33573349e-04   3.11129770e-01   5.23439315e-01   9.99955711e-01
    0.2548296748   8.50027172e-05   9.99915005e-01   3.33573409e-04   3.11130015e-01   5.23439547e-01   9.99955511e-01
    0.2559782850   8.53858630e-05   9.99914621e-01   3.33573468e-04   3.11130261e-01   5.23439781e-01   9.99955311e-01
    0.2571320723   8.57707359e-05   9.99914237e-01   3.33573528e-04   3.11130509e-01   5.23440016e-01   9.99955109e-01
    0.2582910602   8.61573436e-05   9.99913850e-01   3.33573588e-04   3.11130757e-01   5.23440252e-01   9.99954907e-01
    0.2594552721   8.65456940e-05   9.99913462e-01   3.33573649e-04   3.11131007e-01   5.23440488e-01   9.99954704e-01
    0.2606247316   8.69357949e-05   9.99913072e-01   3.33573710e-04   3.11131258e-01   5.23440726e-01   9.99954500e-01
    0.2617994622   8.73276542e-05   9.99912680e-01   3.33573771e-04   3.11131510e-01   5.23440965e-01   9.99954294e-01
    0.2629794877   8.77212798e-05   9.99912286e-01   3.33573832e-04   3.11131763e-01   5.23441205e-01   9.99954088e-01
    0.2641648320   8.81166797e-05   9.99911891e-01   3.33573894e-04   3.11132017e-01   5.23441446e-01   9.99953882e-01
    0.2653555192   8.85138618e-05   9.99911494e-01   3.33573955e-04   3.11132272e-01   5.23441689e-01   9.99953674e-01
    0.2665515731   8.89128343e-05   9.99911095e-01   3.33574018e-04   3.11132529e-01   5.23441932e-01   9.99953465e-01
    0.2677530182   8.93136052e-05   9.99910694e-01   3.33574080e-04   3.11132786e-01   5.23442176e-01   9.99953255e-01
    0.2689598786   8.97161826e-05   9.99910292e-01   3.33574143e-04   3.11133045e-01   5.23442422e-01   9.99953044e-01
    0.2701721787   9.01205746e-05   9.99909888e-01   3.33574206e-04   3.11133305e-01   5.23442668e-01   9.99952833e-01
    0.2713899431   9.05267895e-05   9.99909481e-01   3.33574269e-04   3.11133566e-01   5.23442916e-01   9.99952620e-01
    0.2726131964   9.09348353e-05   9.99909073e-01   3.33574332e-04   3.11133828e-01   5.23443165e-01   9.99952407e-01
    0.2738419634   9.13447205e-05   9.99908664e-01   3.33574396e-04   3.11134092e-01   5.23443415e-01   9.99952192e-01
    0.2750762689   9.17564532e-05   9.99908252e-01   3.33574460e-04   3.11134357e-01   5.23443666e-01   9.99951977e-01
    0.2763161378   9.21700419e-05   9.99907838e-01   3.33574525e-04   3.11134622e-01   5.23443918e-01   9.99951760e-01
    0.2775615953   9.25854948e-05   9.99907423e-01   3.33574589e-04   3.11134890e-01   5.23444171e-01   9.99951543e-01
    0.2788126665   9.30028204e-05   9.99907006e-01   3.33574654e-04   3.11135158e-01   5.23444426e-01   9.99951324e-01
    0.2800693768   9.34220272e-05   9.99906587e-01   3.33574720e-04   3.11135427e-01   5.23444681e-01   9.99951105e-01
    0.2813317515   9.38431235e-05   9.99906166e-01   3.33574785e-04   3.11135698e-01   5.23444938e-01   9.99950884e-01
    0.2825998162   9.42661179e-05   9.99905743e-01   3.33574851e-04   3.11135970e-01   5.23445196e-01   9.99950663e-01
    0.2838735965   9.46910191e-05   9.99905318e-01   3.33574917e-04   3.11136243e-01   5.23445455e-01   9.99950441e-01
    0.2851531182   9.51178354e-05   9.99904891e-01   3.33574984e-04   3.11136517e-01   5.23445716e-01   9.99950217e-01
    0.2864384071   9.55465757e-05   9.99904463e-01   3.33575051e-04   3.11136793e-01   5.23445977e-01   9.99949993e-01
    0.2877294894   9.59772486e-05   9.99904032e-01   3.33575118e-04   3.11137070e-01   5.23446240e-01   9.99949768e-01
    0.2890263910   9.64098628e-05   9.99903599e-01   3.33575185e-04   3.11137348e-01   5.23446503e-01   9.99949541e-01
    0.2903291382   9.68444270e-05   9.99903165e-01   3.33575253e-04   3.11137627e-01   5.23446768e-01   9.99949314e-01
    0.2916377574   9.72809500e-05   9.99902729e-01   3.33575321e-04   3.11137908e-01   5.23447035e-01   9.99949085e-01
    0.2929522750   9.77194407e-05   9.99902290e-01   3.33575389e-04   3.11138190e-01   5.23447302e-01   9.99948856e-01
    0.2942727176   9.81599079e-05   9.99901850e-01   3.33575457e-04   3.11138473e-01   5.23447571e-01   9.99948625e-01
    0.2955991119   9.86023605e-05   9.99901407e-01   3.33575526e-04   3.11138757e-01   5.23447840e-01   9.99948394e-01
    0.2969314848   9.90468075e-05   9.99900963e-01   3.33575596e-04   3.11139043e-01   5.23448111e-01   9.99948161e-01
    0.2982698632   9.94932579e-05   9.99900517e-01   3.33575665e-04   3.11139330e-01   5.23448384e-01   9.99947927e-01
    0.2996142741   9.99417208e-05   9.99900068e-01   3.33575735e-04   3.11139618e-01   5.23448657e-01   9.99947693e-01
    0.3009647448   1.00392205e-04   9.99899618e-01   3.33575805e-04   3.11139908e-01   5.23448932e-01   9.99947457e-01
    0.3023213025   1.00844720e-04   9.99899165e-01   3.33575876e-04   3.11140199e-01   5.23449208e-01   9.99947220e-01
    0.3036839747   1.01299275e-04   9.99898711e-01   3.33575946e-04   3.11140491e-01   5.23449485e-01   9.99946982e-01
    0.3050527890   1.01755878e-04   9.99898254e-01   3.33576017e-04   3.11140785e-01   5.23449763e-01   9.99946743e-01
    0.3064277731   1.02214540e-04   9.99897796e-01   3.33576089e-04   3.11141079e-01   5.23450043e-01   9.99946503e-01
    0.3078089547   1.02675269e-04   9.99897335e-01   3.33576161e-04   3.11141376e-01   5.23450324e-01   9.99946262e-01
    0.3091963617   1.03138075e-04   9.99896873e-01   3.33576233e-04   3.11141673e-01   5.23450606e-01   9.99946020e-01
    0.3105900224   1.03602967e-04   9.99896408e-01   3.33576305e-04   3.11141972e-01   5.23450890e-01   9.99945776e-01
    0.3119899647   1.04069955e-04   9.99895941e-01   3.33576378e-04   3.11142272e-01   5.23451174e-01   9.99945532e-01
    0.3133962171   1.04539047e-04   9.99895472e-01   3.33576451e-04   3.11142574e-01   5.23451461e-01   9.99945287e-01
    0.3148088080   1.05010255e-04   9.99895001e-01   3.33576524e-04   3.11142877e-01   5.23451748e-01   9.99945040e-01
    0.3162277660   1.05483586e-04   9.99894528e-01   3.33576598e-04   3.11143181e-01   5.23452036e-01   9.99944792e-01
    0.3176531197   1.05959050e-04   9.99894052e-01   3.33576672e-04   3.11143487e-01   5.23452326e-01   9.99944543e-01
    0.3190848981   1.06436658e-04   9.99893575e-01   3.33576746e-04   3.11143794e-01   5.23452618e-01   9.99944293e-01
    0.3205231299   1.06916419e-04   9.99893095e-01   3.33576821e-04   3.11144102e-01   5.23452910e-01   9.99944042e-01
    0.3219678444   1.07398342e-04   9.99892613e-01   3.33576896e-04   3.11144412e-01   5.23453204e-01   9.99943790e-01
    0.3234190708   1.07882438e-04   9.99892129e-01   3.33576971e-04   3.11144723e-01   5.23453499e-01   9.99943537e-01
    0.3248768383   1.08368716e-04   9.99891643e-01   3.33577047e-04   3.11145036e-01   5.23453796e-01   9.99943282e-01
    0.3263411766   1.08857185e-04   9.99891155e-01   3.33577123e-04   3.11145350e-01   5.23454094e-01   9.99943027e-01
    0.3278121151   1.09347857e-04   9.99890664e-01   3.33577200e-04   3.11145665e-01   5.23454393e-01   9.99942770e-01
    0.3292896837   1.09840740e-04   9.99890171e-01   3.33577276e-04   3.11145982e-01   5.23454693e-01   9.99942512e-01
    0.3307739123   1.10335845e-04   9.99889676e-01   3.33577354e-04   3.11146300e-01   5.23454995e-01   9.99942253e-01
    0.3322648308   1.10833182e-04   9.99889179e-01   3.33577431e-04   3.11146620e-01   5.23455299e-01   9.99941992e-01
    0.3337624694   1.11332760e-04   9.99888680e-01   3.33577509e-04   3.11146941e-01   5.23455603e-01   9.99941731e-01
    0.3352668585   1.11834591e-04   9.99888178e-01   3.33577587e-04   3.11147263e-01   5.23455909e-01   9.99941468e-01
    0.3367780283   1.12338683e-04   9.99887674e-01   3.33577665e-04   3.11147588e-01   5.23456217e-01   9.99941204e-01
    0.3382960096   1.12845048e-04   9.99887168e-01   3.33577744e-04   3.11147913e-01   5.23456525e-01   9.99940939e-01
    0.3398208329   1.13353695e-04   9.99886659e-01   3.33577823e-04   3.11148240e-01   5.23456836e-01   9.99940673e-01
    0.3413525292   1.13864635e-04   9.99886148e-01   3.33577903e-04   3.11148568e-01   5.23457147e-01   9.99940406e-01
    0.3428911294   1.14377878e-04   9.99885635e-01   3.33577983e-04   3.11148898e-01   5.23457460e-01   9.99940137e-01
    0.3444366646   1.14893435e-04   9.99885120e-01   3.33578063e-04   3.11149230e-01   5.23457774e-01   9.99939867e-01
    0.3459891661   1.15411315e-04   9.99884602e-01   3.33578144e-04   3.11149563e-01   5.23458090e-01   9.99939596e-01
    0.3475486653   1.15931530e-04   9.99884082e-01   3.33578225e-04   3.11149897e-01   5.23458407e-01   9.99939324e-01
    0.3491151937   1.16454090e-04   9.99883559e-01   3.33578306e-04   3.11150233e-01   5.23458726e-01   9.99939051e-01
    0.3506887831   1.16979005e-04   9.99883035e-01   3.33578388e-04   3.11150571e-01   5.23459046e-01   9.99938776e-01
    0.3522694651   1.17506287e-04   9.99882508e-01   3.33578470e-04   3.11150909e-01   5.23459368e-01   9.99938500e-01
    0.3538572719   1.18035945e-04   9.99881978e-01   3.33578553e-04   3.11151250e-01   5.23459691e-01   9.99938223e-01
    0.3554522356   1.18567991e-04   9.99881446e-01   3.33578635e-04   3.11151592e-01   5.23460015e-01   9.99937944e-01
    0.3570543883   1.19102435e-04   9.99880912e-01   3.33578719e-04   3.11151936e-01   5.23460341e-01   9.99937665e-01
    0.3586637624   1.19639288e-04   9.99880375e-01   3.33578802e-04   3.11152281e-01   5.23460668e-01   9.99937384e-01
    0.3602803907   1.20178561e-04   9.99879836e-01   3.33578886e-04   3.11152627e-01   5.23460997e-01   9.99937101e-01
    0.3619043056   1.20720265e-04   9.99879294e-01   3.33578971e-04   3.11152976e-01   5.23461328e-01   9.99936818e-01
    0.3635355402   1.21264410e-04   9.99878750e-01   3.33579055e-04   3.11153325e-01   5.23461659e-01   9.99936533e-01
    0.3651741273   1.21811009e-04   9.99878204e-01   3.33579140e-04   3.11153677e-01   5.23461993e-01   9.99936247e-01
    0.3668201001   1.22360071e-04   9.99877655e-01   3.33579226e-04   3.11154030e-01   5.23462327e-01   9.99935960e-01
    0.3684734919   1.22911608e-04   9.99877103e-01   3.33579312e-04   3.11154384e-01   5.23462664e-01   9.99935671e-01
    0.3701343361   1.23465632e-04   9.99876550e-01   3.33579398e-04   3.11154740e-01   5.23463002e-01   9.99935381e-01
    0.3718026664   1.24022152e-04   9.99875993e-01   3.33579485e-04   3.11155098e-01   5.23463341e-01   9.99935090e-01
    0.3734785164   1.24581181e-04   9.99875434e-01   3.33579572e-04   3.11155457e-01   5.23463682e-01   9.99934797e-01
    0.3751619202   1.25142731e-04   9.99874873e-01   3.33579659e-04   3.11155818e-01   5.23464024e-01   9.99934503e-01
    0.3768529116   1.25706811e-04   9.99874309e-01   3.33579747e-04   3.11156181e-01   5.23464368e-01   9.99934208e-01
    0.3785515249   1.26273434e-04   9.99873743e-01   3.33579835e-04   3.11156545e-01   5.23464714e-01   9.99933912e-01
    0.3802577945   1.26842611e-04   9.99873173e-01   3.33579924e-04   3.11156911e-01   5.23465061e-01   9.99933614e-01
    0.3819717549   1.27414354e-04   9.99872602e-01   3.33580013e-04   3.11157279e-01   5.23465409e-01   9.99933314e-01
    0.3836934408   1.27988674e-04   9.99872028e-01   3.33580102e-04   3.11157648e-01   5.23465760e-01   9.99933014e-01
    0.3854228869   1.28565583e-04   9.99871451e-01   3.33580192e-04   3.11158019e-01   5.23466111e-01   9.99932712e-01
    0.3871601282   1.29145093e-04   9.99870872e-01   3.33580283e-04   3.11158391e-01   5.23466465e-01   9.99932409e-01
    0.3889051999   1.29727214e-04   9.99870290e-01   3.33580373e-04   3.11158765e-01   5.23466820e-01   9.99932104e-01
    0.3906581373   1.30311960e-04   9.99869705e-01   3.33580464e-04   3.11159141e-01   5.23467176e-01   9.99931798e-01
    0.3924189758   1.30899341e-04   9.99869118e-01   3.33580556e-04   3.11159519e-01   5.23467534e-01   9.99931490e-01
    0.3941877511   1.31489370e-04   9.99868528e-01   3.33580648e-04   3.11159898e-01   5.23467894e-01   9.99931182e-01
    0.3959644989   1.32082059e-04   9.99867935e-01   3.33580740e-04   3.11160279e-01   5.23468256e-01   9.99930872e-01
    0.3977492551   1.32677419e-04   9.99867340e-01   3.33580833e-04   3.11160662e-01   5.23468619e-01   9.99930560e-01
    0.3995420559   1.33275463e-04   9.99866742e-01   3.33580926e-04   3.11161046e-01   5.23468983e-01   9.99930247e-01
    0.4013429375   1.33876203e-04   9.99866142e-01   3.33581019e-04   3.11161433e-01   5.23469350e-01   9.99929933e-01
    0.4031519363   1.34479651e-04   9.99865538e-01   3.33581113e-04   3.11161821e-01   5.23469718e-01   9.99929617e-01
    0.4049690889   1.35085819e-04   9.99864932e-01   3.33581208e-04   3.11162210e-01   5.23470087e-01   9.99929299e-01
    0.4067944321   1.35694719e-04   9.99864324e-01   3.33581303e-04   3.11162602e-01   5.23470459e-01   9.99928981e-01
    0.4086280028   1.36306364e-04   9.99863712e-01   3.33581398e-04   3.11162995e-01   5.23470831e-01   9.99928661e-01
    0.4104698380   1.36920766e-04   9.99863098e-01   3.33581493e-04   3.11163390e-01   5.23471206e-01   9.99928339e-01
    0.4123199751   1.37537938e-04   9.99862481e-01   3.33581590e-04   3.11163787e-01   5.23471582e-01   9.99928016e-01
    0.4141784514   1.38157891e-04   9.99861861e-01   3.33581686e-04   3.11164185e-01   5.23471960e-01   9.99927692e-01
    0.4160453046   1.38780640e-04   9.99861239e-01   3.33581783e-04   3.11164585e-01   5.23472340e-01   9.99927366e-01
    0.4179205723   1.39406195e-04   9.99860613e-01   3.33581881e-04   3.11164987e-01   5.23472722e-01   9.99927038e-01
    0.4198042926   1.40034570e-04   9.99859985e-01   3.33581978e-04   3.11165391e-01   5.23473105e-01   9.99926709e-01
    0.4216965034   1.40665777e-04   9.99859354e-01   3.33582077e-04   3.11165797e-01   5.23473490e-01   9.99926379e-01
    0.4235972432   1.41299830e-04   9.99858720e-01   3.33582175e-04   3.11166205e-01   5.23473876e-01   9.99926047e-01
    0.4255065502   1.41936741e-04   9.99858083e-01   3.33582275e-04   3.11166614e-01   5.23474265e-01   9.99925714e-01
    0.4274244633   1.42576523e-04   9.99857444e-01   3.33582374e-04   3.11167025e-01   5.23474655e-01   9.99925379e-01
    0.4293510210   1.43219189e-04   9.99856801e-01   3.33582474e-04   3.11167439e-01   5.23475047e-01   9.99925043e-01
    0.4312862625   1.43864752e-04   9.99856156e-01   3.33582575e-04   3.11167854e-01   5.23475440e-01   9.99924705e-01
    0.4332302267   1.44513224e-04   9.99855508e-01   3.33582676e-04   3.11168270e-01   5.23475836e-01   9.99924366e-01
    0.4351829532   1.45164620e-04   9.99854856e-01   3.33582777e-04   3.11168689e-01   5.23476233e-01   9.99924025e-01
    0.4371444813   1.45818952e-04   9.99854202e-01   3.33582879e-04   3.11169110e-01   5.23476632e-01   9.99923682e-01
    0.4391148507   1.46476234e-04   9.99853545e-01   3.33582982e-04   3.11169532e-01   5.23477033e-01   9.99923338e-01
    0.4410941013   1.47136478e-04   9.99852885e-01   3.33583084e-04   3.11169957e-01   5.23477435e-01   9.99922993e-01
    0.4430822730   1.47799699e-04   9.99852222e-01   3.33583188e-04   3.11170383e-01   5.23477840e-01   9.99922646e-01
    0.4450794062   1.48465909e-04   9.99851556e-01   3.33583291e-04   3.11170811e-01   5.23478246e-01   9.99922297e-01
    0.4470855412   1.49135122e-04   9.99850887e-01   3.33583396e-04   3.11171242e-01   5.23478654e-01   9.99921947e-01
    0.4491007186   1.49807352e-04   9.99850215e-01   3.33583500e-04   3.11171674e-01   5.23479064e-01   9.99921595e-01
    0.4511249792   1.50482612e-04   9.99849540e-01   3.33583605e-04   3.11172108e-01   5.23479476e-01   9.99921241e-01
    0.4531583638   1.51160916e-04   9.99848862e-01   3.33583711e-04   3.11172544e-01   5.23479889e-01   9.99920886e-01
    0.4552009136   1.51842277e-04   9.99848181e-01   3.33583817e-04   3.11172982e-01   5.23480305e-01   9.99920530e-01
    0.4572526699   1.52526710e-04   9.99847497e-01   3.33583924e-04   3.11173422e-01   5.23480722e-01   9.99920172e-01
    0.4593136742   1.53214228e-04   9.99846809e-01   3.33584031e-04   3.11173864e-01   5.23481141e-01   9.99919812e-01
    0.4613839683   1.53904845e-04   9.99846119e-01   3.33584138e-04   3.11174308e-01   5.23481562e-01   9.99919450e-01
    0.4634635939   1.54598576e-04   9.99845425e-01   3.33584246e-04   3.11174754e-01   5.23481985e-01   9.99919087e-01
    0.4655525931   1.55295433e-04   9.99844729e-01   3.33584355e-04   3.11175202e-01   5.23482410e-01   9.99918723e-01
    0.4676510082   1.55995431e-04   9.99844029e-01   3.33584464e-04   3.11175652e-01   5.23482837e-01   9.99918356e-01
    0.4697588817   1.56698585e-04   9.99843326e-01   3.33584573e-04   3.11176104e-01   5.23483266e-01   9.99917988e-01
    0.4718762561   1.57404909e-04   9.99842620e-01   3.33584683e-04   3.11176558e-01   5.23483697e-01   9.99917619e-01
    0.4740031742   1.58114416e-04   9.99841911e-01   3.33584794e-04   3.11177014e-01   5.23484129e-01   9.99917247e-01
    0.4761396792   1.58827122e-04   9.99841198e-01   3.33584905e-04   3.11177472e-01   5.23484564e-01   9.99916874e-01
    0.4782858142   1.59543040e-04   9.99840482e-01   3.33585016e-04   3.11177932e-01   5.23485000e-01   9.99916500e-01
    0.4804416225   1.60262186e-04   9.99839763e-01   3.33585128e-04   3.11178394e-01   5.23485439e-01   9.99916123e-01
    0.4826071479   1.60984573e-04   9.99839041e-01   3.33585241e-04   3.11178859e-01   5.23485879e-01   9.99915745e-01
    0.4847824342   1.61710217e-04   9.99838316e-01   3.33585354e-04   3.11179325e-01   5.23486322e-01   9.99915365e-01
    0.4869675252   1.62439131e-04   9.99837587e-01   3.33585467e-04   3.11179794e-01   5.23486766e-01   9.99914984e-01
    0.4891624652   1.63171331e-04   9.99836855e-01   3.33585582e-04   3.11180265e-01   5.23487213e-01   9.99914601e-01
    0.4913672986   1.63906832e-04   9.99836120e-01   3.33585696e-04   3.11180737e-01   5.23487661e-01   9.99914216e-01
    0.4935820700   1.64645648e-04   9.99835381e-01   3.33585811e-04   3.11181212e-01   5.23488112e-01   9.99913829e-01
    0.4958068242   1.65387795e-04   9.99834640e-01   3.33585927e-04   3.11181689e-01   5.23488564e-01   9.99913441e-01
    0.4980416061   1.66133287e-04   9.99833894e-01   3.33586043e-04   3.11182169e-01   5.23489019e-01   9.99913050e-01
    0.5002864611   1.66882139e-04   9.99833146e-01   3.33586159e-04   3.11182650e-01   5.23489475e-01   9.99912659e-01
    0.5025414344   1.67634367e-04   9.99832394e-01   3.33586277e-04   3.11183134e-01   5.23489934e-01   9.99912265e-01
    0.5048065717   1.68389986e-04   9.99831638e-01   3.33586394e-04   3.11183619e-01   5.23490395e-01   9.99911869e-01
    0.5070819188   1.69149011e-04   9.99830880e-01   3.33586512e-04   3.11184107e-01   5.23490858e-01   9.99911472e-01
    0.5093675217   1.69911457e-04   9.99830117e-01   3.33586631e-04   3.11184597e-01   5.23491323e-01   9.99911073e-01
    0.5116634266   1.70677341e-04   9.99829352e-01   3.33586750e-04   3.11185090e-01   5.23491790e-01   9.99910672e-01
    0.5139696801   1.71446677e-04   9.99828583e-01   3.33586870e-04   3.11185584e-01   5.23492259e-01   9.99910270e-01
    0.5162863286   1.72219480e-04   9.99827810e-01   3.33586991e-04   3.11186081e-01   5.23492730e-01   9.99909865e-01
    0.5186134192   1.72995768e-04   9.99827034e-01   3.33587112e-04   3.11186580e-01   5.23493203e-01   9.99909459e-01
    0.5209509988   1.73775554e-04   9.99826255e-01   3.33587233e-04   3.11187081e-01   5.23493679e-01   9.99909051e-01
    0.5232991147   1.74558856e-04   9.99825472e-01   3.33587355e-04   3.11187585e-01   5.23494156e-01   9.99908641e-01
    0.5256578144   1.75345688e-04   9.99824685e-01   3.33587478e-04   3.11188091e-01   5.23494636e-01   9.99908229e-01
    0.5280271456   1.76136068e-04   9.99823895e-01   3.33587601e-04   3.11188599e-01   5.23495118e-01   9.99907815e-01
    0.5304071563   1.76930010e-04   9.99823101e-01   3.33587724e-04   3.11189109e-01   5.23495602e-01   9.99907400e-01
    0.5327978946   1.77727531e-04   9.99822304e-01   3.33587848e-04   3.11189622e-01   5.23496088e-01   9.99906983e-01
    0.5351994088   1.78528647e-04   9.99821503e-01   3.33587973e-04   3.11190137e-01   5.23496577e-01   9.99906563e-01
    0.5376117475   1.79333374e-04   9.99820699e-01   3.33588099e-04   3.11190654e-01   5.23497068e-01   9.99906142e-01
    0.5400349594   1.80141729e-04   9.99819891e-01   3.33588224e-04   3.11191174e-01   5.23497560e-01   9.99905719e-01
    0.5424690937   1.80953728e-04   9.99819079e-01   3.33588351e-04   3.11191696e-01   5.23498056e-01   9.99905294e-01
    0.5449141995   1.81769387e-04   9.99818264e-01   3.33588478e-04   3.11192220e-01   5.23498553e-01   9.99904867e-01
    0.5473703263   1.82588723e-04   9.99817445e-01   3.33588606e-04   3.11192747e-01   5.23499052e-01   9.99904438e-01
    0.5498375237   1.83411752e-04   9.99816622e-01   3.33588734e-04   3.11193276e-01   5.23499554e-01   9.99904008e-01
    0.5523158417   1.84238491e-04   9.99815795e-01   3.33588862e-04   3.11193807e-01   5.23500058e-01   9.99903575e-01
    0.5548053304   1.85068957e-04   9.99814965e-01   3.33588992e-04   3.11194341e-01   5.23500565e-01   9.99903140e-01
    0.5573060401   1.85903166e-04   9.99814131e-01   3.33589122e-04   3.11194878e-01   5.23501073e-01   9.99902704e-01
    0.5598180215   1.86741136e-04   9.99813294e-01   3.33589252e-04   3.11195416e-01   5.23501584e-01   9.99902265e-01
    0.5623413252   1.87582883e-04   9.99812452e-01   3.33589383e-04   3.11195957e-01   5.23502098e-01   9.99901825e-01
    0.5648760024   1.88428425e-04   9.99811607e-01   3.33589515e-04   3.11196501e-01   5.23502613e-01   9.99901382e-01
    0.5674221043   1.89277778e-04   9.99810758e-01   3.33589647e-04   3.11197047e-01   5.23503131e-01   9.99900938e-01
    0.5699796824   1.90130960e-04   9.99809905e-01   3.33589780e-04   3.11197595e-01   5.23503651e-01   9.99900491e-01
    0.5725487884   1.90987987e-04   9.99809048e-01   3.33589914e-04   3.11198146e-01   5.23504174e-01   9.99900043e-01
    0.5751294744   1.91848878e-04   9.99808188e-01   3.33590048e-04   3.11198700e-01   5.23504699e-01   9.99899592e-01
    0.5777217924   1.92713650e-04   9.99807323e-01   3.33590182e-04   3.11199256e-01   5.23505226e-01   9.99899140e-01
    0.5803257950   1.93582320e-04   9.99806455e-01   3.33590318e-04   3.11199814e-01   5.23505756e-01   9.99898685e-01
    0.5829415347   1.94454905e-04   9.99805583e-01   3.33590454e-04   3.11200375e-01   5.23506288e-01   9.99898228e-01
    0.5855690645   1.95331424e-04   9.99804707e-01   3.33590590e-04   3.11200938e-01   5.23506822e-01   9.99897770e-01
    0.5882084376   1.96211895e-04   9.99803827e-01   3.33590727e-04   3.11201504e-01   5.23507359e-01   9.99897309e-01
    0.5908597073   1.97096334e-04   9.99802943e-01   3.33590865e-04   3.11202073e-01   5.23507898e-01   9.99896846e-01
    0.5935229272   1.97984760e-04   9.99802054e-01   3.33591003e-04   3.11202644e-01   5.23508440e-01   9.99896381e-01
    0.5961981513   1.98877191e-04   9.99801162e-01   3.33591142e-04   3.11203218e-01   5.23508984e-01   9.99895914e-01
    0.5988854335   1.99773644e-04   9.99800266e-01   3.33591282e-04   3.11203794e-01   5.23509531e-01   9.99895445e-01
    0.6015848283   2.00674139e-04   9.99799366e-01   3.33591422e-04   3.11204373e-01   5.23510080e-01   9.99894973e-01
    0.6042963902   2.01578693e-04   9.99798462e-01   3.33591563e-04   3.11204954e-01   5.23510631e-01   9.99894500e-01
    0.6070201742   2.02487325e-04   9.99797554e-01   3.33591705e-04   3.11205538e-01   5.23511185e-01   9.99894024e-01
    0.6097562352   2.03400052e-04   9.99796641e-01   3.33591847e-04   3.11206125e-01   5.23511742e-01   9.99893547e-01
    0.6125046287   2.04316894e-04   9.99795725e-01   3.33591990e-04   3.11206715e-01   5.23512301e-01   9.99893067e-01
    0.6152654101   2.05237869e-04   9.99794804e-01   3.33592133e-04   3.11207307e-01   5.23512863e-01   9.99892585e-01
    0.6180386355   2.06162995e-04   9.99793879e-01   3.33592277e-04   3.11207901e-01   5.23513427e-01   9.99892101e-01
    0.6208243607   2.07092292e-04   9.99792951e-01   3.33592422e-04   3.11208499e-01   5.23513993e-01   9.99891614e-01
    0.6236226423   2.08025778e-04   9.99792017e-01   3.33592567e-04   3.11209099e-01   5.23514562e-01   9.99891126e-01
    0.6264335367   2.08963471e-04   9.99791080e-01   3.33592713e-04   3.11209702e-01   5.23515134e-01   9.99890635e-01
    0.6292571008   2.09905392e-04   9.99790139e-01   3.33592860e-04   3.11210307e-01   5.23515709e-01   9.99890142e-01
    0.6320933918   2.10851558e-04   9.99789193e-01   3.33593007e-04   3.11210915e-01   5.23516285e-01   9.99889647e-01
    0.6349424669   2.11801990e-04   9.99788243e-01   3.33593155e-04   3.11211526e-01   5.23516865e-01   9.99889150e-01
    0.6378043839   2.12756706e-04   9.99787289e-01   3.33593304e-04   3.11212140e-01   5.23517447e-01   9.99888650e-01
    0.6406792006   2.13715726e-04   9.99786330e-01   3.33593453e-04   3.11212757e-01   5.23518032e-01   9.99888148e-01
    0.6435669751   2.14679069e-04   9.99785367e-01   3.33593603e-04   3.11213376e-01   5.23518619e-01   9.99887644e-01
    0.6464677659   2.15646755e-04   9.99784400e-01   3.33593754e-04   3.11213998e-01   5.23519209e-01   9.99887137e-01
    0.6493816316   2.16618802e-04   9.99783428e-01   3.33593906e-04   3.11214623e-01   5.23519802e-01   9.99886629e-01
    0.6523086311   2.17595232e-04   9.99782452e-01   3.33594058e-04   3.11215250e-01   5.23520397e-01   9.99886118e-01
    0.6552488237   2.18576063e-04   9.99781472e-01   3.33594210e-04   3.11215881e-01   5.23520995e-01   9.99885604e-01
    0.6582022689   2.19561315e-04   9.99780487e-01   3.33594364e-04   3.11216514e-01   5.23521596e-01   9.99885089e-01
    0.6611690262   2.20551009e-04   9.99779498e-01   3.33594518e-04   3.11217151e-01   5.23522199e-01   9.99884571e-01
    0.6641491559   2.21545164e-04   9.99778504e-01   3.33594673e-04   3.11217790e-01   5.23522806e-01   9.99884051e-01
    0.6671427180   2.22543801e-04   9.99777506e-01   3.33594828e-04   3.11218432e-01   5.23523415e-01   9.99883528e-01
    0.6701497733   2.23546939e-04   9.99776503e-01   3.33594985e-04   3.11219077e-01   5.23524026e-01   9.99883003e-01
    0.6731703824   2.24554599e-04   9.99775496e-01   3.33595142e-04   3.11219724e-01   5.23524641e-01   9.99882476e-01
    0.6762046065   2.25566802e-04   9.99774484e-01   3.33595299e-04   3.11220375e-01   5.23525258e-01   9.99881946e-01
    0.6792525070   2.26583567e-04   9.99773468e-01   3.33595458e-04   3.11221029e-01   5.23525878e-01   9.99881414e-01
    0.6823141455   2.27604916e-04   9.99772447e-01   3.33595617e-04   3.11221685e-01   5.23526500e-01   9.99880879e-01
    0.6853895839   2.28630869e-04   9.99771421e-01   3.33595776e-04   3.11222345e-01   5.23527126e-01   9.99880342e-01
    0.6884788844   2.29661447e-04   9.99770391e-01   3.33595937e-04   3.11223007e-01   5.23527754e-01   9.99879803e-01
    0.6915821095   2.30696671e-04   9.99769357e-01   3.33596098e-04   3.11223673e-01   5.23528386e-01   9.99879261e-01
    0.6946993220   2.31736561e-04   9.99768317e-01   3.33596260e-04   3.11224341e-01   5.23529020e-01   9.99878717e-01
    0.6978305849   2.32781139e-04   9.99767273e-01   3.33596423e-04   3.11225013e-01   5.23529656e-01   9.99878170e-01
    0.7009759615   2.33830425e-04   9.99766224e-01   3.33596586e-04   3.11225687e-01   5.23530296e-01   9.99877621e-01
    0.7041355155   2.34884442e-04   9.99765171e-01   3.33596750e-04   3.11226365e-01   5.23530939e-01   9.99877070e-01
    0.7073093107   2.35943210e-04   9.99764112e-01   3.33596915e-04   3.11227045e-01   5.23531584e-01   9.99876515e-01
    0.7104974114   2.37006751e-04   9.99763049e-01   3.33597081e-04   3.11227729e-01   5.23532233e-01   9.99875959e-01
    0.7136998821   2.38075086e-04   9.99761982e-01   3.33597247e-04   3.11228416e-01   5.23532884e-01   9.99875400e-01
    0.7169167874   2.39148237e-04   9.99760909e-01   3.33597414e-04   3.11229106e-01   5.23533539e-01   9.99874838e-01
    0.7201481925   2.40226226e-04   9.99759831e-01   3.33597582e-04   3.11229799e-01   5.23534196e-01   9.99874274e-01
    0.7233941627   2.41309074e-04   9.99758749e-01   3.33597751e-04   3.11230495e-01   5.23534856e-01   9.99873707e-01
    0.7266547637   2.42396803e-04   9.99757662e-01   3.33597920e-04   3.11231194e-01   5.23535519e-01   9.99873138e-01
    0.7299300614   2.43489436e-04   9.99756570e-01   3.33598091e-04   3.11231896e-01   5.23536185e-01   9.99872566e-01
    0.7332201221   2.44586994e-04   9.99755473e-01   3.33598262e-04   3.11232602e-01   5.23536855e-01   9.99871992e-01
    0.7365250123   2.45689500e-04   9.99754371e-01   3.33598433e-04   3.11233311e-01   5.23537527e-01   9.99871415e-01
    0.7398447988   2.46796976e-04   9.99753264e-01   3.33598606e-04   3.11234023e-01   5.23538202e-01   9.99870835e-01
    0.7431795488   2.47909444e-04   9.99752152e-01   3.33598779e-04   3.11234738e-01   5.23538880e-01   9.99870253e-01
    0.7465293297   2.49026928e-04   9.99751035e-01   3.33598953e-04   3.11235456e-01   5.23539562e-01   9.99869668e-01
    0.7498942093   2.50149448e-04   9.99749913e-01   3.33599128e-04   3.11236178e-01   5.23540246e-01   9.99869081e-01
    0.7532742557   2.51277029e-04   9.99748786e-01   3.33599304e-04   3.11236903e-01   5.23540934e-01   9.99868491e-01
    0.7566695371   2.52409693e-04   9.99747654e-01   3.33599480e-04   3.11237631e-01   5.23541624e-01   9.99867898e-01
    0.7600801224   2.53547463e-04   9.99746517e-01   3.33599657e-04   3.11238362e-01   5.23542318e-01   9.99867302e-01
    0.7635060803   2.54690361e-04   9.99745374e-01   3.33599835e-04   3.11239097e-01   5.23543015e-01   9.99866704e-01
    0.7669474804   2.55838412e-04   9.99744227e-01   3.33600014e-04   3.11239835e-01   5.23543715e-01   9.99866103e-01
    0.7704043920   2.56991638e-04   9.99743074e-01   3.33600194e-04   3.11240576e-01   5.23544418e-01   9.99865500e-01
    0.7738768852   2.58150063e-04   9.99741917e-01   3.33600374e-04   3.11241321e-01   5.23545124e-01   9.99864894e-01
    0.7773650302   2.59313710e-04   9.99740754e-01   3.33600555e-04   3.11242069e-01   5.23545834e-01   9.99864285e-01
    0.7808688976   2.60482602e-04   9.99739585e-01   3.33600737e-04   3.11242820e-01   5.23546546e-01   9.99863673e-01
    0.7843885581   2.61656764e-04   9.99738412e-01   3.33600920e-04   3.11243575e-01   5.23547262e-01   9.99863058e-01
    0.7879240831   2.62836218e-04   9.99737233e-01   3.33601104e-04   3.11244333e-01   5.23547981e-01   9.99862441e-01
    0.7914755439   2.64020990e-04   9.99736049e-01   3.33601289e-04   3.11245095e-01   5.23548704e-01   9.99861821e-01
    0.7950430125   2.65211103e-04   9.99734859e-01   3.33601474e-04   3.11245860e-01   5.23549429e-01   9.99861198e-01
    0.7986265610   2.66406580e-04   9.99733664e-01   3.33601660e-04   3.11246629e-01   5.23550158e-01   9.99860573e-01
    0.8022262618   2.67607446e-04   9.99732464e-01   3.33601847e-04   3.11247401e-01   5.23550890e-01   9.99859944e-01
    0.8058421878   2.68813726e-04   9.99731259e-01   3.33602035e-04   3.11248176e-01   5.23551626e-01   9.99859313e-01
    0.8094744120   2.70025444e-04   9.99730047e-01   3.33602224e-04   3.11248955e-01   5.23552365e-01   9.99858679e-01
    0.8131230081   2.71242624e-04   9.99728831e-01   3.33602413e-04   3.11249737e-01   5.23553107e-01   9.99858042e-01
    0.8167880496   2.72465291e-04   9.99727609e-01   3.33602604e-04   3.11250523e-01   5.23553852e-01   9.99857402e-01
    0.8204696109   2.73693470e-04   9.99726381e-01   3.33602795e-04   3.11251313e-01   5.23554601e-01   9.99856759e-01
    0.8241677663   2.74927185e-04   9.99725148e-01   3.33602987e-04   3.11252106e-01   5.23555353e-01   9.99856114e-01
    0.8278825906   2.76166462e-04   9.99723910e-01   3.33603180e-04   3.11252903e-01   5.23556109e-01   9.99855465e-01
    0.8316141590   2.77411326e-04   9.99722666e-01   3.33603374e-04   3.11253703e-01   5.23556868e-01   9.99854814e-01
    0.8353625470   2.78661801e-04   9.99721416e-01   3.33603569e-04   3.11254507e-01   5.23557630e-01   9.99854159e-01
    0.8391278302   2.79917913e-04   9.99720160e-01   3.33603765e-04   3.11255314e-01   5.23558396e-01   9.99853502e-01
    0.8429100850   2.81179688e-04   9.99718899e-01   3.33603961e-04   3.11256125e-01   5.23559165e-01   9.99852841e-01
    0.8467093878   2.82447151e-04   9.99717633e-01   3.33604159e-04   3.11256940e-01   5.23559938e-01   9.99852178e-01
    0.8505258154   2.83720327e-04   9.99716360e-01   3.33604357e-04   3.11257759e-01   5.23560714e-01   9.99851512e-01
    0.8543594451   2.84999243e-04   9.99715082e-01   3.33604556e-04   3.11258581e-01   5.23561494e-01   9.99850843e-01
    0.8582103543   2.86283925e-04   9.99713798e-01   3.33604756e-04   3.11259407e-01   5.23562277e-01   9.99850170e-01
    0.8620786210   2.87574397e-04   9.99712508e-01   3.33604957e-04   3.11260236e-01   5.23563064e-01   9.99849495e-01
    0.8659643234   2.88870687e-04   9.99711213e-01   3.33605159e-04   3.11261070e-01   5.23563855e-01   9.99848816e-01
    0.8698675400   2.90172821e-04   9.99709911e-01   3.33605362e-04   3.11261907e-01   5.23564648e-01   9.99848135e-01
    0.8737883499   2.91480824e-04   9.99708604e-01   3.33605566e-04   3.11262748e-01   5.23565446e-01   9.99847450e-01
    0.8777268322   2.92794724e-04   9.99707291e-01   3.33605770e-04   3.11263592e-01   5.23566247e-01   9.99846763e-01
    0.8816830668   2.94114547e-04   9.99705972e-01   3.33605976e-04   3.11264441e-01   5.23567052e-01   9.99846072e-01
    0.8856571335   2.95440320e-04   9.99704647e-01   3.33606183e-04   3.11265293e-01   5.23567860e-01   9.99845378e-01
    0.8896491128   2.96772070e-04   9.99703316e-01   3.33606390e-04   3.11266149e-01   5.23568672e-01   9.99844681e-01
    0.8936590854   2.98109823e-04   9.99701979e-01   3.33606598e-04   3.11267009e-01   5.23569488e-01   9.99843981e-01
    0.8976871324   2.99453606e-04   9.99700636e-01   3.33606808e-04   3.11267873e-01   5.23570307e-01   9.99843278e-01
    0.9017333353   3.00803447e-04   9.99699287e-01   3.33607018e-04   3.11268741e-01   5.23571130e-01   9.99842572e-01
    0.9057977759   3.02159374e-04   9.99697932e-01   3.33607229e-04   3.11269612e-01   5.23571957e-01   9.99841862e-01
    0.9098805365   3.03521413e-04   9.99696571e-01   3.33607441e-04   3.11270488e-01   5.23572787e-01   9.99841149e-01
    0.9139816995   3.04889591e-04   9.99695203e-01   3.33607654e-04   3.11271367e-01   5.23573621e-01   9.99840433e-01
    0.9181013479   3.06263938e-04   9.99693830e-01   3.33607869e-04   3.11272251e-01   5.23574459e-01   9.99839714e-01
    0.9222395651   3.07644480e-04   9.99692450e-01   3.33608084e-04   3.11273138e-01   5.23575301e-01   9.99838992e-01
    0.9263964348   3.09031246e-04   9.99691064e-01   3.33608300e-04   3.11274030e-01   5.23576146e-01   9.99838266e-01
    0.9305720409   3.10424264e-04   9.99689672e-01   3.33608517e-04   3.11274925e-01   5.23576996e-01   9.99837537e-01
    0.9347664681   3.11823561e-04   9.99688274e-01   3.33608735e-04   3.11275825e-01   5.23577849e-01   9.99836804e-01
    0.9389798010   3.13229166e-04   9.99686869e-01   3.33608953e-04   3.11276728e-01   5.23578706e-01   9.99836069e-01
    0.9432121250   3.14641107e-04   9.99685458e-01   3.33609173e-04   3.11277636e-01   5.23579566e-01   9.99835330e-01
    0.9474635257   3.16059414e-04   9.99684040e-01   3.33609394e-04   3.11278548e-01   5.23580431e-01   9.99834588e-01
    0.9517340889   3.17484115e-04   9.99682617e-01   3.33609616e-04   3.11279464e-01   5.23581300e-01   9.99833842e-01
    0.9560239011   3.18915238e-04   9.99681186e-01   3.33609839e-04   3.11280384e-01   5.23582172e-01   9.99833093e-01
    0.9603330491   3.20352812e-04   9.99679750e-01   3.33610063e-04   3.11281308e-01   5.23583049e-01   9.99832341e-01
    0.9646616199   3.21796868e-04   9.99678307e-01   3.33610288e-04   3.11282236e-01   5.23583929e-01   9.99831585e-01
    0.9690097012   3.23247433e-04   9.99676857e-01   3.33610514e-04   3.11283169e-01   5.23584814e-01   9.99830826e-01
    0.9733773809   3.24704537e-04   9.99675401e-01   3.33610741e-04   3.11284105e-01   5.23585702e-01   9.99830064e-01
    0.9777647473   3.26168210e-04   9.99673938e-01   3.33610969e-04   3.11285046e-01   5.23586594e-01   9.99829298e-01
    0.9821718892   3.27638482e-04   9.99672469e-01   3.33611198e-04   3.11285992e-01   5.23587491e-01   9.99828528e-01
    0.9865988957   3.29115381e-04   9.99670993e-01   3.33611428e-04   3.11286941e-01   5.23588391e-01   9.99827755e-01
    0.9910458562   3.30598938e-04   9.99669510e-01   3.33611659e-04   3.11287895e-01   5.23589296e-01   9.99826979e-01
    0.9955128609   3.32089184e-04   9.99668021e-01   3.33611891e-04   3.11288853e-01   5.23590204e-01   9.99826199e-01
    1.0000000000   3.33586147e-04   9.99666525e-01   3.33612125e-04   3.11289815e-01   5.23591117e-01   9.99825416e-01
    1.0045073643   3.35089859e-04   9.99665022e-01   3.33612359e-04   3.11290782e-01   5.23592033e-01   9.99824629e-01
    1.0090350448   3.36600350e-04   9.99663513e-01   3.33612594e-04   3.11291753e-01   5.23592954e-01   9.99823838e-01
    1.0135831333   3.38117650e-04   9.99661997e-01   3.33612830e-04   3.11292728e-01   5.23593879e-01   9.99823044e-01
    1.0181517217   3.39641790e-04   9.99660474e-01   3.33613068e-04   3.11293708e-01   5.23594809e-01   9.99822246e-01
    1.0227409024   3.41172802e-04   9.99658944e-01   3.33613306e-04   3.11294692e-01   5.23595742e-01   9.99821445e-01
    1.0273507682   3.42710715e-04   9.99657407e-01   3.33613546e-04   3.11295681e-01   5.23596680e-01   9.99820640e-01
    1.0319814123   3.44255561e-04   9.99655863e-01   3.33613787e-04   3.11296674e-01   5.23597622e-01   9.99819832e-01
    1.0366329284   3.45807371e-04   9.99654312e-01   3.33614028e-04   3.11297671e-01   5.23598568e-01   9.99819020e-01
    1.0413054106   3.47366178e-04   9.99652754e-01   3.33614271e-04   3.11298674e-01   5.23599518e-01   9.99818204e-01
    1.0459989534   3.48932011e-04   9.99651190e-01   3.33614515e-04   3.11299680e-01   5.23600473e-01   9.99817385e-01
    1.0507136517   3.50504903e-04   9.99649618e-01   3.33614760e-04   3.11300691e-01   5.23601431e-01   9.99816562e-01
    1.0554496009   3.52084886e-04   9.99648039e-01   3.33615006e-04   3.11301707e-01   5.23602395e-01   9.99815735e-01
    1.0602068967   3.53671992e-04   9.99646453e-01   3.33615254e-04   3.11302727e-01   5.23603362e-01   9.99814904e-01
    1.0649856354   3.55266253e-04   9.99644860e-01   3.33615502e-04   3.11303752e-01   5.23604334e-01   9.99814070e-01
    1.0697859135   3.56867701e-04   9.99643260e-01   3.33615751e-04   3.11304782e-01   5.23605311e-01   9.99813232e-01
    1.0746078283   3.58476368e-04   9.99641652e-01   3.33616002e-04   3.11305816e-01   5.23606291e-01   9.99812390e-01
    1.0794514772   3.60092288e-04   9.99640037e-01   3.33616254e-04   3.11306855e-01   5.23607277e-01   9.99811544e-01
    1.0843169582   3.61715492e-04   9.99638415e-01   3.33616507e-04   3.11307898e-01   5.23608266e-01   9.99810695e-01
    1.0892043697   3.63346014e-04   9.99636786e-01   3.33616761e-04   3.11308946e-01   5.23609260e-01   9.99809842e-01
    1.0941138106   3.64983886e-04   9.99635149e-01   3.33617016e-04   3.11309999e-01   5.23610259e-01   9.99808984e-01
    1.0990453801   3.66629142e-04   9.99633505e-01   3.33617272e-04   3.11311057e-01   5.23611262e-01   9.99808123e-01
    1.1039991779   3.68281815e-04   9.99631854e-01   3.33617529e-04   3.11312119e-01   5.23612269e-01   9.99807259e-01
    1.1089753043   3.69941939e-04   9.99630195e-01   3.33617788e-04   3.11313186e-01   5.23613281e-01   9.99806390e-01
    1.1139738600   3.71609547e-04   9.99628528e-01   3.33618048e-04   3.11314259e-01   5.23614298e-01   9.99805517e-01
    1.1189949460   3.73284672e-04   9.99626855e-01   3.33618309e-04   3.11315335e-01   5.23615319e-01   9.99804640e-01
    1.1240386638   3.74967349e-04   9.99625173e-01   3.33618571e-04   3.11316417e-01   5.23616345e-01   9.99803760e-01
    1.1291051155   3.76657612e-04   9.99623484e-01   3.33618834e-04   3.11317504e-01   5.23617376e-01   9.99802875e-01
    1.1341944035   3.78355496e-04   9.99621788e-01   3.33619099e-04   3.11318595e-01   5.23618411e-01   9.99801987e-01
    1.1393066308   3.80061033e-04   9.99620083e-01   3.33619364e-04   3.11319692e-01   5.23619450e-01   9.99801094e-01
    1.1444419008   3.81774259e-04   9.99618371e-01   3.33619631e-04   3.11320793e-01   5.23620495e-01   9.99800198e-01
    1.1496003173   3.83495209e-04   9.99616652e-01   3.33619899e-04   3.11321899e-01   5.23621544e-01   9.99799297e-01
    1.1547819847   3.85223917e-04   9.99614924e-01   3.33620169e-04   3.11323011e-01   5.23622598e-01   9.99798392e-01
    1.1599870077   3.86960418e-04   9.99613189e-01   3.33620439e-04   3.11324127e-01   5.23623657e-01   9.99797484e-01
    1.1652154917   3.88704748e-04   9.99611446e-01   3.33620711e-04   3.11325248e-01   5.23624720e-01   9.99796571e-01
    1.1704675424   3.90456942e-04   9.99609695e-01   3.33620984e-04   3.11326375e-01   5.23625788e-01   9.99795654e-01
    1.1757432659   3.92217034e-04   9.99607937e-01   3.33621258e-04   3.11327506e-01   5.23626861e-01   9.99794733e-01
    1.1810427691   3.93985062e-04   9.99606170e-01   3.33621534e-04   3.11328643e-01   5.23627939e-01   9.99793808e-01
    1.1863661591   3.95761060e-04   9.99604396e-01   3.33621810e-04   3.11329784e-01   5.23629022e-01   9.99792878e-01
    1.1917135435   3.97545065e-04   9.99602613e-01   3.33622088e-04   3.11330931e-01   5.23630109e-01   9.99791945e-01
    1.1970850305   3.99337113e-04   9.99600822e-01   3.33622367e-04   3.11332083e-01   5.23631202e-01   9.99791007e-01
    1.2024807288   4.01137239e-04   9.99599024e-01   3.33622648e-04   3.11333241e-01   5.23632299e-01   9.99790065e-01
    1.2079007474   4.02945481e-04   9.99597217e-01   3.33622930e-04   3.11334403e-01   5.23633402e-01   9.99789119e-01
    1.2133451961   4.04761875e-04   9.99595402e-01   3.33623213e-04   3.11335571e-01   5.23634509e-01   9.99788168e-01
    1.2188141848   4.06586457e-04   9.99593579e-01   3.33623497e-04   3.11336744e-01   5.23635621e-01   9.99787213e-01
    1.2243078243   4.08419265e-04   9.99591747e-01   3.33623782e-04   3.11337922e-01   5.23636739e-01   9.99786254e-01
    1.2298262257   4.10260336e-04   9.99589908e-01   3.33624069e-04   3.11339105e-01   5.23637861e-01   9.99785291e-01
    1.2353695004   4.12109706e-04   9.99588060e-01   3.33624357e-04   3.11340294e-01   5.23638989e-01   9.99784323e-01
    1.2409377608   4.13967414e-04   9.99586204e-01   3.33624647e-04   3.11341489e-01   5.23640121e-01   9.99783351e-01
    1.2465311193   4.15833497e-04   9.99584339e-01   3.33624938e-04   3.11342688e-01   5.23641259e-01   9.99782374e-01
    1.2521496891   4.17707993e-04   9.99582466e-01   3.33625230e-04   3.11343893e-01   5.23642401e-01   9.99781393e-01
    1.2577935838   4.19590940e-04   9.99580585e-01   3.33625523e-04   3.11345104e-01   5.23643549e-01   9.99780408e-01
    1.2634629177   4.21482375e-04   9.99578695e-01   3.33625818e-04   3.11346320e-01   5.23644702e-01   9.99779418e-01
    1.2691578052   4.23382338e-04   9.99576797e-01   3.33626114e-04   3.11347541e-01   5.23645861e-01   9.99778424e-01
    1.2748783618   4.25290865e-04   9.99574890e-01   3.33626411e-04   3.11348768e-01   5.23647024e-01   9.99777425e-01
    1.2806247029   4.27207997e-04   9.99572974e-01   3.33626710e-04   3.11350000e-01   5.23648193e-01   9.99776422e-01
    1.2863969449   4.29133772e-04   9.99571050e-01   3.33627010e-04   3.11351238e-01   5.23649367e-01   9.99775414e-01
    1.2921952045   4.31068229e-04   9.99569118e-01   3.33627311e-04   3.11352482e-01   5.23650546e-01   9.99774402e-01
    1.2980195990   4.33011407e-04   9.99567176e-01   3.33627614e-04   3.11353731e-01   5.23651731e-01   9.99773385e-01
    1.3038702462   4.34963346e-04   9.99565226e-01   3.33627918e-04   3.11354986e-01   5.23652921e-01   9.99772363e-01
    1.3097472643   4.36924084e-04   9.99563267e-01   3.33628223e-04   3.11356247e-01   5.23654116e-01   9.99771337e-01
    1.3156507723   4.38893662e-04   9.99561299e-01   3.33628530e-04   3.11357513e-01   5.23655317e-01   9.99770307e-01
    1.3215808896   4.40872119e-04   9.99559322e-01   3.33628839e-04   3.11358785e-01   5.23656523e-01   9.99769271e-01
    1.3275377360   4.42859496e-04   9.99557337e-01   3.33629148e-04   3.11360062e-01   5.23657734e-01   9.99768231e-01
    1.3335214322   4.44855832e-04   9.99555342e-01   3.33629459e-04   3.11361346e-01   5.23658951e-01   9.99767186e-01
    1.3395320990   4.46861168e-04   9.99553338e-01   3.33629772e-04   3.11362635e-01   5.23660174e-01   9.99766137e-01
    1.3455698581   4.48875546e-04   9.99551326e-01   3.33630085e-04   3.11363930e-01   5.23661402e-01   9.99765083e-01
    1.3516348316   4.50899004e-04   9.99549304e-01   3.33630401e-04   3.11365230e-01   5.23662635e-01   9.99764024e-01
    1.3577271421   4.52931585e-04   9.99547273e-01   3.33630717e-04   3.11366537e-01   5.23663874e-01   9.99762960e-01
    1.3638469129   4.54973330e-04   9.99545234e-01   3.33631036e-04   3.11367850e-01   5.23665119e-01   9.99761892e-01
    1.3699942677   4.57024279e-04   9.99543184e-01   3.33631355e-04   3.11369168e-01   5.23666369e-01   9.99760819e-01
    1.3761693309   4.59084475e-04   9.99541126e-01   3.33631676e-04   3.11370493e-01   5.23667625e-01   9.99759741e-01
    1.3823722274   4.61153958e-04   9.99539059e-01   3.33631998e-04   3.11371823e-01   5.23668887e-01   9.99758658e-01
    1.3886030825   4.63232772e-04   9.99536982e-01   3.33632322e-04   3.11373159e-01   5.23670154e-01   9.99757570e-01
    1.3948620224   4.65320958e-04   9.99534895e-01   3.33632648e-04   3.11374502e-01   5.23671427e-01   9.99756477e-01
    1.4011491736   4.67418558e-04   9.99532800e-01   3.33632975e-04   3.11375850e-01   5.23672706e-01   9.99755379e-01
    1.4074646633   4.69525614e-04   9.99530695e-01   3.33633303e-04   3.11377205e-01   5.23673990e-01   9.99754277e-01
    1.4138086193   4.71642170e-04   9.99528580e-01   3.33633633e-04   3.11378565e-01   5.23675280e-01   9.99753169e-01
    1.4201811697   4.73768269e-04   9.99526456e-01   3.33633964e-04   3.11379932e-01   5.23676576e-01   9.99752057e-01
    1.4265824435   4.75903952e-04   9.99524322e-01   3.33634297e-04   3.11381305e-01   5.23677878e-01   9.99750939e-01
    1.4330125702   4.78049264e-04   9.99522179e-01   3.33634631e-04   3.11382684e-01   5.23679186e-01   9.99749816e-01
    1.4394716799   4.80204248e-04   9.99520026e-01   3.33634967e-04   3.11384070e-01   5.23680500e-01   9.99748689e-01
    1.4459599031   4.82368947e-04   9.99517864e-01   3.33635304e-04   3.11385461e-01   5.23681819e-01   9.99747556e-01
    1.4524773710   4.84543405e-04   9.99515691e-01   3.33635643e-04   3.11386859e-01   5.23683145e-01   9.99746418e-01
    1.4590242156   4.86727667e-04   9.99513509e-01   3.33635983e-04   3.11388263e-01   5.23684476e-01   9.99745275e-01
    1.4656005692   4.88921777e-04   9.99511317e-01   3.33636325e-04   3.11389674e-01   5.23685814e-01   9.99744127e-01
    1.4722065648   4.91125778e-04   9.99509115e-01   3.33636668e-04   3.11391091e-01   5.23687158e-01   9.99742973e-01
    1.4788423361   4.93339716e-04   9.99506904e-01   3.33637013e-04   3.11392514e-01   5.23688507e-01   9.99741815e-01
    1.4855080172   4.95563635e-04   9.99504682e-01   3.33637360e-04   3.11393944e-01   5.23689863e-01   9.99740651e-01
    1.4922037429   4.97797580e-04   9.99502450e-01   3.33637708e-04   3.11395380e-01   5.23691225e-01   9.99739482e-01
    1.4989296487   5.00041597e-04   9.99500208e-01   3.33638058e-04   3.11396822e-01   5.23692592e-01   9.99738308e-01
    1.5056858706   5.02295731e-04   9.99497956e-01   3.33638409e-04   3.11398272e-01   5.23693967e-01   9.99737128e-01
    1.5124725453   5.04560028e-04   9.99495694e-01   3.33638762e-04   3.11399727e-01   5.23695347e-01   9.99735943e-01
    1.5192898100   5.06834533e-04   9.99493422e-01   3.33639116e-04   3.11401189e-01   5.23696733e-01   9.99734753e-01
    1.5261378026   5.09119292e-04   9.99491140e-01   3.33639472e-04   3.11402658e-01   5.23698126e-01   9.99733558e-01
    1.5330166616   5.11414352e-04   9.99488847e-01   3.33639830e-04   3.11404134e-01   5.23699525e-01   9.99732357e-01
    1.5399265261   5.13719759e-04   9.99486544e-01   3.33640189e-04   3.11405616e-01   5.23700930e-01   9.99731150e-01
    1.5468675358   5.16035560e-04   9.99484231e-01   3.33640550e-04   3.11407104e-01   5.23702342e-01   9.99729938e-01
    1.5538398313   5.18361802e-04   9.99481907e-01   3.33640912e-04   3.11408600e-01   5.23703760e-01   9.99728721e-01
    1.5608435534   5.20698532e-04   9.99479572e-01   3.33641276e-04   3.11410102e-01   5.23705185e-01   9.99727498e-01
    1.5678788438   5.23045796e-04   9.99477228e-01   3.33641642e-04   3.11411611e-01   5.23706615e-01   9.99726270e-01
    1.5749458449   5.25403643e-04   9.99474872e-01   3.33642009e-04   3.11413127e-01   5.23708053e-01   9.99725036e-01
    1.5820446995   5.27772121e-04   9.99472506e-01   3.33642379e-04   3.11414650e-01   5.23709496e-01   9.99723797e-01
    1.5891755512   5.30151277e-04   9.99470130e-01   3.33642749e-04   3.11416179e-01   5.23710947e-01   9.99722552e-01
    1.5963385443   5.32541159e-04   9.99467742e-01   3.33643122e-04   3.11417715e-01   5.23712403e-01   9.99721301e-01
    1.6035338236   5.34941815e-04   9.99465344e-01   3.33643496e-04   3.11419259e-01   5.23713867e-01   9.99720045e-01
    1.6107615346   5.37353296e-04   9.99462935e-01   3.33643872e-04   3.11420809e-01   5.23715337e-01   9.99718783e-01
    1.6180218236   5.39775648e-04   9.99460516e-01   3.33644249e-04   3.11422366e-01   5.23716813e-01   9.99717515e-01
    1.6253148373   5.42208921e-04   9.99458085e-01   3.33644628e-04   3.11423931e-01   5.23718297e-01   9.99716242e-01
    1.6326407233   5.44653165e-04   9.99455643e-01   3.33645009e-04   3.11425502e-01   5.23719787e-01   9.99714963e-01
    1.6399996297   5.47108429e-04   9.99453191e-01   3.33645392e-04   3.11427080e-01   5.23721283e-01   9.99713678e-01
    1.6473917055   5.49574762e-04   9.99450727e-01   3.33645776e-04   3.11428666e-01   5.23722787e-01   9.99712388e-01
    1.6548170999   5.52052215e-04   9.99448252e-01   3.33646162e-04   3.11430259e-01   5.23724297e-01   9.99711091e-01
    1.6622759634   5.54540838e-04   9.99445767e-01   3.33646550e-04   3.11431858e-01   5.23725814e-01   9.99709789e-01
    1.6697684466   5.57040681e-04   9.99443269e-01   3.33646939e-04   3.11433465e-01   5.23727337e-01   9.99708481e-01
    1.6772947013   5.59551794e-04   9.99440761e-01   3.33647331e-04   3.11435080e-01   5.23728868e-01   9.99707167e-01
    1.6848548794   5.62074229e-04   9.99438242e-01   3.33647724e-04   3.11436701e-01   5.23730406e-01   9.99705847e-01
    1.6924491341   5.64608036e-04   9.99435711e-01   3.33648119e-04   3.11438330e-01   5.23731950e-01   9.99704521e-01
    1.7000776188   5.67153267e-04   9.99433168e-01   3.33648515e-04   3.11439967e-01   5.23733502e-01   9.99703189e-01
    1.7077404879   5.69709974e-04   9.99430614e-01   3.33648914e-04   3.11441610e-01   5.23735060e-01   9.99701851e-01
    1.7154378963   5.72278207e-04   9.99428049e-01   3.33649314e-04   3.11443261e-01   5.23736626e-01   9.99700507e-01
    1.7231699998   5.74858020e-04   9.99425472e-01   3.33649716e-04   3.11444920e-01   5.23738198e-01   9.99699157e-01
    1.7309369547   5.77449464e-04   9.99422884e-01   3.33650120e-04   3.11446586e-01   5.23739778e-01   9.99697801e-01
    1.7387389180   5.80052591e-04   9.99420284e-01   3.33650525e-04   3.11448259e-01   5.23741364e-01   9.99696439e-01
    1.7465760477   5.82667455e-04   9.99417672e-01   3.33650933e-04   3.11449940e-01   5.23742958e-01   9.99695071e-01
    1.7544485021   5.85294109e-04   9.99415048e-01   3.33651342e-04   3.11451629e-01   5.23744559e-01   9.99693696e-01
    1.7623564406   5.87932604e-04   9.99412413e-01   3.33651753e-04   3.11453325e-01   5.23746168e-01   9.99692316e-01
    1.7703000230   5.90582996e-04   9.99409766e-01   3.33652166e-04   3.11455029e-01   5.23747783e-01   9.99690929e-01
    1.7782794100   5.93245338e-04   9.99407106e-01   3.33652581e-04   3.11456740e-01   5.23749406e-01   9.99689536e-01
    1.7862947631   5.95919683e-04   9.99404435e-01   3.33652998e-04   3.11458460e-01   5.23751036e-01   9.99688136e-01
    1.7943462442   5.98606085e-04   9.99401752e-01   3.33653417e-04   3.11460187e-01   5.23752673e-01   9.99686731e-01
    1.8024340164   6.01304600e-04   9.99399057e-01   3.33653837e-04   3.11461922e-01   5.23754318e-01   9.99685318e-01
    1.8105582430   6.04015281e-04   9.99396349e-01   3.33654260e-04   3.11463664e-01   5.23755971e-01   9.99683900e-01
    1.8187190885   6.06738183e-04   9.99393630e-01   3.33654684e-04   3.11465415e-01   5.23757630e-01   9.99682475e-01
    1.8269167179   6.09473363e-04   9.99390898e-01   3.33655110e-04   3.11467173e-01   5.23759297e-01   9.99681044e-01
    1.8351512971   6.12220874e-04   9.99388154e-01   3.33655538e-04   3.11468939e-01   5.23760972e-01   9.99679606e-01
    1.8434229924   6.14980773e-04   9.99385397e-01   3.33655969e-04   3.11470714e-01   5.23762654e-01   9.99678162e-01
    1.8517319713   6.17753115e-04   9.99382628e-01   3.33656401e-04   3.11472496e-01   5.23764344e-01   9.99676711e-01
    1.8600784018   6.20537957e-04   9.99379847e-01   3.33656835e-04   3.11474286e-01   5.23766042e-01   9.99675254e-01
    1.8684624527   6.23335354e-04   9.99377053e-01   3.33657271e-04   3.11476085e-01   5.23767747e-01   9.99673790e-01
    1.8768842936   6.26145365e-04   9.99374246e-01   3.33657708e-04   3.11477891e-01   5.23769459e-01   9.99672320e-01
    1.8853440948   6.28968044e-04   9.99371427e-01   3.33658148e-04   3.11479706e-01   5.23771180e-01   9.99670843e-01
    1.8938420273   6.31803451e-04   9.99368595e-01   3.33658590e-04   3.11481529e-01   5.23772908e-01   9.99669359e-01
    1.9023782632   6.34651641e-04   9.99365751e-01   3.33659034e-04   3.11483360e-01   5.23774644e-01   9.99667869e-01
    1.9109529750   6.37512673e-04   9.99362893e-01   3.33659480e-04   3.11485199e-01   5.23776388e-01   9.99666372e-01
    1.9195663361   6.40386604e-04   9.99360023e-01   3.33659928e-04   3.11487046e-01   5.23778140e-01   9.99664868e-01
    1.9282185208   6.43273494e-04   9.99357140e-01   3.33660378e-04   3.11488902e-01   5.23779899e-01   9.99663357e-01
    1.9369097040   6.46173399e-04   9.99354244e-01   3.33660830e-04   3.11490767e-01   5.23781667e-01   9.99661840e-01
    1.9456400616   6.49086380e-04   9.99351335e-01   3.33661284e-04   3.11492639e-01   5.23783442e-01   9.99660316e-01
    1.9544097701   6.52012494e-04   9.99348412e-01   3.33661740e-04   3.11494520e-01   5.23785226e-01   9.99658785e-01
    1.9632190068   6.54951801e-04   9.99345477e-01   3.33662198e-04   3.11496410e-01   5.23787017e-01   9.99657247e-01
    1.9720679500   6.57904361e-04   9.99342528e-01   3.33662658e-04   3.11498308e-01   5.23788817e-01   9.99655702e-01
    1.9809567786   6.60870233e-04   9.99339566e-01   3.33663120e-04   3.11500215e-01   5.23790625e-01   9.99654150e-01
    1.9898856723   6.63849478e-04   9.99336591e-01   3.33663585e-04   3.11502130e-01   5.23792441e-01   9.99652591e-01
    1.9988548119   6.66842155e-04   9.99333602e-01   3.33664051e-04   3.11504054e-01   5.23794265e-01   9.99651025e-01
    2.0078643786   6.69848326e-04   9.99330600e-01   3.33664520e-04   3.11505987e-01   5.23796097e-01   9.99649452e-01
    2.0169145547   6.72868051e-04   9.99327584e-01   3.33664990e-04   3.11507928e-01   5.23797937e-01   9.99647872e-01
    2.0260055233   6.75901391e-04   9.99324555e-01   3.33665463e-04   3.11509878e-01   5.23799786e-01   9.99646284e-01
    2.0351374682   6.78948408e-04   9.99321512e-01   3.33665938e-04   3.11511837e-01   5.23801643e-01   9.99644690e-01
    2.0443105741   6.82009163e-04   9.99318456e-01   3.33666415e-04   3.11513805e-01   5.23803509e-01   9.99643088e-01
    2.0535250265   6.85083718e-04   9.99315385e-01   3.33666894e-04   3.11515781e-01   5.23805383e-01   9.99641480e-01
    2.0627810118   6.88172136e-04   9.99312301e-01   3.33667376e-04   3.11517767e-01   5.23807265e-01   9.99639864e-01
    2.0720787172   6.91274480e-04   9.99309203e-01   3.33667859e-04   3.11519761e-01   5.23809156e-01   9.99638240e-01
    2.0814183307   6.94390811e-04   9.99306091e-01   3.33668345e-04   3.11521765e-01   5.23811055e-01   9.99636610e-01
    2.0908000413   6.97521193e-04   9.99302965e-01   3.33668833e-04   3.11523777e-01   5.23812963e-01   9.99634972e-01
    2.1002240386   7.00665689e-04   9.99299825e-01   3.33669323e-04   3.11525799e-01   5.23814880e-01   9.99633326e-01
    2.1096905134   7.03824364e-04   9.99296671e-01   3.33669815e-04   3.11527829e-01   5.23816805e-01   9.99631673e-01
    2.1191996570   7.06997280e-04   9.99293502e-01   3.33670310e-04   3.11529869e-01   5.23818739e-01   9.99630013e-01
    2.1287516618   7.10184503e-04   9.99290320e-01   3.33670806e-04   3.11531918e-01   5.23820681e-01   9.99628345e-01
    2.1383467209   7.13386097e-04   9.99287122e-01   3.33671305e-04   3.11533976e-01   5.23822633e-01   9.99626670e-01
    2.1479850285   7.16602126e-04   9.99283911e-01   3.33671807e-04   3.11536044e-01   5.23824593e-01   9.99624987e-01
    2.1576667795   7.19832656e-04   9.99280685e-01   3.33672310e-04   3.11538121e-01   5.23826562e-01   9.99623297e-01
    2.1673921696   7.23077751e-04   9.99277445e-01   3.33672816e-04   3.11540207e-01   5.23828539e-01   9.99621599e-01
    2.1771613956   7.26337479e-04   9.99274190e-01   3.33673324e-04   3.11542303e-01   5.23830526e-01   9.99619893e-01
    2.1869746550   7.29611905e-04   9.99270920e-01   3.33673835e-04   3.11544408e-01   5.23832522e-01   9.99618180e-01
    2.1968321464   7.32901094e-04   9.99267636e-01   3.33674347e-04   3.11546522e-01   5.23834526e-01   9.99616459e-01
    2.2067340691   7.36205114e-04   9.99264336e-01   3.33674862e-04   3.11548646e-01   5.23836540e-01   9.99614730e-01
    2.2166806233   7.39524032e-04   9.99261022e-01   3.33675380e-04   3.11550780e-01   5.23838563e-01   9.99612994e-01
    2.2266720104   7.42857914e-04   9.99257694e-01   3.33675899e-04   3.11552923e-01   5.23840595e-01   9.99611249e-01
    2.2367084322   7.46206829e-04   9.99254350e-01   3.33676421e-04   3.11555076e-01   5.23842636e-01   9.99609497e-01
    2.2467900918   7.49570844e-04   9.99250991e-01   3.33676946e-04   3.11557239e-01   5.23844686e-01   9.99607737e-01
    2.2569171932   7.52950027e-04   9.99247616e-01   3.33677472e-04   3.11559412e-01   5.23846745e-01   9.99605968e-01
    2.2670899410   7.56344446e-04   9.99244227e-01   3.33678001e-04   3.11561594e-01   5.23848814e-01   9.99604192e-01
    2.2773085412   7.59754171e-04   9.99240823e-01   3.33678533e-04   3.11563786e-01   5.23850892e-01   9.99602408e-01
    2.2875732003   7.63179270e-04   9.99237403e-01   3.33679067e-04   3.11565988e-01   5.23852980e-01   9.99600616e-01
    2.2978841260   7.66619813e-04   9.99233967e-01   3.33679603e-04   3.11568200e-01   5.23855077e-01   9.99598816e-01
    2.3082415268   7.70075869e-04   9.99230517e-01   3.33680142e-04   3.11570422e-01   5.23857183e-01   9.99597007e-01
    2.3186456121   7.73547509e-04   9.99227050e-01   3.33680683e-04   3.11572653e-01   5.23859299e-01   9.99595191e-01
    2.3290965925   7.77034802e-04   9.99223569e-01   3.33681227e-04   3.11574895e-01   5.23861424e-01   9.99593366e-01
    2.3395946792   7.80537819e-04   9.99220071e-01   3.33681773e-04   3.11577147e-01   5.23863559e-01   9.99591533e-01
    2.3501400846   7.84056632e-04   9.99216558e-01   3.33682321e-04   3.11579410e-01   5.23865703e-01   9.99589692e-01
    2.3607330220   7.87591311e-04   9.99213029e-01   3.33682872e-04   3.11581682e-01   5.23867858e-01   9.99587843e-01
    2.3713737057   7.91141927e-04   9.99209483e-01   3.33683426e-04   3.11583965e-01   5.23870021e-01   9.99585985e-01
    2.3820623507   7.94708554e-04   9.99205923e-01   3.33683982e-04   3.11586258e-01   5.23872195e-01   9.99584119e-01
    2.3927991734   7.98291263e-04   9.99202345e-01   3.33684540e-04   3.11588561e-01   5.23874378e-01   9.99582244e-01
    2.4035843909   8.01890126e-04   9.99198752e-01   3.33685101e-04   3.11590875e-01   5.23876572e-01   9.99580361e-01
    2.4144182213   8.05505217e-04   9.99195143e-01   3.33685665e-04   3.11593199e-01   5.23878775e-01   9.99578469e-01
    2.4253008836   8.09136609e-04   9.99191518e-01   3.33686231e-04   3.11595533e-01   5.23880988e-01   9.99576569e-01
    2.4362325982   8.12784374e-04   9.99187876e-01   3.33686799e-04   3.11597879e-01   5.23883211e-01   9.99574661e-01
    2.4472135859   8.16448588e-04   9.99184217e-01   3.33687371e-04   3.11600234e-01   5.23885444e-01   9.99572743e-01
    2.4582440689   8.20129324e-04   9.99180543e-01   3.33687945e-04   3.11602601e-01   5.23887687e-01   9.99570818e-01
    2.4693242704   8.23826657e-04   9.99176851e-01   3.33688521e-04   3.11604978e-01   5.23889940e-01   9.99568883e-01
    2.4804544143   8.27540661e-04   9.99173144e-01   3.33689100e-04   3.11607365e-01   5.23892204e-01   9.99566940e-01
    2.4916347259   8.31271413e-04   9.99169419e-01   3.33689681e-04   3.11609764e-01   5.23894477e-01   9.99564988e-01
    2.5028654312   8.35018987e-04   9.99165678e-01   3.33690266e-04   3.11612173e-01   5.23896761e-01   9.99563027e-01
    2.5141467574   8.38783459e-04   9.99161920e-01   3.33690853e-04   3.11614593e-01   5.23899055e-01   9.99561057e-01
    2.5254789326   8.42564905e-04   9.99158144e-01   3.33691442e-04   3.11617024e-01   5.23901360e-01   9.99559078e-01
    2.5368621860   8.46363403e-04   9.99154352e-01   3.33692034e-04   3.11619466e-01   5.23903675e-01   9.99557091e-01
    2.5482967480   8.50179029e-04   9.99150543e-01   3.33692629e-04   3.11621919e-01   5.23906000e-01   9.99555095e-01
    2.5597828497   8.54011859e-04   9.99146717e-01   3.33693227e-04   3.11624383e-01   5.23908336e-01   9.99553089e-01
    2.5713207234   8.57861973e-04   9.99142873e-01   3.33693827e-04   3.11626859e-01   5.23910682e-01   9.99551075e-01
    2.5829106025   8.61729448e-04   9.99139012e-01   3.33694430e-04   3.11629345e-01   5.23913039e-01   9.99549051e-01
    2.5945527214   8.65614362e-04   9.99135134e-01   3.33695036e-04   3.11631843e-01   5.23915406e-01   9.99547018e-01
    2.6062473156   8.69516793e-04   9.99131239e-01   3.33695644e-04   3.11634352e-01   5.23917784e-01   9.99544977e-01
    2.6179946216   8.73436822e-04   9.99127325e-01   3.33696255e-04   3.11636872e-01   5.23920173e-01   9.99542925e-01
    2.6297948770   8.77374526e-04   9.99123395e-01   3.33696869e-04   3.11639403e-01   5.23922573e-01   9.99540865e-01
    2.6416483204   8.81329987e-04   9.99119446e-01   3.33697486e-04   3.11641946e-01   5.23924983e-01   9.99538796e-01
    2.6535551916   8.85303284e-04   9.99115480e-01   3.33698105e-04   3.11644501e-01   5.23927405e-01   9.99536717e-01
    2.6655157314   8.89294497e-04   9.99111496e-01   3.33698727e-04   3.11647067e-01   5.23929837e-01   9.99534628e-01
    2.6775301817   8.93303707e-04   9.99107494e-01   3.33699352e-04   3.11649644e-01   5.23932280e-01   9.99532531e-01
    2.6895987856   8.97330996e-04   9.99103473e-01   3.33699980e-04   3.11652233e-01   5.23934734e-01   9.99530424e-01
    2.7017217870   9.01376446e-04   9.99099435e-01   3.33700611e-04   3.11654834e-01   5.23937199e-01   9.99528307e-01
    2.7138994312   9.05440137e-04   9.99095379e-01   3.33701245e-04   3.11657447e-01   5.23939676e-01   9.99526181e-01
    2.7261319645   9.09522152e-04   9.99091304e-01   3.33701881e-04   3.11660071e-01   5.23942163e-01   9.99524045e-01
    2.7384196343   9.13622575e-04   9.99087211e-01   3.33702520e-04   3.11662707e-01   5.23944662e-01   9.99521900e-01
    2.7507626890   9.17741487e-04   9.99083100e-01   3.33703163e-04   3.11665355e-01   5.23947172e-01   9.99519744e-01
    2.7631613785   9.21878973e-04   9.99078970e-01   3.33703808e-04   3.11668015e-01   5.23949693e-01   9.99517580e-01
    2.7756159533   9.26035116e-04   9.99074822e-01   3.33704456e-04   3.11670687e-01   5.23952226e-01   9.99515405e-01
    2.7881266654   9.30210001e-04   9.99070654e-01   3.33705107e-04   3.11673371e-01   5.23954770e-01   9.99513221e-01
    2.8006937679   9.34403711e-04   9.99066469e-01   3.33705761e-04   3.11676067e-01   5.23957325e-01   9.99511027e-01
    2.8133175149   9.38616332e-04   9.99062264e-01   3.33706417e-04   3.11678776e-01   5.23959892e-01   9.99508822e-01
    2.8259981617   9.42847950e-04   9.99058040e-01   3.33707077e-04   3.11681496e-01   5.23962471e-01   9.99506608e-01
    2.8387359648   9.47098649e-04   9.99053797e-01   3.33707740e-04   3.11684229e-01   5.23965061e-01   9.99504384e-01
    2.8515311818   9.51368516e-04   9.99049536e-01   3.33708406e-04   3.11686974e-01   5.23967663e-01   9.99502150e-01
    2.8643840715   9.55657638e-04   9.99045255e-01   3.33709074e-04   3.11689732e-01   5.23970277e-01   9.99499906e-01
    2.8772948939   9.59966101e-04   9.99040955e-01   3.33709746e-04   3.11692501e-01   5.23972902e-01   9.99497652e-01
    2.8902639100   9.64293992e-04   9.99036635e-01   3.33710421e-04   3.11695284e-01   5.23975539e-01   9.99495388e-01
    2.9032913823   9.68641400e-04   9.99032296e-01   3.33711099e-04   3.11698079e-01   5.23978188e-01   9.99493113e-01
    2.9163775741   9.73008412e-04   9.99027937e-01   3.33711780e-04   3.11700886e-01   5.23980849e-01   9.99490828e-01
    2.9295227501   9.77395117e-04   9.99023559e-01   3.33712464e-04   3.11703707e-01   5.23983522e-01   9.99488533e-01
    2.9427271762   9.81801603e-04   9.99019161e-01   3.33713151e-04   3.11706540e-01   5.23986207e-01   9.99486228e-01
    2.9559911195   9.86227960e-04   9.99014744e-01   3.33713841e-04   3.11709385e-01   5.23988905e-01   9.99483912e-01
    2.9693148482   9.90674277e-04   9.99010306e-01   3.33714535e-04   3.11712244e-01   5.23991614e-01   9.99481585e-01
    2.9826986318   9.95140645e-04   9.99005849e-01   3.33715231e-04   3.11715115e-01   5.23994335e-01   9.99479249e-01
    2.9961427410   9.99627153e-04   9.99001371e-01   3.33715931e-04   3.11718000e-01   5.23997069e-01   9.99476901e-01
    3.0096474477   1.00413389e-03   9.98996873e-01   3.33716633e-04   3.11720897e-01   5.23999815e-01   9.99474543e-01
    3.0232130250   1.00866096e-03   9.98992355e-01   3.33717339e-04   3.11723808e-01   5.24002574e-01   9.99472175e-01
    3.0368397473   1.01320844e-03   9.98987817e-01   3.33718048e-04   3.11726731e-01   5.24005345e-01   9.99469796e-01
    3.0505278903   1.01777642e-03   9.98983258e-01   3.33718761e-04   3.11729668e-01   5.24008128e-01   9.99467406e-01
    3.0642777306   1.02236501e-03   9.98978679e-01   3.33719476e-04   3.11732618e-01   5.24010924e-01   9.99465005e-01
    3.0780895465   1.02697428e-03   9.98974079e-01   3.33720195e-04   3.11735582e-01   5.24013732e-01   9.99462593e-01
    3.0919636173   1.03160435e-03   9.98969459e-01   3.33720917e-04   3.11738558e-01   5.24016554e-01   9.99460171e-01
    3.1059002236   1.03625529e-03   9.98964817e-01   3.33721642e-04   3.11741548e-01   5.24019388e-01   9.99457738e-01
    3.1198996473   1.04092720e-03   9.98960155e-01   3.33722371e-04   3.11744552e-01   5.24022234e-01   9.99455293e-01
    3.1339621714   1.04562019e-03   9.98955472e-01   3.33723103e-04   3.11747569e-01   5.24025094e-01   9.99452838e-01
    3.1480880805   1.05033433e-03   9.98950768e-01   3.33723838e-04   3.11750600e-01   5.24027966e-01   9.99450371e-01
    3.1622776602   1.05506974e-03   9.98946042e-01   3.33724576e-04   3.11753644e-01   5.24030851e-01   9.99447894e-01
    3.1765311975   1.05982650e-03   9.98941296e-01   3.33725318e-04   3.11756703e-01   5.24033750e-01   9.99445405e-01
    3.1908489806   1.06460471e-03   9.98936527e-01   3.33726063e-04   3.11759775e-01   5.24036661e-01   9.99442905e-01
    3.2052312993   1.06940447e-03   9.98931738e-01   3.33726812e-04   3.11762860e-01   5.24039585e-01   9.99440394e-01
    3.2196784443   1.07422588e-03   9.98926927e-01   3.33727564e-04   3.11765960e-01   5.24042523e-01   9.99437872e-01
    3.2341907078   1.07906903e-03   9.98922094e-01   3.33728319e-04   3.11769074e-01   5.24045474e-01   9.99435338e-01
    3.2487683834   1.08393402e-03   9.98917240e-01   3.33729078e-04   3.11772202e-01   5.24048438e-01   9.99432793e-01
    3.2634117659   1.08882094e-03   9.98912363e-01   3.33729840e-04   3.11775344e-01   5.24051416e-01   9.99430236e-01
    3.2781211514   1.09372991e-03   9.98907465e-01   3.33730606e-04   3.11778500e-01   5.24054407e-01   9.99427667e-01
    3.2928968375   1.09866101e-03   9.98902545e-01   3.33731375e-04   3.11781670e-01   5.24057411e-01   9.99425088e-01
    3.3077391230   1.10361436e-03   9.98897602e-01   3.33732147e-04   3.11784855e-01   5.24060429e-01   9.99422496e-01
    3.3226483081   1.10859004e-03   9.98892638e-01   3.33732923e-04   3.11788053e-01   5.24063461e-01   9.99419893e-01
    3.3376246943   1.11358816e-03   9.98887651e-01   3.33733703e-04   3.11791267e-01   5.24066506e-01   9.99417278e-01
    3.3526685845   1.11860882e-03   9.98882641e-01   3.33734486e-04   3.11794495e-01   5.24069565e-01   9.99414651e-01
    3.3677802831   1.12365212e-03   9.98877609e-01   3.33735272e-04   3.11797737e-01   5.24072638e-01   9.99412013e-01
    3.3829600955   1.12871816e-03   9.98872554e-01   3.33736062e-04   3.11800994e-01   5.24075724e-01   9.99409362e-01
    3.3982083289   1.13380705e-03   9.98867477e-01   3.33736856e-04   3.11804266e-01   5.24078825e-01   9.99406700e-01
    3.4135252917   1.13891889e-03   9.98862377e-01   3.33737653e-04   3.11807552e-01   5.24081939e-01   9.99404026e-01
    3.4289112936   1.14405379e-03   9.98857254e-01   3.33738454e-04   3.11810854e-01   5.24085068e-01   9.99401339e-01
    3.4443666458   1.14921184e-03   9.98852107e-01   3.33739259e-04   3.11814170e-01   5.24088210e-01   9.99398641e-01
    3.4598916609   1.15439315e-03   9.98846938e-01   3.33740067e-04   3.11817501e-01   5.24091367e-01   9.99395930e-01
    3.4754866529   1.15959783e-03   9.98841745e-01   3.33740879e-04   3.11820847e-01   5.24094538e-01   9.99393207e-01
    3.4911519372   1.16482598e-03   9.98836529e-01   3.33741694e-04   3.11824209e-01   5.24097723e-01   9.99390472e-01
    3.5068878306   1.17007771e-03   9.98831290e-01   3.33742513e-04   3.11827585e-01   5.24100923e-01   9.99387724e-01
    3.5226946515   1.17535313e-03   9.98826027e-01   3.33743336e-04   3.11830977e-01   5.24104137e-01   9.99384964e-01
    3.5385727194   1.18065234e-03   9.98820740e-01   3.33744163e-04   3.11834384e-01   5.24107365e-01   9.99382192e-01
    3.5545223556   1.18597544e-03   9.98815429e-01   3.33744993e-04   3.11837806e-01   5.24110608e-01   9.99379407e-01
    3.5705438826   1.19132255e-03   9.98810095e-01   3.33745827e-04   3.11841244e-01   5.24113866e-01   9.99376610e-01
    3.5866376245   1.19669378e-03   9.98804737e-01   3.33746665e-04   3.11844697e-01   5.24117138e-01   9.99373800e-01
    3.6028039067   1.20208923e-03   9.98799354e-01   3.33747506e-04   3.11848166e-01   5.24120425e-01   9.99370977e-01
    3.6190430563   1.20750901e-03   9.98793947e-01   3.33748352e-04   3.11851651e-01   5.24123727e-01   9.99368142e-01
    3.6353554016   1.21295323e-03   9.98788516e-01   3.33749201e-04   3.11855151e-01   5.24127044e-01   9.99365293e-01
    3.6517412725   1.21842201e-03   9.98783061e-01   3.33750054e-04   3.11858667e-01   5.24130376e-01   9.99362432e-01
    3.6682010006   1.22391546e-03   9.98777581e-01   3.33750911e-04   3.11862199e-01   5.24133722e-01   9.99359558e-01
    3.6847349187   1.22943367e-03   9.98772076e-01   3.33751772e-04   3.11865747e-01   5.24137084e-01   9.99356671e-01
    3.7013433612   1.23497678e-03   9.98766547e-01   3.33752636e-04   3.11869310e-01   5.24140461e-01   9.99353772e-01
    3.7180266639   1.24054488e-03   9.98760992e-01   3.33753505e-04   3.11872890e-01   5.24143853e-01   9.99350859e-01
    3.7347851644   1.24613810e-03   9.98755413e-01   3.33754378e-04   3.11876486e-01   5.24147261e-01   9.99347932e-01
    3.7516192015   1.25175654e-03   9.98749808e-01   3.33755254e-04   3.11880099e-01   5.24150684e-01   9.99344993e-01
    3.7685291158   1.25740032e-03   9.98744179e-01   3.33756134e-04   3.11883727e-01   5.24154122e-01   9.99342041e-01
    3.7855152493   1.26306955e-03   9.98738524e-01   3.33757019e-04   3.11887372e-01   5.24157576e-01   9.99339075e-01
    3.8025779454   1.26876435e-03   9.98732843e-01   3.33757907e-04   3.11891033e-01   5.24161045e-01   9.99336095e-01
    3.8197175493   1.27448484e-03   9.98727137e-01   3.33758800e-04   3.11894711e-01   5.24164530e-01   9.99333103e-01
    3.8369344076   1.28023112e-03   9.98721406e-01   3.33759696e-04   3.11898406e-01   5.24168030e-01   9.99330097e-01
    3.8542288686   1.28600333e-03   9.98715648e-01   3.33760596e-04   3.11902117e-01   5.24171547e-01   9.99327077e-01
    3.8716012821   1.29180156e-03   9.98709865e-01   3.33761501e-04   3.11905845e-01   5.24175079e-01   9.99324044e-01
    3.8890519993   1.29762595e-03   9.98704056e-01   3.33762410e-04   3.11909589e-01   5.24178627e-01   9.99320997e-01
    3.9065813732   1.30347660e-03   9.98698220e-01   3.33763322e-04   3.11913351e-01   5.24182191e-01   9.99317936e-01
    3.9241897585   1.30935364e-03   9.98692359e-01   3.33764239e-04   3.11917130e-01   5.24185771e-01   9.99314861e-01
    3.9418775111   1.31525719e-03   9.98686470e-01   3.33765160e-04   3.11920925e-01   5.24189367e-01   9.99311773e-01
    3.9596449889   1.32118736e-03   9.98680556e-01   3.33766085e-04   3.11924738e-01   5.24192980e-01   9.99308671e-01
    3.9774925512   1.32714428e-03   9.98674615e-01   3.33767015e-04   3.11928568e-01   5.24196609e-01   9.99305554e-01
    3.9954205589   1.33312807e-03   9.98668647e-01   3.33767948e-04   3.11932415e-01   5.24200254e-01   9.99302424e-01
    4.0134293748   1.33913884e-03   9.98662652e-01   3.33768886e-04   3.11936280e-01   5.24203915e-01   9.99299280e-01
    4.0315193629   1.34517673e-03   9.98656630e-01   3.33769828e-04   3.11940161e-01   5.24207593e-01   9.99296121e-01
    4.0496908891   1.35124184e-03   9.98650582e-01   3.33770774e-04   3.11944061e-01   5.24211288e-01   9.99292948e-01
    4.0679443211   1.35733431e-03   9.98644506e-01   3.33771725e-04   3.11947978e-01   5.24214999e-01   9.99289761e-01
    4.0862800279   1.36345426e-03   9.98638402e-01   3.33772680e-04   3.11951913e-01   5.24218727e-01   9.99286559e-01
    4.1046983804   1.36960181e-03   9.98632271e-01   3.33773639e-04   3.11955865e-01   5.24222472e-01   9.99283343e-01
    4.1231997512   1.37577709e-03   9.98626113e-01   3.33774602e-04   3.11959836e-01   5.24226234e-01   9.99280113e-01
    4.1417845144   1.38198022e-03   9.98619927e-01   3.33775570e-04   3.11963824e-01   5.24230012e-01   9.99276868e-01
    4.1604530458   1.38821133e-03   9.98613713e-01   3.33776542e-04   3.11967830e-01   5.24233808e-01   9.99273608e-01
    4.1792057232   1.39447055e-03   9.98607471e-01   3.33777519e-04   3.11971854e-01   5.24237620e-01   9.99270334e-01
    4.1980429257   1.40075799e-03   9.98601201e-01   3.33778500e-04   3.11975897e-01   5.24241450e-01   9.99267045e-01
    4.2169650343   1.40707379e-03   9.98594903e-01   3.33779486e-04   3.11979958e-01   5.24245297e-01   9.99263741e-01
    4.2359724317   1.41341808e-03   9.98588577e-01   3.33780476e-04   3.11984037e-01   5.24249162e-01   9.99260422e-01
    4.2550655025   1.41979098e-03   9.98582222e-01   3.33781470e-04   3.11988134e-01   5.24253044e-01   9.99257088e-01
    4.2742446326   1.42619263e-03   9.98575838e-01   3.33782469e-04   3.11992250e-01   5.24256943e-01   9.99253739e-01
    4.2935102101   1.43262315e-03   9.98569426e-01   3.33783472e-04   3.11996384e-01   5.24260860e-01   9.99250375e-01
    4.3128626245   1.43908268e-03   9.98562985e-01   3.33784480e-04   3.12000537e-01   5.24264795e-01   9.99246996e-01
    4.3323022674   1.44557134e-03   9.98556515e-01   3.33785493e-04   3.12004709e-01   5.24268747e-01   9.99243602e-01
    4.3518295317   1.45208927e-03   9.98550016e-01   3.33786510e-04   3.12008900e-01   5.24272717e-01   9.99240192e-01
    4.3714448126   1.45863659e-03   9.98543488e-01   3.33787531e-04   3.12013110e-01   5.24276705e-01   9.99236767e-01
    4.3911485067   1.46521345e-03   9.98536930e-01   3.33788558e-04   3.12017338e-01   5.24280711e-01   9.99233327e-01
    4.4109410125   1.47181997e-03   9.98530343e-01   3.33789589e-04   3.12021586e-01   5.24284735e-01   9.99229871e-01
    4.4308227304   1.47845629e-03   9.98523726e-01   3.33790624e-04   3.12025853e-01   5.24288777e-01   9.99226399e-01
    4.4507940624   1.48512255e-03   9.98517080e-01   3.33791664e-04   3.12030139e-01   5.24292837e-01   9.99222912e-01
    4.4708554124   1.49181887e-03   9.98510403e-01   3.33792709e-04   3.12034444e-01   5.24296916e-01   9.99219409e-01
    4.4910071863   1.49854540e-03   9.98503697e-01   3.33793759e-04   3.12038769e-01   5.24301013e-01   9.99215891e-01
    4.5112497915   1.50530226e-03   9.98496960e-01   3.33794814e-04   3.12043113e-01   5.24305128e-01   9.99212356e-01
    4.5315836376   1.51208961e-03   9.98490193e-01   3.33795873e-04   3.12047477e-01   5.24309262e-01   9.99208806e-01
    4.5520091357   1.51890756e-03   9.98483396e-01   3.33796937e-04   3.12051861e-01   5.24313415e-01   9.99205239e-01
    4.5725266990   1.52575627e-03   9.98476568e-01   3.33798006e-04   3.12056264e-01   5.24317586e-01   9.99201657e-01
    4.5931367424   1.53263588e-03   9.98469710e-01   3.33799079e-04   3.12060687e-01   5.24321777e-01   9.99198058e-01
    4.6138396827   1.53954651e-03   9.98462820e-01   3.33800158e-04   3.12065131e-01   5.24325986e-01   9.99194443e-01
    4.6346359388   1.54648832e-03   9.98455900e-01   3.33801241e-04   3.12069594e-01   5.24330213e-01   9.99190812e-01
    4.6555259312   1.55346143e-03   9.98448948e-01   3.33802329e-04   3.12074077e-01   5.24334460e-01   9.99187164e-01
    4.6765100823   1.56046600e-03   9.98441965e-01   3.33803423e-04   3.12078581e-01   5.24338727e-01   9.99183500e-01
    4.6975888167   1.56750217e-03   9.98434951e-01   3.33804521e-04   3.12083105e-01   5.24343012e-01   9.99179819e-01
    4.7187625606   1.57457007e-03   9.98427905e-01   3.33805624e-04   3.12087649e-01   5.24347317e-01   9.99176122e-01
    4.7400317423   1.58166985e-03   9.98420828e-01   3.33806732e-04   3.12092214e-01   5.24351641e-01   9.99172408e-01
    4.7613967920   1.58880166e-03   9.98413719e-01   3.33807845e-04   3.12096799e-01   5.24355984e-01   9.99168678e-01
    4.7828581417   1.59596564e-03   9.98406577e-01   3.33808963e-04   3.12101405e-01   5.24360347e-01   9.99164930e-01
    4.8044162255   1.60316194e-03   9.98399404e-01   3.33810086e-04   3.12106032e-01   5.24364730e-01   9.99161166e-01
    4.8260714794   1.61039069e-03   9.98392198e-01   3.33811215e-04   3.12110680e-01   5.24369133e-01   9.99157385e-01
    4.8478243415   1.61765205e-03   9.98384961e-01   3.33812348e-04   3.12115349e-01   5.24373555e-01   9.99153587e-01
    4.8696752517   1.62494617e-03   9.98377690e-01   3.33813486e-04   3.12120039e-01   5.24377997e-01   9.99149771e-01
    4.8916246518   1.63227319e-03   9.98370387e-01   3.33814630e-04   3.12124750e-01   5.24382459e-01   9.99145939e-01
    4.9136729859   1.63963326e-03   9.98363051e-01   3.33815779e-04   3.12129482e-01   5.24386942e-01   9.99142089e-01
    4.9358206999   1.64702653e-03   9.98355682e-01   3.33816933e-04   3.12134236e-01   5.24391444e-01   9.99138221e-01
    4.9580682417   1.65445314e-03   9.98348280e-01   3.33818092e-04   3.12139011e-01   5.24395967e-01   9.99134337e-01
    4.9804160612   1.66191326e-03   9.98340844e-01   3.33819256e-04   3.12143807e-01   5.24400510e-01   9.99130434e-01
    5.0028646106   1.66940704e-03   9.98333375e-01   3.33820426e-04   3.12148625e-01   5.24405074e-01   9.99126515e-01
    5.0254143437   1.67693461e-03   9.98325873e-01   3.33821601e-04   3.12153465e-01   5.24409658e-01   9.99122577e-01
    5.0480657167   1.68449614e-03   9.98318337e-01   3.33822782e-04   3.12158327e-01   5.24414263e-01   9.99118622e-01
    5.0708191876   1.69209178e-03   9.98310767e-01   3.33823967e-04   3.12163211e-01   5.24418889e-01   9.99114649e-01
    5.0936752168   1.69972169e-03   9.98303162e-01   3.33825158e-04   3.12168117e-01   5.24423535e-01   9.99110658e-01
    5.1166342664   1.70738601e-03   9.98295524e-01   3.33826355e-04   3.12173045e-01   5.24428202e-01   9.99106649e-01
    5.1396968008   1.71508490e-03   9.98287852e-01   3.33827557e-04   3.12177995e-01   5.24432891e-01   9.99102622e-01
    5.1628632864   1.72281853e-03   9.98280144e-01   3.33828764e-04   3.12182967e-01   5.24437600e-01   9.99098577e-01
    5.1861341918   1.73058704e-03   9.98272403e-01   3.33829977e-04   3.12187962e-01   5.24442331e-01   9.99094513e-01
    5.2095099877   1.73839060e-03   9.98264626e-01   3.33831195e-04   3.12192979e-01   5.24447083e-01   9.99090432e-01
    5.2329911468   1.74622935e-03   9.98256815e-01   3.33832418e-04   3.12198020e-01   5.24451857e-01   9.99086331e-01
    5.2565781441   1.75410347e-03   9.98248968e-01   3.33833648e-04   3.12203082e-01   5.24456652e-01   9.99082213e-01
    5.2802714565   1.76201311e-03   9.98241086e-01   3.33834883e-04   3.12208168e-01   5.24461468e-01   9.99078076e-01
    5.3040715633   1.76995843e-03   9.98233169e-01   3.33836123e-04   3.12213277e-01   5.24466306e-01   9.99073920e-01
    5.3279789459   1.77793960e-03   9.98225216e-01   3.33837369e-04   3.12218408e-01   5.24471166e-01   9.99069745e-01
    5.3519940877   1.78595676e-03   9.98217227e-01   3.33838621e-04   3.12223563e-01   5.24476048e-01   9.99065552e-01
    5.3761174746   1.79401010e-03   9.98209203e-01   3.33839878e-04   3.12228741e-01   5.24480952e-01   9.99061340e-01
    5.4003495943   1.80209976e-03   9.98201142e-01   3.33841141e-04   3.12233943e-01   5.24485878e-01   9.99057108e-01
    5.4246909370   1.81022592e-03   9.98193045e-01   3.33842410e-04   3.12239168e-01   5.24490827e-01   9.99052858e-01
    5.4491419950   1.81838873e-03   9.98184912e-01   3.33843684e-04   3.12244416e-01   5.24495797e-01   9.99048588e-01
    5.4737032629   1.82658837e-03   9.98176742e-01   3.33844964e-04   3.12249688e-01   5.24500790e-01   9.99044300e-01
    5.4983752373   1.83482500e-03   9.98168535e-01   3.33846250e-04   3.12254984e-01   5.24505805e-01   9.99039991e-01
    5.5231584173   1.84309879e-03   9.98160292e-01   3.33847542e-04   3.12260304e-01   5.24510843e-01   9.99035664e-01
    5.5480533041   1.85140990e-03   9.98152011e-01   3.33848840e-04   3.12265648e-01   5.24515904e-01   9.99031317e-01
    5.5730604013   1.85975851e-03   9.98143694e-01   3.33850143e-04   3.12271016e-01   5.24520987e-01   9.99026950e-01
    5.5981802145   1.86814478e-03   9.98135339e-01   3.33851453e-04   3.12276408e-01   5.24526094e-01   9.99022564e-01
    5.6234132519   1.87656888e-03   9.98126946e-01   3.33852768e-04   3.12281825e-01   5.24531223e-01   9.99018158e-01
    5.6487600238   1.88503099e-03   9.98118516e-01   3.33854090e-04   3.12287266e-01   5.24536376e-01   9.99013732e-01
    5.6742210428   1.89353127e-03   9.98110047e-01   3.33855417e-04   3.12292731e-01   5.24541551e-01   9.99009286e-01
    5.6997968239   1.90206990e-03   9.98101541e-01   3.33856750e-04   3.12298221e-01   5.24546750e-01   9.99004820e-01
    5.7254878844   1.91064705e-03   9.98092997e-01   3.33858089e-04   3.12303736e-01   5.24551973e-01   9.99000334e-01
    5.7512947438   1.91926290e-03   9.98084414e-01   3.33859435e-04   3.12309276e-01   5.24557219e-01   9.98995827e-01
    5.7772179241   1.92791761e-03   9.98075792e-01   3.33860786e-04   3.12314841e-01   5.24562488e-01   9.98991301e-01
    5.8032579497   1.93661138e-03   9.98067132e-01   3.33862144e-04   3.12320431e-01   5.24567781e-01   9.98986754e-01
    5.8294153471   1.94534436e-03   9.98058433e-01   3.33863508e-04   3.12326046e-01   5.24573098e-01   9.98982186e-01
    5.8556906455   1.95411674e-03   9.98049694e-01   3.33864878e-04   3.12331687e-01   5.24578440e-01   9.98977598e-01
    5.8820843762   1.96292870e-03   9.98040917e-01   3.33866254e-04   3.12337353e-01   5.24583805e-01   9.98972989e-01
    5.9085970731   1.97178041e-03   9.98032100e-01   3.33867636e-04   3.12343044e-01   5.24589194e-01   9.98968360e-01
    5.9352292723   1.98067206e-03   9.98023243e-01   3.33869025e-04   3.12348761e-01   5.24594608e-01   9.98963709e-01
    5.9619815126   1.98960382e-03   9.98014347e-01   3.33870420e-04   3.12354504e-01   5.24600045e-01   9.98959038e-01
    5.9888543349   1.99857588e-03   9.98005410e-01   3.33871821e-04   3.12360273e-01   5.24605508e-01   9.98954345e-01
    6.0158482829   2.00758842e-03   9.97996434e-01   3.33873228e-04   3.12366068e-01   5.24610995e-01   9.98949632e-01
    6.0429639024   2.01664162e-03   9.97987417e-01   3.33874642e-04   3.12371889e-01   5.24616507e-01   9.98944897e-01
    6.0702017419   2.02573566e-03   9.97978360e-01   3.33876062e-04   3.12377737e-01   5.24622043e-01   9.98940140e-01
    6.0975623522   2.03487073e-03   9.97969262e-01   3.33877489e-04   3.12383611e-01   5.24627605e-01   9.98935363e-01
    6.1250462868   2.04404702e-03   9.97960123e-01   3.33878922e-04   3.12389511e-01   5.24633191e-01   9.98930564e-01
    6.1526541015   2.05326471e-03   9.97950943e-01   3.33880362e-04   3.12395438e-01   5.24638803e-01   9.98925743e-01
    6.1803863547   2.06252398e-03   9.97941721e-01   3.33881808e-04   3.12401391e-01   5.24644440e-01   9.98920900e-01
    6.2082436072   2.07182503e-03   9.97932459e-01   3.33883261e-04   3.12407372e-01   5.24650103e-01   9.98916036e-01
    6.2362264225   2.08116805e-03   9.97923154e-01   3.33884720e-04   3.12413379e-01   5.24655790e-01   9.98911149e-01
    6.2643353666   2.09055321e-03   9.97913808e-01   3.33886186e-04   3.12419414e-01   5.24661504e-01   9.98906241e-01
    6.2925710079   2.09998072e-03   9.97904420e-01   3.33887659e-04   3.12425476e-01   5.24667243e-01   9.98901310e-01
    6.3209339175   2.10945077e-03   9.97894990e-01   3.33889138e-04   3.12431565e-01   5.24673008e-01   9.98896358e-01
    6.3494246691   2.11896354e-03   9.97885517e-01   3.33890624e-04   3.12437682e-01   5.24678799e-01   9.98891382e-01
    6.3780438389   2.12851924e-03   9.97876002e-01   3.33892116e-04   3.12443826e-01   5.24684616e-01   9.98886385e-01
    6.4067920057   2.13811805e-03   9.97866444e-01   3.33893616e-04   3.12449998e-01   5.24690460e-01   9.98881365e-01
    6.4356697510   2.14776016e-03   9.97856843e-01   3.33895122e-04   3.12456198e-01   5.24696329e-01   9.98876322e-01
    6.4646776588   2.15744578e-03   9.97847199e-01   3.33896635e-04   3.12462426e-01   5.24702226e-01   9.98871257e-01
    6.4938163158   2.16717511e-03   9.97837511e-01   3.33898155e-04   3.12468682e-01   5.24708148e-01   9.98866169e-01
    6.5230863113   2.17694833e-03   9.97827780e-01   3.33899682e-04   3.12474966e-01   5.24714098e-01   9.98861057e-01
    6.5524882374   2.18676564e-03   9.97818006e-01   3.33901215e-04   3.12481279e-01   5.24720074e-01   9.98855923e-01
    6.5820226886   2.19662725e-03   9.97808187e-01   3.33902756e-04   3.12487620e-01   5.24726077e-01   9.98850766e-01
    6.6116902624   2.20653336e-03   9.97798325e-01   3.33904303e-04   3.12493990e-01   5.24732107e-01   9.98845585e-01
    6.6414915588   2.21648417e-03   9.97788418e-01   3.33905858e-04   3.12500388e-01   5.24738164e-01   9.98840381e-01
    6.6714271804   2.22647987e-03   9.97778466e-01   3.33907419e-04   3.12506815e-01   5.24744249e-01   9.98835154e-01
    6.7014977328   2.23652067e-03   9.97768470e-01   3.33908988e-04   3.12513272e-01   5.24750360e-01   9.98829903e-01
    6.7317038241   2.24660678e-03   9.97758429e-01   3.33910564e-04   3.12519757e-01   5.24756500e-01   9.98824628e-01
    6.7620460653   2.25673840e-03   9.97748343e-01   3.33912147e-04   3.12526272e-01   5.24762667e-01   9.98819330e-01
    6.7925250701   2.26691573e-03   9.97738212e-01   3.33913737e-04   3.12532816e-01   5.24768862e-01   9.98814007e-01
    6.8231414548   2.27713899e-03   9.97728035e-01   3.33915334e-04   3.12539390e-01   5.24775085e-01   9.98808661e-01
    6.8538958387   2.28740838e-03   9.97717812e-01   3.33916939e-04   3.12545993e-01   5.24781335e-01   9.98803290e-01
    6.8847888438   2.29772410e-03   9.97707543e-01   3.33918550e-04   3.12552626e-01   5.24787614e-01   9.98797896e-01
    6.9158210949   2.30808637e-03   9.97697229e-01   3.33920169e-04   3.12559289e-01   5.24793922e-01   9.98792477e-01
    6.9469932197   2.31849539e-03   9.97686868e-01   3.33921796e-04   3.12565982e-01   5.24800257e-01   9.98787033e-01
    6.9783058486   2.32895139e-03   9.97676460e-01   3.33923430e-04   3.12572706e-01   5.24806621e-01   9.98781565e-01
    7.0097596149   2.33945456e-03   9.97666006e-01   3.33925071e-04   3.12579459e-01   5.24813014e-01   9.98776073e-01
    7.0413551549   2.35000513e-03   9.97655504e-01   3.33926719e-04   3.12586244e-01   5.24819436e-01   9.98770555e-01
    7.0730931074   2.36060331e-03   9.97644956e-01   3.33928375e-04   3.12593058e-01   5.24825886e-01   9.98765013e-01
    7.1049741144   2.37124931e-03   9.97634360e-01   3.33930039e-04   3.12599904e-01   5.24832366e-01   9.98759446e-01
    7.1369988208   2.38194335e-03   9.97623717e-01   3.33931710e-04   3.12606780e-01   5.24838875e-01   9.98753853e-01
    7.1691678741   2.39268564e-03   9.97613026e-01   3.33933389e-04   3.12613688e-01   5.24845413e-01   9.98748236e-01
    7.2014819252   2.40347641e-03   9.97602286e-01   3.33935075e-04   3.12620627e-01   5.24851980e-01   9.98742593e-01
    7.2339416274   2.41431587e-03   9.97591499e-01   3.33936769e-04   3.12627597e-01   5.24858577e-01   9.98736925e-01
    7.2665476373   2.42520424e-03   9.97580663e-01   3.33938470e-04   3.12634598e-01   5.24865204e-01   9.98731231e-01
    7.2993006144   2.43614175e-03   9.97569779e-01   3.33940180e-04   3.12641631e-01   5.24871861e-01   9.98725511e-01
    7.3322012210   2.44712861e-03   9.97558845e-01   3.33941897e-04   3.12648696e-01   5.24878547e-01   9.98719766e-01
    7.3652501227   2.45816505e-03   9.97547863e-01   3.33943622e-04   3.12655793e-01   5.24885264e-01   9.98713995e-01
    7.3984479878   2.46925130e-03   9.97536831e-01   3.33945354e-04   3.12662922e-01   5.24892011e-01   9.98708197e-01
    7.4317954878   2.48038757e-03   9.97525750e-01   3.33947095e-04   3.12670083e-01   5.24898788e-01   9.98702374e-01
    7.4652932972   2.49157410e-03   9.97514618e-01   3.33948843e-04   3.12677276e-01   5.24905596e-01   9.98696524e-01
    7.4989420933   2.50281110e-03   9.97503437e-01   3.33950599e-04   3.12684502e-01   5.24912435e-01   9.98690648e-01
    7.5327425569   2.51409882e-03   9.97492206e-01   3.33952363e-04   3.12691760e-01   5.24919304e-01   9.98684746e-01
    7.5666953714   2.52543747e-03   9.97480924e-01   3.33954136e-04   3.12699051e-01   5.24926204e-01   9.98678817e-01
    7.6008012236   2.53682729e-03   9.97469592e-01   3.33955916e-04   3.12706375e-01   5.24933136e-01   9.98672861e-01
    7.6350608034   2.54826851e-03   9.97458209e-01   3.33957704e-04   3.12713732e-01   5.24940098e-01   9.98666878e-01
    7.6694748035   2.55976136e-03   9.97446774e-01   3.33959501e-04   3.12721122e-01   5.24947092e-01   9.98660868e-01
    7.7040439201   2.57130608e-03   9.97435289e-01   3.33961305e-04   3.12728546e-01   5.24954118e-01   9.98654832e-01
    7.7387688523   2.58290289e-03   9.97423751e-01   3.33963118e-04   3.12736003e-01   5.24961175e-01   9.98648768e-01
    7.7736503024   2.59455204e-03   9.97412162e-01   3.33964939e-04   3.12743494e-01   5.24968263e-01   9.98642676e-01
    7.8086889759   2.60625376e-03   9.97400521e-01   3.33966768e-04   3.12751019e-01   5.24975384e-01   9.98636558e-01
    7.8438855815   2.61800829e-03   9.97388828e-01   3.33968605e-04   3.12758577e-01   5.24982537e-01   9.98630411e-01
    7.8792408309   2.62981587e-03   9.97377082e-01   3.33970451e-04   3.12766170e-01   5.24989722e-01   9.98624237e-01
    7.9147554394   2.64167673e-03   9.97365283e-01   3.33972305e-04   3.12773797e-01   5.24996939e-01   9.98618035e-01
    7.9504301252   2.65359112e-03   9.97353432e-01   3.33974168e-04   3.12781458e-01   5.25004189e-01   9.98611805e-01
    7.9862656097   2.66555928e-03   9.97341527e-01   3.33976039e-04   3.12789155e-01   5.25011472e-01   9.98605547e-01
    8.0222626179   2.67758145e-03   9.97329569e-01   3.33977918e-04   3.12796885e-01   5.25018787e-01   9.98599261e-01
    8.0584218776   2.68965788e-03   9.97317557e-01   3.33979806e-04   3.12804651e-01   5.25026135e-01   9.98592946e-01
    8.0947441203   2.70178881e-03   9.97305491e-01   3.33981703e-04   3.12812452e-01   5.25033517e-01   9.98586603e-01
    8.1312300806   2.71397449e-03   9.97293371e-01   3.33983608e-04   3.12820288e-01   5.25040931e-01   9.98580232e-01
    8.1678804964   2.72621516e-03   9.97281197e-01   3.33985522e-04   3.12828159e-01   5.25048379e-01   9.98573831e-01
    8.2046961090   2.73851108e-03   9.97268968e-01   3.33987444e-04   3.12836066e-01   5.25055861e-01   9.98567402e-01
    8.2416776630   2.75086249e-03   9.97256684e-01   3.33989375e-04   3.12844008e-01   5.25063376e-01   9.98560944e-01
    8.2788259063   2.76326965e-03   9.97244345e-01   3.33991315e-04   3.12851987e-01   5.25070925e-01   9.98554457e-01
    8.3161415902   2.77573280e-03   9.97231951e-01   3.33993264e-04   3.12860001e-01   5.25078508e-01   9.98547940e-01
    8.3536254696   2.78825220e-03   9.97219501e-01   3.33995222e-04   3.12868052e-01   5.25086125e-01   9.98541394e-01
    8.3912783024   2.80082810e-03   9.97206995e-01   3.33997188e-04   3.12876139e-01   5.25093776e-01   9.98534819e-01
    8.4291008503   2.81346076e-03   9.97194433e-01   3.33999163e-04   3.12884262e-01   5.25101462e-01   9.98528214e-01
    8.4670938782   2.82615044e-03   9.97181814e-01   3.34001148e-04   3.12892422e-01   5.25109183e-01   9.98521579e-01
    8.5052581544   2.83889739e-03   9.97169139e-01   3.34003141e-04   3.12900620e-01   5.25116938e-01   9.98514914e-01
    8.5435944510   2.85170187e-03   9.97156407e-01   3.34005143e-04   3.12908854e-01   5.25124728e-01   9.98508219e-01
    8.5821035433   2.86456414e-03   9.97143618e-01   3.34007155e-04   3.12917125e-01   5.25132554e-01   9.98501494e-01
    8.6207862100   2.87748447e-03   9.97130772e-01   3.34009175e-04   3.12925433e-01   5.25140414e-01   9.98494739e-01
    8.6596432336   2.89046311e-03   9.97117868e-01   3.34011205e-04   3.12933779e-01   5.25148310e-01   9.98487953e-01
    8.6986754000   2.90350033e-03   9.97104906e-01   3.34013244e-04   3.12942163e-01   5.25156241e-01   9.98481137e-01
    8.7378834985   2.91659640e-03   9.97091885e-01   3.34015292e-04   3.12950585e-01   5.25164209e-01   9.98474289e-01
    8.7772683223   2.92975157e-03   9.97078807e-01   3.34017349e-04   3.12959044e-01   5.25172212e-01   9.98467411e-01
    8.8168306678   2.94296612e-03   9.97065670e-01   3.34019416e-04   3.12967542e-01   5.25180251e-01   9.98460502e-01
    8.8565713351   2.95624032e-03   9.97052473e-01   3.34021492e-04   3.12976078e-01   5.25188326e-01   9.98453562e-01
    8.8964911282   2.96957443e-03   9.97039218e-01   3.34023577e-04   3.12984653e-01   5.25196438e-01   9.98446591e-01
    8.9365908543   2.98296872e-03   9.97025903e-01   3.34025672e-04   3.12993266e-01   5.25204586e-01   9.98439588e-01
    8.9768713245   2.99642348e-03   9.97012528e-01   3.34027777e-04   3.13001919e-01   5.25212771e-01   9.98432553e-01
    9.0173333534   3.00993896e-03   9.96999094e-01   3.34029891e-04   3.13010610e-01   5.25220992e-01   9.98425487e-01
    9.0579777594   3.02351545e-03   9.96985599e-01   3.34032014e-04   3.13019341e-01   5.25229251e-01   9.98418389e-01
    9.0988053646   3.03715322e-03   9.96972043e-01   3.34034148e-04   3.13028111e-01   5.25237547e-01   9.98411259e-01
    9.1398169947   3.05085255e-03   9.96958427e-01   3.34036290e-04   3.13036920e-01   5.25245880e-01   9.98404097e-01
    9.1810134791   3.06461372e-03   9.96944749e-01   3.34038443e-04   3.13045770e-01   5.25254251e-01   9.98396902e-01
    9.2223956510   3.07843700e-03   9.96931011e-01   3.34040605e-04   3.13054659e-01   5.25262659e-01   9.98389676e-01
    9.2639643475   3.09232268e-03   9.96917210e-01   3.34042778e-04   3.13063589e-01   5.25271106e-01   9.98382416e-01
    9.3057204093   3.10627103e-03   9.96903348e-01   3.34044960e-04   3.13072559e-01   5.25279590e-01   9.98375124e-01
    9.3476646808   3.12028235e-03   9.96889424e-01   3.34047152e-04   3.13081569e-01   5.25288112e-01   9.98367799e-01
    9.3897980105   3.13435692e-03   9.96875437e-01   3.34049353e-04   3.13090620e-01   5.25296673e-01   9.98360440e-01
    9.4321212504   3.14849501e-03   9.96861387e-01   3.34051565e-04   3.13099712e-01   5.25305273e-01   9.98353049e-01
    9.4746352566   3.16269693e-03   9.96847274e-01   3.34053787e-04   3.13108845e-01   5.25313911e-01   9.98345624e-01
    9.5173408888   3.17696296e-03   9.96833098e-01   3.34056019e-04   3.13118019e-01   5.25322588e-01   9.98338166e-01
    9.5602390110   3.19129338e-03   9.96818859e-01   3.34058261e-04   3.13127235e-01   5.25331304e-01   9.98330675e-01
    9.6033304905   3.20568849e-03   9.96804555e-01   3.34060513e-04   3.13136492e-01   5.25340059e-01   9.98323149e-01
    9.6466161991   3.22014859e-03   9.96790187e-01   3.34062776e-04   3.13145791e-01   5.25348854e-01   9.98315590e-01
    9.6900970121   3.23467396e-03   9.96775755e-01   3.34065049e-04   3.13155132e-01   5.25357688e-01   9.98307996e-01
    9.7337738090   3.24926490e-03   9.96761259e-01   3.34067332e-04   3.13164515e-01   5.25366563e-01   9.98300368e-01
    9.7776474732   3.26392171e-03   9.96746697e-01   3.34069625e-04   3.13173941e-01   5.25375477e-01   9.98292706e-01
    9.8217188919   3.27864468e-03   9.96732070e-01   3.34071929e-04   3.13183409e-01   5.25384431e-01   9.98285009e-01
    9.8659889565   3.29343412e-03   9.96717377e-01   3.34074243e-04   3.13192920e-01   5.25393425e-01   9.98277278e-01
    9.9104585625   3.30829032e-03   9.96702618e-01   3.34076568e-04   3.13202474e-01   5.25402460e-01   9.98269512e-01
    9.9551286092   3.32321359e-03   9.96687794e-01   3.34078903e-04   3.13212071e-01   5.25411536e-01   9.98261710e-01
   10.0000000000   3.33820423e-03   9.96672902e-01   3.34081249e-04   3.13221712e-01   5.25420653e-01   9.98253874e-01
   10.0450736425   3.35326254e-03   9.96657944e-01   3.34083606e-04   3.13231396e-01   5.25429810e-01   9.98246002e-01
   10.0903504484   3.36838883e-03   9.96642919e-01   3.34085973e-04   3.13241123e-01   5.25439009e-01   9.98238095e-01
   10.1358313333   3.38358341e-03   9.96627827e-01   3.34088351e-04   3.13250895e-01   5.25448249e-01   9.98230152e-01
   10.1815172172   3.39884659e-03   9.96612666e-01   3.34090740e-04   3.13260711e-01   5.25457531e-01   9.98222173e-01
   10.2274090239   3.41417867e-03   9.96597438e-01   3.34093139e-04   3.13270571e-01   5.25466855e-01   9.98214158e-01
   10.2735076818   3.42957997e-03   9.96582142e-01   3.34095550e-04   3.13280475e-01   5.25476220e-01   9.98206107e-01
   10.3198141231   3.44505080e-03   9.96566777e-01   3.34097971e-04   3.13290425e-01   5.25485628e-01   9.98198020e-01
   10.3663292844   3.46059148e-03   9.96551343e-01   3.34100404e-04   3.13300419e-01   5.25495078e-01   9.98189896e-01
   10.4130541064   3.47620232e-03   9.96535840e-01   3.34102847e-04   3.13310458e-01   5.25504571e-01   9.98181736e-01
   10.4599895343   3.49188364e-03   9.96520267e-01   3.34105302e-04   3.13320543e-01   5.25514106e-01   9.98173539e-01
   10.5071365172   3.50763575e-03   9.96504625e-01   3.34107767e-04   3.13330673e-01   5.25523684e-01   9.98165305e-01
   10.5544960088   3.52345898e-03   9.96488912e-01   3.34110244e-04   3.13340849e-01   5.25533306e-01   9.98157034e-01
   10.6020689668   3.53935366e-03   9.96473129e-01   3.34112733e-04   3.13351071e-01   5.25542970e-01   9.98148725e-01
   10.6498563535   3.55532009e-03   9.96457275e-01   3.34115232e-04   3.13361340e-01   5.25552679e-01   9.98140379e-01
   10.6978591353   3.57135861e-03   9.96441351e-01   3.34117743e-04   3.13371654e-01   5.25562431e-01   9.98131996e-01
   10.7460782832   3.58746955e-03   9.96425354e-01   3.34120265e-04   3.13382015e-01   5.25572226e-01   9.98123574e-01
   10.7945147723   3.60365322e-03   9.96409286e-01   3.34122799e-04   3.13392423e-01   5.25582066e-01   9.98115115e-01
   10.8431695824   3.61990996e-03   9.96393147e-01   3.34125344e-04   3.13402878e-01   5.25591950e-01   9.98106617e-01
   10.8920436974   3.63624011e-03   9.96376934e-01   3.34127900e-04   3.13413380e-01   5.25601879e-01   9.98098081e-01
   10.9411381058   3.65264398e-03   9.96360649e-01   3.34130469e-04   3.13423930e-01   5.25611853e-01   9.98089507e-01
   10.9904538006   3.66912192e-03   9.96344291e-01   3.34133049e-04   3.13434527e-01   5.25621871e-01   9.98080894e-01
   11.0399917792   3.68567426e-03   9.96327860e-01   3.34135640e-04   3.13445172e-01   5.25631934e-01   9.98072242e-01
   11.0897530435   3.70230134e-03   9.96311355e-01   3.34138244e-04   3.13455866e-01   5.25642043e-01   9.98063552e-01
   11.1397385999   3.71900349e-03   9.96294776e-01   3.34140859e-04   3.13466607e-01   5.25652197e-01   9.98054822e-01
   11.1899494595   3.73578105e-03   9.96278123e-01   3.34143486e-04   3.13477397e-01   5.25662397e-01   9.98046052e-01
   11.2403866377   3.75263437e-03   9.96261395e-01   3.34146125e-04   3.13488236e-01   5.25672643e-01   9.98037243e-01
   11.2910511547   3.76956379e-03   9.96244592e-01   3.34148776e-04   3.13499124e-01   5.25682935e-01   9.98028395e-01
   11.3419440350   3.78656966e-03   9.96227714e-01   3.34151439e-04   3.13510061e-01   5.25693273e-01   9.98019506e-01
   11.3930663081   3.80365231e-03   9.96210761e-01   3.34154114e-04   3.13521047e-01   5.25703658e-01   9.98010577e-01
   11.4444190080   3.82081209e-03   9.96193731e-01   3.34156802e-04   3.13532083e-01   5.25714089e-01   9.98001609e-01
   11.4960031731   3.83804936e-03   9.96176625e-01   3.34159501e-04   3.13543169e-01   5.25724568e-01   9.97992599e-01
   11.5478198469   3.85536446e-03   9.96159442e-01   3.34162213e-04   3.13554305e-01   5.25735093e-01   9.97983549e-01
   11.5998700773   3.87275775e-03   9.96142183e-01   3.34164937e-04   3.13565491e-01   5.25745666e-01   9.97974459e-01
   11.6521549170   3.89022959e-03   9.96124846e-01   3.34167674e-04   3.13576728e-01   5.25756287e-01   9.97965327e-01
   11.7046754236   3.90778031e-03   9.96107431e-01   3.34170423e-04   3.13588016e-01   5.25766955e-01   9.97956154e-01
   11.7574326592   3.92541029e-03   9.96089938e-01   3.34173184e-04   3.13599354e-01   5.25777672e-01   9.97946940e-01
   11.8104276909   3.94311989e-03   9.96072367e-01   3.34175958e-04   3.13610744e-01   5.25788436e-01   9.97937684e-01
   11.8636615905   3.96090945e-03   9.96054717e-01   3.34178745e-04   3.13622185e-01   5.25799249e-01   9.97928386e-01
   11.9171354347   3.97877935e-03   9.96036989e-01   3.34181544e-04   3.13633678e-01   5.25810111e-01   9.97919047e-01
   11.9708503050   3.99672994e-03   9.96019180e-01   3.34184356e-04   3.13645223e-01   5.25821022e-01   9.97909665e-01
   12.0248072877   4.01476160e-03   9.96001292e-01   3.34187180e-04   3.13656820e-01   5.25831981e-01   9.97900241e-01
   12.0790074743   4.03287468e-03   9.95983324e-01   3.34190018e-04   3.13668469e-01   5.25842991e-01   9.97890775e-01
   12.1334519608   4.05106956e-03   9.95965275e-01   3.34192868e-04   3.13680171e-01   5.25854049e-01   9.97881266e-01
   12.1881418484   4.06934661e-03   9.95947146e-01   3.34195732e-04   3.13691926e-01   5.25865158e-01   9.97871714e-01
   12.2430782433   4.08770620e-03   9.95928935e-01   3.34198608e-04   3.13703734e-01   5.25876316e-01   9.97862119e-01
   12.2982622566   4.10614870e-03   9.95910643e-01   3.34201498e-04   3.13715595e-01   5.25887525e-01   9.97852480e-01
   12.3536950042   4.12467449e-03   9.95892269e-01   3.34204400e-04   3.13727510e-01   5.25898784e-01   9.97842799e-01
   12.4093776075   4.14328394e-03   9.95873812e-01   3.34207316e-04   3.13739479e-01   5.25910093e-01   9.97833073e-01
   12.4653111926   4.16197743e-03   9.95855273e-01   3.34210245e-04   3.13751502e-01   5.25921454e-01   9.97823304e-01
   12.5214968907   4.18075535e-03   9.95836651e-01   3.34213187e-04   3.13763579e-01   5.25932866e-01   9.97813491e-01
   12.5779358382   4.19961808e-03   9.95817945e-01   3.34216143e-04   3.13775711e-01   5.25944329e-01   9.97803633e-01
   12.6346291765   4.21856599e-03   9.95799156e-01   3.34219112e-04   3.13787897e-01   5.25955843e-01   9.97793731e-01
   12.6915780525   4.23759948e-03   9.95780282e-01   3.34222095e-04   3.13800139e-01   5.25967410e-01   9.97783784e-01
   12.7487836177   4.25671893e-03   9.95761324e-01   3.34225091e-04   3.13812436e-01   5.25979028e-01   9.97773793e-01
   12.8062470293   4.27592473e-03   9.95742281e-01   3.34228101e-04   3.13824788e-01   5.25990699e-01   9.97763756e-01
   12.8639694494   4.29521727e-03   9.95723153e-01   3.34231124e-04   3.13837197e-01   5.26002423e-01   9.97753674e-01
   12.9219520454   4.31459695e-03   9.95703939e-01   3.34234162e-04   3.13849661e-01   5.26014199e-01   9.97743547e-01
   12.9801959902   4.33406415e-03   9.95684639e-01   3.34237213e-04   3.13862182e-01   5.26026028e-01   9.97733374e-01
   13.0387024616   4.35361928e-03   9.95665253e-01   3.34240278e-04   3.13874759e-01   5.26037910e-01   9.97723155e-01
   13.0974726430   4.37326273e-03   9.95645779e-01   3.34243357e-04   3.13887393e-01   5.26049846e-01   9.97712890e-01
   13.1565077230   4.39299491e-03   9.95626219e-01   3.34246449e-04   3.13900085e-01   5.26061836e-01   9.97702579e-01
   13.2158088956   4.41281621e-03   9.95606571e-01   3.34249556e-04   3.13912833e-01   5.26073879e-01   9.97692221e-01
   13.2753773603   4.43272703e-03   9.95586835e-01   3.34252677e-04   3.13925639e-01   5.26085977e-01   9.97681817e-01
   13.3352143216   4.45272779e-03   9.95567011e-01   3.34255813e-04   3.13938503e-01   5.26098129e-01   9.97671365e-01
   13.3953209900   4.47281889e-03   9.95547098e-01   3.34258962e-04   3.13951426e-01   5.26110336e-01   9.97660867e-01
   13.4556985810   4.49300074e-03   9.95527096e-01   3.34262126e-04   3.13964406e-01   5.26122598e-01   9.97650321e-01
   13.5163483158   4.51327374e-03   9.95507004e-01   3.34265304e-04   3.13977445e-01   5.26134914e-01   9.97639728e-01
   13.5772714211   4.53363832e-03   9.95486823e-01   3.34268497e-04   3.13990544e-01   5.26147287e-01   9.97629087e-01
   13.6384691289   4.55409488e-03   9.95466551e-01   3.34271704e-04   3.14003701e-01   5.26159715e-01   9.97618397e-01
   13.6999426772   4.57464385e-03   9.95446188e-01   3.34274926e-04   3.14016918e-01   5.26172199e-01   9.97607660e-01
   13.7616933091   4.59528564e-03   9.95425734e-01   3.34278162e-04   3.14030194e-01   5.26184739e-01   9.97596874e-01
   13.8237222736   4.61602067e-03   9.95405189e-01   3.34281414e-04   3.14043531e-01   5.26197335e-01   9.97586040e-01
   13.8860308252   4.63684936e-03   9.95384552e-01   3.34284679e-04   3.14056928e-01   5.26209989e-01   9.97575157e-01
   13.9486202242   4.65777214e-03   9.95363822e-01   3.34287960e-04   3.14070385e-01   5.26222699e-01   9.97564224e-01
   14.0114917364   4.67878943e-03   9.95343000e-01   3.34291256e-04   3.14083903e-01   5.26235466e-01   9.97553243e-01
   14.0746466334   4.69990167e-03   9.95322084e-01   3.34294567e-04   3.14097483e-01   5.26248291e-01   9.97542211e-01
   14.1380861925   4.72110927e-03   9.95301075e-01   3.34297893e-04   3.14111123e-01   5.26261173e-01   9.97531131e-01
   14.2018116969   4.74241268e-03   9.95279972e-01   3.34301233e-04   3.14124826e-01   5.26274114e-01   9.97520000e-01
   14.2658244352   4.76381232e-03   9.95258774e-01   3.34304590e-04   3.14138590e-01   5.26287112e-01   9.97508819e-01
   14.3301257024   4.78530864e-03   9.95237481e-01   3.34307961e-04   3.14152416e-01   5.26300170e-01   9.97497587e-01
   14.3947167987   4.80690207e-03   9.95216094e-01   3.34311348e-04   3.14166305e-01   5.26313286e-01   9.97486305e-01
   14.4595990307   4.82859305e-03   9.95194610e-01   3.34314750e-04   3.14180257e-01   5.26326460e-01   9.97474972e-01
   14.5247737105   4.85038201e-03   9.95173031e-01   3.34318168e-04   3.14194272e-01   5.26339695e-01   9.97463588e-01
   14.5902421563   4.87226942e-03   9.95151354e-01   3.34321601e-04   3.14208350e-01   5.26352988e-01   9.97452152e-01
   14.6560056923   4.89425570e-03   9.95129581e-01   3.34325050e-04   3.14222492e-01   5.26366342e-01   9.97440665e-01
   14.7220656484   4.91634131e-03   9.95107711e-01   3.34328514e-04   3.14236698e-01   5.26379756e-01   9.97429126e-01
   14.7884233609   4.93852670e-03   9.95085742e-01   3.34331994e-04   3.14250968e-01   5.26393230e-01   9.97417535e-01
   14.8550801717   4.96081233e-03   9.95063676e-01   3.34335490e-04   3.14265302e-01   5.26406764e-01   9.97405892e-01
   14.9220374291   4.98319863e-03   9.95041511e-01   3.34339002e-04   3.14279701e-01   5.26420360e-01   9.97394197e-01
   14.9892964872   5.00568608e-03   9.95019246e-01   3.34342530e-04   3.14294166e-01   5.26434016e-01   9.97382448e-01
   15.0568587064   5.02827512e-03   9.94996882e-01   3.34346075e-04   3.14308695e-01   5.26447735e-01   9.97370647e-01
   15.1247254531   5.05096622e-03   9.94974418e-01   3.34349635e-04   3.14323291e-01   5.26461514e-01   9.97358792e-01
   15.1928981000   5.07375984e-03   9.94951853e-01   3.34353211e-04   3.14337952e-01   5.26475356e-01   9.97346884e-01
   15.2613780258   5.09665645e-03   9.94929188e-01   3.34356804e-04   3.14352680e-01   5.26489260e-01   9.97334922e-01
   15.3301666156   5.11965651e-03   9.94906421e-01   3.34360413e-04   3.14367474e-01   5.26503227e-01   9.97322907e-01
   15.3992652606   5.14276048e-03   9.94883552e-01   3.34364038e-04   3.14382335e-01   5.26517256e-01   9.97310837e-01
   15.4686753584   5.16596885e-03   9.94860581e-01   3.34367680e-04   3.14397264e-01   5.26531349e-01   9.97298712e-01
   15.5383983127   5.18928208e-03   9.94837508e-01   3.34371339e-04   3.14412260e-01   5.26545505e-01   9.97286533e-01
   15.6084355339   5.21270065e-03   9.94814331e-01   3.34375014e-04   3.14427323e-01   5.26559725e-01   9.97274299e-01
   15.6787884383   5.23622503e-03   9.94791050e-01   3.34378706e-04   3.14442455e-01   5.26574008e-01   9.97262010e-01
   15.7494584488   5.25985571e-03   9.94767666e-01   3.34382415e-04   3.14457655e-01   5.26588356e-01   9.97249666e-01
   15.8204469949   5.28359316e-03   9.94744176e-01   3.34386141e-04   3.14472924e-01   5.26602769e-01   9.97237266e-01
   15.8917555121   5.30743788e-03   9.94720582e-01   3.34389884e-04   3.14488262e-01   5.26617246e-01   9.97224809e-01
   15.9633854429   5.33139033e-03   9.94696883e-01   3.34393643e-04   3.14503669e-01   5.26631788e-01   9.97212297e-01
   16.0353382358   5.35545103e-03   9.94673077e-01   3.34397420e-04   3.14519146e-01   5.26646396e-01   9.97199728e-01
   16.1076153462   5.37962044e-03   9.94649165e-01   3.34401214e-04   3.14534693e-01   5.26661070e-01   9.97187103e-01
   16.1802182358   5.40389908e-03   9.94625146e-01   3.34405025e-04   3.14550310e-01   5.26675809e-01   9.97174421e-01
   16.2531483731   5.42828742e-03   9.94601020e-01   3.34408854e-04   3.14565998e-01   5.26690615e-01   9.97161681e-01
   16.3264072331   5.45278597e-03   9.94576786e-01   3.34412700e-04   3.14581756e-01   5.26705487e-01   9.97148884e-01
   16.3999962975   5.47739523e-03   9.94552443e-01   3.34416564e-04   3.14597586e-01   5.26720427e-01   9.97136029e-01
   16.4739170546   5.50211570e-03   9.94527992e-01   3.34420445e-04   3.14613488e-01   5.26735433e-01   9.97123117e-01
   16.5481709994   5.52694788e-03   9.94503431e-01   3.34424344e-04   3.14629461e-01   5.26750507e-01   9.97110146e-01
   16.6227596339   5.55189228e-03   9.94478761e-01   3.34428261e-04   3.14645507e-01   5.26765649e-01   9.97097116e-01
   16.6976844665   5.57694941e-03   9.94453980e-01   3.34432196e-04   3.14661625e-01   5.26780859e-01   9.97084028e-01
   16.7729470126   5.60211978e-03   9.94429089e-01   3.34436148e-04   3.14677816e-01   5.26796138e-01   9.97070881e-01
   16.8485487944   5.62740390e-03   9.94404087e-01   3.34440119e-04   3.14694081e-01   5.26811485e-01   9.97057674e-01
   16.9244913409   5.65280229e-03   9.94378972e-01   3.34444107e-04   3.14710419e-01   5.26826901e-01   9.97044408e-01
   17.0007761882   5.67831546e-03   9.94353746e-01   3.34448114e-04   3.14726830e-01   5.26842386e-01   9.97031082e-01
   17.0774048791   5.70394393e-03   9.94328407e-01   3.34452139e-04   3.14743316e-01   5.26857941e-01   9.97017696e-01
   17.1543789634   5.72968823e-03   9.94302954e-01   3.34456183e-04   3.14759877e-01   5.26873566e-01   9.97004250e-01
   17.2316999980   5.75554889e-03   9.94277388e-01   3.34460244e-04   3.14776512e-01   5.26889262e-01   9.96990743e-01
   17.3093695466   5.78152642e-03   9.94251707e-01   3.34464325e-04   3.14793223e-01   5.26905028e-01   9.96977175e-01
   17.3873891802   5.80762137e-03   9.94225912e-01   3.34468424e-04   3.14810009e-01   5.26920865e-01   9.96963546e-01
   17.4657604766   5.83383425e-03   9.94200002e-01   3.34472541e-04   3.14826872e-01   5.26936773e-01   9.96949855e-01
   17.5444850211   5.86016561e-03   9.94173976e-01   3.34476678e-04   3.14843810e-01   5.26952752e-01   9.96936103e-01
   17.6235644057   5.88661599e-03   9.94147833e-01   3.34480833e-04   3.14860825e-01   5.26968804e-01   9.96922289e-01
   17.7030002300   5.91318591e-03   9.94121574e-01   3.34485007e-04   3.14877917e-01   5.26984927e-01   9.96908412e-01
   17.7827941004   5.93987594e-03   9.94095198e-01   3.34489201e-04   3.14895086e-01   5.27001124e-01   9.96894473e-01
   17.8629476309   5.96668659e-03   9.94068704e-01   3.34493413e-04   3.14912333e-01   5.27017393e-01   9.96880471e-01
   17.9434624425   5.99361844e-03   9.94042091e-01   3.34497645e-04   3.14929658e-01   5.27033735e-01   9.96866405e-01
   18.0243401637   6.02067202e-03   9.94015360e-01   3.34501896e-04   3.14947062e-01   5.27050151e-01   9.96852277e-01
   18.1055824303   6.04784788e-03   9.93988509e-01   3.34506166e-04   3.14964544e-01   5.27066640e-01   9.96838084e-01
   18.1871908853   6.07514659e-03   9.93961538e-01   3.34510456e-04   3.14982105e-01   5.27083204e-01   9.96823828e-01
   18.2691671794   6.10256869e-03   9.93934447e-01   3.34514765e-04   3.14999745e-01   5.27099842e-01   9.96809507e-01
   18.3515129705   6.13011476e-03   9.93907235e-01   3.34519094e-04   3.15017466e-01   5.27116555e-01   9.96795122e-01
   18.4342299241   6.15778534e-03   9.93879901e-01   3.34523443e-04   3.15035266e-01   5.27133343e-01   9.96780671e-01
   18.5173197131   6.18558100e-03   9.93852445e-01   3.34527812e-04   3.15053147e-01   5.27150207e-01   9.96766156e-01
   18.6007840181   6.21350231e-03   9.93824867e-01   3.34532200e-04   3.15071109e-01   5.27167146e-01   9.96751575e-01
   18.6846245271   6.24154985e-03   9.93797165e-01   3.34536609e-04   3.15089152e-01   5.27184162e-01   9.96736928e-01
   18.7688429358   6.26972418e-03   9.93769340e-01   3.34541037e-04   3.15107277e-01   5.27201254e-01   9.96722216e-01
   18.8534409475   6.29802587e-03   9.93741391e-01   3.34545486e-04   3.15125484e-01   5.27218423e-01   9.96707437e-01
   18.9384202733   6.32645551e-03   9.93713317e-01   3.34549956e-04   3.15143773e-01   5.27235670e-01   9.96692591e-01
   19.0237826319   6.35501368e-03   9.93685117e-01   3.34554445e-04   3.15162145e-01   5.27252993e-01   9.96677678e-01
   19.1095297497   6.38370095e-03   9.93656792e-01   3.34558955e-04   3.15180600e-01   5.27270395e-01   9.96662698e-01
   19.1956633610   6.41251792e-03   9.93628340e-01   3.34563486e-04   3.15199138e-01   5.27287875e-01   9.96647651e-01
   19.2821852079   6.44146516e-03   9.93599762e-01   3.34568037e-04   3.15217761e-01   5.27305433e-01   9.96632536e-01
   19.3690970402   6.47054328e-03   9.93571055e-01   3.34572610e-04   3.15236467e-01   5.27323071e-01   9.96617352e-01
   19.4564006159   6.49975287e-03   9.93542221e-01   3.34577203e-04   3.15255258e-01   5.27340788e-01   9.96602100e-01
   19.5440977005   6.52909452e-03   9.93513258e-01   3.34581817e-04   3.15274135e-01   5.27358584e-01   9.96586779e-01
   19.6321900679   6.55856882e-03   9.93484166e-01   3.34586452e-04   3.15293096e-01   5.27376461e-01   9.96571389e-01
   19.7206794997   6.58817640e-03   9.93454944e-01   3.34591108e-04   3.15312144e-01   5.27394418e-01   9.96555930e-01
   19.8095677855   6.61791783e-03   9.93425591e-01   3.34595785e-04   3.15331277e-01   5.27412455e-01   9.96540401e-01
   19.8988567232   6.64779375e-03   9.93396108e-01   3.34600484e-04   3.15350498e-01   5.27430574e-01   9.96524802e-01
   19.9885481187   6.67780474e-03   9.93366493e-01   3.34605205e-04   3.15369805e-01   5.27448774e-01   9.96509132e-01
   20.0786437860   6.70795143e-03   9.93336745e-01   3.34609947e-04   3.15389199e-01   5.27467056e-01   9.96493392e-01
   20.1691455473   6.73823444e-03   9.93306865e-01   3.34614710e-04   3.15408682e-01   5.27485420e-01   9.96477581e-01
   20.2600552330   6.76865437e-03   9.93276852e-01   3.34619495e-04   3.15428252e-01   5.27503867e-01   9.96461699e-01
   20.3513746817   6.79921186e-03   9.93246705e-01   3.34624303e-04   3.15447911e-01   5.27522397e-01   9.96445745e-01
   20.4431057405   6.82990753e-03   9.93216424e-01   3.34629132e-04   3.15467659e-01   5.27541010e-01   9.96429719e-01
   20.5352502646   6.86074199e-03   9.93186007e-01   3.34633983e-04   3.15487496e-01   5.27559706e-01   9.96413620e-01
   20.6278101176   6.89171589e-03   9.93155455e-01   3.34638856e-04   3.15507423e-01   5.27578487e-01   9.96397449e-01
   20.7207871715   6.92282985e-03   9.93124766e-01   3.34643752e-04   3.15527441e-01   5.27597352e-01   9.96381205e-01
   20.8141833070   6.95408451e-03   9.93093941e-01   3.34648670e-04   3.15547549e-01   5.27616302e-01   9.96364888e-01
   20.9080004128   6.98548052e-03   9.93062978e-01   3.34653610e-04   3.15567747e-01   5.27635337e-01   9.96348498e-01
   21.0022403865   7.01701850e-03   9.93031877e-01   3.34658573e-04   3.15588038e-01   5.27654458e-01   9.96332033e-01
   21.0969051341   7.04869910e-03   9.93000637e-01   3.34663559e-04   3.15608420e-01   5.27673665e-01   9.96315494e-01
   21.1919965701   7.08052298e-03   9.92969258e-01   3.34668568e-04   3.15628894e-01   5.27692958e-01   9.96298880e-01
   21.2875166180   7.11249078e-03   9.92937739e-01   3.34673599e-04   3.15649461e-01   5.27712338e-01   9.96282192e-01
   21.3834672094   7.14460315e-03   9.92906080e-01   3.34678653e-04   3.15670121e-01   5.27731805e-01   9.96265428e-01
   21.4798502852   7.17686075e-03   9.92874280e-01   3.34683731e-04   3.15690875e-01   5.27751359e-01   9.96248589e-01
   21.5766677945   7.20926424e-03   9.92842337e-01   3.34688832e-04   3.15711722e-01   5.27771001e-01   9.96231673e-01
   21.6739216957   7.24181429e-03   9.92810253e-01   3.34693956e-04   3.15732664e-01   5.27790732e-01   9.96214682e-01
   21.7716139556   7.27451155e-03   9.92778025e-01   3.34699103e-04   3.15753701e-01   5.27810551e-01   9.96197613e-01
   21.8697465501   7.30735669e-03   9.92745653e-01   3.34704274e-04   3.15774833e-01   5.27830460e-01   9.96180468e-01
   21.9683214639   7.34035039e-03   9.92713138e-01   3.34709469e-04   3.15796060e-01   5.27850457e-01   9.96163246e-01
   22.0673406908   7.37349333e-03   9.92680477e-01   3.34714687e-04   3.15817384e-01   5.27870545e-01   9.96145945e-01
   22.1668062335   7.40678616e-03   9.92647671e-01   3.34719930e-04   3.15838804e-01   5.27890723e-01   9.96128567e-01
   22.2667201035   7.44022959e-03   9.92614719e-01   3.34725196e-04   3.15860321e-01   5.27910992e-01   9.96111110e-01
   22.3670843218   7.47382429e-03   9.92581619e-01   3.34730486e-04   3.15881935e-01   5.27931352e-01   9.96093575e-01
   22.4679009181   7.50757094e-03   9.92548373e-01   3.34735801e-04   3.15903648e-01   5.27951803e-01   9.96075960e-01
   22.5691719316   7.54147025e-03   9.92514978e-01   3.34741140e-04   3.15925458e-01   5.27972346e-01   9.96058266e-01
   22.6708994104   7.57552289e-03   9.92481434e-01   3.34746503e-04   3.15947368e-01   5.27992982e-01   9.96040492e-01
   22.7730854120   7.60972958e-03   9.92447741e-01   3.34751891e-04   3.15969376e-01   5.28013710e-01   9.96022638e-01
   22.8757320032   7.64409099e-03   9.92413898e-01   3.34757303e-04   3.15991485e-01   5.28034532e-01   9.96004704e-01
   22.9788412599   7.67860785e-03   9.92379904e-01   3.34762741e-04   3.16013693e-01   5.28055447e-01   9.95986688e-01
   23.0824152676   7.71328085e-03   9.92345758e-01   3.34768203e-04   3.16036002e-01   5.28076456e-01   9.95968592e-01
   23.1864561211   7.74811071e-03   9.92311461e-01   3.34773690e-04   3.16058411e-01   5.28097560e-01   9.95950413e-01
   23.2909659246   7.78309813e-03   9.92277011e-01   3.34779202e-04   3.16080923e-01   5.28118758e-01   9.95932153e-01
   23.3959467919   7.81824383e-03   9.92242407e-01   3.34784740e-04   3.16103536e-01   5.28140052e-01   9.95913810e-01
   23.5014008461   7.85354853e-03   9.92207649e-01   3.34790302e-04   3.16126251e-01   5.28161441e-01   9.95895385e-01
   23.6073302202   7.88901295e-03   9.92172736e-01   3.34795891e-04   3.16149070e-01   5.28182926e-01   9.95876876e-01
   23.7137370566   7.92463782e-03   9.92137668e-01   3.34801505e-04   3.16171992e-01   5.28204508e-01   9.95858284e-01
   23.8206235074   7.96042387e-03   9.92102444e-01   3.34807144e-04   3.16195017e-01   5.28226187e-01   9.95839608e-01
   23.9279917343   7.99637182e-03   9.92067063e-01   3.34812810e-04   3.16218147e-01   5.28247964e-01   9.95820848e-01
   24.0358439089   8.03248242e-03   9.92031524e-01   3.34818501e-04   3.16241381e-01   5.28269838e-01   9.95802003e-01
   24.1441822126   8.06875640e-03   9.91995827e-01   3.34824218e-04   3.16264721e-01   5.28291811e-01   9.95783073e-01
   24.2530088364   8.10519450e-03   9.91959971e-01   3.34829962e-04   3.16288167e-01   5.28313882e-01   9.95764058e-01
   24.3623259815   8.14179747e-03   9.91923956e-01   3.34835732e-04   3.16311718e-01   5.28336052e-01   9.95744957e-01
   24.4721358588   8.17856606e-03   9.91887780e-01   3.34841528e-04   3.16335376e-01   5.28358323e-01   9.95725770e-01
   24.5824406892   8.21550102e-03   9.91851443e-01   3.34847351e-04   3.16359142e-01   5.28380693e-01   9.95706496e-01
   24.6932427037   8.25260310e-03   9.91814945e-01   3.34853201e-04   3.16383015e-01   5.28403163e-01   9.95687136e-01
   24.8045441431   8.28987308e-03   9.91778284e-01   3.34859077e-04   3.16406996e-01   5.28425735e-01   9.95667688e-01
   24.9163472588   8.32731169e-03   9.91741460e-01   3.34864980e-04   3.16431086e-01   5.28448408e-01   9.95648152e-01
   25.0286543117   8.36491973e-03   9.91704472e-01   3.34870911e-04   3.16455284e-01   5.28471183e-01   9.95628528e-01
   25.1414675735   8.40269794e-03   9.91667319e-01   3.34876868e-04   3.16479593e-01   5.28494060e-01   9.95608816e-01
   25.2547893258   8.44064711e-03   9.91630001e-01   3.34882853e-04   3.16504011e-01   5.28517040e-01   9.95589014e-01
   25.3686218604   8.47876802e-03   9.91592517e-01   3.34888865e-04   3.16528540e-01   5.28540124e-01   9.95569124e-01
   25.4829674798   8.51706144e-03   9.91554866e-01   3.34894905e-04   3.16553181e-01   5.28563311e-01   9.95549143e-01
   25.5978284965   8.55552816e-03   9.91517048e-01   3.34900973e-04   3.16577932e-01   5.28586602e-01   9.95529073e-01
   25.7132072337   8.59416896e-03   9.91479061e-01   3.34907068e-04   3.16602796e-01   5.28609998e-01   9.95508912e-01
   25.8291060248   8.63298464e-03   9.91440906e-01   3.34913191e-04   3.16627773e-01   5.28633499e-01   9.95488660e-01
   25.9455272140   8.67197599e-03   9.91402581e-01   3.34919343e-04   3.16652863e-01   5.28657105e-01   9.95468316e-01
   26.0624731560   8.71114381e-03   9.91364085e-01   3.34925522e-04   3.16678066e-01   5.28680818e-01   9.95447881e-01
   26.1799462159   8.75048890e-03   9.91325418e-01   3.34931730e-04   3.16703383e-01   5.28704637e-01   9.95427354e-01
   26.2979487696   8.79001207e-03   9.91286579e-01   3.34937966e-04   3.16728815e-01   5.28728563e-01   9.95406734e-01
   26.4164832039   8.82971412e-03   9.91247567e-01   3.34944231e-04   3.16754363e-01   5.28752597e-01   9.95386021e-01
   26.5355519160   8.86959587e-03   9.91208382e-01   3.34950525e-04   3.16780026e-01   5.28776739e-01   9.95365215e-01
   26.6551573142   8.90965814e-03   9.91169023e-01   3.34956847e-04   3.16805805e-01   5.28800989e-01   9.95344314e-01
   26.7753018174   8.94990175e-03   9.91129488e-01   3.34963199e-04   3.16831702e-01   5.28825348e-01   9.95323320e-01
   26.8959878558   8.99032751e-03   9.91089778e-01   3.34969580e-04   3.16857715e-01   5.28849816e-01   9.95302230e-01
   27.0172178700   9.03093627e-03   9.91049892e-01   3.34975990e-04   3.16883846e-01   5.28874394e-01   9.95281046e-01
   27.1389943121   9.07172885e-03   9.91009828e-01   3.34982429e-04   3.16910096e-01   5.28899083e-01   9.95259766e-01
   27.2613196449   9.11270608e-03   9.90969585e-01   3.34988898e-04   3.16936465e-01   5.28923883e-01   9.95238390e-01
   27.3841963426   9.15386881e-03   9.90929164e-01   3.34995397e-04   3.16962953e-01   5.28948794e-01   9.95216918e-01
   27.5076268904   9.19521788e-03   9.90888564e-01   3.35001925e-04   3.16989561e-01   5.28973816e-01   9.95195348e-01
   27.6316137845   9.23675413e-03   9.90847783e-01   3.35008483e-04   3.17016290e-01   5.28998952e-01   9.95173682e-01
   27.7561595328   9.27847842e-03   9.90806820e-01   3.35015072e-04   3.17043139e-01   5.29024200e-01   9.95151917e-01
   27.8812666541   9.32039161e-03   9.90765676e-01   3.35021691e-04   3.17070111e-01   5.29049562e-01   9.95130055e-01
   28.0069376788   9.36249455e-03   9.90724349e-01   3.35028340e-04   3.17097205e-01   5.29075037e-01   9.95108093e-01
   28.1331751486   9.40478810e-03   9.90682838e-01   3.35035019e-04   3.17124421e-01   5.29100627e-01   9.95086033e-01
   28.2599816166   9.44727313e-03   9.90641143e-01   3.35041730e-04   3.17151761e-01   5.29126332e-01   9.95063873e-01
   28.3873596476   9.48995051e-03   9.90599262e-01   3.35048471e-04   3.17179225e-01   5.29152152e-01   9.95041614e-01
   28.5153118177   9.53282113e-03   9.90557195e-01   3.35055243e-04   3.17206813e-01   5.29178088e-01   9.95019253e-01
   28.6438407149   9.57588585e-03   9.90514942e-01   3.35062046e-04   3.17234526e-01   5.29204141e-01   9.94996792e-01
   28.7729489387   9.61914555e-03   9.90472501e-01   3.35068881e-04   3.17262365e-01   5.29230311e-01   9.94974230e-01
   28.9026391002   9.66260113e-03   9.90429871e-01   3.35075746e-04   3.17290330e-01   5.29256598e-01   9.94951566e-01
   29.0329138226   9.70625348e-03   9.90387052e-01   3.35082644e-04   3.17318421e-01   5.29283003e-01   9.94928799e-01
   29.1637757405   9.75010349e-03   9.90344043e-01   3.35089573e-04   3.17346640e-01   5.29309527e-01   9.94905930e-01
   29.2952275008   9.79415207e-03   9.90300843e-01   3.35096534e-04   3.17374987e-01   5.29336170e-01   9.94882957e-01
   29.4272717621   9.83840010e-03   9.90257451e-01   3.35103527e-04   3.17403462e-01   5.29362933e-01   9.94859881e-01
   29.5599111949   9.88284851e-03   9.90213866e-01   3.35110552e-04   3.17432067e-01   5.29389816e-01   9.94836701e-01
   29.6931484820   9.92749820e-03   9.90170088e-01   3.35117609e-04   3.17460801e-01   5.29416819e-01   9.94813417e-01
   29.8269863181   9.97235009e-03   9.90126116e-01   3.35124699e-04   3.17489665e-01   5.29443944e-01   9.94790027e-01
   29.9614274100   1.00174051e-02   9.90081948e-01   3.35131821e-04   3.17518660e-01   5.29471191e-01   9.94766531e-01
   30.0964744770   1.00626642e-02   9.90037584e-01   3.35138976e-04   3.17547787e-01   5.29498560e-01   9.94742930e-01
   30.2321302502   1.01081282e-02   9.89993024e-01   3.35146164e-04   3.17577046e-01   5.29526052e-01   9.94719222e-01
   30.3683974734   1.01537981e-02   9.89948265e-01   3.35153385e-04   3.17606437e-01   5.29553667e-01   9.94695408e-01
   30.5052789027   1.01996749e-02   9.89903308e-01   3.35160640e-04   3.17635961e-01   5.29581406e-01   9.94671485e-01
   30.6427773064   1.02457594e-02   9.89858152e-01   3.35167927e-04   3.17665620e-01   5.29609270e-01   9.94647455e-01
   30.7808954655   1.02920527e-02   9.89812795e-01   3.35175248e-04   3.17695413e-01   5.29637259e-01   9.94623317e-01
   30.9196361734   1.03385557e-02   9.89767236e-01   3.35182603e-04   3.17725341e-01   5.29665373e-01   9.94599069e-01
   31.0590022362   1.03852693e-02   9.89721476e-01   3.35189992e-04   3.17755404e-01   5.29693614e-01   9.94574712e-01
   31.1989964727   1.04321945e-02   9.89675513e-01   3.35197415e-04   3.17785604e-01   5.29721982e-01   9.94550245e-01
   31.3396217142   1.04793322e-02   9.89629345e-01   3.35204871e-04   3.17815941e-01   5.29750477e-01   9.94525668e-01
   31.4808808048   1.05266835e-02   9.89582973e-01   3.35212362e-04   3.17846415e-01   5.29779100e-01   9.94500980e-01
   31.6227766017   1.05742492e-02   9.89536396e-01   3.35219888e-04   3.17877028e-01   5.29807851e-01   9.94476181e-01
   31.7653119746   1.06220305e-02   9.89489611e-01   3.35227448e-04   3.17907779e-01   5.29836731e-01   9.94451269e-01
   31.9084898063   1.06700281e-02   9.89442619e-01   3.35235043e-04   3.17938670e-01   5.29865741e-01   9.94426245e-01
   32.0523129927   1.07182433e-02   9.89395419e-01   3.35242673e-04   3.17969701e-01   5.29894882e-01   9.94401109e-01
   32.1967844425   1.07666768e-02   9.89348010e-01   3.35250338e-04   3.18000872e-01   5.29924153e-01   9.94375858e-01
   32.3419070778   1.08153298e-02   9.89300390e-01   3.35258039e-04   3.18032185e-01   5.29953555e-01   9.94350494e-01
   32.4876838337   1.08642032e-02   9.89252559e-01   3.35265774e-04   3.18063640e-01   5.29983090e-01   9.94325016e-01
   32.6341176585   1.09132980e-02   9.89204516e-01   3.35273546e-04   3.18095238e-01   5.30012757e-01   9.94299422e-01
   32.7812115139   1.09626152e-02   9.89156261e-01   3.35281353e-04   3.18126979e-01   5.30042557e-01   9.94273713e-01
   32.9289683749   1.10121559e-02   9.89107791e-01   3.35289196e-04   3.18158863e-01   5.30072491e-01   9.94247889e-01
   33.0773912299   1.10619211e-02   9.89059106e-01   3.35297076e-04   3.18190893e-01   5.30102559e-01   9.94221947e-01
   33.2264830808   1.11119118e-02   9.89010206e-01   3.35304991e-04   3.18223067e-01   5.30132763e-01   9.94195888e-01
   33.3762469429   1.11621289e-02   9.88961089e-01   3.35312943e-04   3.18255388e-01   5.30163101e-01   9.94169712e-01
   33.5266858453   1.12125736e-02   9.88911754e-01   3.35320932e-04   3.18287855e-01   5.30193576e-01   9.94143418e-01
   33.6778028307   1.12632469e-02   9.88862201e-01   3.35328958e-04   3.18320470e-01   5.30224188e-01   9.94117005e-01
   33.8296009553   1.13141498e-02   9.88812428e-01   3.35337020e-04   3.18353232e-01   5.30254937e-01   9.94090473e-01
   33.9820832894   1.13652834e-02   9.88762435e-01   3.35345120e-04   3.18386143e-01   5.30285824e-01   9.94063821e-01
   34.1352529169   1.14166487e-02   9.88712220e-01   3.35353257e-04   3.18419204e-01   5.30316850e-01   9.94037049e-01
   34.2891129358   1.14682468e-02   9.88661783e-01   3.35361431e-04   3.18452414e-01   5.30348015e-01   9.94010156e-01
   34.4436664577   1.15200788e-02   9.88611122e-01   3.35369644e-04   3.18485775e-01   5.30379320e-01   9.93983142e-01
   34.5989166087   1.15721456e-02   9.88560237e-01   3.35377894e-04   3.18519287e-01   5.30410765e-01   9.93956006e-01
   34.7548665287   1.16244484e-02   9.88509127e-01   3.35386182e-04   3.18552952e-01   5.30442352e-01   9.93928747e-01
   34.9115193717   1.16769882e-02   9.88457790e-01   3.35394508e-04   3.18586769e-01   5.30474080e-01   9.93901366e-01
   35.0688783062   1.17297662e-02   9.88406226e-01   3.35402873e-04   3.18620739e-01   5.30505951e-01   9.93873861e-01
   35.2269465147   1.17827834e-02   9.88354434e-01   3.35411276e-04   3.18654864e-01   5.30537964e-01   9.93846231e-01
   35.3857271942   1.18360409e-02   9.88302412e-01   3.35419718e-04   3.18689143e-01   5.30570121e-01   9.93818477e-01
   35.5452235561   1.18895398e-02   9.88250160e-01   3.35428199e-04   3.18723578e-01   5.30602423e-01   9.93790598e-01
   35.7054388262   1.19432812e-02   9.88197677e-01   3.35436719e-04   3.18758170e-01   5.30634869e-01   9.93762593e-01
   35.8663762448   1.19972662e-02   9.88144962e-01   3.35445279e-04   3.18792918e-01   5.30667461e-01   9.93734462e-01
   36.0280390671   1.20514960e-02   9.88092013e-01   3.35453878e-04   3.18827824e-01   5.30700199e-01   9.93706204e-01
   36.1904305625   1.21059715e-02   9.88038830e-01   3.35462516e-04   3.18862888e-01   5.30733084e-01   9.93677818e-01
   36.3535540156   1.21606940e-02   9.87985412e-01   3.35471195e-04   3.18898111e-01   5.30766117e-01   9.93649304e-01
   36.5174127255   1.22156646e-02   9.87931757e-01   3.35479914e-04   3.18933495e-01   5.30799298e-01   9.93620661e-01
   36.6820100063   1.22708844e-02   9.87877865e-01   3.35488672e-04   3.18969038e-01   5.30832628e-01   9.93591889e-01
   36.8473491870   1.23263546e-02   9.87823734e-01   3.35497472e-04   3.19004744e-01   5.30866107e-01   9.93562987e-01
   37.0134336115   1.23820762e-02   9.87769364e-01   3.35506312e-04   3.19040611e-01   5.30899736e-01   9.93533955e-01
   37.1802666391   1.24380505e-02   9.87714754e-01   3.35515192e-04   3.19076641e-01   5.30933516e-01   9.93504792e-01
   37.3478516440   1.24942785e-02   9.87659902e-01   3.35524114e-04   3.19112834e-01   5.30967448e-01   9.93475497e-01
   37.5161920154   1.25507615e-02   9.87604808e-01   3.35533077e-04   3.19149192e-01   5.31001532e-01   9.93446070e-01
   37.6852911583   1.26075007e-02   9.87549469e-01   3.35542081e-04   3.19185715e-01   5.31035769e-01   9.93416511e-01
   37.8551524926   1.26644971e-02   9.87493887e-01   3.35551127e-04   3.19222403e-01   5.31070159e-01   9.93386817e-01
   38.0257794538   1.27217519e-02   9.87438058e-01   3.35560215e-04   3.19259258e-01   5.31104704e-01   9.93356990e-01
   38.1971754928   1.27792664e-02   9.87381983e-01   3.35569345e-04   3.19296281e-01   5.31139404e-01   9.93327028e-01
   38.3693440763   1.28370417e-02   9.87325659e-01   3.35578517e-04   3.19333471e-01   5.31174259e-01   9.93296931e-01
   38.5422886862   1.28950790e-02   9.87269087e-01   3.35587731e-04   3.19370831e-01   5.31209271e-01   9.93266699e-01
   38.7160128205   1.29533795e-02   9.87212265e-01   3.35596988e-04   3.19408360e-01   5.31244439e-01   9.93236329e-01
   38.8905199928   1.30119443e-02   9.87155192e-01   3.35606288e-04   3.19446059e-01   5.31279766e-01   9.93205823e-01
   39.0658137325   1.30707748e-02   9.87097866e-01   3.35615631e-04   3.19483929e-01   5.31315250e-01   9.93175179e-01
   39.2418975848   1.31298722e-02   9.87040287e-01   3.35625017e-04   3.19521972e-01   5.31350894e-01   9.93144397e-01
   39.4187751113   1.31892375e-02   9.86982454e-01   3.35634446e-04   3.19560187e-01   5.31386698e-01   9.93113475e-01
   39.5964498892   1.32488721e-02   9.86924365e-01   3.35643919e-04   3.19598575e-01   5.31422662e-01   9.93082415e-01
   39.7749255120   1.33087772e-02   9.86866020e-01   3.35653436e-04   3.19637138e-01   5.31458788e-01   9.93051214e-01
   39.9542055895   1.33689541e-02   9.86807417e-01   3.35662997e-04   3.19675876e-01   5.31495075e-01   9.93019872e-01
   40.1342937476   1.34294039e-02   9.86748555e-01   3.35672602e-04   3.19714790e-01   5.31531526e-01   9.92988389e-01
   40.3151936286   1.34901279e-02   9.86689433e-01   3.35682251e-04   3.19753881e-01   5.31568139e-01   9.92956763e-01
   40.4969088913   1.35511273e-02   9.86630051e-01   3.35691945e-04   3.19793149e-01   5.31604917e-01   9.92924995e-01
   40.6794432108   1.36124035e-02   9.86570406e-01   3.35701684e-04   3.19832596e-01   5.31641860e-01   9.92893084e-01
   40.8628002791   1.36739577e-02   9.86510497e-01   3.35711469e-04   3.19872221e-01   5.31678969e-01   9.92861028e-01
   41.0469838044   1.37357911e-02   9.86450324e-01   3.35721298e-04   3.19912027e-01   5.31716243e-01   9.92828828e-01
   41.2319975119   1.37979051e-02   9.86389886e-01   3.35731173e-04   3.19952013e-01   5.31753685e-01   9.92796483e-01
   41.4178451436   1.38603009e-02   9.86329181e-01   3.35741094e-04   3.19992182e-01   5.31791295e-01   9.92763991e-01
   41.6045304583   1.39229797e-02   9.86268208e-01   3.35751060e-04   3.20032532e-01   5.31829074e-01   9.92731353e-01
   41.7920572318   1.39859430e-02   9.86206966e-01   3.35761073e-04   3.20073066e-01   5.31867021e-01   9.92698568e-01
   41.9804292566   1.40491919e-02   9.86145453e-01   3.35771132e-04   3.20113784e-01   5.31905139e-01   9.92665634e-01
   42.1696503429   1.41127278e-02   9.86083670e-01   3.35781238e-04   3.20154686e-01   5.31943428e-01   9.92632552e-01
   42.3597243174   1.41765521e-02   9.86021613e-01   3.35791390e-04   3.20195775e-01   5.31981888e-01   9.92599321e-01
   42.5506550247   1.42406659e-02   9.85959283e-01   3.35801590e-04   3.20237050e-01   5.32020521e-01   9.92565939e-01
   42.7424463261   1.43050708e-02   9.85896678e-01   3.35811837e-04   3.20278513e-01   5.32059327e-01   9.92532407e-01
   42.9351021008   1.43697678e-02   9.85833797e-01   3.35822131e-04   3.20320164e-01   5.32098307e-01   9.92498724e-01
   43.1286262453   1.44347585e-02   9.85770639e-01   3.35832474e-04   3.20362005e-01   5.32137462e-01   9.92464889e-01
   43.3230226736   1.45000442e-02   9.85707202e-01   3.35842864e-04   3.20404035e-01   5.32176792e-01   9.92430901e-01
   43.5182953174   1.45656261e-02   9.85643486e-01   3.35853302e-04   3.20446257e-01   5.32216298e-01   9.92396759e-01
   43.7144481261   1.46315057e-02   9.85579488e-01   3.35863789e-04   3.20488670e-01   5.32255982e-01   9.92362463e-01
   43.9114850670   1.46976843e-02   9.85515209e-01   3.35874324e-04   3.20531276e-01   5.32295843e-01   9.92328013e-01
   44.1094101251   1.47641633e-02   9.85450646e-01   3.35884908e-04   3.20574075e-01   5.32335883e-01   9.92293407e-01
   44.3082273036   1.48309441e-02   9.85385798e-01   3.35895541e-04   3.20617070e-01   5.32376102e-01   9.92258645e-01
   44.5079406236   1.48980279e-02   9.85320665e-01   3.35906224e-04   3.20660259e-01   5.32416502e-01   9.92223726e-01
   44.7085541242   1.49654163e-02   9.85255245e-01   3.35916956e-04   3.20703645e-01   5.32457083e-01   9.92188649e-01
   44.9100718629   1.50331107e-02   9.85189537e-01   3.35927738e-04   3.20747228e-01   5.32497845e-01   9.92153414e-01
   45.1124979155   1.51011123e-02   9.85123539e-01   3.35938570e-04   3.20791009e-01   5.32538790e-01   9.92118020e-01
   45.3158363760   1.51694226e-02   9.85057250e-01   3.35949452e-04   3.20834989e-01   5.32579919e-01   9.92082466e-01
   45.5200913571   1.52380431e-02   9.84990670e-01   3.35960385e-04   3.20879168e-01   5.32621232e-01   9.92046752e-01
   45.7252669897   1.53069751e-02   9.84923796e-01   3.35971369e-04   3.20923549e-01   5.32662730e-01   9.92010877e-01
   45.9313674236   1.53762201e-02   9.84856628e-01   3.35982404e-04   3.20968131e-01   5.32704414e-01   9.91974839e-01
   46.1383968273   1.54457795e-02   9.84789164e-01   3.35993489e-04   3.21012916e-01   5.32746285e-01   9.91938639e-01
   46.3463593879   1.55156547e-02   9.84721403e-01   3.36004627e-04   3.21057905e-01   5.32788343e-01   9.91902275e-01
   46.5552593116   1.55858472e-02   9.84653343e-01   3.36015816e-04   3.21103098e-01   5.32830590e-01   9.91865748e-01
   46.7651008233   1.56563584e-02   9.84584985e-01   3.36027057e-04   3.21148497e-01   5.32873026e-01   9.91829055e-01
   46.9758881671   1.57271899e-02   9.84516325e-01   3.36038350e-04   3.21194102e-01   5.32915652e-01   9.91792197e-01
   47.1876256062   1.57983430e-02   9.84447363e-01   3.36049696e-04   3.21239914e-01   5.32958469e-01   9.91755172e-01
   47.4003174231   1.58698192e-02   9.84378098e-01   3.36061095e-04   3.21285934e-01   5.33001478e-01   9.91717981e-01
   47.6139679195   1.59416201e-02   9.84308527e-01   3.36072546e-04   3.21332164e-01   5.33044679e-01   9.91680621e-01
   47.8285814165   1.60137470e-02   9.84238651e-01   3.36084051e-04   3.21378604e-01   5.33088074e-01   9.91643093e-01
   48.0441622548   1.60862015e-02   9.84168468e-01   3.36095610e-04   3.21425255e-01   5.33131664e-01   9.91605395e-01
   48.2607147943   1.61589851e-02   9.84097975e-01   3.36107222e-04   3.21472118e-01   5.33175448e-01   9.91567527e-01
   48.4782434151   1.62320993e-02   9.84027173e-01   3.36118888e-04   3.21519195e-01   5.33219429e-01   9.91529489e-01
   48.6967525166   1.63055457e-02   9.83956060e-01   3.36130608e-04   3.21566485e-01   5.33263607e-01   9.91491278e-01
   48.9162465182   1.63793256e-02   9.83884633e-01   3.36142383e-04   3.21613991e-01   5.33307982e-01   9.91452895e-01
   49.1367298592   1.64534407e-02   9.83812893e-01   3.36154213e-04   3.21661712e-01   5.33352557e-01   9.91414339e-01
   49.3582069990   1.65278925e-02   9.83740837e-01   3.36166097e-04   3.21709651e-01   5.33397330e-01   9.91375609e-01
   49.5806824168   1.66026825e-02   9.83668465e-01   3.36178038e-04   3.21757807e-01   5.33442305e-01   9.91336703e-01
   49.8041606125   1.66778123e-02   9.83595774e-01   3.36190033e-04   3.21806183e-01   5.33487481e-01   9.91297623e-01
   50.0286461058   1.67532835e-02   9.83522764e-01   3.36202085e-04   3.21854779e-01   5.33532859e-01   9.91258365e-01
   50.2541434369   1.68290975e-02   9.83449434e-01   3.36214192e-04   3.21903595e-01   5.33578440e-01   9.91218931e-01
   50.4806571667   1.69052560e-02   9.83375781e-01   3.36226356e-04   3.21952634e-01   5.33624225e-01   9.91179318e-01
   50.7081918763   1.69817606e-02   9.83301804e-01   3.36238577e-04   3.22001896e-01   5.33670216e-01   9.91139527e-01
   50.9367521678   1.70586127e-02   9.83227503e-01   3.36250855e-04   3.22051382e-01   5.33716412e-01   9.91099556e-01
   51.1663426638   1.71358142e-02   9.83152875e-01   3.36263190e-04   3.22101093e-01   5.33762815e-01   9.91059405e-01
   51.3969680077   1.72133664e-02   9.83077920e-01   3.36275582e-04   3.22151030e-01   5.33809426e-01   9.91019072e-01
   51.6286328641   1.72912711e-02   9.83002635e-01   3.36288032e-04   3.22201194e-01   5.33856246e-01   9.90978557e-01
   51.8613419184   1.73695298e-02   9.82927020e-01   3.36300540e-04   3.22251587e-01   5.33903275e-01   9.90937860e-01
   52.0950998771   1.74481442e-02   9.82851073e-01   3.36313107e-04   3.22302209e-01   5.33950515e-01   9.90896978e-01
   52.3299114681   1.75271159e-02   9.82774792e-01   3.36325732e-04   3.22353061e-01   5.33997966e-01   9.90855912e-01
   52.5657814405   1.76064465e-02   9.82698177e-01   3.36338416e-04   3.22404145e-01   5.34045629e-01   9.90814661e-01
   52.8027145648   1.76861378e-02   9.82621226e-01   3.36351159e-04   3.22455461e-01   5.34093506e-01   9.90773223e-01
   53.0407156330   1.77661912e-02   9.82543937e-01   3.36363961e-04   3.22507010e-01   5.34141597e-01   9.90731599e-01
   53.2797894587   1.78466086e-02   9.82466308e-01   3.36376823e-04   3.22558794e-01   5.34189904e-01   9.90689786e-01
   53.5199408771   1.79273915e-02   9.82388340e-01   3.36389746e-04   3.22610814e-01   5.34238426e-01   9.90647785e-01
   53.7611747456   1.80085417e-02   9.82310029e-01   3.36402728e-04   3.22663071e-01   5.34287166e-01   9.90605594e-01
   54.0034959429   1.80900608e-02   9.82231375e-01   3.36415771e-04   3.22715565e-01   5.34336124e-01   9.90563212e-01
   54.2469093701   1.81719505e-02   9.82152376e-01   3.36428876e-04   3.22768299e-01   5.34385301e-01   9.90520639e-01
   54.4914199503   1.82542125e-02   9.82073030e-01   3.36442041e-04   3.22821272e-01   5.34434698e-01   9.90477874e-01
   54.7370326288   1.83368485e-02   9.81993337e-01   3.36455268e-04   3.22874486e-01   5.34484316e-01   9.90434916e-01
   54.9837523730   1.84198603e-02   9.81913294e-01   3.36468556e-04   3.22927943e-01   5.34534156e-01   9.90391764e-01
   55.2315841731   1.85032496e-02   9.81832901e-01   3.36481907e-04   3.22981643e-01   5.34584220e-01   9.90348417e-01
   55.4805330413   1.85870181e-02   9.81752155e-01   3.36495320e-04   3.23035588e-01   5.34634507e-01   9.90304874e-01
   55.7306040127   1.86711675e-02   9.81671055e-01   3.36508795e-04   3.23089778e-01   5.34685019e-01   9.90261135e-01
   55.9818021451   1.87556995e-02   9.81589600e-01   3.36522334e-04   3.23144215e-01   5.34735757e-01   9.90217198e-01
   56.2341325190   1.88406161e-02   9.81507789e-01   3.36535936e-04   3.23198899e-01   5.34786722e-01   9.90173063e-01
   56.4876002378   1.89259188e-02   9.81425618e-01   3.36549602e-04   3.23253833e-01   5.34837915e-01   9.90128728e-01
   56.7422104280   1.90116095e-02   9.81343088e-01   3.36563331e-04   3.23309017e-01   5.34889337e-01   9.90084194e-01
   56.9979682390   1.90976900e-02   9.81260197e-01   3.36577125e-04   3.23364452e-01   5.34940990e-01   9.90039458e-01
   57.2548788436   1.91841620e-02   9.81176943e-01   3.36590983e-04   3.23420139e-01   5.34992873e-01   9.89994520e-01
   57.5129474379   1.92710273e-02   9.81093324e-01   3.36604906e-04   3.23476080e-01   5.35044988e-01   9.89949380e-01
   57.7721792413   1.93582878e-02   9.81009339e-01   3.36618894e-04   3.23532276e-01   5.35097337e-01   9.89904035e-01
   58.0325794969   1.94459453e-02   9.80924986e-01   3.36632947e-04   3.23588728e-01   5.35149919e-01   9.89858486e-01
   58.2941534714   1.95340016e-02   9.80840265e-01   3.36647067e-04   3.23645437e-01   5.35202737e-01   9.89812731e-01
   58.5569064550   1.96224585e-02   9.80755172e-01   3.36661252e-04   3.23702404e-01   5.35255791e-01   9.89766770e-01
   58.8208437620   1.97113178e-02   9.80669708e-01   3.36675504e-04   3.23759631e-01   5.35309082e-01   9.89720601e-01
   59.0859707306   1.98005815e-02   9.80583869e-01   3.36689823e-04   3.23817118e-01   5.35362612e-01   9.89674223e-01
   59.3522927230   1.98902513e-02   9.80497655e-01   3.36704209e-04   3.23874867e-01   5.35416381e-01   9.89627636e-01
   59.6198151256   1.99803291e-02   9.80411064e-01   3.36718662e-04   3.23932879e-01   5.35470390e-01   9.89580839e-01
   59.8885433492   2.00708169e-02   9.80324095e-01   3.36733182e-04   3.23991156e-01   5.35524641e-01   9.89533831e-01
   60.1584828287   2.01617164e-02   9.80236745e-01   3.36747771e-04   3.24049698e-01   5.35579134e-01   9.89486610e-01
   60.4296390238   2.02530297e-02   9.80149013e-01   3.36762429e-04   3.24108507e-01   5.35633872e-01   9.89439176e-01
   60.7020174187   2.03447585e-02   9.80060898e-01   3.36777154e-04   3.24167583e-01   5.35688853e-01   9.89391527e-01
   60.9756235221   2.04369048e-02   9.79972397e-01   3.36791949e-04   3.24226929e-01   5.35744081e-01   9.89343664e-01
   61.2504628680   2.05294705e-02   9.79883510e-01   3.36806814e-04   3.24286545e-01   5.35799556e-01   9.89295584e-01
   61.5265410149   2.06224576e-02   9.79794235e-01   3.36821748e-04   3.24346433e-01   5.35855278e-01   9.89247287e-01
   61.8038635466   2.07158679e-02   9.79704570e-01   3.36836752e-04   3.24406594e-01   5.35911250e-01   9.89198773e-01
   62.0824360719   2.08097035e-02   9.79614512e-01   3.36851826e-04   3.24467029e-01   5.35967472e-01   9.89150039e-01
   62.3622642251   2.09039662e-02   9.79524062e-01   3.36866972e-04   3.24527739e-01   5.36023945e-01   9.89101085e-01
   62.6433536657   2.09986581e-02   9.79433217e-01   3.36882188e-04   3.24588726e-01   5.36080670e-01   9.89051910e-01
   62.9257100788   2.10937811e-02   9.79341975e-01   3.36897476e-04   3.24649991e-01   5.36137649e-01   9.89002513e-01
   63.2093391751   2.11893372e-02   9.79250334e-01   3.36912835e-04   3.24711536e-01   5.36194883e-01   9.88952892e-01
   63.4942466910   2.12853284e-02   9.79158294e-01   3.36928267e-04   3.24773360e-01   5.36252373e-01   9.88903048e-01
   63.7804383889   2.13817567e-02   9.79065852e-01   3.36943771e-04   3.24835467e-01   5.36310119e-01   9.88852979e-01
   64.0679200570   2.14786241e-02   9.78973007e-01   3.36959348e-04   3.24897857e-01   5.36368124e-01   9.88802683e-01
   64.3566975098   2.15759326e-02   9.78879756e-01   3.36974998e-04   3.24960531e-01   5.36426387e-01   9.88752161e-01
   64.6467765877   2.16736843e-02   9.78786099e-01   3.36990722e-04   3.25023490e-01   5.36484911e-01   9.88701410e-01
   64.9381631576   2.17718812e-02   9.78692033e-01   3.37006520e-04   3.25086737e-01   5.36543697e-01   9.88650430e-01
   65.2308631130   2.18705253e-02   9.78597557e-01   3.37022391e-04   3.25150272e-01   5.36602745e-01   9.88599220e-01
   65.5248823737   2.19696187e-02   9.78502669e-01   3.37038338e-04   3.25214097e-01   5.36662057e-01   9.88547778e-01
   65.8202268863   2.20691635e-02   9.78407368e-01   3.37054359e-04   3.25278213e-01   5.36721634e-01   9.88496104e-01
   66.1169026241   2.21691617e-02   9.78311651e-01   3.37070456e-04   3.25342622e-01   5.36781477e-01   9.88444197e-01
   66.4149155877   2.22696155e-02   9.78215517e-01   3.37086629e-04   3.25407324e-01   5.36841588e-01   9.88392055e-01
   66.7142718041   2.23705269e-02   9.78118963e-01   3.37102877e-04   3.25472321e-01   5.36901967e-01   9.88339678e-01
   67.0149773281   2.24718981e-02   9.78021990e-01   3.37119203e-04   3.25537614e-01   5.36962615e-01   9.88287065e-01
   67.3170382414   2.25737311e-02   9.77924593e-01   3.37135605e-04   3.25603205e-01   5.37023535e-01   9.88234213e-01
   67.6204606533   2.26760281e-02   9.77826773e-01   3.37152084e-04   3.25669096e-01   5.37084727e-01   9.88181123e-01
   67.9252507006   2.27787912e-02   9.77728526e-01   3.37168641e-04   3.25735287e-01   5.37146192e-01   9.88127793e-01
   68.2314145475   2.28820226e-02   9.77629852e-01   3.37185275e-04   3.25801780e-01   5.37207931e-01   9.88074223e-01
   68.5389583865   2.29857244e-02   9.77530748e-01   3.37201988e-04   3.25868576e-01   5.37269946e-01   9.88020410e-01
   68.8478884376   2.30898989e-02   9.77431212e-01   3.37218780e-04   3.25935677e-01   5.37332238e-01   9.87966355e-01
   69.1582109489   2.31945481e-02   9.77331244e-01   3.37235651e-04   3.26003084e-01   5.37394809e-01   9.87912055e-01
   69.4699321968   2.32996742e-02   9.77230840e-01   3.37252602e-04   3.26070798e-01   5.37457658e-01   9.87857510e-01
   69.7830584860   2.34052795e-02   9.77129999e-01   3.37269632e-04   3.26138822e-01   5.37520789e-01   9.87802718e-01
   70.0975961494   2.35113662e-02   9.77028720e-01   3.37286743e-04   3.26207155e-01   5.37584201e-01   9.87747679e-01
   70.4135515486   2.36179365e-02   9.76927000e-01   3.37303934e-04   3.26275801e-01   5.37647896e-01   9.87692392e-01
   70.7309310739   2.37249926e-02   9.76824838e-01   3.37321207e-04   3.26344760e-01   5.37711876e-01   9.87636855e-01
   71.0497411443   2.38325368e-02   9.76722231e-01   3.37338561e-04   3.26414033e-01   5.37776141e-01   9.87581067e-01
   71.3699882078   2.39405713e-02   9.76619179e-01   3.37355997e-04   3.26483623e-01   5.37840693e-01   9.87525027e-01
   71.6916787415   2.40490983e-02   9.76515678e-01   3.37373515e-04   3.26553530e-01   5.37905533e-01   9.87468733e-01
   72.0148192516   2.41581202e-02   9.76411728e-01   3.37391116e-04   3.26623757e-01   5.37970663e-01   9.87412186e-01
   72.3394162737   2.42676392e-02   9.76307326e-01   3.37408800e-04   3.26694303e-01   5.38036083e-01   9.87355383e-01
   72.6654763728   2.43776577e-02   9.76202470e-01   3.37426568e-04   3.26765172e-01   5.38101795e-01   9.87298324e-01
   72.9930061435   2.44881778e-02   9.76097159e-01   3.37444419e-04   3.26836364e-01   5.38167801e-01   9.87241006e-01
   73.3220122102   2.45992020e-02   9.75991391e-01   3.37462355e-04   3.26907882e-01   5.38234101e-01   9.87183430e-01
   73.6525012271   2.47107326e-02   9.75885163e-01   3.37480375e-04   3.26979725e-01   5.38300697e-01   9.87125594e-01
   73.9844798784   2.48227719e-02   9.75778474e-01   3.37498481e-04   3.27051897e-01   5.38367590e-01   9.87067497e-01
   74.3179548784   2.49353222e-02   9.75671321e-01   3.37516672e-04   3.27124398e-01   5.38434782e-01   9.87009137e-01
   74.6529329717   2.50483860e-02   9.75563704e-01   3.37534950e-04   3.27197231e-01   5.38502273e-01   9.86950513e-01
   74.9894209332   2.51619655e-02   9.75455619e-01   3.37553314e-04   3.27270395e-01   5.38570066e-01   9.86891625e-01
   75.3274255686   2.52760632e-02   9.75347066e-01   3.37571764e-04   3.27343894e-01   5.38638161e-01   9.86832471e-01
   75.6669537140   2.53906815e-02   9.75238042e-01   3.37590302e-04   3.27417729e-01   5.38706559e-01   9.86773049e-01
   76.0080122364   2.55058227e-02   9.75128544e-01   3.37608928e-04   3.27491900e-01   5.38775263e-01   9.86713359e-01
   76.3506080338   2.56214893e-02   9.75018572e-01   3.37627642e-04   3.27566411e-01   5.38844273e-01   9.86653400e-01
   76.6947480353   2.57376837e-02   9.74908123e-01   3.37646444e-04   3.27641261e-01   5.38913591e-01   9.86593169e-01
   77.0404392011   2.58544084e-02   9.74797195e-01   3.37665336e-04   3.27716454e-01   5.38983219e-01   9.86532667e-01
   77.3876885229   2.59716658e-02   9.74685787e-01   3.37684317e-04   3.27791990e-01   5.39053156e-01   9.86471891e-01
   77.7365030239   2.60894583e-02   9.74573895e-01   3.37703388e-04   3.27867871e-01   5.39123406e-01   9.86410840e-01
   78.0868897589   2.62077884e-02   9.74461519e-01   3.37722549e-04   3.27944098e-01   5.39193969e-01   9.86349514e-01
   78.4388558145   2.63266587e-02   9.74348656e-01   3.37741801e-04   3.28020674e-01   5.39264846e-01   9.86287911e-01
   78.7924083094   2.64460715e-02   9.74235303e-01   3.37761144e-04   3.28097600e-01   5.39336040e-01   9.86226029e-01
   79.1475543941   2.65660295e-02   9.74121461e-01   3.37780579e-04   3.28174877e-01   5.39407551e-01   9.86163868e-01
   79.5043012516   2.66865352e-02   9.74007125e-01   3.37800107e-04   3.28252507e-01   5.39479381e-01   9.86101426e-01
   79.8626560972   2.68075910e-02   9.73892294e-01   3.37819726e-04   3.28330492e-01   5.39551531e-01   9.86038702e-01
   80.2226261785   2.69291995e-02   9.73776966e-01   3.37839439e-04   3.28408833e-01   5.39624002e-01   9.85975695e-01
   80.5842187761   2.70513634e-02   9.73661139e-01   3.37859246e-04   3.28487532e-01   5.39696797e-01   9.85912403e-01
   80.9474412033   2.71740850e-02   9.73544811e-01   3.37879146e-04   3.28566591e-01   5.39769916e-01   9.85848825e-01
   81.3123008063   2.72973671e-02   9.73427979e-01   3.37899142e-04   3.28646011e-01   5.39843361e-01   9.85784960e-01
   81.6788049644   2.74212123e-02   9.73310642e-01   3.37919232e-04   3.28725794e-01   5.39917134e-01   9.85720806e-01
   82.0469610902   2.75456230e-02   9.73192798e-01   3.37939417e-04   3.28805942e-01   5.39991235e-01   9.85656362e-01
   82.4167766299   2.76706020e-02   9.73074444e-01   3.37959698e-04   3.28886456e-01   5.40065666e-01   9.85591628e-01
   82.7882590628   2.77961519e-02   9.72955579e-01   3.37980076e-04   3.28967338e-01   5.40140429e-01   9.85526600e-01
   83.1614159024   2.79222753e-02   9.72836200e-01   3.38000551e-04   3.29048590e-01   5.40215526e-01   9.85461279e-01
   83.5362546958   2.80489749e-02   9.72716305e-01   3.38021122e-04   3.29130213e-01   5.40290956e-01   9.85395663e-01
   83.9127830241   2.81762533e-02   9.72595892e-01   3.38041792e-04   3.29212210e-01   5.40366723e-01   9.85329751e-01
   84.2910085028   2.83041132e-02   9.72474959e-01   3.38062560e-04   3.29294581e-01   5.40442828e-01   9.85263540e-01
   84.6709387815   2.84325574e-02   9.72353503e-01   3.38083427e-04   3.29377329e-01   5.40519271e-01   9.85197031e-01
   85.0525815444   2.85615885e-02   9.72231523e-01   3.38104393e-04   3.29460455e-01   5.40596055e-01   9.85130221e-01
   85.4359445102   2.86912092e-02   9.72109017e-01   3.38125459e-04   3.29543962e-01   5.40673181e-01   9.85063109e-01
   85.8210354325   2.88214223e-02   9.71985982e-01   3.38146626e-04   3.29627850e-01   5.40750650e-01   9.84995694e-01
   86.2078620999   2.89522306e-02   9.71862415e-01   3.38167893e-04   3.29712122e-01   5.40828465e-01   9.84927974e-01
   86.5964323360   2.90836367e-02   9.71738316e-01   3.38189261e-04   3.29796779e-01   5.40906626e-01   9.84859948e-01
   86.9867539997   2.92156435e-02   9.71613681e-01   3.38210731e-04   3.29881823e-01   5.40985135e-01   9.84791615e-01
   87.3788349853   2.93482537e-02   9.71488509e-01   3.38232304e-04   3.29967257e-01   5.41063994e-01   9.84722973e-01
   87.7726832227   2.94814702e-02   9.71362797e-01   3.38253979e-04   3.30053081e-01   5.41143203e-01   9.84654021e-01
   88.1683066776   2.96152957e-02   9.71236543e-01   3.38275758e-04   3.30139298e-01   5.41222766e-01   9.84584758e-01
   88.5657133515   2.97497331e-02   9.71109744e-01   3.38297641e-04   3.30225909e-01   5.41302683e-01   9.84515181e-01
   88.9649112820   2.98847852e-02   9.70982400e-01   3.38319628e-04   3.30312916e-01   5.41382955e-01   9.84445291e-01
   89.3659085430   3.00204549e-02   9.70854506e-01   3.38341719e-04   3.30400322e-01   5.41463585e-01   9.84375084e-01
   89.7687132447   3.01567450e-02   9.70726062e-01   3.38363917e-04   3.30488127e-01   5.41544573e-01   9.84304560e-01
   90.1733335340   3.02936584e-02   9.70597064e-01   3.38386220e-04   3.30576335e-01   5.41625922e-01   9.84233717e-01
   90.5797775943   3.04311980e-02   9.70467511e-01   3.38408630e-04   3.30664945e-01   5.41707634e-01   9.84162555e-01
   90.9880536460   3.05693668e-02   9.70337400e-01   3.38431147e-04   3.30753962e-01   5.41789708e-01   9.84091070e-01
   91.3981699465   3.07081675e-02   9.70206729e-01   3.38453771e-04   3.30843385e-01   5.41872149e-01   9.84019263e-01
   91.8101347907   3.08476033e-02   9.70075496e-01   3.38476503e-04   3.30933218e-01   5.41954955e-01   9.83947131e-01
   92.2239565104   3.09876769e-02   9.69943698e-01   3.38499345e-04   3.31023462e-01   5.42038131e-01   9.83874673e-01
   92.6396434754   3.11283915e-02   9.69811333e-01   3.38522295e-04   3.31114119e-01   5.42121676e-01   9.83801888e-01
   93.0572040930   3.12697499e-02   9.69678399e-01   3.38545355e-04   3.31205191e-01   5.42205593e-01   9.83728774e-01
   93.4766468083   3.14117551e-02   9.69544893e-01   3.38568525e-04   3.31296680e-01   5.42289883e-01   9.83655330e-01
   93.8979801048   3.15544102e-02   9.69410814e-01   3.38591807e-04   3.31388588e-01   5.42374549e-01   9.83581553e-01
   94.3212125039   3.16977182e-02   9.69276158e-01   3.38615199e-04   3.31480917e-01   5.42459591e-01   9.83507444e-01
   94.7463525655   3.18416820e-02   9.69140923e-01   3.38638704e-04   3.31573668e-01   5.42545011e-01   9.83432999e-01
   95.1734088883   3.19863049e-02   9.69005107e-01   3.38662321e-04   3.31666844e-01   5.42630811e-01   9.83358218e-01
   95.6023901095   3.21315898e-02   9.68868708e-01   3.38686052e-04   3.31760447e-01   5.42716992e-01   9.83283099e-01
   96.0333049054   3.22775397e-02   9.68731723e-01   3.38709896e-04   3.31854478e-01   5.42803557e-01   9.83207640e-01
   96.4661619911   3.24241579e-02   9.68594150e-01   3.38733854e-04   3.31948940e-01   5.42890507e-01   9.83131841e-01
   96.9009701214   3.25714474e-02   9.68455987e-01   3.38757927e-04   3.32043834e-01   5.42977843e-01   9.83055699e-01
   97.3377380904   3.27194112e-02   9.68317230e-01   3.38782116e-04   3.32139163e-01   5.43065568e-01   9.82979213e-01
   97.7764747317   3.28680527e-02   9.68177878e-01   3.38806420e-04   3.32234929e-01   5.43153682e-01   9.82902381e-01
   98.2171889188   3.30173749e-02   9.68037929e-01   3.38830842e-04   3.32331133e-01   5.43242188e-01   9.82825202e-01
   98.6598895653   3.31673809e-02   9.67897379e-01   3.38855380e-04   3.32427778e-01   5.43331088e-01   9.82747674e-01
   99.1045856249   3.33180741e-02   9.67756226e-01   3.38880036e-04   3.32524866e-01   5.43420382e-01   9.82669796e-01
   99.5512860916   3.34694575e-02   9.67614469e-01   3.38904811e-04   3.32622398e-01   5.43510074e-01   9.82591565e-01
  100.0000000000   3.36215344e-02   9.67472103e-01   3.38929704e-04   3.32720377e-01   5.43600164e-01   9.82512982e-01
  100.4507364254   3.37743080e-02   9.67329128e-01   3.38954717e-04   3.32818806e-01   5.43690654e-01   9.82434043e-01
  100.9035044841   3.39277815e-02   9.67185540e-01   3.38979850e-04   3.32917685e-01   5.43781547e-01   9.82354747e-01
  101.3583133334   3.40819583e-02   9.67041337e-01   3.39005105e-04   3.33017017e-01   5.43872843e-01   9.82275093e-01
  101.8151721718   3.42368416e-02   9.66896517e-01   3.39030480e-04   3.33116805e-01   5.43964545e-01   9.82195079e-01
  102.2740902394   3.43924346e-02   9.66751077e-01   3.39055978e-04   3.33217050e-01   5.44056654e-01   9.82114703e-01
  102.7350768179   3.45487408e-02   9.66605014e-01   3.39081598e-04   3.33317754e-01   5.44149173e-01   9.82033964e-01
  103.1981412309   3.47057634e-02   9.66458326e-01   3.39107341e-04   3.33418920e-01   5.44242102e-01   9.81952860e-01
  103.6632928438   3.48635057e-02   9.66311011e-01   3.39133208e-04   3.33520549e-01   5.44335444e-01   9.81871390e-01
  104.1305410644   3.50219712e-02   9.66163065e-01   3.39159200e-04   3.33622645e-01   5.44429200e-01   9.81789551e-01
  104.5998953430   3.51811631e-02   9.66014487e-01   3.39185317e-04   3.33725208e-01   5.44523373e-01   9.81707342e-01
  105.0713651723   3.53410850e-02   9.65865273e-01   3.39211560e-04   3.33828242e-01   5.44617964e-01   9.81624762e-01
  105.5449600879   3.55017401e-02   9.65715422e-01   3.39237930e-04   3.33931748e-01   5.44712975e-01   9.81541809e-01
  106.0206896682   3.56631319e-02   9.65564931e-01   3.39264426e-04   3.34035728e-01   5.44808407e-01   9.81458480e-01
  106.4985635350   3.58252639e-02   9.65413796e-01   3.39291050e-04   3.34140185e-01   5.44904264e-01   9.81374775e-01
  106.9785913535   3.59881394e-02   9.65262016e-01   3.39317803e-04   3.34245122e-01   5.45000546e-01   9.81290692e-01
  107.4607828321   3.61517621e-02   9.65109588e-01   3.39344684e-04   3.34350539e-01   5.45097255e-01   9.81206228e-01
  107.9451477234   3.63161353e-02   9.64956509e-01   3.39371696e-04   3.34456440e-01   5.45194393e-01   9.81121383e-01
  108.4316958237   3.64812625e-02   9.64802777e-01   3.39398837e-04   3.34562827e-01   5.45291962e-01   9.81036154e-01
  108.9204369735   3.66471474e-02   9.64648388e-01   3.39426110e-04   3.34669701e-01   5.45389965e-01   9.80950540e-01
  109.4113810577   3.68137933e-02   9.64493341e-01   3.39453515e-04   3.34777066e-01   5.45488402e-01   9.80864540e-01
  109.9045380057   3.69812040e-02   9.64337633e-01   3.39481051e-04   3.34884923e-01   5.45587276e-01   9.80778150e-01
  110.3999177917   3.71493829e-02   9.64181261e-01   3.39508721e-04   3.34993275e-01   5.45686588e-01   9.80691370e-01
  110.8975304349   3.73183336e-02   9.64024222e-01   3.39536525e-04   3.35102125e-01   5.45786341e-01   9.80604197e-01
  111.3973859995   3.74880598e-02   9.63866514e-01   3.39564463e-04   3.35211473e-01   5.45886536e-01   9.80516631e-01
  111.8994945952   3.76585651e-02   9.63708134e-01   3.39592536e-04   3.35321323e-01   5.45987176e-01   9.80428668e-01
  112.4038663772   3.78298531e-02   9.63549080e-01   3.39620746e-04   3.35431678e-01   5.46088262e-01   9.80340308e-01
  112.9105115466   3.80019275e-02   9.63389348e-01   3.39649091e-04   3.35542539e-01   5.46189797e-01   9.80251549e-01
  113.4194403503   3.81747920e-02   9.63228936e-01   3.39677574e-04   3.35653908e-01   5.46291781e-01   9.80162388e-01
  113.9306630815   3.83484502e-02   9.63067841e-01   3.39706195e-04   3.35765789e-01   5.46394218e-01   9.80072824e-01
  114.4441900797   3.85229059e-02   9.62906060e-01   3.39734954e-04   3.35878183e-01   5.46497109e-01   9.79982856e-01
  114.9600317312   3.86981628e-02   9.62743592e-01   3.39763853e-04   3.35991093e-01   5.46600455e-01   9.79892480e-01
  115.4781984689   3.88742246e-02   9.62580432e-01   3.39792892e-04   3.36104521e-01   5.46704260e-01   9.79801697e-01
  115.9987007729   3.90510952e-02   9.62416579e-01   3.39822072e-04   3.36218470e-01   5.46808525e-01   9.79710502e-01
  116.5215491703   3.92287783e-02   9.62252029e-01   3.39851393e-04   3.36332942e-01   5.46913252e-01   9.79618896e-01
  117.0467542359   3.94072777e-02   9.62086779e-01   3.39880856e-04   3.36447939e-01   5.47018444e-01   9.79526875e-01
  117.5743265921   3.95865972e-02   9.61920828e-01   3.39910463e-04   3.36563465e-01   5.47124101e-01   9.79434439e-01
  118.1042769090   3.97667408e-02   9.61754171e-01   3.39940213e-04   3.36679521e-01   5.47230226e-01   9.79341584e-01
  118.6366159050   3.99477122e-02   9.61586807e-01   3.39970108e-04   3.36796109e-01   5.47336821e-01   9.79248310e-01
  119.1713543468   4.01295153e-02   9.61418732e-01   3.40000147e-04   3.36913234e-01   5.47443889e-01   9.79154614e-01
  119.7085030496   4.03121540e-02   9.61249944e-01   3.40030333e-04   3.37030896e-01   5.47551431e-01   9.79060494e-01
  120.2480728772   4.04956323e-02   9.61080440e-01   3.40060666e-04   3.37149098e-01   5.47659449e-01   9.78965949e-01
  120.7900747425   4.06799541e-02   9.60910217e-01   3.40091146e-04   3.37267844e-01   5.47767945e-01   9.78870976e-01
  121.3345196077   4.08651233e-02   9.60739271e-01   3.40121774e-04   3.37387135e-01   5.47876922e-01   9.78775575e-01
  121.8814184842   4.10511439e-02   9.60567601e-01   3.40152552e-04   3.37506973e-01   5.47986381e-01   9.78679741e-01
  122.4307824332   4.12380200e-02   9.60395203e-01   3.40183479e-04   3.37627363e-01   5.48096325e-01   9.78583475e-01
  122.9826225656   4.14257555e-02   9.60222075e-01   3.40214557e-04   3.37748305e-01   5.48206756e-01   9.78486773e-01
  123.5369500424   4.16143544e-02   9.60048213e-01   3.40245786e-04   3.37869803e-01   5.48317675e-01   9.78389634e-01
  124.0937760752   4.18038208e-02   9.59873615e-01   3.40277167e-04   3.37991860e-01   5.48429085e-01   9.78292056e-01
  124.6531119257   4.19941589e-02   9.59698278e-01   3.40308701e-04   3.38114477e-01   5.48540988e-01   9.78194037e-01
  125.2149689066   4.21853726e-02   9.59522199e-01   3.40340389e-04   3.38237657e-01   5.48653387e-01   9.78095574e-01
  125.7793583815   4.23774661e-02   9.59345374e-01   3.40372232e-04   3.38361404e-01   5.48766282e-01   9.77996667e-01
  126.3462917654   4.25704436e-02   9.59167801e-01   3.40404230e-04   3.38485719e-01   5.48879677e-01   9.77897312e-01
  126.9157805246   4.27643091e-02   9.58989478e-01   3.40436384e-04   3.38610606e-01   5.48993574e-01   9.77797508e-01
  127.4878361771   4.29590669e-02   9.58810400e-01   3.40468695e-04   3.38736067e-01   5.49107975e-01   9.77697253e-01
  128.0624702928   4.31547212e-02   9.58630565e-01   3.40501164e-04   3.38862105e-01   5.49222881e-01   9.77596544e-01
  128.6396944937   4.33512761e-02   9.58449971e-01   3.40533791e-04   3.38988721e-01   5.49338296e-01   9.77495380e-01
  129.2195204544   4.35487359e-02   9.58268613e-01   3.40566578e-04   3.39115920e-01   5.49454221e-01   9.77393759e-01
  129.8019599018   4.37471049e-02   9.58086490e-01   3.40599525e-04   3.39243704e-01   5.49570658e-01   9.77291678e-01
  130.3870246161   4.39463874e-02   9.57903597e-01   3.40632633e-04   3.39372075e-01   5.49687611e-01   9.77189135e-01
  130.9747264301   4.41465876e-02   9.57719933e-01   3.40665903e-04   3.39501037e-01   5.49805080e-01   9.77086129e-01
  131.5650772302   4.43477098e-02   9.57535494e-01   3.40699336e-04   3.39630592e-01   5.49923068e-01   9.76982658e-01
  132.1580889565   4.45497585e-02   9.57350276e-01   3.40732933e-04   3.39760742e-01   5.50041578e-01   9.76878718e-01
  132.7537736026   4.47527379e-02   9.57164278e-01   3.40766694e-04   3.39891491e-01   5.50160612e-01   9.76774308e-01
  133.3521432163   4.49566525e-02   9.56977495e-01   3.40800621e-04   3.40022841e-01   5.50280171e-01   9.76669426e-01
  133.9532098999   4.51615066e-02   9.56789925e-01   3.40834714e-04   3.40154796e-01   5.50400259e-01   9.76564070e-01
  134.5569858100   4.53673048e-02   9.56601565e-01   3.40868974e-04   3.40287357e-01   5.50520877e-01   9.76458238e-01
  135.1634831580   4.55740513e-02   9.56412412e-01   3.40903402e-04   3.40420528e-01   5.50642028e-01   9.76351927e-01
  135.7727142105   4.57817508e-02   9.56222462e-01   3.40937999e-04   3.40554312e-01   5.50763714e-01   9.76245135e-01
  136.3846912893   4.59904077e-02   9.56031712e-01   3.40972765e-04   3.40688711e-01   5.50885938e-01   9.76137861e-01
  136.9994267717   4.62000265e-02   9.55840159e-01   3.41007703e-04   3.40823729e-01   5.51008701e-01   9.76030101e-01
  137.6169330908   4.64106117e-02   9.55647801e-01   3.41042811e-04   3.40959368e-01   5.51132006e-01   9.75921854e-01
  138.2372227358   4.66221680e-02   9.55454634e-01   3.41078093e-04   3.41095631e-01   5.51255855e-01   9.75813118e-01
  138.8603082522   4.68346999e-02   9.55260654e-01   3.41113548e-04   3.41232521e-01   5.51380252e-01   9.75703890e-01
  139.4862022420   4.70482119e-02   9.55065859e-01   3.41149177e-04   3.41370041e-01   5.51505197e-01   9.75594167e-01
  140.1149173639   4.72627088e-02   9.54870246e-01   3.41184981e-04   3.41508195e-01   5.51630694e-01   9.75483949e-01
  140.7464663340   4.74781952e-02   9.54673810e-01   3.41220961e-04   3.41646983e-01   5.51756744e-01   9.75373233e-01
  141.3808619253   4.76946758e-02   9.54476550e-01   3.41257119e-04   3.41786411e-01   5.51883351e-01   9.75262015e-01
  142.0181169686   4.79121552e-02   9.54278462e-01   3.41293455e-04   3.41926481e-01   5.52010516e-01   9.75150295e-01
  142.6582443525   4.81306381e-02   9.54079543e-01   3.41329969e-04   3.42067195e-01   5.52138242e-01   9.75038069e-01
  143.3012570237   4.83501294e-02   9.53879789e-01   3.41366664e-04   3.42208558e-01   5.52266531e-01   9.74925336e-01
  143.9471679872   4.85706338e-02   9.53679197e-01   3.41403539e-04   3.42350571e-01   5.52395386e-01   9.74812094e-01
  144.5959903067   4.87921561e-02   9.53477764e-01   3.41440596e-04   3.42493238e-01   5.52524810e-01   9.74698339e-01
  145.2477371048   4.90147010e-02   9.53275487e-01   3.41477836e-04   3.42636562e-01   5.52654804e-01   9.74584069e-01
  145.9024215631   4.92382735e-02   9.53072362e-01   3.41515260e-04   3.42780546e-01   5.52785371e-01   9.74469283e-01
  146.5600569226   4.94628784e-02   9.52868387e-01   3.41552868e-04   3.42925193e-01   5.52916513e-01   9.74353978e-01
  147.2206564844   4.96885205e-02   9.52663557e-01   3.41590663e-04   3.43070507e-01   5.53048234e-01   9.74238151e-01
  147.8842336089   4.99152049e-02   9.52457870e-01   3.41628644e-04   3.43216489e-01   5.53180535e-01   9.74121801e-01
  148.5508017173   5.01429364e-02   9.52251323e-01   3.41666812e-04   3.43363144e-01   5.53313419e-01   9.74004924e-01
  149.2203742909   5.03717199e-02   9.52043911e-01   3.41705170e-04   3.43510475e-01   5.53446888e-01   9.73887519e-01
  149.8929648720   5.06015606e-02   9.51835632e-01   3.41743717e-04   3.43658484e-01   5.53580946e-01   9.73769582e-01
  150.5685870639   5.08324633e-02   9.51626482e-01   3.41782454e-04   3.43807176e-01   5.53715594e-01   9.73651113e-01
  151.2472545311   5.10644331e-02   9.51416458e-01   3.41821384e-04   3.43956552e-01   5.53850835e-01   9.73532107e-01
  151.9289809997   5.12974752e-02   9.51205557e-01   3.41860506e-04   3.44106617e-01   5.53986671e-01   9.73412564e-01
  152.6137802579   5.15315944e-02   9.50993774e-01   3.41899822e-04   3.44257373e-01   5.54123106e-01   9.73292479e-01
  153.3016661558   5.17667961e-02   9.50781108e-01   3.41939333e-04   3.44408823e-01   5.54260141e-01   9.73171852e-01
  153.9926526059   5.20030853e-02   9.50567554e-01   3.41979040e-04   3.44560972e-01   5.54397779e-01   9.73050679e-01
  154.6867535838   5.22404671e-02   9.50353110e-01   3.42018944e-04   3.44713822e-01   5.54536024e-01   9.72928958e-01
  155.3839831275   5.24789468e-02   9.50137771e-01   3.42059046e-04   3.44867377e-01   5.54674876e-01   9.72806687e-01
  156.0843553388   5.27185295e-02   9.49921534e-01   3.42099347e-04   3.45021639e-01   5.54814340e-01   9.72683862e-01
  156.7878843827   5.29592206e-02   9.49704395e-01   3.42139848e-04   3.45176613e-01   5.54954417e-01   9.72560482e-01
  157.4945844883   5.32010253e-02   9.49486353e-01   3.42180550e-04   3.45332301e-01   5.55095110e-01   9.72436544e-01
  158.2044699487   5.34439488e-02   9.49267402e-01   3.42221455e-04   3.45488706e-01   5.55236422e-01   9.72312046e-01
  158.9175551214   5.36879965e-02   9.49047539e-01   3.42262563e-04   3.45645833e-01   5.55378356e-01   9.72186984e-01
  159.6338544288   5.39331737e-02   9.48826761e-01   3.42303875e-04   3.45803684e-01   5.55520913e-01   9.72061357e-01
  160.3533823580   5.41794858e-02   9.48605065e-01   3.42345393e-04   3.45962263e-01   5.55664098e-01   9.71935161e-01
  161.0761534618   5.44269383e-02   9.48382447e-01   3.42387117e-04   3.46121574e-01   5.55807912e-01   9.71808395e-01
  161.8021823581   5.46755364e-02   9.48158903e-01   3.42429050e-04   3.46281619e-01   5.55952358e-01   9.71681055e-01
  162.5314837312   5.49252858e-02   9.47934430e-01   3.42471191e-04   3.46442402e-01   5.56097439e-01   9.71553140e-01
  163.2640723312   5.51761918e-02   9.47709025e-01   3.42513542e-04   3.46603927e-01   5.56243157e-01   9.71424645e-01
  163.9999629748   5.54282600e-02   9.47482684e-01   3.42556105e-04   3.46766197e-01   5.56389515e-01   9.71295570e-01
  164.7391705457   5.56814958e-02   9.47255402e-01   3.42598880e-04   3.46929215e-01   5.56536517e-01   9.71165911e-01
  165.4817099943   5.59359050e-02   9.47027178e-01   3.42641868e-04   3.47092986e-01   5.56684164e-01   9.71035665e-01
  166.2275963387   5.61914930e-02   9.46798006e-01   3.42685071e-04   3.47257512e-01   5.56832459e-01   9.70904831e-01
  166.9768446646   5.64482655e-02   9.46567885e-01   3.42728490e-04   3.47422797e-01   5.56981406e-01   9.70773404e-01
  167.7294701255   5.67062281e-02   9.46336809e-01   3.42772125e-04   3.47588845e-01   5.57131007e-01   9.70641383e-01
  168.4854879436   5.69653865e-02   9.46104776e-01   3.42815979e-04   3.47755658e-01   5.57281264e-01   9.70508765e-01
  169.2449134093   5.72257464e-02   9.45871781e-01   3.42860052e-04   3.47923242e-01   5.57432181e-01   9.70375547e-01
  170.0077618823   5.74873136e-02   9.45637822e-01   3.42904346e-04   3.48091599e-01   5.57583760e-01   9.70241727e-01
  170.7740487912   5.77500937e-02   9.45402894e-01   3.42948862e-04   3.48260733e-01   5.57736004e-01   9.70107301e-01
  171.5437896343   5.80140927e-02   9.45166994e-01   3.42993600e-04   3.48430648e-01   5.57888916e-01   9.69972267e-01
  172.3169999798   5.82793163e-02   9.44930119e-01   3.43038562e-04   3.48601347e-01   5.58042499e-01   9.69836622e-01
  173.0936954659   5.85457703e-02   9.44692264e-01   3.43083750e-04   3.48772834e-01   5.58196755e-01   9.69700364e-01
  173.8738918015   5.88134607e-02   9.44453426e-01   3.43129165e-04   3.48945112e-01   5.58351688e-01   9.69563490e-01
  174.6576047662   5.90823934e-02   9.44213601e-01   3.43174807e-04   3.49118186e-01   5.58507300e-01   9.69425996e-01
  175.4448502107   5.93525742e-02   9.43972785e-01   3.43220678e-04   3.49292059e-01   5.58663595e-01   9.69287880e-01
  176.2356440572   5.96240093e-02   9.43730976e-01   3.43266780e-04   3.49466735e-01   5.58820574e-01   9.69149140e-01
  177.0300022996   5.98967045e-02   9.43488168e-01   3.43313113e-04   3.49642217e-01   5.58978241e-01   9.69009772e-01
  177.8279410039   6.01706659e-02   9.43244359e-01   3.43359679e-04   3.49818510e-01   5.59136599e-01   9.68869774e-01
  178.6294763086   6.04458995e-02   9.42999544e-01   3.43406480e-04   3.49995616e-01   5.59295651e-01   9.68729142e-01
  179.4346244249   6.07224115e-02   9.42753721e-01   3.43453515e-04   3.50173541e-01   5.59455400e-01   9.68587874e-01
  180.2434016371   6.10002080e-02   9.42506884e-01   3.43500788e-04   3.50352287e-01   5.59615848e-01   9.68445967e-01
  181.0558243027   6.12792951e-02   9.42259031e-01   3.43548298e-04   3.50531859e-01   5.59776999e-01   9.68303419e-01
  181.8719088532   6.15596791e-02   9.42010157e-01   3.43596048e-04   3.50712261e-01   5.59938855e-01   9.68160225e-01
  182.6916717941   6.18413661e-02   9.41760259e-01   3.43644038e-04   3.50893496e-01   5.60101420e-01   9.68016384e-01
  183.5151297051   6.21243623e-02   9.41509333e-01   3.43692270e-04   3.51075568e-01   5.60264696e-01   9.67871892e-01
  184.3422992409   6.24086741e-02   9.41257375e-01   3.43740746e-04   3.51258481e-01   5.60428687e-01   9.67726747e-01
  185.1731971311   6.26943078e-02   9.41004382e-01   3.43789466e-04   3.51442239e-01   5.60593395e-01   9.67580945e-01
  186.0078401807   6.29812698e-02   9.40750349e-01   3.43838432e-04   3.51626846e-01   5.60758824e-01   9.67434483e-01
  186.8462452706   6.32695663e-02   9.40495272e-01   3.43887646e-04   3.51812306e-01   5.60924976e-01   9.67287359e-01
  187.6884293576   6.35592038e-02   9.40239148e-01   3.43937108e-04   3.51998624e-01   5.61091855e-01   9.67139569e-01
  188.5344094751   6.38501888e-02   9.39981974e-01   3.43986820e-04   3.52185802e-01   5.61259464e-01   9.66991111e-01
  189.3842027331   6.41425277e-02   9.39723744e-01   3.44036784e-04   3.52373845e-01   5.61427805e-01   9.66841981e-01
  190.2378263188   6.44362270e-02   9.39464455e-01   3.44087001e-04   3.52562758e-01   5.61596882e-01   9.66692177e-01
  191.0952974970   6.47312934e-02   9.39204104e-01   3.44137471e-04   3.52752543e-01   5.61766698e-01   9.66541695e-01
  191.9566336102   6.50277332e-02   9.38942686e-01   3.44188198e-04   3.52943206e-01   5.61937256e-01   9.66390532e-01
  192.8218520789   6.53255533e-02   9.38680197e-01   3.44239182e-04   3.53134750e-01   5.62108559e-01   9.66238686e-01
  193.6909704025   6.56247601e-02   9.38416634e-01   3.44290424e-04   3.53327180e-01   5.62280610e-01   9.66086152e-01
  194.5640061589   6.59253605e-02   9.38151992e-01   3.44341926e-04   3.53520499e-01   5.62453412e-01   9.65932929e-01
  195.4409770054   6.62273610e-02   9.37886268e-01   3.44393689e-04   3.53714712e-01   5.62626969e-01   9.65779012e-01
  196.3219006790   6.65307684e-02   9.37619457e-01   3.44445716e-04   3.53909823e-01   5.62801284e-01   9.65624400e-01
  197.2067949965   6.68355896e-02   9.37351556e-01   3.44498007e-04   3.54105837e-01   5.62976359e-01   9.65469087e-01
  198.0956778550   6.71418314e-02   9.37082561e-01   3.44550563e-04   3.54302756e-01   5.63152198e-01   9.65313073e-01
  198.9885672324   6.74495005e-02   9.36812467e-01   3.44603387e-04   3.54500586e-01   5.63328805e-01   9.65156352e-01
  199.8854811874   6.77586039e-02   9.36541271e-01   3.44656479e-04   3.54699331e-01   5.63506182e-01   9.64998922e-01
  200.7864378602   6.80691485e-02   9.36268969e-01   3.44709842e-04   3.54898996e-01   5.63684332e-01   9.64840781e-01
  201.6914554730   6.83811412e-02   9.35995556e-01   3.44763477e-04   3.55099583e-01   5.63863259e-01   9.64681924e-01
  202.6005523299   6.86945891e-02   9.35721028e-01   3.44817385e-04   3.55301099e-01   5.64042966e-01   9.64522348e-01
  203.5137468174   6.90094992e-02   9.35445383e-01   3.44871567e-04   3.55503547e-01   5.64223457e-01   9.64362051e-01
  204.4310574051   6.93258785e-02   9.35168614e-01   3.44926026e-04   3.55706931e-01   5.64404734e-01   9.64201028e-01
  205.3525026457   6.96437342e-02   9.34890719e-01   3.44980763e-04   3.55911256e-01   5.64586801e-01   9.64039277e-01
  206.2781011757   6.99630733e-02   9.34611694e-01   3.45035780e-04   3.56116526e-01   5.64769661e-01   9.63876794e-01
  207.2078717154   7.02839031e-02   9.34331533e-01   3.45091078e-04   3.56322746e-01   5.64953318e-01   9.63713576e-01
  208.1418330696   7.06062308e-02   9.34050234e-01   3.45146658e-04   3.56529920e-01   5.65137774e-01   9.63549620e-01
  209.0800041279   7.09300636e-02   9.33767791e-01   3.45202522e-04   3.56738053e-01   5.65323033e-01   9.63384922e-01
  210.0224038648   7.12554088e-02   9.33484202e-01   3.45258672e-04   3.56947149e-01   5.65509099e-01   9.63219479e-01
  210.9690513406   7.15822738e-02   9.33199461e-01   3.45315110e-04   3.57157212e-01   5.65695974e-01   9.63053288e-01
  211.9199657014   7.19106658e-02   9.32913564e-01   3.45371837e-04   3.57368247e-01   5.65883663e-01   9.62886345e-01
  212.8751661796   7.22405924e-02   9.32626509e-01   3.45428855e-04   3.57580260e-01   5.66072168e-01   9.62718647e-01
  213.8346720943   7.25720609e-02   9.32338289e-01   3.45486164e-04   3.57793253e-01   5.66261492e-01   9.62550190e-01
  214.7985028517   7.29050789e-02   9.32048901e-01   3.45543768e-04   3.58007232e-01   5.66451641e-01   9.62380971e-01
  215.7666779454   7.32396538e-02   9.31758342e-01   3.45601668e-04   3.58222202e-01   5.66642615e-01   9.62210987e-01
  216.7392169568   7.35757932e-02   9.31466606e-01   3.45659865e-04   3.58438167e-01   5.66834420e-01   9.62040233e-01
  217.7161395559   7.39135047e-02   9.31173689e-01   3.45718360e-04   3.58655131e-01   5.67027058e-01   9.61868707e-01
  218.6974655009   7.42527959e-02   9.30879588e-01   3.45777157e-04   3.58873100e-01   5.67220533e-01   9.61696406e-01
  219.6832146395   7.45936746e-02   9.30584298e-01   3.45836256e-04   3.59092078e-01   5.67414849e-01   9.61523325e-01
  220.6734069085   7.49361484e-02   9.30287814e-01   3.45895659e-04   3.59312070e-01   5.67610009e-01   9.61349461e-01
  221.6680623347   7.52802251e-02   9.29990133e-01   3.45955368e-04   3.59533081e-01   5.67806015e-01   9.61174810e-01
  222.6672010352   7.56259125e-02   9.29691251e-01   3.46015385e-04   3.59755114e-01   5.68002873e-01   9.60999369e-01
  223.6708432178   7.59732184e-02   9.29391162e-01   3.46075711e-04   3.59978176e-01   5.68200585e-01   9.60823135e-01
  224.6790091813   7.63221507e-02   9.29089863e-01   3.46136348e-04   3.60202271e-01   5.68399155e-01   9.60646104e-01
  225.6917193160   7.66727173e-02   9.28787350e-01   3.46197298e-04   3.60427404e-01   5.68598586e-01   9.60468272e-01
  226.7089941041   7.70249263e-02   9.28483618e-01   3.46258563e-04   3.60653579e-01   5.68798882e-01   9.60289635e-01
  227.7308541203   7.73787855e-02   9.28178662e-01   3.46320145e-04   3.60880801e-01   5.69000047e-01   9.60110190e-01
  228.7573200318   7.77343031e-02   9.27872479e-01   3.46382044e-04   3.61109076e-01   5.69202084e-01   9.59929934e-01
  229.7884125991   7.80914871e-02   9.27565065e-01   3.46444264e-04   3.61338409e-01   5.69404996e-01   9.59748862e-01
  230.8241526761   7.84503457e-02   9.27256414e-01   3.46506806e-04   3.61568803e-01   5.69608788e-01   9.59566971e-01
  231.8645612110   7.88108870e-02   9.26946522e-01   3.46569672e-04   3.61800265e-01   5.69813463e-01   9.59384258e-01
  232.9096592461   7.91731193e-02   9.26635386e-01   3.46632863e-04   3.62032799e-01   5.70019023e-01   9.59200717e-01
  233.9594679187   7.95370509e-02   9.26323000e-01   3.46696382e-04   3.62266410e-01   5.70225475e-01   9.59016347e-01
  235.0140084613   7.99026899e-02   9.26009361e-01   3.46760230e-04   3.62501103e-01   5.70432819e-01   9.58831143e-01
  236.0733022024   8.02700449e-02   9.25694464e-01   3.46824410e-04   3.62736884e-01   5.70641062e-01   9.58645101e-01
  237.1373705662   8.06391241e-02   9.25378304e-01   3.46888923e-04   3.62973757e-01   5.70850205e-01   9.58458217e-01
  238.2062350737   8.10099360e-02   9.25060878e-01   3.46953771e-04   3.63211727e-01   5.71060253e-01   9.58270488e-01
  239.2799173428   8.13824891e-02   9.24742180e-01   3.47018956e-04   3.63450800e-01   5.71271209e-01   9.58081910e-01
  240.3584390891   8.17567919e-02   9.24422206e-01   3.47084480e-04   3.63690981e-01   5.71483078e-01   9.57892479e-01
  241.4418221257   8.21328530e-02   9.24100952e-01   3.47150345e-04   3.63932275e-01   5.71695862e-01   9.57702191e-01
  242.5300883642   8.25106810e-02   9.23778414e-01   3.47216554e-04   3.64174687e-01   5.71909566e-01   9.57511043e-01
  243.6232598152   8.28902846e-02   9.23454586e-01   3.47283107e-04   3.64418222e-01   5.72124193e-01   9.57319029e-01
  244.7213585880   8.32716725e-02   9.23129465e-01   3.47350007e-04   3.64662886e-01   5.72339748e-01   9.57126148e-01
  245.8244068920   8.36548534e-02   9.22803046e-01   3.47417256e-04   3.64908683e-01   5.72556233e-01   9.56932394e-01
  246.9324270365   8.40398362e-02   9.22475325e-01   3.47484857e-04   3.65155620e-01   5.72773653e-01   9.56737763e-01
  248.0454414314   8.44266296e-02   9.22146296e-01   3.47552810e-04   3.65403701e-01   5.72992011e-01   9.56542252e-01
  249.1634725876   8.48152427e-02   9.21815956e-01   3.47621119e-04   3.65652932e-01   5.73211312e-01   9.56345857e-01
  250.2865431175   8.52056843e-02   9.21484300e-01   3.47689784e-04   3.65903319e-01   5.73431558e-01   9.56148574e-01
  251.4146757353   8.55979634e-02   9.21151323e-01   3.47758809e-04   3.66154865e-01   5.73652755e-01   9.55950398e-01
  252.5478932577   8.59920891e-02   9.20817021e-01   3.47828195e-04   3.66407578e-01   5.73874905e-01   9.55751326e-01
  253.6862186043   8.63880704e-02   9.20481389e-01   3.47897945e-04   3.66661462e-01   5.74098013e-01   9.55551354e-01
  254.8296747979   8.67859166e-02   9.20144423e-01   3.47968061e-04   3.66916523e-01   5.74322082e-01   9.55350477e-01
  255.9782849651   8.71856367e-02   9.19806118e-01   3.48038544e-04   3.67172767e-01   5.74547117e-01   9.55148692e-01
  257.1320723367   8.75872400e-02   9.19466470e-01   3.48109397e-04   3.67430198e-01   5.74773121e-01   9.54945994e-01
  258.2910602482   8.79907359e-02   9.19125473e-01   3.48180622e-04   3.67688823e-01   5.75000098e-01   9.54742379e-01
  259.4552721404   8.83961336e-02   9.18783124e-01   3.48252222e-04   3.67948647e-01   5.75228052e-01   9.54537843e-01
  260.6247315597   8.88034425e-02   9.18439418e-01   3.48324197e-04   3.68209675e-01   5.75456987e-01   9.54332383e-01
  261.7994621585   8.92126721e-02   9.18094350e-01   3.48396552e-04   3.68471914e-01   5.75686907e-01   9.54125993e-01
  262.9794876961   8.96238318e-02   9.17747915e-01   3.48469287e-04   3.68735368e-01   5.75917816e-01   9.53918670e-01
  264.1648320386   9.00369313e-02   9.17400109e-01   3.48542406e-04   3.69000044e-01   5.76149718e-01   9.53710409e-01
  265.3555191598   9.04519800e-02   9.17050928e-01   3.48615910e-04   3.69265947e-01   5.76382617e-01   9.53501206e-01
  266.5515731416   9.08689876e-02   9.16700366e-01   3.48689802e-04   3.69533083e-01   5.76616516e-01   9.53291058e-01
  267.7530181744   9.12879639e-02   9.16348419e-01   3.48764083e-04   3.69801458e-01   5.76851421e-01   9.53079958e-01
  268.9598785575   9.17089185e-02   9.15995082e-01   3.48838757e-04   3.70071077e-01   5.77087334e-01   9.52867905e-01
  270.1721787000   9.21318612e-02   9.15640350e-01   3.48913826e-04   3.70341947e-01   5.77324261e-01   9.52654892e-01
  271.3899431208   9.25568020e-02   9.15284220e-01   3.48989291e-04   3.70614072e-01   5.77562204e-01   9.52440916e-01
  272.6131964495   9.29837507e-02   9.14926685e-01   3.49065156e-04   3.70887459e-01   5.77801169e-01   9.52225972e-01
  273.8419634264   9.34127173e-02   9.14567742e-01   3.49141422e-04   3.71162114e-01   5.78041159e-01   9.52010057e-01
  275.0762689038   9.38437118e-02   9.14207386e-01   3.49218093e-04   3.71438043e-01   5.78282178e-01   9.51793165e-01
  276.3161378455   9.42767442e-02   9.13845611e-01   3.49295170e-04   3.71715251e-01   5.78524230e-01   9.51575292e-01
  277.5615953281   9.47118248e-02   9.13482414e-01   3.49372656e-04   3.71993745e-01   5.78767320e-01   9.51356434e-01
  278.8126665413   9.51489636e-02   9.13117789e-01   3.49450553e-04   3.72273530e-01   5.79011451e-01   9.51136587e-01
  280.0693767882   9.55881709e-02   9.12751732e-01   3.49528863e-04   3.72554613e-01   5.79256628e-01   9.50915745e-01
  281.3317514859   9.60294569e-02   9.12384237e-01   3.49607591e-04   3.72837000e-01   5.79502855e-01   9.50693905e-01
  282.5998161662   9.64728321e-02   9.12015301e-01   3.49686736e-04   3.73120696e-01   5.79750136e-01   9.50471062e-01
  283.8735964759   9.69183069e-02   9.11644918e-01   3.49766303e-04   3.73405707e-01   5.79998475e-01   9.50247211e-01
  285.1531181774   9.73658916e-02   9.11273084e-01   3.49846294e-04   3.73692041e-01   5.80247876e-01   9.50022348e-01
  286.4384071493   9.78155969e-02   9.10899793e-01   3.49926711e-04   3.73979703e-01   5.80498345e-01   9.49796469e-01
  287.7294893868   9.82674332e-02   9.10525041e-01   3.50007557e-04   3.74268698e-01   5.80749884e-01   9.49569568e-01
  289.0263910022   9.87214113e-02   9.10148824e-01   3.50088835e-04   3.74559034e-01   5.81002498e-01   9.49341641e-01
  290.3291382256   9.91775418e-02   9.09771135e-01   3.50170546e-04   3.74850717e-01   5.81256191e-01   9.49112684e-01
  291.6377574053   9.96358354e-02   9.09391971e-01   3.50252694e-04   3.75143752e-01   5.81510968e-01   9.48882692e-01
  292.9522750083   1.00096303e-01   9.09011327e-01   3.50335281e-04   3.75438146e-01   5.81766833e-01   9.48651659e-01
  294.2727176209   1.00558955e-01   9.08629197e-01   3.50418310e-04   3.75733906e-01   5.82023790e-01   9.48419583e-01
  295.5991119494   1.01023804e-01   9.08245577e-01   3.50501784e-04   3.76031037e-01   5.82281843e-01   9.48186457e-01
  296.9314848202   1.01490859e-01   9.07860462e-01   3.50585705e-04   3.76329547e-01   5.82540997e-01   9.47952277e-01
  298.2698631810   1.01960131e-01   9.07473847e-01   3.50670076e-04   3.76629440e-01   5.82801256e-01   9.47717039e-01
  299.6142741004   1.02431633e-01   9.07085728e-01   3.50754900e-04   3.76930725e-01   5.83062625e-01   9.47480737e-01
  300.9647447696   1.02905375e-01   9.06696098e-01   3.50840179e-04   3.77233407e-01   5.83325107e-01   9.47243368e-01
  302.3213025021   1.03381368e-01   9.06304954e-01   3.50925916e-04   3.77537493e-01   5.83588707e-01   9.47004925e-01
  303.6839747343   1.03859624e-01   9.05912290e-01   3.51012114e-04   3.77842989e-01   5.83853430e-01   9.46765404e-01
  305.0527890267   1.04340153e-01   9.05518102e-01   3.51098776e-04   3.78149902e-01   5.84119279e-01   9.46524800e-01
  306.4277730637   1.04822969e-01   9.05122385e-01   3.51185905e-04   3.78458238e-01   5.84386260e-01   9.46283110e-01
  307.8089546546   1.05308081e-01   9.04725133e-01   3.51273503e-04   3.78768005e-01   5.84654376e-01   9.46040326e-01
  309.1963617340   1.05795501e-01   9.04326342e-01   3.51361573e-04   3.79079207e-01   5.84923633e-01   9.45796445e-01
  310.5900223625   1.06285241e-01   9.03926006e-01   3.51450119e-04   3.79391854e-01   5.85194033e-01   9.45551462e-01
  311.9899647271   1.06777314e-01   9.03524122e-01   3.51539142e-04   3.79705949e-01   5.85465583e-01   9.45305372e-01
  313.3962171418   1.07271729e-01   9.03120683e-01   3.51628647e-04   3.80021502e-01   5.85738286e-01   9.45058170e-01
  314.8088080484   1.07768500e-01   9.02715684e-01   3.51718636e-04   3.80338518e-01   5.86012147e-01   9.44809850e-01
  316.2277660168   1.08267638e-01   9.02309122e-01   3.51809111e-04   3.80657004e-01   5.86287171e-01   9.44560408e-01
  317.6531197457   1.08769156e-01   9.01900991e-01   3.51900077e-04   3.80976967e-01   5.86563361e-01   9.44309839e-01
  319.0848980629   1.09273064e-01   9.01491285e-01   3.51991535e-04   3.81298413e-01   5.86840722e-01   9.44058137e-01
  320.5231299266   1.09779376e-01   9.01080000e-01   3.52083490e-04   3.81621350e-01   5.87119260e-01   9.43805298e-01
  321.9678444251   1.10288103e-01   9.00667131e-01   3.52175943e-04   3.81945784e-01   5.87398978e-01   9.43551316e-01
  323.4190707782   1.10799257e-01   9.00252673e-01   3.52268898e-04   3.82271723e-01   5.87679880e-01   9.43296187e-01
  324.8768383370   1.11312851e-01   8.99836620e-01   3.52362359e-04   3.82599173e-01   5.87961973e-01   9.43039905e-01
  326.3411765852   1.11828898e-01   8.99418968e-01   3.52456328e-04   3.82928141e-01   5.88245259e-01   9.42782465e-01
  327.8121151393   1.12347409e-01   8.98999712e-01   3.52550808e-04   3.83258635e-01   5.88529744e-01   9.42523861e-01
  329.2896837493   1.12868397e-01   8.98578846e-01   3.52645803e-04   3.83590660e-01   5.88815432e-01   9.42264090e-01
  330.7739122992   1.13391875e-01   8.98156366e-01   3.52741316e-04   3.83924225e-01   5.89102328e-01   9.42003144e-01
  332.2648308078   1.13917855e-01   8.97732266e-01   3.52837350e-04   3.84259336e-01   5.89390436e-01   9.41741020e-01
  333.7624694292   1.14446350e-01   8.97306541e-01   3.52933908e-04   3.84596001e-01   5.89679762e-01   9.41477711e-01
  335.2668584534   1.14977373e-01   8.96879187e-01   3.53030994e-04   3.84934226e-01   5.89970309e-01   9.41213213e-01
  336.7780283069   1.15510937e-01   8.96450198e-01   3.53128610e-04   3.85274020e-01   5.90262083e-01   9.40947519e-01
  338.2960095534   1.16047054e-01   8.96019569e-01   3.53226760e-04   3.85615388e-01   5.90555088e-01   9.40680626e-01
  339.8208328943   1.16585737e-01   8.95587295e-01   3.53325448e-04   3.85958338e-01   5.90849328e-01   9.40412527e-01
  341.3525291694   1.17127001e-01   8.95153371e-01   3.53424677e-04   3.86302878e-01   5.91144809e-01   9.40143217e-01
  342.8911293575   1.17670857e-01   8.94717791e-01   3.53524449e-04   3.86649015e-01   5.91441535e-01   9.39872690e-01
  344.4366645772   1.18217319e-01   8.94280551e-01   3.53624770e-04   3.86996756e-01   5.91739511e-01   9.39600941e-01
  345.9891660870   1.18766400e-01   8.93841646e-01   3.53725641e-04   3.87346108e-01   5.92038741e-01   9.39327965e-01
  347.5486652866   1.19318114e-01   8.93401070e-01   3.53827067e-04   3.87697079e-01   5.92339231e-01   9.39053756e-01
  349.1151937172   1.19872474e-01   8.92958818e-01   3.53929050e-04   3.88049676e-01   5.92640985e-01   9.38778309e-01
  350.6887830621   1.20429493e-01   8.92514885e-01   3.54031595e-04   3.88403908e-01   5.92944007e-01   9.38501617e-01
  352.2694651473   1.20989186e-01   8.92069265e-01   3.54134705e-04   3.88759780e-01   5.93248304e-01   9.38223676e-01
  353.8572719425   1.21551566e-01   8.91621955e-01   3.54238384e-04   3.89117301e-01   5.93553878e-01   9.37944480e-01
  355.4522355612   1.22116647e-01   8.91172948e-01   3.54342634e-04   3.89476479e-01   5.93860736e-01   9.37664023e-01
  357.0543882619   1.22684442e-01   8.90722240e-01   3.54447460e-04   3.89837320e-01   5.94168881e-01   9.37382300e-01
  358.6637624485   1.23254965e-01   8.90269824e-01   3.54552866e-04   3.90199832e-01   5.94478320e-01   9.37099304e-01
  360.2803906707   1.23828231e-01   8.89815697e-01   3.54658854e-04   3.90564024e-01   5.94789056e-01   9.36815031e-01
  361.9043056252   1.24404253e-01   8.89359852e-01   3.54765430e-04   3.90929902e-01   5.95101094e-01   9.36529474e-01
  363.5355401559   1.24983046e-01   8.88902285e-01   3.54872595e-04   3.91297475e-01   5.95414440e-01   9.36242628e-01
  365.1741272548   1.25564624e-01   8.88442990e-01   3.54980355e-04   3.91666750e-01   5.95729098e-01   9.35954487e-01
  366.8201000627   1.26149001e-01   8.87981962e-01   3.55088713e-04   3.92037735e-01   5.96045072e-01   9.35665045e-01
  368.4734918695   1.26736192e-01   8.87519197e-01   3.55197672e-04   3.92410438e-01   5.96362369e-01   9.35374296e-01
  370.1343361155   1.27326211e-01   8.87054688e-01   3.55307237e-04   3.92784866e-01   5.96680993e-01   9.35082235e-01
  371.8026663914   1.27919073e-01   8.86588430e-01   3.55417411e-04   3.93161028e-01   5.97000948e-01   9.34788855e-01
  373.4785164397   1.28514792e-01   8.86120419e-01   3.55528199e-04   3.93538930e-01   5.97322240e-01   9.34494151e-01
  375.1619201545   1.29113383e-01   8.85650649e-01   3.55639604e-04   3.93918582e-01   5.97644873e-01   9.34198117e-01
  376.8529115830   1.29714861e-01   8.85179114e-01   3.55751630e-04   3.94299991e-01   5.97968853e-01   9.33900747e-01
  378.5515249259   1.30319241e-01   8.84705810e-01   3.55864281e-04   3.94683166e-01   5.98294185e-01   9.33602035e-01
  380.2577945378   1.30926538e-01   8.84230731e-01   3.55977562e-04   3.95068113e-01   5.98620872e-01   9.33301974e-01
  381.9717549284   1.31536767e-01   8.83753872e-01   3.56091475e-04   3.95454841e-01   5.98948921e-01   9.33000560e-01
  383.6934407627   1.32149944e-01   8.83275228e-01   3.56206026e-04   3.95843359e-01   5.99278337e-01   9.32697785e-01
  385.4228868623   1.32766082e-01   8.82794794e-01   3.56321218e-04   3.96233674e-01   5.99609123e-01   9.32393644e-01
  387.1601282054   1.33385199e-01   8.82312563e-01   3.56437056e-04   3.96625795e-01   5.99941286e-01   9.32088131e-01
  388.9051999280   1.34007309e-01   8.81828532e-01   3.56553543e-04   3.97019729e-01   6.00274831e-01   9.31781239e-01
  390.6581373246   1.34632428e-01   8.81342694e-01   3.56670684e-04   3.97415485e-01   6.00609761e-01   9.31472962e-01
  392.4189758485   1.35260571e-01   8.80855044e-01   3.56788484e-04   3.97813071e-01   6.00946083e-01   9.31163295e-01
  394.1877511130   1.35891754e-01   8.80365577e-01   3.56906945e-04   3.98212495e-01   6.01283802e-01   9.30852231e-01
  395.9644988919   1.36525994e-01   8.79874289e-01   3.57026073e-04   3.98613766e-01   6.01622921e-01   9.30539763e-01
  397.7492551202   1.37163305e-01   8.79381172e-01   3.57145872e-04   3.99016892e-01   6.01963448e-01   9.30225886e-01
  399.5420558950   1.37803704e-01   8.78886223e-01   3.57266347e-04   3.99421881e-01   6.02305385e-01   9.29910593e-01
  401.3429374759   1.38447208e-01   8.78389435e-01   3.57387501e-04   3.99828743e-01   6.02648740e-01   9.29593879e-01
  403.1519362860   1.39093831e-01   8.77890804e-01   3.57509339e-04   4.00237484e-01   6.02993516e-01   9.29275735e-01
  404.9690889128   1.39743592e-01   8.77390325e-01   3.57631866e-04   4.00648113e-01   6.03339719e-01   9.28956157e-01
  406.7944321083   1.40396505e-01   8.76887991e-01   3.57755085e-04   4.01060640e-01   6.03687354e-01   9.28635138e-01
  408.6280027905   1.41052588e-01   8.76383797e-01   3.57879003e-04   4.01475073e-01   6.04036426e-01   9.28312671e-01
  410.4698380437   1.41711857e-01   8.75877739e-01   3.58003622e-04   4.01891420e-01   6.04386940e-01   9.27988750e-01
  412.3199751192   1.42374329e-01   8.75369811e-01   3.58128949e-04   4.02309689e-01   6.04738901e-01   9.27663368e-01
  414.1784514364   1.43040020e-01   8.74860007e-01   3.58254986e-04   4.02729890e-01   6.05092315e-01   9.27336520e-01
  416.0453045834   1.43708948e-01   8.74348323e-01   3.58381740e-04   4.03152031e-01   6.05447186e-01   9.27008197e-01
  417.9205723175   1.44381129e-01   8.73834752e-01   3.58509214e-04   4.03576120e-01   6.05803520e-01   9.26678395e-01
  419.8042925664   1.45056581e-01   8.73319290e-01   3.58637414e-04   4.04002167e-01   6.06161322e-01   9.26347106e-01
  421.6965034286   1.45735320e-01   8.72801931e-01   3.58766344e-04   4.04430180e-01   6.06520597e-01   9.26014324e-01
  423.5972431744   1.46417365e-01   8.72282670e-01   3.58896010e-04   4.04860168e-01   6.06881350e-01   9.25680042e-01
  425.5065502465   1.47102732e-01   8.71761502e-01   3.59026415e-04   4.05292140e-01   6.07243586e-01   9.25344253e-01
  427.4244632612   1.47791439e-01   8.71238420e-01   3.59157565e-04   4.05726104e-01   6.07607311e-01   9.25006951e-01
  429.3510210083   1.48483504e-01   8.70713420e-01   3.59289464e-04   4.06162070e-01   6.07972530e-01   9.24668129e-01
  431.2862624531   1.49178944e-01   8.70186497e-01   3.59422119e-04   4.06600046e-01   6.08339247e-01   9.24327780e-01
  433.2302267359   1.49877778e-01   8.69657645e-01   3.59555533e-04   4.07040042e-01   6.08707469e-01   9.23985897e-01
  435.1829531738   1.50580022e-01   8.69126858e-01   3.59689712e-04   4.07482066e-01   6.09077200e-01   9.23642474e-01
  437.1444812611   1.51285696e-01   8.68594132e-01   3.59824661e-04   4.07926127e-01   6.09448446e-01   9.23297504e-01
  439.1148506700   1.51994817e-01   8.68059461e-01   3.59960384e-04   4.08372234e-01   6.09821212e-01   9.22950980e-01
  441.0941012515   1.52707404e-01   8.67522839e-01   3.60096888e-04   4.08820397e-01   6.10195502e-01   9.22602895e-01
  443.0822730363   1.53423475e-01   8.66984262e-01   3.60234178e-04   4.09270624e-01   6.10571324e-01   9.22253242e-01
  445.0794062356   1.54143048e-01   8.66443723e-01   3.60372257e-04   4.09722925e-01   6.10948680e-01   9.21902014e-01
  447.0855412417   1.54866143e-01   8.65901218e-01   3.60511133e-04   4.10177309e-01   6.11327578e-01   9.21549204e-01
  449.1007186289   1.55592778e-01   8.65356741e-01   3.60650810e-04   4.10633784e-01   6.11708021e-01   9.21194806e-01
  451.1249791547   1.56322971e-01   8.64810287e-01   3.60791294e-04   4.11092361e-01   6.12090017e-01   9.20838811e-01
  453.1583637601   1.57056742e-01   8.64261850e-01   3.60932589e-04   4.11553048e-01   6.12473568e-01   9.20481214e-01
  455.2009135705   1.57794110e-01   8.63711424e-01   3.61074702e-04   4.12015855e-01   6.12858682e-01   9.20122006e-01
  457.2526698969   1.58535094e-01   8.63159006e-01   3.61217639e-04   4.12480792e-01   6.13245363e-01   9.19761182e-01
  459.3136742365   1.59279713e-01   8.62604589e-01   3.61361403e-04   4.12947866e-01   6.13633616e-01   9.19398733e-01
  461.3839682733   1.60027987e-01   8.62048167e-01   3.61506002e-04   4.13417088e-01   6.14023448e-01   9.19034653e-01
  463.4635938795   1.60779935e-01   8.61489736e-01   3.61651440e-04   4.13888468e-01   6.14414862e-01   9.18668933e-01
  465.5525931158   1.61535578e-01   8.60929290e-01   3.61797724e-04   4.14362014e-01   6.14807865e-01   9.18301568e-01
  467.6510082326   1.62294934e-01   8.60366823e-01   3.61944860e-04   4.14837736e-01   6.15202461e-01   9.17932550e-01
  469.7588816706   1.63058024e-01   8.59802331e-01   3.62092852e-04   4.15315644e-01   6.15598657e-01   9.17561871e-01
  471.8762560621   1.63824868e-01   8.59235808e-01   3.62241706e-04   4.15795747e-01   6.15996457e-01   9.17189525e-01
  474.0031742312   1.64595485e-01   8.58667248e-01   3.62391430e-04   4.16278055e-01   6.16395866e-01   9.16815503e-01
  476.1396791952   1.65369897e-01   8.58096646e-01   3.62542028e-04   4.16762577e-01   6.16796891e-01   9.16439798e-01
  478.2858141654   1.66148124e-01   8.57523997e-01   3.62693507e-04   4.17249323e-01   6.17199536e-01   9.16062403e-01
  480.4416225476   1.66930186e-01   8.56949295e-01   3.62845872e-04   4.17738303e-01   6.17603807e-01   9.15683311e-01
  482.6071479434   1.67716104e-01   8.56372535e-01   3.62999129e-04   4.18229526e-01   6.18009708e-01   9.15302514e-01
  484.7824341510   1.68505898e-01   8.55793712e-01   3.63153286e-04   4.18723002e-01   6.18417246e-01   9.14920004e-01
  486.9675251659   1.69299591e-01   8.55212820e-01   3.63308347e-04   4.19218741e-01   6.18826426e-01   9.14535775e-01
  489.1624651819   1.70097202e-01   8.54629853e-01   3.63464319e-04   4.19716752e-01   6.19237253e-01   9.14149817e-01
  491.3672985921   1.70898753e-01   8.54044807e-01   3.63621209e-04   4.20217046e-01   6.19649732e-01   9.13762124e-01
  493.5820699896   1.71704265e-01   8.53457677e-01   3.63779023e-04   4.20719632e-01   6.20063869e-01   9.13372689e-01
  495.8068241685   1.72513761e-01   8.52868455e-01   3.63937766e-04   4.21224521e-01   6.20479669e-01   9.12981503e-01
  498.0416061248   1.73327261e-01   8.52277138e-01   3.64097446e-04   4.21731721e-01   6.20897137e-01   9.12588558e-01
  500.2864610575   1.74144787e-01   8.51683720e-01   3.64258068e-04   4.22241243e-01   6.21316279e-01   9.12193848e-01
  502.5414343691   1.74966361e-01   8.51088195e-01   3.64419641e-04   4.22753098e-01   6.21737101e-01   9.11797364e-01
  504.8065716667   1.75792006e-01   8.50490559e-01   3.64582169e-04   4.23267294e-01   6.22159606e-01   9.11399098e-01
  507.0819187633   1.76621743e-01   8.49890805e-01   3.64745660e-04   4.23783842e-01   6.22583802e-01   9.10999043e-01
  509.3675216780   1.77455594e-01   8.49288928e-01   3.64910120e-04   4.24302752e-01   6.23009693e-01   9.10597191e-01
  511.6634266376   1.78293583e-01   8.48684924e-01   3.65075556e-04   4.24824034e-01   6.23437284e-01   9.10193533e-01
  513.9696800772   1.79135732e-01   8.48078786e-01   3.65241975e-04   4.25347698e-01   6.23866581e-01   9.09788062e-01
  516.2863286410   1.79982063e-01   8.47470509e-01   3.65409383e-04   4.25873755e-01   6.24297590e-01   9.09380771e-01
  518.6134191838   1.80832600e-01   8.46860089e-01   3.65577789e-04   4.26402214e-01   6.24730315e-01   9.08971650e-01
  520.9509987713   1.81687365e-01   8.46247518e-01   3.65747198e-04   4.26933086e-01   6.25164762e-01   9.08560693e-01
  523.2991146815   1.82546382e-01   8.45632793e-01   3.65917617e-04   4.27466380e-01   6.25600936e-01   9.08147890e-01
  525.6578144054   1.83409674e-01   8.45015908e-01   3.66089055e-04   4.28002108e-01   6.26038843e-01   9.07733234e-01
  528.0271456481   1.84277264e-01   8.44396857e-01   3.66261517e-04   4.28540279e-01   6.26478488e-01   9.07316717e-01
  530.4071563298   1.85149177e-01   8.43775636e-01   3.66435011e-04   4.29080904e-01   6.26919876e-01   9.06898330e-01
  532.7978945866   1.86025436e-01   8.43152238e-01   3.66609544e-04   4.29623993e-01   6.27363013e-01   9.06478066e-01
  535.1994087715   1.86906064e-01   8.42526658e-01   3.66785124e-04   4.30169557e-01   6.27807904e-01   9.06055916e-01
  537.6117474556   1.87791087e-01   8.41898892e-01   3.66961758e-04   4.30717605e-01   6.28254555e-01   9.05631872e-01
  540.0349594288   1.88680529e-01   8.41268933e-01   3.67139454e-04   4.31268148e-01   6.28702970e-01   9.05205926e-01
  542.4690937011   1.89574413e-01   8.40636777e-01   3.67318219e-04   4.31821197e-01   6.29153155e-01   9.04778069e-01
  544.9141995032   1.90472765e-01   8.40002417e-01   3.67498060e-04   4.32376762e-01   6.29605115e-01   9.04348293e-01
  547.3703262878   1.91375609e-01   8.39365850e-01   3.67678985e-04   4.32934854e-01   6.30058856e-01   9.03916590e-01
  549.8375237305   1.92282970e-01   8.38727068e-01   3.67861002e-04   4.33495483e-01   6.30514383e-01   9.03482951e-01
  552.3158417307   1.93194873e-01   8.38086068e-01   3.68044119e-04   4.34058659e-01   6.30971702e-01   9.03047368e-01
  554.8053304129   1.94111344e-01   8.37442844e-01   3.68228344e-04   4.34624394e-01   6.31430817e-01   9.02609832e-01
  557.3060401274   1.95032408e-01   8.36797390e-01   3.68413683e-04   4.35192698e-01   6.31891734e-01   9.02170334e-01
  559.8180214515   1.95958090e-01   8.36149701e-01   3.68600147e-04   4.35763581e-01   6.32354458e-01   9.01728868e-01
  562.3413251903   1.96888417e-01   8.35499772e-01   3.68787741e-04   4.36337054e-01   6.32818994e-01   9.01285422e-01
  564.8760023783   1.97823414e-01   8.34847598e-01   3.68976475e-04   4.36913128e-01   6.33285349e-01   9.00839990e-01
  567.4221042796   1.98763108e-01   8.34193173e-01   3.69166357e-04   4.37491813e-01   6.33753526e-01   9.00392563e-01
  569.9796823897   1.99707524e-01   8.33536491e-01   3.69357395e-04   4.38073120e-01   6.34223532e-01   8.99943131e-01
  572.5487884358   2.00656689e-01   8.32877549e-01   3.69549597e-04   4.38657060e-01   6.34695371e-01   8.99491686e-01
  575.1294743788   2.01610630e-01   8.32216340e-01   3.69742972e-04   4.39243644e-01   6.35169049e-01   8.99038220e-01
  577.7217924133   2.02569373e-01   8.31552859e-01   3.69937527e-04   4.39832882e-01   6.35644571e-01   8.98582723e-01
  580.3257949694   2.03532946e-01   8.30887101e-01   3.70133273e-04   4.40424786e-01   6.36121943e-01   8.98125186e-01
  582.9415347136   2.04501376e-01   8.30219060e-01   3.70330217e-04   4.41019365e-01   6.36601169e-01   8.97665602e-01
  585.5690645496   2.05474690e-01   8.29548732e-01   3.70528367e-04   4.41616631e-01   6.37082254e-01   8.97203961e-01
  588.2084376197   2.06452916e-01   8.28876110e-01   3.70727734e-04   4.42216595e-01   6.37565205e-01   8.96740254e-01
  590.8597073056   2.07436081e-01   8.28201191e-01   3.70928325e-04   4.42819268e-01   6.38050026e-01   8.96274472e-01
  593.5229272297   2.08424213e-01   8.27523968e-01   3.71130149e-04   4.43424660e-01   6.38536722e-01   8.95806606e-01
  596.1981512561   2.09417341e-01   8.26844437e-01   3.71333216e-04   4.44032782e-01   6.39025299e-01   8.95336647e-01
  598.8854334916   2.10415492e-01   8.26162592e-01   3.71537534e-04   4.44643646e-01   6.39515761e-01   8.94864587e-01
  601.5848282871   2.11418696e-01   8.25478427e-01   3.71743113e-04   4.45257263e-01   6.40008115e-01   8.94390415e-01
  604.2963902381   2.12426981e-01   8.24791938e-01   3.71949962e-04   4.45873642e-01   6.40502364e-01   8.93914124e-01
  607.0201741866   2.13440376e-01   8.24103120e-01   3.72158089e-04   4.46492796e-01   6.40998514e-01   8.93435703e-01
  609.7562352215   2.14458909e-01   8.23411967e-01   3.72367506e-04   4.47114736e-01   6.41496571e-01   8.92955143e-01
  612.5046286800   2.15482611e-01   8.22718475e-01   3.72578220e-04   4.47739471e-01   6.41996539e-01   8.92472437e-01
  615.2654101490   2.16511511e-01   8.22022637e-01   3.72790243e-04   4.48367014e-01   6.42498423e-01   8.91987573e-01
  618.0386354657   2.17545638e-01   8.21324449e-01   3.73003582e-04   4.48997376e-01   6.43002229e-01   8.91500543e-01
  620.8243607191   2.18585023e-01   8.20623905e-01   3.73218248e-04   4.49630567e-01   6.43507961e-01   8.91011337e-01
  623.6226422509   2.19629694e-01   8.19921001e-01   3.73434251e-04   4.50266599e-01   6.44015625e-01   8.90519947e-01
  626.4335366569   2.20679684e-01   8.19215731e-01   3.73651601e-04   4.50905483e-01   6.44525226e-01   8.90026362e-01
  629.2571007878   2.21735022e-01   8.18508091e-01   3.73870307e-04   4.51547229e-01   6.45036768e-01   8.89530574e-01
  632.0933917508   2.22795739e-01   8.17798074e-01   3.74090380e-04   4.52191850e-01   6.45550256e-01   8.89032573e-01
  634.9424669102   2.23861866e-01   8.17085676e-01   3.74311830e-04   4.52839356e-01   6.46065697e-01   8.88532348e-01
  637.8043838892   2.24933434e-01   8.16370892e-01   3.74534667e-04   4.53489759e-01   6.46583094e-01   8.88029892e-01
  640.6792005705   2.26010475e-01   8.15653716e-01   3.74758901e-04   4.54143068e-01   6.47102452e-01   8.87525194e-01
  643.5669750977   2.27093020e-01   8.14934144e-01   3.74984544e-04   4.54799297e-01   6.47623777e-01   8.87018245e-01
  646.4677658766   2.28181101e-01   8.14212171e-01   3.75211604e-04   4.55458456e-01   6.48147073e-01   8.86509034e-01
  649.3816315762   2.29274750e-01   8.13487790e-01   3.75440094e-04   4.56120556e-01   6.48672346e-01   8.85997553e-01
  652.3086311299   2.30373999e-01   8.12760999e-01   3.75670024e-04   4.56785608e-01   6.49199599e-01   8.85483791e-01
  655.2488237367   2.31478881e-01   8.12031790e-01   3.75901404e-04   4.57453624e-01   6.49728839e-01   8.84967740e-01
  658.2022688626   2.32589429e-01   8.11300159e-01   3.76134246e-04   4.58124616e-01   6.50260069e-01   8.84449388e-01
  661.1690262415   2.33705676e-01   8.10566102e-01   3.76368560e-04   4.58798593e-01   6.50793295e-01   8.83928727e-01
  664.1491558765   2.34827654e-01   8.09829612e-01   3.76604358e-04   4.59475567e-01   6.51328521e-01   8.83405746e-01
  667.1427180413   2.35955398e-01   8.09090686e-01   3.76841651e-04   4.60155551e-01   6.51865752e-01   8.82880435e-01
  670.1497732813   2.37088940e-01   8.08349317e-01   3.77080450e-04   4.60838554e-01   6.52404993e-01   8.82352785e-01
  673.1703824145   2.38228316e-01   8.07605502e-01   3.77320766e-04   4.61524589e-01   6.52946248e-01   8.81822786e-01
  676.2046065334   2.39373558e-01   8.06859234e-01   3.77562612e-04   4.62213666e-01   6.53489523e-01   8.81290428e-01
  679.2525070055   2.40524702e-01   8.06110510e-01   3.77805998e-04   4.62905797e-01   6.54034821e-01   8.80755700e-01
  682.3141454754   2.41681783e-01   8.05359323e-01   3.78050936e-04   4.63600993e-01   6.54582148e-01   8.80218592e-01
  685.3895838650   2.42844834e-01   8.04605670e-01   3.78297440e-04   4.64299266e-01   6.55131508e-01   8.79679095e-01
  688.4788843757   2.44013891e-01   8.03849544e-01   3.78545519e-04   4.65000626e-01   6.55682906e-01   8.79137199e-01
  691.5821094891   2.45188991e-01   8.03090942e-01   3.78795186e-04   4.65705086e-01   6.56236346e-01   8.78592892e-01
  694.6993219684   2.46370167e-01   8.02329859e-01   3.79046454e-04   4.66412655e-01   6.56791833e-01   8.78046165e-01
  697.8305848599   2.47557457e-01   8.01566288e-01   3.79299335e-04   4.67123347e-01   6.57349371e-01   8.77497008e-01
  700.9759614937   2.48750897e-01   8.00800226e-01   3.79553841e-04   4.67837171e-01   6.57908965e-01   8.76945411e-01
  704.1355154858   2.49950522e-01   8.00031667e-01   3.79809985e-04   4.68554140e-01   6.58470619e-01   8.76391362e-01
  707.3093107386   2.51156370e-01   7.99260607e-01   3.80067778e-04   4.69274264e-01   6.59034338e-01   8.75834852e-01
  710.4974114427   2.52368478e-01   7.98487041e-01   3.80327235e-04   4.69997556e-01   6.59600126e-01   8.75275871e-01
  713.6998820779   2.53586883e-01   7.97710964e-01   3.80588368e-04   4.70724025e-01   6.60167987e-01   8.74714407e-01
  716.9167874148   2.54811622e-01   7.96932370e-01   3.80851190e-04   4.71453684e-01   6.60737925e-01   8.74150451e-01
  720.1481925158   2.56042734e-01   7.96151256e-01   3.81115713e-04   4.72186543e-01   6.61309946e-01   8.73583992e-01
  723.3941627367   2.57280256e-01   7.95367616e-01   3.81381952e-04   4.72922615e-01   6.61884053e-01   8.73015019e-01
  726.6547637277   2.58524227e-01   7.94581446e-01   3.81649919e-04   4.73661910e-01   6.62460250e-01   8.72443522e-01
  729.9300614350   2.59774686e-01   7.93792740e-01   3.81919628e-04   4.74404439e-01   6.63038542e-01   8.71869491e-01
  733.2201221022   2.61031671e-01   7.93001495e-01   3.82191093e-04   4.75150215e-01   6.63618932e-01   8.71292914e-01
  736.5250122712   2.62295222e-01   7.92207704e-01   3.82464327e-04   4.75899247e-01   6.64201425e-01   8.70713780e-01
  739.8447987841   2.63565378e-01   7.91411365e-01   3.82739344e-04   4.76651548e-01   6.64786025e-01   8.70132081e-01
  743.1795487839   2.64842179e-01   7.90612470e-01   3.83016158e-04   4.77407128e-01   6.65372736e-01   8.69547803e-01
  746.5293297168   2.66125666e-01   7.89811017e-01   3.83294784e-04   4.78165999e-01   6.65961562e-01   8.68960937e-01
  749.8942093325   2.67415879e-01   7.89007000e-01   3.83575235e-04   4.78928172e-01   6.66552507e-01   8.68371472e-01
  753.2742556862   2.68712858e-01   7.88200414e-01   3.83857526e-04   4.79693658e-01   6.67145574e-01   8.67779397e-01
  756.6695371401   2.70016644e-01   7.87391255e-01   3.84141671e-04   4.80462468e-01   6.67740768e-01   8.67184702e-01
  760.0801223643   2.71327280e-01   7.86579519e-01   3.84427686e-04   4.81234613e-01   6.68338093e-01   8.66587374e-01
  763.5060803383   2.72644806e-01   7.85765200e-01   3.84715584e-04   4.82010106e-01   6.68937552e-01   8.65987403e-01
  766.9474803529   2.73969265e-01   7.84948293e-01   3.85005381e-04   4.82788955e-01   6.69539149e-01   8.65384779e-01
  770.4043920109   2.75300698e-01   7.84128795e-01   3.85297092e-04   4.83571174e-01   6.70142888e-01   8.64779490e-01
  773.8768852289   2.76639149e-01   7.83306701e-01   3.85590732e-04   4.84356773e-01   6.70748772e-01   8.64171525e-01
  777.3650302388   2.77984661e-01   7.82482005e-01   3.85886316e-04   4.85145762e-01   6.71356805e-01   8.63560873e-01
  780.8688975887   2.79337277e-01   7.81654704e-01   3.86183861e-04   4.85938153e-01   6.71966990e-01   8.62947523e-01
  784.3885581452   2.80697040e-01   7.80824792e-01   3.86483381e-04   4.86733957e-01   6.72579332e-01   8.62331464e-01
  787.9240830937   2.82063994e-01   7.79992266e-01   3.86784892e-04   4.87533185e-01   6.73193834e-01   8.61712684e-01
  791.4755439411   2.83438184e-01   7.79157121e-01   3.87088411e-04   4.88335848e-01   6.73810498e-01   8.61091172e-01
  795.0430125162   2.84819655e-01   7.78319351e-01   3.87393953e-04   4.89141957e-01   6.74429329e-01   8.60466917e-01
  798.6265609715   2.86208451e-01   7.77478953e-01   3.87701535e-04   4.89951522e-01   6.75050329e-01   8.59839908e-01
  802.2262617851   2.87604617e-01   7.76635923e-01   3.88011174e-04   4.90764555e-01   6.75673503e-01   8.59210133e-01
  805.8421877615   2.89008200e-01   7.75790255e-01   3.88322885e-04   4.91581066e-01   6.76298852e-01   8.58577581e-01
  809.4744120333   2.90419246e-01   7.74941945e-01   3.88636686e-04   4.92401067e-01   6.76926381e-01   8.57942240e-01
  813.1230080630   2.91837800e-01   7.74090989e-01   3.88952593e-04   4.93224567e-01   6.77556093e-01   8.57304100e-01
  816.7880496441   2.93263910e-01   7.73237382e-01   3.89270624e-04   4.94051578e-01   6.78187990e-01   8.56663147e-01
  820.4696109025   2.94697623e-01   7.72381120e-01   3.89590796e-04   4.94882110e-01   6.78822076e-01   8.56019372e-01
  824.1677662986   2.96138986e-01   7.71522198e-01   3.89913126e-04   4.95716174e-01   6.79458353e-01   8.55372762e-01
  827.8825906280   2.97588047e-01   7.70660613e-01   3.90237632e-04   4.96553781e-01   6.80096825e-01   8.54723306e-01
  831.6141590239   2.99044855e-01   7.69796359e-01   3.90564332e-04   4.97394941e-01   6.80737494e-01   8.54070992e-01
  835.3625469578   3.00509458e-01   7.68929433e-01   3.90893243e-04   4.98239665e-01   6.81380363e-01   8.53415808e-01
  839.1278302415   3.01981905e-01   7.68059830e-01   3.91224384e-04   4.99087962e-01   6.82025434e-01   8.52757743e-01
  842.9100850285   3.03462246e-01   7.67187545e-01   3.91557773e-04   4.99939845e-01   6.82672712e-01   8.52096785e-01
  846.7093878154   3.04950529e-01   7.66312575e-01   3.91893428e-04   5.00795322e-01   6.83322197e-01   8.51432922e-01
  850.5258154440   3.06446807e-01   7.65434914e-01   3.92231369e-04   5.01654405e-01   6.83973893e-01   8.50766143e-01
  854.3594451020   3.07951129e-01   7.64554560e-01   3.92571613e-04   5.02517104e-01   6.84627801e-01   8.50096435e-01
  858.2103543253   3.09463546e-01   7.63671508e-01   3.92914181e-04   5.03383428e-01   6.85283926e-01   8.49423787e-01
  862.0786209992   3.10984109e-01   7.62785752e-01   3.93259090e-04   5.04253389e-01   6.85942268e-01   8.48748186e-01
  865.9643233601   3.12512872e-01   7.61897290e-01   3.93606361e-04   5.05126996e-01   6.86602830e-01   8.48069622e-01
  869.8675399968   3.14049885e-01   7.61006117e-01   3.93956014e-04   5.06004259e-01   6.87265615e-01   8.47388081e-01
  873.7883498527   3.15595201e-01   7.60112228e-01   3.94308067e-04   5.06885189e-01   6.87930623e-01   8.46703552e-01
  877.7268322268   3.17148874e-01   7.59215621e-01   3.94662542e-04   5.07769795e-01   6.88597859e-01   8.46016022e-01
  881.6830667756   3.18710958e-01   7.58316289e-01   3.95019458e-04   5.08658087e-01   6.89267323e-01   8.45325480e-01
  885.6571335145   3.20281505e-01   7.57414230e-01   3.95378835e-04   5.09550075e-01   6.89939017e-01   8.44631914e-01
  889.6491128198   3.21860571e-01   7.56509440e-01   3.95740695e-04   5.10445769e-01   6.90612944e-01   8.43935311e-01
  893.6590854300   3.23448211e-01   7.55601913e-01   3.96105057e-04   5.11345179e-01   6.91289104e-01   8.43235659e-01
  897.6871324473   3.25044479e-01   7.54691647e-01   3.96471944e-04   5.12248314e-01   6.91967501e-01   8.42532946e-01
  901.7333353398   3.26649432e-01   7.53778636e-01   3.96841376e-04   5.13155184e-01   6.92648135e-01   8.41827160e-01
  905.7977759426   3.28263126e-01   7.52862878e-01   3.97213375e-04   5.14065798e-01   6.93331008e-01   8.41118288e-01
  909.8805364596   3.29885618e-01   7.51944368e-01   3.97587962e-04   5.14980165e-01   6.94016121e-01   8.40406319e-01
  913.9816994655   3.31516964e-01   7.51023102e-01   3.97965160e-04   5.15898296e-01   6.94703476e-01   8.39691238e-01
  918.1013479069   3.33157222e-01   7.50099075e-01   3.98344990e-04   5.16820199e-01   6.95393075e-01   8.38973036e-01
  922.2395651044   3.34806452e-01   7.49172285e-01   3.98727475e-04   5.17745884e-01   6.96084917e-01   8.38251698e-01
  926.3964347542   3.36464710e-01   7.48242728e-01   3.99112638e-04   5.18675360e-01   6.96779006e-01   8.37527212e-01
  930.5720409297   3.38132057e-01   7.47310398e-01   3.99500501e-04   5.19608635e-01   6.97475341e-01   8.36799567e-01
  934.7664680832   3.39808551e-01   7.46375293e-01   3.99891087e-04   5.20545719e-01   6.98173923e-01   8.36068749e-01
  938.9798010477   3.41494254e-01   7.45437409e-01   4.00284419e-04   5.21486620e-01   6.98874755e-01   8.35334745e-01
  943.2121250386   3.43189225e-01   7.44496741e-01   4.00680522e-04   5.22431348e-01   6.99577835e-01   8.34597544e-01
  947.4635256554   3.44893526e-01   7.43553286e-01   4.01079418e-04   5.23379911e-01   7.00283166e-01   8.33857133e-01
  951.7340888833   3.46607218e-01   7.42607040e-01   4.01481133e-04   5.24332317e-01   7.00990747e-01   8.33113499e-01
  956.0239010953   3.48330364e-01   7.41657999e-01   4.01885689e-04   5.25288576e-01   7.01700580e-01   8.32366629e-01
  960.3330490535   3.50063027e-01   7.40706160e-01   4.02293112e-04   5.26248695e-01   7.02412664e-01   8.31616510e-01
  964.6616199112   3.51805269e-01   7.39751518e-01   4.02703426e-04   5.27212683e-01   7.03127001e-01   8.30863131e-01
  969.0097012144   3.53557154e-01   7.38794071e-01   4.03116657e-04   5.28180547e-01   7.03843590e-01   8.30106477e-01
  973.3773809039   3.55318747e-01   7.37833814e-01   4.03532830e-04   5.29152298e-01   7.04562431e-01   8.29346537e-01
  977.7647473167   3.57090112e-01   7.36870744e-01   4.03951969e-04   5.30127941e-01   7.05283525e-01   8.28583298e-01
  982.1718891880   3.58871316e-01   7.35904856e-01   4.04374102e-04   5.31107485e-01   7.06006872e-01   8.27816746e-01
  986.5988956531   3.60662423e-01   7.34936148e-01   4.04799254e-04   5.32090938e-01   7.06732472e-01   8.27046868e-01
  991.0458562489   3.62463501e-01   7.33964616e-01   4.05227452e-04   5.33078308e-01   7.07460323e-01   8.26273653e-01
  995.5128609158   3.64274617e-01   7.32990256e-01   4.05658722e-04   5.34069601e-01   7.08190427e-01   8.25497086e-01
 1000.0000000000   3.66095838e-01   7.32013064e-01   4.06093090e-04   5.35064826e-01   7.08922782e-01   8.24717155e-01
 1004.5073642545   3.67927233e-01   7.31033037e-01   4.06530586e-04   5.36063990e-01   7.09657388e-01   8.23933847e-01
 1009.0350448414   3.69768871e-01   7.30050172e-01   4.06971235e-04   5.37067100e-01   7.10394245e-01   8.23147149e-01
 1013.5831333341   3.71620821e-01   7.29064465e-01   4.07415065e-04   5.38074162e-01   7.11133352e-01   8.22357048e-01
 1018.1517217182   3.73483153e-01   7.28075912e-01   4.07862106e-04   5.39085185e-01   7.11874707e-01   8.21563530e-01
 1022.7409023943   3.75355939e-01   7.27084511e-01   4.08312384e-04   5.40100175e-01   7.12618310e-01   8.20766583e-01
 1027.3507681793   3.77239249e-01   7.26090257e-01   4.08765929e-04   5.41119138e-01   7.13364160e-01   8.19966193e-01
 1031.9814123086   3.79133156e-01   7.25093147e-01   4.09222770e-04   5.42142081e-01   7.14112256e-01   8.19162347e-01
 1036.6329284377   3.81037732e-01   7.24093178e-01   4.09682936e-04   5.43169011e-01   7.14862596e-01   8.18355032e-01
 1041.3054106443   3.82953051e-01   7.23090346e-01   4.10146457e-04   5.44199933e-01   7.15615179e-01   8.17544235e-01
 1045.9989534303   3.84879186e-01   7.22084648e-01   4.10613363e-04   5.45234854e-01   7.16370004e-01   8.16729942e-01
 1050.7136517231   3.86816212e-01   7.21076082e-01   4.11083683e-04   5.46273780e-01   7.17127068e-01   8.15912141e-01
 1055.4496008786   3.88764205e-01   7.20064642e-01   4.11557449e-04   5.47316717e-01   7.17886371e-01   8.15090817e-01
 1060.2068966820   3.90723240e-01   7.19050327e-01   4.12034692e-04   5.48363670e-01   7.18647910e-01   8.14265958e-01
 1064.9856353504   3.92693394e-01   7.18033132e-01   4.12515442e-04   5.49414644e-01   7.19411683e-01   8.13437550e-01
 1069.7859135347   3.94674745e-01   7.17013055e-01   4.12999732e-04   5.50469647e-01   7.20177688e-01   8.12605580e-01
 1074.6078283213   3.96667370e-01   7.15990093e-01   4.13487593e-04   5.51528681e-01   7.20945924e-01   8.11770034e-01
 1079.4514772343   3.98671348e-01   7.14964242e-01   4.13979058e-04   5.52591754e-01   7.21716386e-01   8.10930899e-01
 1084.3169582372   4.00686760e-01   7.13935499e-01   4.14474159e-04   5.53658869e-01   7.22489074e-01   8.10088161e-01
 1089.2043697352   4.02713684e-01   7.12903860e-01   4.14972929e-04   5.54730031e-01   7.23263984e-01   8.09241807e-01
 1094.1138105772   4.04752201e-01   7.11869324e-01   4.15475402e-04   5.55805244e-01   7.24041114e-01   8.08391824e-01
 1099.0453800573   4.06802395e-01   7.10831886e-01   4.15981611e-04   5.56884514e-01   7.24820461e-01   8.07538198e-01
 1103.9991779174   4.08864346e-01   7.09791544e-01   4.16491591e-04   5.57967845e-01   7.25602022e-01   8.06680914e-01
 1108.9753043489   4.10938139e-01   7.08748295e-01   4.17005376e-04   5.59055240e-01   7.26385793e-01   8.05819961e-01
 1113.9738599948   4.13023856e-01   7.07702135e-01   4.17523001e-04   5.60146703e-01   7.27171772e-01   8.04955324e-01
 1118.9949459517   4.15121584e-01   7.06653062e-01   4.18044501e-04   5.61242238e-01   7.27959955e-01   8.04086989e-01
 1124.0386637721   4.17231407e-01   7.05601072e-01   4.18569911e-04   5.62341849e-01   7.28750338e-01   8.03214943e-01
 1129.1051154658   4.19353411e-01   7.04546163e-01   4.19099269e-04   5.63445538e-01   7.29542918e-01   8.02339172e-01
 1134.1944035028   4.21487685e-01   7.03488332e-01   4.19632610e-04   5.64553309e-01   7.30337691e-01   8.01459663e-01
 1139.3066308147   4.23634315e-01   7.02427575e-01   4.20169971e-04   5.65665165e-01   7.31134653e-01   8.00576401e-01
 1144.4419007973   4.25793391e-01   7.01363891e-01   4.20711390e-04   5.66781108e-01   7.31933799e-01   7.99689374e-01
 1149.6003173123   4.27965001e-01   7.00297276e-01   4.21256904e-04   5.67901142e-01   7.32735127e-01   7.98798567e-01
 1154.7819846895   4.30149238e-01   6.99227726e-01   4.21806551e-04   5.69025268e-01   7.33538630e-01   7.97903966e-01
 1159.9870077289   4.32346191e-01   6.98155241e-01   4.22360370e-04   5.70153488e-01   7.34344305e-01   7.97005558e-01
 1165.2154917032   4.34555954e-01   6.97079816e-01   4.22918400e-04   5.71285804e-01   7.35152147e-01   7.96103329e-01
 1170.4675423593   4.36778618e-01   6.96001449e-01   4.23480681e-04   5.72422218e-01   7.35962151e-01   7.95197265e-01
 1175.7432659207   4.39014279e-01   6.94920137e-01   4.24047251e-04   5.73562732e-01   7.36774312e-01   7.94287352e-01
 1181.0427690899   4.41263031e-01   6.93835878e-01   4.24618152e-04   5.74707346e-01   7.37588624e-01   7.93373577e-01
 1186.3661590503   4.43524969e-01   6.92748668e-01   4.25193424e-04   5.75856061e-01   7.38405084e-01   7.92455925e-01
 1191.7135434683   4.45800191e-01   6.91658506e-01   4.25773109e-04   5.77008879e-01   7.39223684e-01   7.91534382e-01
 1197.0850304957   4.48088794e-01   6.90565388e-01   4.26357248e-04   5.78165800e-01   7.40044420e-01   7.90608936e-01
 1202.4807287717   4.50390876e-01   6.89469312e-01   4.26945884e-04   5.79326824e-01   7.40867285e-01   7.89679571e-01
 1207.9007474253   4.52706537e-01   6.88370276e-01   4.27539059e-04   5.80491951e-01   7.41692274e-01   7.88746274e-01
 1213.3451960772   4.55035878e-01   6.87268276e-01   4.28136816e-04   5.81661181e-01   7.42519380e-01   7.87809031e-01
 1218.8141848423   4.57379000e-01   6.86163311e-01   4.28739199e-04   5.82834514e-01   7.43348597e-01   7.86867827e-01
 1224.3078243319   4.59736005e-01   6.85055377e-01   4.29346252e-04   5.84011948e-01   7.44179920e-01   7.85922650e-01
 1229.8262256557   4.62106997e-01   6.83944473e-01   4.29958021e-04   5.85193484e-01   7.45013340e-01   7.84973485e-01
 1235.3695004245   4.64492080e-01   6.82830596e-01   4.30574549e-04   5.86379119e-01   7.45848851e-01   7.84020317e-01
 1240.9377607517   4.66891361e-01   6.81713743e-01   4.31195884e-04   5.87568853e-01   7.46686447e-01   7.83063134e-01
 1246.5311192565   4.69304944e-01   6.80593912e-01   4.31822071e-04   5.88762683e-01   7.47526120e-01   7.82101920e-01
 1252.1496890656   4.71732938e-01   6.79471101e-01   4.32453157e-04   5.89960607e-01   7.48367863e-01   7.81136663e-01
 1257.7935838153   4.74175452e-01   6.78345307e-01   4.33089189e-04   5.91162624e-01   7.49211669e-01   7.80167347e-01
 1263.4629176545   4.76632596e-01   6.77216528e-01   4.33730216e-04   5.92368731e-01   7.50057528e-01   7.79193959e-01
 1269.1578052463   4.79104479e-01   6.76084762e-01   4.34376285e-04   5.93578925e-01   7.50905435e-01   7.78216484e-01
 1274.8783617710   4.81591215e-01   6.74950007e-01   4.35027447e-04   5.94793202e-01   7.51755380e-01   7.77234910e-01
 1280.6247029276   4.84092915e-01   6.73812259e-01   4.35683750e-04   5.96011560e-01   7.52607356e-01   7.76249221e-01
 1286.3969449370   4.86609695e-01   6.72671518e-01   4.36345245e-04   5.97233995e-01   7.53461354e-01   7.75259403e-01
 1292.1952045436   4.89141670e-01   6.71527780e-01   4.37011983e-04   5.98460502e-01   7.54317366e-01   7.74265443e-01
 1298.0195990184   4.91688957e-01   6.70381044e-01   4.37684014e-04   5.99691078e-01   7.55175382e-01   7.73267326e-01
 1303.8702461606   4.94251672e-01   6.69231308e-01   4.38361392e-04   6.00925718e-01   7.56035395e-01   7.72265038e-01
 1309.7472643006   4.96829935e-01   6.68078568e-01   4.39044169e-04   6.02164417e-01   7.56897393e-01   7.71258565e-01
 1315.6507723021   4.99423866e-01   6.66922825e-01   4.39732398e-04   6.03407169e-01   7.57761369e-01   7.70247893e-01
 1321.5808895645   5.02033586e-01   6.65764074e-01   4.40426133e-04   6.04653970e-01   7.58627313e-01   7.69233009e-01
 1327.5377360255   5.04659219e-01   6.64602315e-01   4.41125428e-04   6.05904814e-01   7.59495215e-01   7.68213896e-01
 1333.5214321633   5.07300887e-01   6.63437545e-01   4.41830340e-04   6.07159693e-01   7.60365064e-01   7.67190543e-01
 1339.5320989992   5.09958716e-01   6.62269762e-01   4.42540923e-04   6.08418603e-01   7.61236852e-01   7.66162934e-01
 1345.5698580999   5.12632833e-01   6.61098965e-01   4.43257235e-04   6.09681536e-01   7.62110567e-01   7.65131056e-01
 1351.6348315802   5.15323365e-01   6.59925151e-01   4.43979333e-04   6.10948484e-01   7.62986199e-01   7.64094893e-01
 1357.7271421052   5.18030441e-01   6.58748318e-01   4.44707274e-04   6.12219441e-01   7.63863738e-01   7.63054433e-01
 1363.8469128928   5.20754191e-01   6.57568465e-01   4.45441118e-04   6.13494399e-01   7.64743171e-01   7.62009661e-01
 1369.9942677166   5.23494749e-01   6.56385590e-01   4.46180924e-04   6.14773349e-01   7.65624489e-01   7.60960563e-01
 1376.1693309077   5.26252245e-01   6.55199691e-01   4.46926751e-04   6.16056283e-01   7.66507680e-01   7.59907125e-01
 1382.3722273579   5.29026816e-01   6.54010766e-01   4.47678662e-04   6.17343192e-01   7.67392731e-01   7.58849333e-01
 1388.6030825219   5.31818598e-01   6.52818814e-01   4.48436717e-04   6.18634066e-01   7.68279632e-01   7.57787172e-01
 1394.8620224196   5.34627726e-01   6.51623832e-01   4.49200979e-04   6.19928897e-01   7.69168371e-01   7.56720629e-01
 1401.1491736394   5.37454341e-01   6.50425820e-01   4.49971510e-04   6.21227674e-01   7.70058935e-01   7.55649690e-01
 1407.4646633398   5.40298584e-01   6.49224774e-01   4.50748376e-04   6.22530387e-01   7.70951311e-01   7.54574340e-01
 1413.8086192528   5.43160594e-01   6.48020694e-01   4.51531641e-04   6.23837025e-01   7.71845488e-01   7.53494565e-01
 1420.1811696859   5.46040517e-01   6.46813579e-01   4.52321370e-04   6.25147577e-01   7.72741451e-01   7.52410352e-01
 1426.5824435250   5.48938497e-01   6.45603426e-01   4.53117629e-04   6.26462031e-01   7.73639189e-01   7.51321686e-01
 1433.0125702370   5.51854680e-01   6.44390234e-01   4.53920486e-04   6.27780376e-01   7.74538688e-01   7.50228553e-01
 1439.4716798722   5.54789215e-01   6.43174001e-01   4.54730009e-04   6.29102600e-01   7.75439934e-01   7.49130940e-01
 1445.9599030674   5.57742252e-01   6.41954726e-01   4.55546267e-04   6.30428689e-01   7.76342914e-01   7.48028831e-01
 1452.4773710479   5.60713940e-01   6.40732407e-01   4.56369329e-04   6.31758631e-01   7.77247613e-01   7.46922214e-01
 1459.0242156306   5.63704434e-01   6.39507044e-01   4.57199267e-04   6.33092412e-01   7.78154017e-01   7.45811074e-01
 1465.6005692265   5.66713888e-01   6.38278634e-01   4.58036151e-04   6.34430019e-01   7.79062112e-01   7.44695398e-01
 1472.2065648435   5.69742459e-01   6.37047176e-01   4.58880054e-04   6.35771437e-01   7.79971883e-01   7.43575171e-01
 1478.8423360891   5.72790304e-01   6.35812669e-01   4.59731050e-04   6.37116651e-01   7.80883316e-01   7.42450379e-01
 1485.5080171728   5.75857582e-01   6.34575111e-01   4.60589212e-04   6.38465646e-01   7.81796395e-01   7.41321009e-01
 1492.2037429091   5.78944457e-01   6.33334501e-01   4.61454616e-04   6.39818407e-01   7.82711104e-01   7.40187047e-01
 1498.9296487203   5.82051090e-01   6.32090838e-01   4.62327339e-04   6.41174917e-01   7.83627429e-01   7.39048478e-01
 1505.6858706389   5.85177647e-01   6.30844121e-01   4.63207456e-04   6.42535161e-01   7.84545353e-01   7.37905289e-01
 1512.4725453106   5.88324296e-01   6.29594348e-01   4.64095048e-04   6.43899121e-01   7.85464860e-01   7.36757467e-01
 1519.2898099972   5.91491204e-01   6.28341519e-01   4.64990192e-04   6.45266780e-01   7.86385934e-01   7.35604996e-01
 1526.1378025790   5.94678542e-01   6.27085631e-01   4.65892969e-04   6.46638121e-01   7.87308558e-01   7.34447864e-01
 1533.0166615577   5.97886483e-01   6.25826684e-01   4.66803461e-04   6.48013125e-01   7.88232716e-01   7.33286057e-01
 1539.9265260595   6.01115203e-01   6.24564677e-01   4.67721748e-04   6.49391773e-01   7.89158390e-01   7.32119562e-01
 1546.8675358375   6.04364876e-01   6.23299609e-01   4.68647916e-04   6.50774046e-01   7.90085563e-01   7.30948363e-01
 1553.8398312750   6.07635682e-01   6.22031478e-01   4.69582049e-04   6.52159926e-01   7.91014218e-01   7.29772448e-01
 1560.8435533876   6.10927801e-01   6.20760284e-01   4.70524231e-04   6.53549391e-01   7.91944336e-01   7.28591803e-01
 1567.8788438270   6.14241417e-01   6.19486026e-01   4.71474550e-04   6.54942421e-01   7.92875900e-01   7.27406415e-01
 1574.9458448830   6.17576712e-01   6.18208702e-01   4.72433093e-04   6.56338995e-01   7.93808891e-01   7.26216270e-01
 1582.0446994869   6.20933876e-01   6.16928312e-01   4.73399950e-04   6.57739092e-01   7.94743291e-01   7.25021354e-01
 1589.1755512143   6.24313095e-01   6.15644855e-01   4.74375211e-04   6.59142690e-01   7.95679081e-01   7.23821654e-01
 1596.3385442879   6.27714562e-01   6.14358330e-01   4.75358966e-04   6.60549766e-01   7.96616242e-01   7.22617156e-01
 1603.5338235805   6.31138471e-01   6.13068736e-01   4.76351310e-04   6.61960297e-01   7.97554754e-01   7.21407848e-01
 1610.7615346177   6.34585015e-01   6.11776072e-01   4.77352335e-04   6.63374260e-01   7.98494599e-01   7.20193715e-01
 1618.0218235813   6.38054394e-01   6.10480338e-01   4.78362136e-04   6.64791631e-01   7.99435755e-01   7.18974744e-01
 1625.3148373119   6.41546808e-01   6.09181532e-01   4.79380811e-04   6.66212386e-01   8.00378204e-01   7.17750922e-01
 1632.6407233118   6.45062459e-01   6.07879655e-01   4.80408456e-04   6.67636498e-01   8.01321924e-01   7.16522236e-01
 1639.9996297484   6.48601551e-01   6.06574705e-01   4.81445171e-04   6.69063944e-01   8.02266895e-01   7.15288673e-01
 1647.3917054569   6.52164293e-01   6.05266682e-01   4.82491055e-04   6.70494697e-01   8.03213097e-01   7.14050219e-01
 1654.8170999432   6.55750894e-01   6.03955585e-01   4.83546211e-04   6.71928731e-01   8.04160507e-01   7.12806861e-01
 1662.2759633871   6.59361567e-01   6.02641413e-01   4.84610741e-04   6.73366018e-01   8.05109105e-01   7.11558586e-01
 1669.7684466456   6.62996525e-01   6.01324167e-01   4.85684751e-04   6.74806531e-01   8.06058869e-01   7.10305381e-01
 1677.2947012552   6.66655987e-01   6.00003845e-01   4.86768345e-04   6.76250241e-01   8.07009777e-01   7.09047233e-01
 1684.8548794358   6.70340172e-01   5.98680447e-01   4.87861632e-04   6.77697121e-01   8.07961807e-01   7.07784129e-01
 1692.4491340934   6.74049303e-01   5.97353972e-01   4.88964719e-04   6.79147141e-01   8.08914936e-01   7.06516057e-01
 1700.0776188229   6.77783605e-01   5.96024420e-01   4.90077718e-04   6.80600271e-01   8.09869142e-01   7.05243003e-01
 1707.7404879118   6.81543306e-01   5.94691791e-01   4.91200739e-04   6.82056481e-01   8.10824401e-01   7.03964955e-01
 1715.4378963429   6.85328637e-01   5.93356084e-01   4.92333897e-04   6.83515740e-01   8.11780691e-01   7.02681900e-01
 1723.1699997976   6.89139830e-01   5.92017299e-01   4.93477306e-04   6.84978017e-01   8.12737987e-01   7.01393825e-01
 1730.9369546591   6.92977124e-01   5.90675436e-01   4.94631083e-04   6.86443280e-01   8.13696266e-01   7.00100717e-01
 1738.7389180152   6.96840755e-01   5.89330494e-01   4.95795346e-04   6.87911497e-01   8.14655504e-01   6.98802566e-01
 1746.5760476621   7.00730968e-01   5.87982473e-01   4.96970215e-04   6.89382633e-01   8.15615677e-01   6.97499356e-01
 1754.4485021070   7.04648007e-01   5.86631373e-01   4.98155810e-04   6.90856657e-01   8.16576759e-01   6.96191078e-01
 1762.3564405717   7.08592119e-01   5.85277193e-01   4.99352256e-04   6.92333532e-01   8.17538727e-01   6.94877717e-01
 1770.3000229956   7.12563557e-01   5.83919934e-01   5.00559678e-04   6.93813226e-01   8.18501554e-01   6.93559262e-01
 1778.2794100389   7.16562574e-01   5.82559596e-01   5.01778201e-04   6.95295702e-01   8.19465215e-01   6.92235700e-01
 1786.2947630862   7.20589428e-01   5.81196178e-01   5.03007954e-04   6.96780925e-01   8.20429685e-01   6.90907020e-01
 1794.3462442492   7.24644380e-01   5.79829681e-01   5.04249068e-04   6.98268858e-01   8.21394938e-01   6.89573210e-01
 1802.4340163707   7.28727693e-01   5.78460103e-01   5.05501674e-04   6.99759463e-01   8.22360946e-01   6.88234257e-01
 1810.5582430271   7.32839634e-01   5.77087447e-01   5.06765908e-04   7.01252704e-01   8.23327685e-01   6.86890149e-01
 1818.7190885324   7.36980475e-01   5.75711710e-01   5.08041904e-04   7.02748542e-01   8.24295126e-01   6.85540875e-01
 1826.9167179409   7.41150489e-01   5.74332894e-01   5.09329801e-04   7.04246938e-01   8.25263243e-01   6.84186423e-01
 1835.1512970512   7.45349953e-01   5.72950999e-01   5.10629738e-04   7.05747853e-01   8.26232009e-01   6.82826782e-01
 1843.4229924091   7.49579149e-01   5.71566025e-01   5.11941857e-04   7.07251246e-01   8.27201395e-01   6.81461939e-01
 1851.7319713109   7.53838361e-01   5.70177972e-01   5.13266303e-04   7.08757077e-01   8.28171375e-01   6.80091883e-01
 1860.0784018073   7.58127878e-01   5.68786840e-01   5.14603221e-04   7.10265305e-01   8.29141919e-01   6.78716603e-01
 1868.4624527061   7.62447990e-01   5.67392630e-01   5.15952760e-04   7.11775888e-01   8.30112999e-01   6.77336088e-01
 1876.8842935762   7.66798994e-01   5.65995342e-01   5.17315069e-04   7.13288783e-01   8.31084586e-01   6.75950326e-01
 1885.3440947508   7.71181189e-01   5.64594976e-01   5.18690302e-04   7.14803947e-01   8.32056652e-01   6.74559306e-01
 1893.8420273309   7.75594878e-01   5.63191532e-01   5.20078613e-04   7.16321337e-01   8.33029167e-01   6.73163017e-01
 1902.3782631885   7.80040369e-01   5.61785012e-01   5.21480159e-04   7.17840909e-01   8.34002101e-01   6.71761448e-01
 1910.9529749704   7.84517972e-01   5.60375416e-01   5.22895099e-04   7.19362616e-01   8.34975425e-01   6.70354589e-01
 1919.5663361018   7.89028003e-01   5.58962743e-01   5.24323596e-04   7.20886415e-01   8.35949109e-01   6.68942428e-01
 1928.2185207892   7.93570782e-01   5.57546995e-01   5.25765814e-04   7.22412258e-01   8.36923122e-01   6.67524955e-01
 1936.9097040246   7.98146631e-01   5.56128173e-01   5.27221918e-04   7.23940099e-01   8.37897433e-01   6.66102159e-01
 1945.6400615886   8.02755879e-01   5.54706276e-01   5.28692078e-04   7.25469890e-01   8.38872012e-01   6.64674030e-01
 1954.4097700543   8.07398857e-01   5.53281306e-01   5.30176465e-04   7.27001584e-01   8.39846827e-01   6.63240558e-01
 1963.2190067904   8.12075903e-01   5.51853263e-01   5.31675255e-04   7.28535132e-01   8.40821847e-01   6.61801733e-01
 1972.0679499653   8.16787357e-01   5.50422148e-01   5.33188623e-04   7.30070484e-01   8.41797040e-01   6.60357543e-01
 1980.9567785503   8.21533565e-01   5.48987962e-01   5.34716749e-04   7.31607591e-01   8.42772374e-01   6.58907980e-01
 1989.8856723236   8.26314877e-01   5.47550706e-01   5.36259815e-04   7.33146402e-01   8.43747818e-01   6.57453033e-01
 1998.8548118735   8.31131648e-01   5.46110380e-01   5.37818006e-04   7.34686866e-01   8.44723337e-01   6.55992693e-01
 2007.8643786024   8.35984237e-01   5.44666985e-01   5.39391511e-04   7.36228931e-01   8.45698900e-01   6.54526950e-01
 2016.9145547303   8.40873010e-01   5.43220523e-01   5.40980518e-04   7.37772545e-01   8.46674473e-01   6.53055794e-01
 2026.0055232986   8.45798334e-01   5.41770995e-01   5.42585223e-04   7.39317654e-01   8.47650023e-01   6.51579216e-01
 2035.1374681737   8.50760586e-01   5.40318401e-01   5.44205822e-04   7.40864206e-01   8.48625517e-01   6.50097207e-01
 2044.3105740506   8.55760143e-01   5.38862742e-01   5.45842514e-04   7.42412146e-01   8.49600920e-01   6.48609758e-01
 2053.5250264571   8.60797392e-01   5.37404021e-01   5.47495501e-04   7.43961418e-01   8.50576199e-01   6.47116859e-01
 2062.7810117570   8.65872722e-01   5.35942237e-01   5.49164991e-04   7.45511968e-01   8.51551318e-01   6.45618502e-01
 2072.0787171542   8.70986528e-01   5.34477392e-01   5.50851191e-04   7.47063739e-01   8.52526245e-01   6.44114678e-01
 2081.4183306964   8.76139211e-01   5.33009488e-01   5.52554314e-04   7.48616674e-01   8.53500942e-01   6.42605378e-01
 2090.8000412787   8.81331177e-01   5.31538525e-01   5.54274575e-04   7.50170717e-01   8.54475377e-01   6.41090594e-01
 2100.2240386480   8.86562840e-01   5.30064506e-01   5.56012195e-04   7.51725808e-01   8.55449512e-01   6.39570318e-01
 2109.6905134062   8.91834615e-01   5.28587431e-01   5.57767394e-04   7.53281890e-01   8.56423312e-01   6.38044541e-01
 2119.1996570143   8.97146927e-01   5.27107303e-01   5.59540400e-04   7.54838902e-01   8.57396742e-01   6.36513256e-01
 2128.7516617964   9.02500206e-01   5.25624122e-01   5.61331440e-04   7.56396786e-01   8.58369766e-01   6.34976454e-01
 2138.3467209434   9.07894886e-01   5.24137890e-01   5.63140750e-04   7.57955480e-01   8.59342346e-01   6.33434128e-01
 2147.9850285170   9.13331410e-01   5.22648609e-01   5.64968566e-04   7.59514923e-01   8.60314447e-01   6.31886270e-01
 2157.6667794537   9.18810226e-01   5.21156280e-01   5.66815127e-04   7.61075055e-01   8.61286032e-01   6.30332872e-01
 2167.3921695684   9.24331787e-01   5.19660906e-01   5.68680680e-04   7.62635811e-01   8.62257063e-01   6.28773928e-01
 2177.1613955589   9.29896555e-01   5.18162488e-01   5.70565472e-04   7.64197130e-01   8.63227503e-01   6.27209431e-01
 2186.9746550095   9.35504996e-01   5.16661027e-01   5.72469757e-04   7.65758948e-01   8.64197314e-01   6.25639373e-01
 2196.8321463949   9.41157586e-01   5.15156527e-01   5.74393789e-04   7.67321200e-01   8.65166460e-01   6.24063748e-01
 2206.7340690846   9.46854804e-01   5.13648988e-01   5.76337832e-04   7.68883822e-01   8.66134901e-01   6.22482548e-01
 2216.6806233467   9.52597139e-01   5.12138413e-01   5.78302149e-04   7.70446748e-01   8.67102599e-01   6.20895768e-01
 2226.6720103519   9.58385086e-01   5.10624804e-01   5.80287010e-04   7.72009913e-01   8.68069517e-01   6.19303402e-01
 2236.7084321778   9.64219146e-01   5.09108162e-01   5.82292688e-04   7.73573249e-01   8.69035616e-01   6.17705443e-01
 2246.7900918126   9.70099829e-01   5.07588491e-01   5.84319463e-04   7.75136690e-01   8.70000855e-01   6.16101886e-01
 2256.9171931598   9.76027652e-01   5.06065793e-01   5.86367617e-04   7.76700169e-01   8.70965198e-01   6.14492724e-01
 2267.0899410415   9.82003139e-01   5.04540069e-01   5.88437437e-04   7.78263615e-01   8.71928604e-01   6.12877952e-01
 2277.3085412034   9.88026823e-01   5.03011322e-01   5.90529217e-04   7.79826962e-01   8.72891033e-01   6.11257565e-01
 2287.5732003184   9.94099243e-01   5.01479555e-01   5.92643253e-04   7.81390139e-01   8.73852446e-01   6.09631558e-01
 2297.8841259910   1.00022095e+00   4.99944769e-01   5.94779847e-04   7.82953076e-01   8.74812804e-01   6.07999925e-01
 2308.2415267614   1.00639249e+00   4.98406969e-01   5.96939308e-04   7.84515702e-01   8.75772065e-01   6.06362663e-01
 2318.6456121098   1.01261444e+00   4.96866155e-01   5.99121947e-04   7.86077947e-01   8.76730190e-01   6.04719765e-01
 2329.0965924605   1.01888737e+00   4.95322332e-01   6.01328082e-04   7.87639739e-01   8.77687139e-01   6.03071229e-01
 2339.5946791866   1.02521186e+00   4.93775501e-01   6.03558037e-04   7.89201006e-01   8.78642870e-01   6.01417050e-01
 2350.1400846135   1.03158849e+00   4.92225666e-01   6.05812141e-04   7.90761674e-01   8.79597342e-01   5.99757224e-01
 2360.7330220239   1.03801788e+00   4.90672830e-01   6.08090727e-04   7.92321671e-01   8.80550516e-01   5.98091747e-01
 2371.3737056617   1.04450062e+00   4.89116995e-01   6.10394136e-04   7.93880923e-01   8.81502349e-01   5.96420616e-01
 2382.0623507365   1.05103734e+00   4.87558164e-01   6.12722713e-04   7.95439354e-01   8.82452801e-01   5.94743827e-01
 2392.7991734281   1.05762866e+00   4.85996341e-01   6.15076811e-04   7.96996891e-01   8.83401829e-01   5.93061377e-01
 2403.5843908905   1.06427522e+00   4.84431529e-01   6.17456788e-04   7.98553459e-01   8.84349393e-01   5.91373264e-01
 2414.4182212566   1.07097766e+00   4.82863731e-01   6.19863007e-04   8.00108980e-01   8.85295449e-01   5.89679485e-01
 2425.3008836425   1.07773664e+00   4.81292951e-01   6.22295840e-04   8.01663379e-01   8.86239958e-01   5.87980038e-01
 2436.2325981517   1.08455283e+00   4.79719191e-01   6.24755663e-04   8.03216580e-01   8.87182875e-01   5.86274919e-01
 2447.2135858802   1.09142691e+00   4.78142457e-01   6.27242860e-04   8.04768504e-01   8.88124159e-01   5.84564128e-01
 2458.2440689202   1.09835956e+00   4.76562750e-01   6.29757821e-04   8.06319074e-01   8.89063769e-01   5.82847663e-01
 2469.3242703652   1.10535147e+00   4.74980075e-01   6.32300944e-04   8.07868211e-01   8.90001660e-01   5.81125522e-01
 2480.4544143141   1.11240337e+00   4.73394435e-01   6.34872634e-04   8.09415838e-01   8.90937791e-01   5.79397705e-01
 2491.6347258760   1.11951597e+00   4.71805835e-01   6.37473301e-04   8.10961874e-01   8.91872119e-01   5.77664209e-01
 2502.8654311746   1.12668999e+00   4.70214278e-01   6.40103365e-04   8.12506241e-01   8.92804601e-01   5.75925035e-01
 2514.1467573528   1.13392619e+00   4.68619769e-01   6.42763252e-04   8.14048858e-01   8.93735194e-01   5.74180182e-01
 2525.4789325774   1.14122532e+00   4.67022311e-01   6.45453396e-04   8.15589645e-01   8.94663854e-01   5.72429650e-01
 2536.8621860435   1.14858815e+00   4.65421909e-01   6.48174239e-04   8.17128521e-01   8.95590540e-01   5.70673438e-01
 2548.2967479793   1.15601546e+00   4.63818567e-01   6.50926232e-04   8.18665405e-01   8.96515207e-01   5.68911549e-01
 2559.7828496509   1.16350803e+00   4.62212290e-01   6.53709832e-04   8.20200215e-01   8.97437813e-01   5.67143981e-01
 2571.3207233667   1.17106668e+00   4.60603081e-01   6.56525506e-04   8.21732870e-01   8.98358313e-01   5.65370735e-01
 2582.9106024819   1.17869221e+00   4.58990946e-01   6.59373729e-04   8.23263287e-01   8.99276665e-01   5.63591814e-01
 2594.5527214040   1.18638547e+00   4.57375889e-01   6.62254985e-04   8.24791384e-01   9.00192825e-01   5.61807219e-01
 2606.2473155968   1.19414730e+00   4.55757916e-01   6.65169767e-04   8.26317077e-01   9.01106749e-01   5.60016950e-01
 2617.9946215854   1.20197855e+00   4.54137030e-01   6.68118576e-04   8.27840283e-01   9.02018394e-01   5.58221011e-01
 2629.7948769611   1.20988010e+00   4.52513238e-01   6.71101923e-04   8.29360919e-01   9.02927716e-01   5.56419404e-01
 2641.6483203861   1.21785284e+00   4.50886543e-01   6.74120330e-04   8.30878901e-01   9.03834671e-01   5.54612131e-01
 2653.5551915983   1.22589766e+00   4.49256952e-01   6.77174327e-04   8.32394145e-01   9.04739215e-01   5.52799195e-01
 2665.5157314161   1.23401549e+00   4.47624470e-01   6.80264455e-04   8.33906565e-01   9.05641305e-01   5.50980599e-01
 2677.5301817436   1.24220725e+00   4.45989102e-01   6.83391263e-04   8.35416078e-01   9.06540897e-01   5.49156348e-01
 2689.5987855750   1.25047390e+00   4.44350854e-01   6.86555314e-04   8.36922599e-01   9.07437948e-01   5.47326444e-01
 2701.7217870000   1.25881640e+00   4.42709731e-01   6.89757178e-04   8.38426041e-01   9.08332412e-01   5.45490892e-01
 2713.8994312082   1.26723572e+00   4.41065740e-01   6.92997439e-04   8.39926321e-01   9.09224247e-01   5.43649697e-01
 2726.1319644946   1.27573287e+00   4.39418886e-01   6.96276691e-04   8.41423351e-01   9.10113408e-01   5.41802862e-01
 2738.4196342644   1.28430885e+00   4.37769175e-01   6.99595538e-04   8.42917047e-01   9.10999853e-01   5.39950395e-01
 2750.7626890376   1.29296470e+00   4.36116614e-01   7.02954598e-04   8.44407322e-01   9.11883536e-01   5.38092299e-01
 2763.1613784546   1.30170147e+00   4.34461208e-01   7.06354500e-04   8.45894091e-01   9.12764415e-01   5.36228581e-01
 2775.6159532812   1.31052021e+00   4.32802965e-01   7.09795884e-04   8.47377266e-01   9.13642445e-01   5.34359246e-01
 2788.1266654131   1.31942203e+00   4.31141891e-01   7.13279405e-04   8.48856762e-01   9.14517584e-01   5.32484302e-01
 2800.6937678817   1.32840801e+00   4.29477993e-01   7.16805729e-04   8.50332491e-01   9.15389786e-01   5.30603755e-01
 2813.3175148588   1.33747929e+00   4.27811277e-01   7.20375535e-04   8.51804368e-01   9.16259010e-01   5.28717613e-01
 2825.9981616617   1.34663700e+00   4.26141751e-01   7.23989516e-04   8.53272305e-01   9.17125211e-01   5.26825882e-01
 2838.7359647588   1.35588231e+00   4.24469421e-01   7.27648380e-04   8.54736216e-01   9.17988347e-01   5.24928571e-01
 2851.5311817742   1.36521640e+00   4.22794295e-01   7.31352847e-04   8.56196013e-01   9.18848373e-01   5.23025688e-01
 2864.3840714934   1.37464047e+00   4.21116381e-01   7.35103652e-04   8.57651611e-01   9.19705246e-01   5.21117242e-01
 2877.2948938683   1.38415574e+00   4.19435686e-01   7.38901545e-04   8.59102922e-01   9.20558925e-01   5.19203241e-01
 2890.2639100224   1.39376347e+00   4.17752218e-01   7.42747292e-04   8.60549859e-01   9.21409364e-01   5.17283696e-01
 2903.2913822564   1.40346493e+00   4.16065984e-01   7.46641673e-04   8.61992335e-01   9.22256523e-01   5.15358615e-01
 2916.3775740531   1.41326139e+00   4.14376993e-01   7.50585484e-04   8.63430263e-01   9.23100357e-01   5.13428010e-01
 2929.5227500829   1.42315419e+00   4.12685254e-01   7.54579538e-04   8.64863557e-01   9.23940825e-01   5.11491890e-01
 2942.7271762093   1.43314465e+00   4.10990773e-01   7.58624665e-04   8.66292130e-01   9.24777884e-01   5.09550266e-01
 2955.9911194940   1.44323414e+00   4.09293561e-01   7.62721710e-04   8.67715896e-01   9.25611492e-01   5.07603151e-01
 2969.3148482025   1.45342404e+00   4.07593626e-01   7.66871538e-04   8.69134767e-01   9.26441606e-01   5.05650555e-01
 2982.6986318095   1.46371577e+00   4.05890976e-01   7.71075030e-04   8.70548658e-01   9.27268185e-01   5.03692491e-01
 2996.1427410044   1.47411077e+00   4.04185621e-01   7.75333087e-04   8.71957481e-01   9.28091187e-01   5.01728971e-01
 3009.6474476964   1.48461050e+00   4.02477571e-01   7.79646627e-04   8.73361152e-01   9.28910570e-01   4.99760009e-01
 3023.2130250207   1.49521646e+00   4.00766834e-01   7.84016588e-04   8.74759584e-01   9.29726294e-01   4.97785617e-01
 3036.8397473433   1.50593016e+00   3.99053420e-01   7.88443929e-04   8.76152692e-01   9.30538316e-01   4.95805810e-01
 3050.5278902670   1.51675315e+00   3.97337340e-01   7.92929627e-04   8.77540390e-01   9.31346597e-01   4.93820603e-01
 3064.2777306369   1.52768700e+00   3.95618603e-01   7.97474682e-04   8.78922592e-01   9.32151095e-01   4.91830009e-01
 3078.0895465457   1.53873334e+00   3.93897219e-01   8.02080114e-04   8.80299215e-01   9.32951770e-01   4.89834043e-01
 3091.9636173398   1.54989378e+00   3.92173199e-01   8.06746964e-04   8.81670173e-01   9.33748581e-01   4.87832723e-01
 3105.9002236247   1.56117000e+00   3.90446554e-01   8.11476299e-04   8.83035382e-01   9.34541489e-01   4.85826062e-01
 3119.8996472706   1.57256370e+00   3.88717294e-01   8.16269205e-04   8.84394758e-01   9.35330455e-01   4.83814079e-01
 3133.9621714182   1.58407661e+00   3.86985431e-01   8.21126793e-04   8.85748217e-01   9.36115438e-01   4.81796790e-01
 3148.0880804845   1.59571049e+00   3.85250976e-01   8.26050199e-04   8.87095677e-01   9.36896400e-01   4.79774213e-01
 3162.2776601684   1.60746715e+00   3.83513940e-01   8.31040583e-04   8.88437053e-01   9.37673302e-01   4.77746365e-01
 3176.5311974565   1.61934842e+00   3.81774335e-01   8.36099131e-04   8.89772265e-01   9.38446105e-01   4.75713265e-01
 3190.8489806291   1.63135616e+00   3.80032174e-01   8.41227054e-04   8.91101229e-01   9.39214772e-01   4.73674933e-01
 3205.2312992658   1.64349228e+00   3.78287468e-01   8.46425593e-04   8.92423863e-01   9.39979264e-01   4.71631386e-01
 3219.6784442514   1.65575872e+00   3.76540230e-01   8.51696012e-04   8.93740088e-01   9.40739544e-01   4.69582645e-01
 3234.1907077819   1.66815747e+00   3.74790472e-01   8.57039607e-04   8.95049823e-01   9.41495575e-01   4.67528732e-01
 3248.7683833702   1.68069055e+00   3.73038208e-01   8.62457701e-04   8.96352986e-01   9.42247320e-01   4.65469665e-01
 3263.4117658525   1.69336001e+00   3.71283451e-01   8.67951649e-04   8.97649499e-01   9.42994742e-01   4.63405468e-01
 3278.1211513935   1.70616795e+00   3.69526215e-01   8.73522834e-04   8.98939283e-01   9.43737806e-01   4.61336161e-01
 3292.8968374930   1.71911653e+00   3.67766512e-01   8.79172673e-04   9.00222259e-01   9.44476476e-01   4.59261768e-01
 3307.7391229920   1.73220791e+00   3.66004357e-01   8.84902613e-04   9.01498350e-01   9.45210716e-01   4.57182311e-01
 3322.6483080781   1.74544434e+00   3.64239764e-01   8.90714137e-04   9.02767478e-01   9.45940492e-01   4.55097814e-01
 3337.6246942920   1.75882809e+00   3.62472748e-01   8.96608759e-04   9.04029567e-01   9.46665770e-01   4.53008300e-01
 3352.6685845339   1.77236148e+00   3.60703324e-01   9.02588032e-04   9.05284541e-01   9.47386515e-01   4.50913796e-01
 3367.7802830689   1.78604687e+00   3.58931506e-01   9.08653541e-04   9.06532325e-01   9.48102694e-01   4.48814325e-01
 3382.9600955337   1.79988669e+00   3.57157311e-01   9.14806911e-04   9.07772844e-01   9.48814274e-01   4.46709913e-01
 3398.2083289426   1.81388339e+00   3.55380753e-01   9.21049804e-04   9.09006025e-01   9.49521221e-01   4.44600587e-01
 3413.5252916936   1.82803951e+00   3.53601849e-01   9.27383922e-04   9.10231796e-01   9.50223505e-01   4.42486374e-01
 3428.9112935751   1.84235760e+00   3.51820616e-01   9.33811006e-04   9.11450083e-01   9.50921093e-01   4.40367301e-01
 3444.3666457715   1.85684029e+00   3.50037069e-01   9.40332840e-04   9.12660816e-01   9.51613953e-01   4.38243396e-01
 3459.8916608699   1.87149026e+00   3.48251225e-01   9.46951250e-04   9.13863923e-01   9.52302056e-01   4.36114687e-01
 3475.4866528664   1.88631024e+00   3.46463102e-01   9.53668106e-04   9.15059337e-01   9.52985371e-01   4.33981204e-01
 3491.1519371724   1.90130303e+00   3.44672718e-01   9.60485323e-04   9.16246987e-01   9.53663869e-01   4.31842977e-01
 3506.8878306209   1.91647147e+00   3.42880090e-01   9.67404862e-04   9.17426806e-01   9.54337520e-01   4.29700037e-01
 3522.6946514731   1.93181848e+00   3.41085237e-01   9.74428734e-04   9.18598728e-01   9.55006295e-01   4.27552413e-01
 3538.5727194245   1.94734703e+00   3.39288176e-01   9.81558997e-04   9.19762685e-01   9.55670167e-01   4.25400138e-01
 3554.5223556119   1.96306017e+00   3.37488928e-01   9.88797760e-04   9.20918614e-01   9.56329108e-01   4.23243244e-01
 3570.5438826193   1.97896099e+00   3.35687511e-01   9.96147186e-04   9.22066449e-01   9.56983091e-01   4.21081763e-01
 3586.6376244848   1.99505266e+00   3.33883945e-01   1.00360949e-03   9.23206129e-01   9.57632089e-01   4.18915731e-01
 3602.8039067071   2.01133844e+00   3.32078251e-01   1.01118694e-03   9.24337591e-01   9.58276078e-01   4.16745180e-01
 3619.0430562520   2.02782162e+00   3.30270447e-01   1.01888187e-03   9.25460774e-01   9.58915032e-01   4.14570145e-01
 3635.3554015591   2.04450559e+00   3.28460556e-01   1.02669666e-03   9.26575618e-01   9.59548925e-01   4.12390663e-01
 3651.7412725484   2.06139382e+00   3.26648598e-01   1.03463376e-03   9.27682065e-01   9.60177736e-01   4.10206769e-01
 3668.2010006268   2.07848984e+00   3.24834595e-01   1.04269568e-03   9.28780057e-01   9.60801438e-01   4.08018499e-01
 3684.7349186952   2.09579725e+00   3.23018569e-01   1.05088499e-03   9.29869538e-01   9.61420012e-01   4.05825893e-01
 3701.3433611549   2.11331977e+00   3.21200542e-01   1.05920434e-03   9.30950452e-01   9.62033433e-01   4.03628987e-01
 3718.0266639145   2.13106117e+00   3.19380538e-01   1.06765643e-03   9.32022745e-01   9.62641681e-01   4.01427821e-01
 3734.7851643965   2.14902531e+00   3.17558578e-01   1.07624403e-03   9.33086363e-01   9.63244735e-01   3.99222434e-01
 3751.6192015446   2.16721615e+00   3.15734687e-01   1.08497001e-03   9.34141256e-01   9.63842575e-01   3.97012867e-01
 3768.5291158300   2.18563773e+00   3.13908889e-01   1.09383729e-03   9.35187373e-01   9.64435182e-01   3.94799160e-01
 3785.5152492586   2.20429418e+00   3.12081208e-01   1.10284886e-03   9.36224665e-01   9.65022537e-01   3.92581356e-01
 3802.5779453779   2.22318974e+00   3.10251670e-01   1.11200782e-03   9.37253083e-01   9.65604621e-01   3.90359496e-01
 3819.7175492837   2.24232874e+00   3.08420299e-01   1.12131733e-03   9.38272581e-01   9.66181418e-01   3.88133625e-01
 3836.9344076274   2.26171560e+00   3.06587122e-01   1.13078064e-03   9.39283113e-01   9.66752911e-01   3.85903786e-01
 3854.2288686231   2.28135487e+00   3.04752165e-01   1.14040109e-03   9.40284636e-01   9.67319084e-01   3.83670023e-01
 3871.6012820541   2.30125117e+00   3.02915455e-01   1.15018210e-03   9.41277107e-01   9.67879921e-01   3.81432383e-01
 3889.0519992803   2.32140927e+00   3.01077018e-01   1.16012720e-03   9.42260484e-01   9.68435410e-01   3.79190911e-01
 3906.5813732456   2.34183403e+00   2.99236883e-01   1.17024000e-03   9.43234727e-01   9.68985535e-01   3.76945655e-01
 3924.1897584845   2.36253043e+00   2.97395078e-01   1.18052422e-03   9.44199799e-01   9.69530284e-01   3.74696662e-01
 3941.8775111296   2.38350356e+00   2.95551632e-01   1.19098369e-03   9.45155661e-01   9.70069644e-01   3.72443981e-01
 3959.6449889188   2.40475865e+00   2.93706575e-01   1.20162232e-03   9.46102279e-01   9.70603605e-01   3.70187661e-01
 3977.4925512022   2.42630105e+00   2.91859935e-01   1.21244416e-03   9.47039618e-01   9.71132156e-01   3.67927753e-01
 3995.4205589499   2.44813623e+00   2.90011743e-01   1.22345335e-03   9.47967644e-01   9.71655286e-01   3.65664308e-01
 4013.4293747588   2.47026982e+00   2.88162031e-01   1.23465417e-03   9.48886328e-01   9.72172988e-01   3.63397376e-01
 4031.5193628604   2.49270756e+00   2.86310830e-01   1.24605099e-03   9.49795639e-01   9.72685251e-01   3.61127012e-01
 4049.6908891278   2.51545535e+00   2.84458171e-01   1.25764834e-03   9.50695548e-01   9.73192070e-01   3.58853268e-01
 4067.9443210830   2.53851923e+00   2.82604088e-01   1.26945086e-03   9.51586029e-01   9.73693437e-01   3.56576199e-01
 4086.2800279050   2.56190540e+00   2.80748613e-01   1.28146331e-03   9.52467058e-01   9.74189346e-01   3.54295860e-01
 4104.6983804365   2.58562020e+00   2.78891780e-01   1.29369064e-03   9.53338609e-01   9.74679793e-01   3.52012308e-01
 4123.1997511919   2.60967013e+00   2.77033624e-01   1.30613788e-03   9.54200661e-01   9.75164773e-01   3.49725598e-01
 4141.7845143644   2.63406189e+00   2.75174180e-01   1.31881025e-03   9.55053193e-01   9.75644283e-01   3.47435790e-01
 4160.4530458341   2.65880231e+00   2.73313482e-01   1.33171311e-03   9.55896187e-01   9.76118319e-01   3.45142941e-01
 4179.2057231753   2.68389841e+00   2.71451568e-01   1.34485199e-03   9.56729625e-01   9.76586881e-01   3.42847111e-01
 4198.0429256640   2.70935739e+00   2.69588474e-01   1.35823257e-03   9.57553491e-01   9.77049968e-01   3.40548361e-01
 4216.9650342858   2.73518665e+00   2.67724238e-01   1.37186070e-03   9.58367770e-01   9.77507579e-01   3.38246752e-01
 4235.9724317437   2.76139378e+00   2.65858897e-01   1.38574243e-03   9.59172452e-01   9.77959715e-01   3.35942347e-01
 4255.0655024654   2.78798654e+00   2.63992490e-01   1.39988397e-03   9.59967524e-01   9.78406378e-01   3.33635209e-01
 4274.2446326116   2.81497293e+00   2.62125058e-01   1.41429174e-03   9.60752976e-01   9.78847570e-01   3.31325402e-01
 4293.5102100835   2.84236116e+00   2.60256639e-01   1.42897233e-03   9.61528803e-01   9.79283295e-01   3.29012992e-01
 4312.8626245306   2.87015963e+00   2.58387275e-01   1.44393255e-03   9.62294997e-01   9.79713556e-01   3.26698044e-01
 4332.3022673588   2.89837700e+00   2.56517007e-01   1.45917944e-03   9.63051554e-01   9.80138360e-01   3.24380625e-01
 4351.8295317382   2.92702215e+00   2.54645877e-01   1.47472022e-03   9.63798471e-01   9.80557711e-01   3.22060805e-01
 4371.4448126111   2.95610419e+00   2.52773929e-01   1.49056237e-03   9.64535748e-01   9.80971617e-01   3.19738651e-01
 4391.1485066998   2.98563250e+00   2.50901206e-01   1.50671361e-03   9.65263385e-01   9.81380085e-01   3.17414234e-01
 4410.9410125149   3.01561671e+00   2.49027752e-01   1.52318187e-03   9.65981384e-01   9.81783123e-01   3.15087625e-01
 4430.8227303633   3.04606670e+00   2.47153612e-01   1.53997536e-03   9.66689749e-01   9.82180742e-01   3.12758897e-01
 4450.7940623560   3.07699265e+00   2.45278833e-01   1.55710257e-03   9.67388486e-01   9.82572951e-01   3.10428122e-01
 4470.8554124166   3.10840502e+00   2.43403461e-01   1.57457223e-03   9.68077602e-01   9.82959762e-01   3.08095375e-01
 4491.0071862894   3.14031454e+00   2.41527543e-01   1.59239338e-03   9.68757106e-01   9.83341186e-01   3.05760730e-01
 4511.2497915474   3.17273228e+00   2.39651129e-01   1.61057535e-03   9.69427009e-01   9.83717237e-01   3.03424265e-01
 4531.5836376008   3.20566960e+00   2.37774266e-01   1.62912778e-03   9.70087323e-01   9.84087927e-01   3.01086057e-01
 4552.0091357050   3.23913819e+00   2.35897004e-01   1.64806063e-03   9.70738062e-01   9.84453273e-01   2.98746183e-01
 4572.5266989693   3.27315008e+00   2.34019396e-01   1.66738418e-03   9.71379241e-01   9.84813288e-01   2.96404724e-01
 4593.1367423648   3.30771766e+00   2.32141491e-01   1.68710909e-03   9.72010879e-01   9.85167991e-01   2.94061761e-01
 4613.8396827332   3.34285367e+00   2.30263342e-01   1.70724634e-03   9.72632993e-01   9.85517397e-01   2.91717375e-01
 4634.6359387950   3.37857121e+00   2.28385003e-01   1.72780733e-03   9.73245605e-01   9.85861525e-01   2.89371649e-01
 4655.5259311580   3.41488380e+00   2.26506528e-01   1.74880381e-03   9.73848736e-01   9.86200394e-01   2.87024667e-01
 4676.5100823258   3.45180533e+00   2.24627971e-01   1.77024796e-03   9.74442411e-01   9.86534024e-01   2.84676514e-01
 4697.5888167065   3.48935013e+00   2.22749389e-01   1.79215238e-03   9.75026655e-01   9.86862435e-01   2.82327278e-01
 4718.7625606211   3.52753294e+00   2.20870839e-01   1.81453010e-03   9.75601495e-01   9.87185649e-01   2.79977044e-01
 4740.0317423121   3.56636898e+00   2.18992378e-01   1.83739464e-03   9.76166960e-01   9.87503689e-01   2.77625902e-01
 4761.3967919524   3.60587389e+00   2.17114064e-01   1.86075996e-03   9.76723081e-01   9.87816577e-01   2.75273943e-01
 4782.8581416538   3.64606382e+00   2.15235959e-01   1.88464054e-03   9.77269888e-01   9.88124337e-01   2.72921256e-01
 4804.4162254756   3.68695541e+00   2.13358121e-01   1.90905140e-03   9.77807416e-01   9.88426995e-01   2.70567934e-01
 4826.0714794339   3.72856583e+00   2.11480613e-01   1.93400806e-03   9.78335699e-01   9.88724577e-01   2.68214072e-01
 4847.8243415098   3.77091277e+00   2.09603497e-01   1.95952664e-03   9.78854774e-01   9.89017108e-01   2.65859763e-01
 4869.6752516586   3.81401448e+00   2.07726837e-01   1.98562385e-03   9.79364679e-01   9.89304616e-01   2.63505104e-01
 4891.6246518188   3.85788979e+00   2.05850697e-01   2.01231700e-03   9.79865455e-01   9.89587129e-01   2.61150192e-01
 4913.6729859206   3.90255815e+00   2.03975143e-01   2.03962406e-03   9.80357140e-01   9.89864678e-01   2.58795125e-01
 4935.8206998955   3.94803960e+00   2.02100242e-01   2.06756366e-03   9.80839780e-01   9.90137290e-01   2.56440004e-01
 4958.0682416847   3.99435487e+00   2.00226060e-01   2.09615516e-03   9.81313416e-01   9.90404997e-01   2.54084930e-01
 4980.4160612484   4.04152533e+00   1.98352668e-01   2.12541863e-03   9.81778095e-01   9.90667830e-01   2.51730005e-01
 5002.8646105752   4.08957307e+00   1.96480134e-01   2.15537492e-03   9.82233864e-01   9.90925821e-01   2.49375334e-01
 5025.4143436909   4.13852090e+00   1.94608530e-01   2.18604569e-03   9.82680771e-01   9.91179004e-01   2.47021020e-01
 5048.0657166675   4.18839241e+00   1.92737928e-01   2.21745342e-03   9.83118865e-01   9.91427412e-01   2.44667172e-01
 5070.8191876329   4.23921195e+00   1.90868400e-01   2.24962149e-03   9.83548197e-01   9.91671079e-01   2.42313896e-01
 5093.6752167801   4.29100471e+00   1.89000021e-01   2.28257420e-03   9.83968819e-01   9.91910041e-01   2.39961302e-01
 5116.6342663761   4.34379674e+00   1.87132866e-01   2.31633682e-03   9.84380785e-01   9.92144333e-01   2.37609500e-01
 5139.6968007715   4.39761497e+00   1.85267013e-01   2.35093561e-03   9.84784151e-01   9.92373993e-01   2.35258604e-01
 5162.8632864101   4.45248727e+00   1.83402537e-01   2.38639791e-03   9.85178970e-01   9.92599057e-01   2.32908726e-01
 5186.1341918379   4.50844246e+00   1.81539520e-01   2.42275217e-03   9.85565302e-01   9.92819563e-01   2.30559981e-01
 5209.5099877131   4.56551040e+00   1.79678040e-01   2.46002799e-03   9.85943203e-01   9.93035551e-01   2.28212486e-01
 5232.9911468149   4.62372197e+00   1.77818179e-01   2.49825620e-03   9.86312734e-01   9.93247060e-01   2.25866358e-01
 5256.5781440540   4.68310917e+00   1.75960019e-01   2.53746892e-03   9.86673955e-01   9.93454130e-01   2.23521717e-01
 5280.2714564813   4.74370513e+00   1.74103645e-01   2.57769959e-03   9.87026927e-01   9.93656801e-01   2.21178684e-01
 5304.0715632981   4.80554417e+00   1.72249142e-01   2.61898309e-03   9.87371714e-01   9.93855115e-01   2.18837382e-01
 5327.9789458656   4.86866189e+00   1.70396595e-01   2.66135578e-03   9.87708378e-01   9.94049114e-01   2.16497933e-01
 5351.9940877148   4.93309515e+00   1.68546092e-01   2.70485555e-03   9.88036985e-01   9.94238841e-01   2.14160464e-01
 5376.1174745558   4.99888219e+00   1.66697723e-01   2.74952198e-03   9.88357599e-01   9.94424338e-01   2.11825101e-01
 5400.3495942884   5.06606269e+00   1.64851577e-01   2.79539632e-03   9.88670287e-01   9.94605650e-01   2.09491973e-01
 5424.6909370113   5.13467778e+00   1.63007746e-01   2.84252166e-03   9.88975115e-01   9.94782822e-01   2.07161210e-01
 5449.1419950323   5.20477018e+00   1.61166324e-01   2.89094302e-03   9.89272152e-01   9.94955897e-01   2.04832945e-01
 5473.7032628782   5.27638420e+00   1.59327404e-01   2.94070737e-03   9.89561467e-01   9.95124921e-01   2.02507309e-01
 5498.3752373048   5.34956588e+00   1.57491082e-01   2.99186386e-03   9.89843127e-01   9.95289941e-01   2.00184439e-01
 5523.1584173071   5.42436303e+00   1.55657455e-01   3.04446383e-03   9.90117204e-01   9.95451003e-01   1.97864471e-01
 5548.0533041290   5.50082533e+00   1.53826622e-01   3.09856099e-03   9.90383766e-01   9.95608154e-01   1.95547544e-01
 5573.0604012739   5.57900440e+00   1.51998682e-01   3.15421152e-03   9.90642886e-01   9.95761441e-01   1.93233796e-01
 5598.1802145145   5.65895392e+00   1.50173738e-01   3.21147421e-03   9.90894635e-01   9.95910913e-01   1.90923371e-01
 5623.4132519035   5.74072971e+00   1.48351891e-01   3.27041064e-03   9.91139083e-01   9.96056617e-01   1.88616411e-01
 5648.7600237832   5.82438985e+00   1.46533246e-01   3.33108527e-03   9.91376303e-01   9.96198603e-01   1.86313062e-01
 5674.2210427964   5.90999477e+00   1.44717910e-01   3.39356567e-03   9.91606367e-01   9.96336919e-01   1.84013471e-01
 5699.7968238966   5.99760740e+00   1.42905988e-01   3.45792265e-03   9.91829348e-01   9.96471616e-01   1.81717786e-01
 5725.4878843584   6.08729324e+00   1.41097591e-01   3.52423048e-03   9.92045319e-01   9.96602743e-01   1.79426158e-01
 5751.2947437877   6.17912054e+00   1.39292828e-01   3.59256705e-03   9.92254350e-01   9.96730351e-01   1.77138739e-01
 5777.2179241327   6.27316045e+00   1.37491811e-01   3.66301415e-03   9.92456517e-01   9.96854490e-01   1.74855683e-01
 5803.2579496942   6.36948710e+00   1.35694654e-01   3.73565762e-03   9.92651890e-01   9.96975211e-01   1.72577147e-01
 5829.4153471361   6.46817781e+00   1.33901472e-01   3.81058763e-03   9.92840542e-01   9.97092565e-01   1.70303287e-01
 5855.6906454962   6.56931327e+00   1.32112381e-01   3.88789897e-03   9.93022545e-01   9.97206605e-01   1.68034265e-01
 5882.0843761969   6.67297765e+00   1.30327501e-01   3.96769127e-03   9.93197971e-01   9.97317381e-01   1.65770241e-01
 5908.5970730559   6.77925887e+00   1.28546950e-01   4.05006936e-03   9.93366892e-01   9.97424946e-01   1.63511379e-01
 5935.2292722970   6.88824872e+00   1.26770851e-01   4.13514351e-03   9.93529378e-01   9.97529352e-01   1.61257845e-01
 5961.9815125610   7.00004313e+00   1.24999326e-01   4.22302988e-03   9.93685499e-01   9.97630652e-01   1.59009806e-01
 5988.8543349164   7.11474237e+00   1.23232501e-01   4.31385079e-03   9.93835325e-01   9.97728897e-01   1.56767431e-01
 6015.8482828708   7.23245130e+00   1.21470503e-01   4.40773516e-03   9.93978924e-01   9.97824141e-01   1.54530892e-01
 6042.9639023813   7.35327961e+00   1.19713460e-01   4.50481894e-03   9.94116365e-01   9.97916437e-01   1.52300363e-01
 6070.2017418659   7.47734211e+00   1.17961501e-01   4.60524555e-03   9.94247714e-01   9.98005837e-01   1.50076019e-01
 6097.5623522146   7.60475903e+00   1.16214759e-01   4.70916638e-03   9.94373037e-01   9.98092394e-01   1.47858036e-01
 6125.0462868003   7.73565629e+00   1.14473368e-01   4.81674129e-03   9.94492398e-01   9.98176162e-01   1.45646596e-01
 6152.6541014904   7.87016588e+00   1.12737463e-01   4.92813924e-03   9.94605861e-01   9.98257195e-01   1.43441880e-01
 6180.3863546575   8.00842616e+00   1.11007182e-01   5.04353883e-03   9.94713486e-01   9.98335544e-01   1.41244072e-01
 6208.2436071912   8.15058232e+00   1.09282663e-01   5.16312902e-03   9.94815334e-01   9.98411263e-01   1.39053357e-01
 6236.2264225093   8.29678669e+00   1.07564047e-01   5.28710980e-03   9.94911463e-01   9.98484405e-01   1.36869925e-01
 6264.3353665688   8.44719925e+00   1.05851478e-01   5.41569301e-03   9.95001929e-01   9.98555024e-01   1.34693964e-01
 6292.5710078781   8.60198805e+00   1.04145099e-01   5.54910311e-03   9.95086786e-01   9.98623172e-01   1.32525669e-01
 6320.9339175077   8.76132975e+00   1.02445059e-01   5.68757815e-03   9.95166086e-01   9.98688902e-01   1.30365233e-01
 6349.4246691023   8.92541010e+00   1.00751504e-01   5.83137069e-03   9.95239878e-01   9.98752268e-01   1.28212855e-01
 6378.0438388922   9.09442458e+00   9.90645868e-02   5.98074891e-03   9.95308209e-01   9.98813321e-01   1.26068733e-01
 6406.7920057050   9.26857896e+00   9.73844583e-02   6.13599770e-03   9.95371122e-01   9.98872115e-01   1.23933069e-01
 6435.6697509773   9.44809001e+00   9.57112735e-02   6.29741997e-03   9.95428660e-01   9.98928700e-01   1.21806067e-01
 6464.6776587664   9.63318618e+00   9.40451886e-02   6.46533796e-03   9.95480858e-01   9.98983131e-01   1.19687933e-01
 6493.8163157621   9.82410840e+00   9.23863623e-02   6.64009476e-03   9.95527752e-01   9.99035458e-01   1.17578877e-01
 6523.0863112988   1.00211109e+01   9.07349548e-02   6.82205585e-03   9.95569372e-01   9.99085733e-01   1.15479109e-01
 6552.4882373671   1.02244621e+01   8.90911288e-02   7.01161092e-03   9.95605744e-01   9.99134008e-01   1.13388843e-01
 6582.0226886260   1.04344456e+01   8.74550488e-02   7.20917573e-03   9.95636889e-01   9.99180333e-01   1.11308296e-01
 6611.6902624148   1.06513612e+01   8.58268816e-02   7.41519424e-03   9.95662826e-01   9.99224760e-01   1.09237685e-01
 6641.4915587652   1.08755261e+01   8.42067958e-02   7.63014083e-03   9.95683567e-01   9.99267338e-01   1.07177231e-01
 6671.4271804135   1.11072759e+01   8.25949625e-02   7.85452286e-03   9.95699119e-01   9.99308117e-01   1.05127159e-01
 6701.4977328127   1.13469664e+01   8.09915546e-02   8.08888335e-03   9.95709484e-01   9.99347148e-01   1.03087694e-01
 6731.7038241450   1.15949744e+01   7.93967474e-02   8.33380401e-03   9.95714658e-01   9.99384480e-01   1.01059066e-01
 6762.0460653335   1.18516999e+01   7.78107184e-02   8.58990852e-03   9.95714629e-01   9.99420160e-01   9.90415043e-02
 6792.5250700555   1.21175673e+01   7.62336471e-02   8.85786614e-03   9.95709380e-01   9.99454239e-01   9.70352443e-02
 6823.1414547538   1.23930278e+01   7.46657154e-02   9.13839569e-03   9.95698885e-01   9.99486762e-01   9.50405224e-02
 6853.8958386501   1.26785606e+01   7.31071074e-02   9.43226995e-03   9.95683111e-01   9.99517779e-01   9.30575776e-02
 6884.7888437570   1.29746760e+01   7.15580095e-02   9.74032046e-03   9.95662017e-01   9.99547335e-01   9.10866522e-02
 6915.8210948909   1.32819173e+01   7.00186103e-02   1.00634429e-02   9.95635552e-01   9.99575477e-01   8.91279909e-02
 6946.9932196843   1.36008633e+01   6.84891008e-02   1.04026031e-02   9.95603655e-01   9.99602251e-01   8.71818411e-02
 6978.3058485987   1.39321318e+01   6.69696742e-02   1.07588432e-02   9.95566254e-01   9.99627701e-01   8.52484533e-02
 7009.7596149373   1.42763819e+01   6.54605263e-02   1.11332895e-02   9.95523267e-01   9.99651873e-01   8.33280807e-02
 7041.3551548581   1.46343183e+01   6.39618549e-02   1.15271599e-02   9.95474598e-01   9.99674811e-01   8.14209792e-02
 7073.0931073861   1.50066945e+01   6.24738605e-02   1.19417735e-02   9.95420140e-01   9.99696558e-01   7.95274078e-02
 7104.9741144268   1.53943172e+01   6.09967459e-02   1.23785599e-02   9.95359770e-01   9.99717156e-01   7.76476283e-02
 7136.9988207790   1.57980508e+01   5.95307164e-02   1.28390710e-02   9.95293348e-01   9.99736648e-01   7.57819055e-02
 7169.1678741479   1.62188228e+01   5.80759796e-02   1.33249928e-02   9.95220722e-01   9.99755074e-01   7.39305072e-02
 7201.4819251581   1.66576288e+01   5.66327457e-02   1.38381601e-02   9.95141717e-01   9.99772476e-01   7.20937042e-02
 7233.9416273667   1.71155392e+01   5.52012274e-02   1.43805713e-02   9.95056140e-01   9.99788894e-01   7.02717702e-02
 7266.5476372768   1.75937060e+01   5.37816399e-02   1.49544065e-02   9.94963778e-01   9.99804367e-01   6.84649822e-02
 7299.3006143504   1.80933701e+01   5.23742008e-02   1.55620470e-02   9.94864393e-01   9.99818932e-01   6.66736202e-02
 7332.2012210221   1.86158700e+01   5.09791305e-02   1.62060977e-02   9.94757722e-01   9.99832629e-01   6.48979672e-02
 7365.2501227123   1.91626513e+01   4.95966519e-02   1.68894120e-02   9.94643475e-01   9.99845494e-01   6.31383095e-02
 7398.4479878406   1.97352769e+01   4.82269904e-02   1.76151203e-02   9.94521330e-01   9.99857562e-01   6.13949366e-02
 7431.7954878395   2.03354388e+01   4.68703742e-02   1.83866622e-02   9.94390935e-01   9.99868870e-01   5.96681412e-02
 7465.2932971678   2.09649715e+01   4.55270339e-02   1.92078233e-02   9.94251898e-01   9.99879452e-01   5.79582193e-02
 7498.9420933245   2.16258661e+01   4.41972031e-02   2.00827763e-02   9.94103790e-01   9.99889341e-01   5.62654700e-02
 7532.7425568623   2.23202876e+01   4.28811179e-02   2.10161291e-02   9.93946137e-01   9.99898571e-01   5.45901961e-02
 7566.6953714011   2.30505926e+01   4.15790171e-02   2.20129790e-02   9.93778415e-01   9.99907174e-01   5.29327033e-02
 7600.8012236426   2.38193508e+01   4.02911424e-02   2.30789748e-02   9.93600050e-01   9.99915181e-01   5.12933011e-02
 7635.0608033833   2.46293688e+01   3.90177382e-02   2.42203888e-02   9.93410407e-01   9.99922621e-01   4.96723021e-02
 7669.4748035291   2.54837161e+01   3.77590515e-02   2.54441987e-02   9.93208784e-01   9.99929526e-01   4.80700226e-02
 7704.0439201091   2.63857565e+01   3.65153324e-02   2.67581837e-02   9.92994408e-01   9.99935922e-01   4.64867823e-02
 7738.7688522894   2.73391820e+01   3.52868337e-02   2.81710344e-02   9.92766424e-01   9.99941839e-01   4.49229043e-02
 7773.6503023877   2.83480527e+01   3.40738110e-02   2.96924813e-02   9.92523888e-01   9.99947304e-01   4.33787155e-02
 7808.6889758874   2.94168418e+01   3.28765230e-02   3.13334441e-02   9.92265753e-01   9.99952341e-01   4.18545461e-02
 7843.8855814515   3.05504877e+01   3.16952311e-02   3.31062070e-02   9.91990857e-01   9.99956976e-01   4.03507303e-02
 7879.2408309375   3.17544532e+01   3.05301998e-02   3.50246230e-02   9.91697914e-01   9.99961234e-01   3.88676056e-02
 7914.7554394112   3.30347946e+01   2.93816963e-02   3.71043556e-02   9.91385491e-01   9.99965139e-01   3.74055133e-02
 7950.4301251616   3.43982412e+01   2.82499911e-02   3.93631632e-02   9.91051994e-01   9.99968711e-01   3.59647986e-02
 7986.2656097153   3.58522876e+01   2.71353575e-02   4.18212370e-02   9.90695643e-01   9.99971975e-01   3.45458102e-02
 8022.2626178512   3.74053014e+01   2.60380719e-02   4.45016024e-02   9.90314450e-01   9.99974949e-01   3.31489008e-02
 8058.4218776148   3.90666488e+01   2.49584138e-02   4.74305989e-02   9.89906187e-01   9.99977654e-01   3.17744269e-02
 8094.7441203333   4.08468425e+01   2.38966656e-02   5.06384555e-02   9.89468354e-01   9.99980110e-01   3.04227486e-02
 8131.2300806304   4.27577149e+01   2.28531129e-02   5.41599847e-02   9.88998138e-01   9.99982334e-01   2.90942303e-02
 8167.8804964406   4.48126240e+01   2.18280446e-02   5.80354217e-02   9.88492365e-01   9.99984345e-01   2.77892401e-02
 8204.6961090250   4.70266971e+01   2.08217525e-02   6.23114467e-02   9.87947444e-01   9.99986158e-01   2.65081500e-02
 8241.6776629855   4.94171220e+01   1.98345316e-02   6.70424336e-02   9.87359304e-01   9.99987790e-01   2.52513362e-02
 8278.8259062805   5.20034955e+01   1.88666802e-02   7.22919872e-02   9.86723311e-01   9.99989256e-01   2.40191786e-02
 8316.1415902394   5.48082436e+01   1.79184998e-02   7.81348429e-02   9.86034175e-01   9.99990570e-01   2.28120616e-02
 8353.6254695782   5.78571299e+01   1.69902950e-02   8.46592309e-02   9.85285839e-01   9.99991746e-01   2.16303732e-02
 8391.2783024150   6.11798754e+01   1.60823738e-02   9.19698382e-02   9.84471335e-01   9.99992797e-01   2.04745059e-02
 8429.1008502846   6.48109167e+01   1.51950474e-02   1.00191543e-01   9.83582624e-01   9.99993736e-01   1.93448561e-02
 8467.0938781544   6.87903410e+01   1.43286304e-02   1.09474157e-01   9.82610388e-01   9.99994573e-01   1.82418244e-02
 8505.2581544400   7.31650474e+01   1.34834405e-02   1.19998504e-01   9.81543778e-01   9.99995322e-01   1.71658157e-02
 8543.5944510203   7.79901967e+01   1.26597988e-02   1.31984258e-01   9.80370106e-01   9.99995992e-01   1.61172391e-02
 8582.1035432534   8.33310397e+01   1.18580300e-02   1.45700162e-01   9.79074455e-01   9.99996595e-01   1.50965077e-02
 8620.7862099924   8.92652385e+01   1.10784618e-02   1.61477465e-01   9.77639193e-01   9.99997140e-01   1.41040392e-02
 8659.6432336006   9.58858414e+01   1.03214256e-02   1.79727782e-01   9.76043359e-01   9.99997639e-01   1.31402554e-02
 8698.6753999682   1.03305134e+02   9.58725579e-03   2.00967102e-01   9.74261875e-01   9.99998103e-01   1.22055823e-02
 8737.8834985272   1.11659674e+02   8.87629057e-03   2.25848447e-01   9.72264541e-01   9.99998544e-01   1.13004505e-02
 8777.2683222681   1.21116951e+02   8.18887136e-03   2.55206908e-01   9.70014722e-01   9.99998976e-01   1.04252946e-02
 8816.8306677557   1.31884308e+02   7.52534305e-03   2.90122637e-01   9.67467623e-01   9.99999416e-01   9.58055394e-03
 8856.5713351452   1.44221052e+02   6.88605397e-03   3.32010401e-01   9.64568010e-01   9.99999882e-01   8.76667192e-03
 8896.4911281983   1.58455149e+02   6.27135595e-03   3.82749122e-01   9.61247142e-01   1.00000000e+00   7.98409661e-03
 8936.5908542997   1.75006626e+02   5.68160428e-03   4.44872997e-01   9.57418592e-01   1.00000000e+00   7.23328062e-03
 8976.8713244731   1.94420983e+02   5.11715777e-03   5.21859666e-01   9.52972489e-01   1.00000000e+00   6.51468077e-03
 9017.3333533980   2.17417927e+02   4.57837878e-03   6.18575547e-01   9.47767432e-01   1.00000000e+00   5.82875837e-03
 9057.9777594256   2.44964145e+02   4.06563323e-03   7.41983478e-01   9.41618955e-01   1.00000000e+00   5.17597928e-03
 9098.8053645962   2.78384967e+02   3.57929065e-03   9.02303630e-01   9.34282742e-01   1.00000000e+00   4.55681397e-03
 9139.8169946549   3.19541149e+02   3.11972426e-03   1.11498952e+00   9.25429676e-01   1.00000000e+00   3.97173755e-03
 9181.0134790689   3.71119195e+02   2.68731099e-03   1.40423976e+00   9.14607831e-01   1.00000000e+00   3.42122991e-03
 9222.3956510442   4.37129241e+02   2.28243155e-03   1.80956714e+00   9.01182982e-01   1.00000000e+00   2.90577574e-03
 9263.9643475422   5.23804750e+02   1.90547056e-03   2.39887183e+00   8.84242517e-01   1.00000000e+00   2.42586470e-03
 9305.7204092970   6.41336408e+02   1.55681663e-03   3.29652568e+00   8.62434561e-01   1.00000000e+00   1.98199153e-03
 9347.6646808319   8.07497337e+02   1.23686245e-03   4.74985367e+00   8.33687072e-01   1.00000000e+00   1.57465617e-03
 9389.7980104769   1.05607689e+03   9.46004974e-04   7.30796902e+00   7.94692406e-01   1.00000000e+00   1.20436396e-03
 9432.1212503860   1.45960990e+03   6.84645501e-04   1.23961628e+01   7.39903498e-01   1.00000000e+00   8.71625829e-04
 9474.6352565538   2.20558066e+03   4.53189870e-04   2.47242401e+01   6.59430769e-01   1.00000000e+00   5.76958433e-04
 9517.3408888332   3.16127766e+03   3.16227766e-04   4.58964208e+01   5.83116748e-01   1.00000000e+00   4.02591251e-04
 9560.2390109531   3.16127766e+03   3.16227766e-04   4.58964208e+01   5.83116748e-01   1.00000000e+00   4.02591251e-04
 9603.3304905352   3.16127766e+03   3.16227766e-04   4.58964208e+01   5.83116748e-01   1.00000000e+00   4.02591251e-04
 9646.6161991120   3.16127766e+03   3.16227766e-04   4.58964208e+01   5.83116748e-01   1.00000000e+00   4.02591251e-04
 9690.0970121444   3.16127766e+03   3.16227766e-04   4.58964208e+01   5.83116748e-01   1.00000000e+00   4.02591251e-04
 9733.7738090392   3.16127766e+03   3.16227766e-04   4.58964208e+01   5.83116748e-01   1.00000000e+00   4.02591251e-04
 9777.6474731671   3.16127766e+03   3.16227766e-04   4.58964208e+01   5.83116748e-01   1.00000000e+00   4.02591251e-04
 9821.7188918804   3.16127766e+03   3.16227766e-04   4.58964208e+01   5.83116748e-01   1.00000000e+00   4.02591251e-04
 9865.9889565310   3.16127766e+03   3.16227766e-04   4.58964208e+01   5.83116748e-01   1.00000000e+00   4.02591251e-04
 9910.4585624886   3.16127766e+03   3.16227766e-04   4.58964208e+01   5.83116748e-01   1.00000000e+00   4.02591251e-04
 9955.1286091585   3.16127766e+03   3.16227766e-04   4.58964208e+01   5.83116748e-01   1.00000000e+00   4.02591251e-04
10000.0000000000   3.16127766e+03   3.16227766e-04   4.58964208e+01   5.83116748e-01   1.00000000e+00   4.02591251e-04
10045.0736425446   3.16127766e+03   3.16227766e-04   4.58964208e+01   5.83116748e-01   1.00000000e+00   4.02591251e-04
10090.3504484145   3.16127766e+03   3.16227766e-04   4.58964208e+01   5.83116748e-01   1.00000000e+00   4.02591251e-04
10135.8313333406   3.16127766e+03   3.16227766e-04   4.58964208e+01   5.83116748e-01   1.00000000e+00   4.02591251e-04
10181.5172171818   3.16127766e+03   3.16227766e-04   4.58964208e+01   5.83116748e-01   1.00000000e+00   4.02591251e-04
10227.4090239427   3.16127766e+03   3.16227766e-04   4.58964208e+01   5.83116748e-01   1.00000000e+00   4.02591251e-04
10273.5076817930   3.16127766e+03   3.16227766e-04   4.58964208e+01   5.83116748e-01   1.00000000e+00   4.02591251e-04
10319.8141230859   3.16127766e+03   3.16227766e-04   4.58964208e+01   5.83116748e-01   1.00000000e+00   4.02591251e-04
10366.3292843770   3.16127766e+03   3.16227766e-04   4.58964208e+01   5.83116748e-01   1.00000000e+00   4.02591251e-04
10413.0541064433   3.16127766e+03   3.16227766e-04   4.58964208e+01   5.83116748e-01   1.00000000e+00   4.02591251e-04
10459.9895343025   3.16127766e+03   3.16227766e-04   4.58964208e+01   5.83116748e-01   1.00000000e+00   4.02591251e-04
10507.1365172315   3.16127766e+03   3.16227766e-04   4.58964208e+01   5.83116748e-01   1.00000000e+00   4.02591251e-04
10554.4960087860   3.16127766e+03   3.16227766e-04   4.58964208e+01   5.83116748e-01   1.00000000e+00   4.02591251e-04
10602.0689668199   3.16127766e+03   3.16227766e-04   4.58964208e+01   5.83116748e-01   1.00000000e+00   4.02591251e-04
10649.8563535043   3.16127766e+03   3.16227766e-04   4.58964208e+01   5.83116748e-01   1.00000000e+00   4.02591251e-04
10697.8591353472   3.16127766e+03   3.16227766e-04   4.58964208e+01   5.83116748e-01   1.00000000e+00   4.02591251e-04
10746.0782832131   3.16127766e+03   3.16227766e-04   4.58964208e+01   5.83116748e-01   1.00000000e+00   4.02591251e-04
10794.5147723426   3.16127766e+03   3.16227766e-04   4.58964208e+01   5.83116748e-01   1.00000000e+00   4.02591251e-04
10843.1695823717   3.16127766e+03   3.16227766e-04   4.58964208e+01   5.83116748e-01   1.00000000e+00   4.02591251e-04
10892.0436973523   3.16127766e+03   3.16227766e-04   4.58964208e+01   5.83116748e-01   1.00000000e+00   4.02591251e-04
10941.1381057719   3.16127766e+03   3.16227766e-04   4.58964208e+01   5.83116748e-01   1.00000000e+00   4.02591251e-04
10990.4538005729   3.16127766e+03   3.16227766e-04   4.58964208e+01   5.83116748e-01   1.00000000e+00   4.02591251e-04
11039.9917791739   3.16127766e+03   3.16227766e-04   4.58964208e+01   5.83116748e-01   1.00000000e+00   4.02591251e-04
11089.7530434890   3.16127766e+03   3.16227766e-04   4.58964208e+01   5.83116748e-01   1.00000000e+00   4.02591251e-04
11139.7385999480   3.16127766e+03   3.16227766e-04   4.58964208e+01   5.83116748e-01   1.00000000e+00   4.02591251e-04
11189.9494595175   3.16127766e+03   3.16227766e-04   4.58964208e+01   5.83116748e-01   1.00000000e+00   4.02591251e-04
11240.3866377206   3.16127766e+03   3.16227766e-04   4.58964208e+01   5.83116748e-01   1.00000000e+00   4.02591251e-04
11291.0511546577   3.16127766e+03   3.16227766e-04   4.58964208e+01   5.83116748e-01   1.00000000e+00   4.02591251e-04
11341.9440350275   3.16127766e+03   3.16227766e-04   4.58964208e+01   5.83116748e-01   1.00000000e+00   4.02591251e-04
11393.0663081472   3.16127766e+03   3.16227766e-04   4.58964208e+01   5.83116748e-01   1.00000000e+00   4.02591251e-04
11444.4190079732   3.16127766e+03   3.16227766e-04   4.58964208e+01   5.83116748e-01   1.00000000e+00   4.02591251e-04
11496.0031731228   3.16127766e+03   3.16227766e-04   4.58964208e+01   5.83116748e-01   1.00000000e+00   4.02591251e-04
11547.8198468946   3.16127766e+03   3.16227766e-04   4.58964208e+01   5.83116748e-01   1.00000000e+00   4.02591251e-04
11599.8700772894   3.16127766e+03   3.16227766e-04   4.58964208e+01   5.83116748e-01   1.00000000e+00   4.02591251e-04
11652.1549170322   3.16127766e+03   3.16227766e-04   4.58964208e+01   5.83116748e-01   1.00000000e+00   4.02591251e-04
11704.6754235927   3.16127766e+03   3.16227766e-04   4.58964208e+01   5.83116748e-01   1.00000000e+00   4.02591251e-04
11757.4326592071   3.16127766e+03   3.16227766e-04   4.58964208e+01   5.83116748e-01   1.00000000e+00   4.02591251e-04
11810.4276908994   3.16127766e+03   3.16227766e-04   4.58964208e+01   5.83116748e-01   1.00000000e+00   4.02591251e-04
11863.6615905033   3.16127766e+03   3.16227766e-04   4.58964208e+01   5.83116748e-01   1.00000000e+00   4.02591251e-04
11917.1354346834   3.16127766e+03   3.16227766e-04   4.58964208e+01   5.83116748e-01   1.00000000e+00   4.02591251e-04
11970.8503049573   3.16127766e+03   3.16227766e-04   4.58964208e+01   5.83116748e-01   1.00000000e+00   4.02591251e-04
12024.8072877174   3.16127766e+03   3.16227766e-04   4.58964208e+01   5.83116748e-01   1.00000000e+00   4.02591251e-04
12079.0074742528   3.16127766e+03   3.16227766e-04   4.58964208e+01   5.83116748e-01   1.00000000e+00   4.02591251e-04
12133.4519607717   3.16127766e+03   3.16227766e-04   4.58964208e+01   5.83116748e-01   1.00000000e+00   4.02591251e-04
12188.1418484229   3.16127766e+03   3.16227766e-04   4.58964208e+01   5.83116748e-01   1.00000000e+00   4.02591251e-04
12243.0782433188   3.16127766e+03   3.16227766e-04   4.58964208e+01   5.83116748e-01   1.00000000e+00   4.02591251e-04
12298.2622565573   3.16127766e+03   3.16227766e-04   4.58964208e+01   5.83116748e-01   1.00000000e+00   4.02591251e-04
12353.6950042445   3.16127766e+03   3.16227766e-04   4.58964208e+01   5.83116748e-01   1.00000000e+00   4.02591251e-04
12409.3776075172   3.16127766e+03   3.16227766e-04   4.58964208e+01   5.83116748e-01   1.00000000e+00   4.02591251e-04
12465.3111925654   3.16127766e+03   3.16227766e-04   4.58964208e+01   5.83116748e-01   1.00000000e+00   4.02591251e-04
12521.4968906555   3.16127766e+03   3.16227766e-04   4.58964208e+01   5.83116748e-01   1.00000000e+00   4.02591251e-04
12577.9358381529   3.16127766e+03   3.16227766e-04   4.58964208e+01   5.83116748e-01   1.00000000e+00   4.02591251e-04
12634.6291765447   3.16127766e+03   3.16227766e-04   4.58964208e+01   5.83116748e-01   1.00000000e+00   4.02591251e-04
12691.5780524634   3.16127766e+03   3.16227766e-04   4.58964208e+01   5.83116748e-01   1.00000000e+00   4.02591251e-04
12748.7836177098   3.16127766e+03   3.16227766e-04   4.58964208e+01   5.83116748e-01   1.00000000e+00   4.02591251e-04
12806.2470292762   3.16127766e+03   3.16227766e-04   4.58964208e+01   5.83116748e-01   1.00000000e+00   4.02591251e-04
12863.9694493697   3.16127766e+03   3.16227766e-04   4.58964208e+01   5.83116748e-01   1.00000000e+00   4.02591251e-04
12921.9520454363   3.16127766e+03   3.16227766e-04   4.58964208e+01   5.83116748e-01   1.00000000e+00   4.02591251e-04
12980.1959901838   3.16127766e+03   3.16227766e-04   4.58964208e+01   5.83116748e-01   1.00000000e+00   4.02591251e-04
13038.7024616059   3.16127766e+03   3.16227766e-04   4.58964208e+01   5.83116748e-01   1.00000000e+00   4.02591251e-04
13097.4726430059   3.16127766e+03   3.16227766e-04   4.58964208e+01   5.83116748e-01   1.00000000e+00   4.02591251e-04
13156.5077230208   3.16127766e+03   3.16227766e-04   4.58964208e+01   5.83116748e-01   1.00000000e+00   4.02591251e-04
13215.8088956451   3.16127766e+03   3.16227766e-04   4.58964208e+01   5.83116748e-01   1.00000000e+00   4.02591251e-04
13275.3773602551   3.16127766e+03   3.16227766e-04   4.58964208e+01   5.83116748e-01   1.00000000e+00   4.02591251e-04
13335.2143216332   3.16127766e+03   3.16227766e-04   4.58964208e+01   5.83116748e-01   1.00000000e+00   4.02591251e-04
13395.3209899921   3.16127766e+03   3.16227766e-04   4.58964208e+01   5.83116748e-01   1.00000000e+00   4.02591251e-04
13455.6985809995   3.16127766e+03   3.16227766e-04   4.58964208e+01   5.83116748e-01   1.00000000e+00   4.02591251e-04
13516.3483158023   3.16127766e+03   3.16227766e-04   4.58964208e+01   5.83116748e-01   1.00000000e+00   4.02591251e-04
13577.2714210518   3.16127766e+03   3.16227766e-04   4.58964208e+01   5.83116748e-01   1.00000000e+00   4.02591251e-04
13638.4691289282   3.16127766e+03   3.16227766e-04   4.58964208e+01   5.83116748e-01   1.00000000e+00   4.02591251e-04
13699.9426771655   3.16127766e+03   3.16227766e-04   4.58964208e+01   5.83116748e-01   1.00000000e+00   4.02591251e-04
13761.6933090768   3.16127766e+03   3.16227766e-04   4.58964208e+01   5.83116748e-01   1.00000000e+00   4.02591251e-04
13823.7222735790   3.16127766e+03   3.16227766e-04   4.58964208e+01   5.83116748e-01   1.00000000e+00   4.02591251e-04
13886.0308252185   3.16127766e+03   3.16227766e-04   4.58964208e+01   5.83116748e-01   1.00000000e+00   4.02591251e-04
13948.6202241965   3.16127766e+03   3.16227766e-04   4.58964208e+01   5.83116748e-01   1.00000000e+00   4.02591251e-04
14011.4917363941   3.16127766e+03   3.16227766e-04   4.58964208e+01   5.83116748e-01   1.00000000e+00   4.02591251e-04
14074.6466333984   3.16127766e+03   3.16227766e-04   4.58964208e+01   5.83116748e-01   1.00000000e+00   4.02591251e-04
14138.0861925280   3.16127766e+03   3.16227766e-04   4.58964208e+01   5.83116748e-01   1.00000000e+00   4.02591251e-04
14201.8116968587   3.16127766e+03   3.16227766e-04   4.58964208e+01   5.83116748e-01   1.00000000e+00   4.02591251e-04
14265.8244352497   3.16127766e+03   3.16227766e-04   4.58964208e+01   5.83116748e-01   1.00000000e+00   4.02591251e-04
14330.1257023696   3.16127766e+03   3.16227766e-04   4.58964208e+01   5.83116748e-01   1.00000000e+00   4.02591251e-04
14394.7167987224   3.16127766e+03   3.16227766e-04   4.58964208e+01   5.83116748e-01   1.00000000e+00   4.02591251e-04
14459.5990306741   3.16127766e+03   3.16227766e-04   4.58964208e+01   5.83116748e-01   1.00000000e+00   4.02591251e-04
14524.7737104788   3.16127766e+03   3.16227766e-04   4.58964208e+01   5.83116748e-01   1.00000000e+00   4.02591251e-04
14590.2421563056   3.16127766e+03   3.16227766e-04   4.58964208e+01   5.83116748e-01   1.00000000e+00   4.02591251e-04
14656.0056922648   3.16127766e+03   3.16227766e-04   4.58964208e+01   5.83116748e-01   1.00000000e+00   4.02591251e-04
14722.0656484354   3.16127766e+03   3.16227766e-04   4.58964208e+01   5.83116748e-01   1.00000000e+00   4.02591251e-04
14788.4233608910   3.16127766e+03   3.16227766e-04   4.58964208e+01   5.83116748e-01   1.00000000e+00   4.02591251e-04
14855.0801717277   3.16127766e+03   3.16227766e-04   4.58964208e+01   5.83116748e-01   1.00000000e+00   4.02591251e-04
14922.0374290910   3.16127766e+03   3.16227766e-04   4.58964208e+01   5.83116748e-01   1.00000000e+00   4.02591251e-04
14989.2964872026   3.16127766e+03   3.16227766e-04   4.58964208e+01   5.83116748e-01   1.00000000e+00   4.02591251e-04
15056.8587063885   3.16127766e+03   3.16227766e-04   4.58964208e+01   5.83116748e-01   1.00000000e+00   4.02591251e-04
15124.7254531062   3.16127766e+03   3.16227766e-04   4.58964208e+01   5.83116748e-01   1.00000000e+00   4.02591251e-04
15192.8980999721   3.16127766e+03   3.16227766e-04   4.58964208e+01   5.83116748e-01   1.00000000e+00   4.02591251e-04
15261.3780257896   3.16127766e+03   3.16227766e-04   4.58964208e+01   5.83116748e-01   1.00000000e+00   4.02591251e-04
15330.1666155769   3.16127766e+03   3.16227766e-04   4.58964208e+01   5.83116748e-01   1.00000000e+00   4.02591251e-04
15399.2652605949   3.16127766e+03   3.16227766e-04   4.58964208e+01   5.83116748e-01   1.00000000e+00   4.02591251e-04
15468.6753583755   3.16127766e+03   3.16227766e-04   4.58964208e+01   5.83116748e-01   1.00000000e+00   4.02591251e-04
15538.3983127497   3.16127766e+03   3.16227766e-04   4.58964208e+01   5.83116748e-01   1.00000000e+00   4.02591251e-04
15608.4355338762   3.16127766e+03   3.16227766e-04   4.58964208e+01   5.83116748e-01   1.00000000e+00   4.02591251e-04
15678.7884382697   3.16127766e+03   3.16227766e-04   4.58964208e+01   5.83116748e-01   1.00000000e+00   4.02591251e-04
15749.4584488296   3.16127766e+03   3.16227766e-04   4.58964208e+01   5.83116748e-01   1.00000000e+00   4.02591251e-04
15820.4469948690   3.16127766e+03   3.16227766e-04   4.58964208e+01   5.83116748e-01   1.00000000e+00   4.02591251e-04
15891.7555121433   3.16127766e+03   3.16227766e-04   4.58964208e+01   5.83116748e-01   1.00000000e+00   4.02591251e-04
15963.3854428794   3.16127766e+03   3.16227766e-04   4.58964208e+01   5.83116748e-01   1.00000000e+00   4.02591251e-04
16035.3382358049   3.16127766e+03   3.16227766e-04   4.58964208e+01   5.83116748e-01   1.00000000e+00   4.02591251e-04
16107.6153461771   3.16127766e+03   3.16227766e-04   4.58964208e+01   5.83116748e-01   1.00000000e+00   4.02591251e-04
16180.2182358131   3.16127766e+03   3.16227766e-04   4.58964208e+01   5.83116748e-01   1.00000000e+00   4.02591251e-04
16253.1483731186   3.16127766e+03   3.16227766e-04   4.58964208e+01   5.83116748e-01   1.00000000e+00   4.02591251e-04
16326.4072331181   3.16127766e+03   3.16227766e-04   4.58964208e+01   5.83116748e-01   1.00000000e+00   4.02591251e-04
16399.9962974844   3.16127766e+03   3.16227766e-04   4.58964208e+01   5.83116748e-01   1.00000000e+00   4.02591251e-04
16473.9170545691   3.16127766e+03   3.16227766e-04   4.58964208e+01   5.83116748e-01   1.00000000e+00   4.02591251e-04
16548.1709994318   3.16127766e+03   3.16227766e-04   4.58964208e+01   5.83116748e-01   1.00000000e+00   4.02591251e-04
16622.7596338713   3.16127766e+03   3.16227766e-04   4.58964208e+01   5.83116748e-01   1.00000000e+00   4.02591251e-04
16697.6844664556   3.16127766e+03   3.16227766e-04   4.58964208e+01   5.83116748e-01   1.00000000e+00   4.02591251e-04
16772.9470125520   3.16127766e+03   3.16227766e-04   4.58964208e+01   5.83116748e-01   1.00000000e+00   4.02591251e-04
16848.5487943583   3.16127766e+03   3.16227766e-04   4.58964208e+01   5.83116748e-01   1.00000000e+00   4.02591251e-04
16924.4913409336   3.16127766e+03   3.16227766e-04   4.58964208e+01   5.83116748e-01   1.00000000e+00   4.02591251e-04
17000.7761882287   3.16127766e+03   3.16227766e-04   4.58964208e+01   5.83116748e-01   1.00000000e+00   4.02591251e-04
17077.4048791176   3.16127766e+03   3.16227766e-04   4.58964208e+01   5.83116748e-01   1.00000000e+00   4.02591251e-04
17154.3789634287   3.16127766e+03   3.16227766e-04   4.58964208e+01   5.83116748e-01   1.00000000e+00   4.02591251e-04
17231.6999979760   3.16127766e+03   3.16227766e-04   4.58964208e+01   5.83116748e-01   1.00000000e+00   4.02591251e-04
17309.3695465905   3.16127766e+03   3.16227766e-04   4.58964208e+01   5.83116748e-01   1.00000000e+00   4.02591251e-04
17387.3891801521   3.16127766e+03   3.16227766e-04   4.58964208e+01   5.83116748e-01   1.00000000e+00   4.02591251e-04
17465.7604766212   3.16127766e+03   3.16227766e-04   4.58964208e+01   5.83116748e-01   1.00000000e+00   4.02591251e-04
17544.4850210705   3.16127766e+03   3.16227766e-04   4.58964208e+01   5.83116748e-01   1.00000000e+00   4.02591251e-04
17623.5644057174   3.16127766e+03   3.16227766e-04   4.58964208e+01   5.83116748e-01   1.00000000e+00   4.02591251e-04
17703.0002299560   3.16127766e+03   3.16227766e-04   4.58964208e+01   5.83116748e-01   1.00000000e+00   4.02591251e-04
17782.7941003892   3.16127766e+03   3.16227766e-04   4.58964208e+01   5.83116748e-01   1.00000000e+00   4.02591251e-04
17862.9476308617   3.16127766e+03   3.16227766e-04   4.58964208e+01   5.83116748e-01   1.00000000e+00   4.02591251e-04
17943.4624424925   3.16127766e+03   3.16227766e-04   4.58964208e+01   5.83116748e-01   1.00000000e+00   4.02591251e-04
18024.3401637070   3.16127766e+03   3.16227766e-04   4.58964208e+01   5.83116748e-01   1.00000000e+00   4.02591251e-04
18105.5824302712   3.16127766e+03   3.16227766e-04   4.58964208e+01   5.83116748e-01   1.00000000e+00   4.02591251e-04
18187.1908853236   3.16127766e+03   3.16227766e-04   4.58964208e+01   5.83116748e-01   1.00000000e+00   4.02591251e-04
18269.1671794092   3.16127766e+03   3.16227766e-04   4.58964208e+01   5.83116748e-01   1.00000000e+00   4.02591251e-04
18351.5129705125   3.16127766e+03   3.16227766e-04   4.58964208e+01   5.83116748e-01   1.00000000e+00   4.02591251e-04
18434.2299240911   3.16127766e+03   3.16227766e-04   4.58964208e+01   5.83116748e-01   1.00000000e+00   4.02591251e-04
18517.3197131095   3.16127766e+03   3.16227766e-04   4.58964208e+01   5.83116748e-01   1.00000000e+00   4.02591251e-04
18600.7840180728   3.16127766e+03   3.16227766e-04   4.58964208e+01   5.83116748e-01   1.00000000e+00   4.02591251e-04
18684.6245270609   3.16127766e+03   3.16227766e-04   4.58964208e+01   5.83116748e-01   1.00000000e+00   4.02591251e-04
18768.8429357622   3.16127766e+03   3.16227766e-04   4.58964208e+01   5.83116748e-01   1.00000000e+00   4.02591251e-04
18853.4409475084   3.16127766e+03   3.16227766e-04   4.58964208e+01   5.83116748e-01   1.00000000e+00   4.02591251e-04
18938.4202733088   3.16127766e+03   3.16227766e-04   4.58964208e+01   5.83116748e-01   1.00000000e+00   4.02591251e-04
19023.7826318848   3.16127766e+03   3.16227766e-04   4.58964208e+01   5.83116748e-01   1.00000000e+00   4.02591251e-04
19109.5297497044   3.16127766e+03   3.16227766e-04   4.58964208e+01   5.83116748e-01   1.00000000e+00   4.02591251e-04
19195.6633610177   3.16127766e+03   3.16227766e-04   4.58964208e+01   5.83116748e-01   1.00000000e+00   4.02591251e-04
19282.1852078919   3.16127766e+03   3.16227766e-04   4.58964208e+01   5.83116748e-01   1.00000000e+00   4.02591251e-04
19369.0970402459   3.16127766e+03   3.16227766e-04   4.58964208e+01   5.83116748e-01   1.00000000e+00   4.02591251e-04
19456.4006158863   3.16127766e+03   3.16227766e-04   4.58964208e+01   5.83116748e-01   1.00000000e+00   4.02591251e-04
19544.0977005429   3.16127766e+03   3.16227766e-04   4.58964208e+01   5.83116748e-01   1.00000000e+00   4.02591251e-04
19632.1900679040   3.16127766e+03   3.16227766e-04   4.58964208e+01   5.83116748e-01   1.00000000e+00   4.02591251e-04
19720.6794996529   3.16127766e+03   3.16227766e-04   4.58964208e+01   5.83116748e-01   1.00000000e+00   4.02591251e-04
19809.5677855034   3.16127766e+03   3.16227766e-04   4.58964208e+01   5.83116748e-01   1.00000000e+00   4.02591251e-04
19898.8567232361   3.16127766e+03   3.16227766e-04   4.58964208e+01   5.83116748e-01   1.00000000e+00   4.02591251e-04
19988.5481187350   3.16127766e+03   3.16227766e-04   4.58964208e+01   5.83116748e-01   1.00000000e+00   4.02591251e-04
20078.6437860241   3.16127766e+03   3.16227766e-04   4.58964208e+01   5.83116748e-01   1.00000000e+00   4.02591251e-04
20169.1455473033   3.16127766e+03   3.16227766e-04   4.58964208e+01   5.83116748e-01   1.00000000e+00   4.02591251e-04
20260.0552329862   3.16127766e+03   3.16227766e-04   4.58964208e+01   5.83116748e-01   1.00000000e+00   4.02591251e-04
20351.3746817369   3.16127766e+03   3.16227766e-04   4.58964208e+01   5.83116748e-01   1.00000000e+00   4.02591251e-04
20443.1057405065   3.16127766e+03   3.16227766e-04   4.58964208e+01   5.83116748e-01   1.00000000e+00   4.02591251e-04
20535.2502645714   3.16127766e+03   3.16227766e-04   4.58964208e+01   5.83116748e-01   1.00000000e+00   4.02591251e-04
20627.8101175704   3.16127766e+03   3.16227766e-04   4.58964208e+01   5.83116748e-01   1.00000000e+00   4.02591251e-04
20720.7871715422   3.16127766e+03   3.16227766e-04   4.58964208e+01   5.83116748e-01   1.00000000e+00   4.02591251e-04
20814.1833069635   3.16127766e+03   3.16227766e-04   4.58964208e+01   5.83116748e-01   1.00000000e+00   4.02591251e-04
20908.0004127871   3.16127766e+03   3.16227766e-04   4.58964208e+01   5.83116748e-01   1.00000000e+00   4.02591251e-04
21002.2403864800   3.16127766e+03   3.16227766e-04   4.58964208e+01   5.83116748e-01   1.00000000e+00   4.02591251e-04
21096.9051340617   3.16127766e+03   3.16227766e-04   4.58964208e+01   5.83116748e-01   1.00000000e+00   4.02591251e-04
21191.9965701427   3.16127766e+03   3.16227766e-04   4.58964208e+01   5.83116748e-01   1.00000000e+00   4.02591251e-04
21287.5166179637   3.16127766e+03   3.16227766e-04   4.58964208e+01   5.83116748e-01   1.00000000e+00   4.02591251e-04
21383.4672094338   3.16127766e+03   3.16227766e-04   4.58964208e+01   5.83116748e-01   1.00000000e+00   4.02591251e-04
21479.8502851700   3.16127766e+03   3.16227766e-04   4.58964208e+01   5.83116748e-01   1.00000000e+00   4.02591251e-04
21576.6677945367   3.16127766e+03   3.16227766e-04   4.58964208e+01   5.83116748e-01   1.00000000e+00   4.02591251e-04
21673.9216956841   3.16127766e+03   3.16227766e-04   4.58964208e+01   5.83116748e-01   1.00000000e+00   4.02591251e-04
21771.6139555893   3.16127766e+03   3.16227766e-04   4.58964208e+01   5.83116748e-01   1.00000000e+00   4.02591251e-04
21869.7465500947   3.16127766e+03   3.16227766e-04   4.58964208e+01   5.83116748e-01   1.00000000e+00   4.02591251e-04
21968.3214639487   3.16127766e+03   3.16227766e-04   4.58964208e+01   5.83116748e-01   1.00000000e+00   4.02591251e-04
22067.3406908458   3.16127766e+03   3.16227766e-04   4.58964208e+01   5.83116748e-01   1.00000000e+00   4.02591251e-04
22166.8062334669   3.16127766e+03   3.16227766e-04   4.58964208e+01   5.83116748e-01   1.00000000e+00   4.02591251e-04
22266.7201035192   3.16127766e+03   3.16227766e-04   4.58964208e+01   5.83116748e-01   1.00000000e+00   4.02591251e-04
22367.0843217779   3.16127766e+03   3.16227766e-04   4.58964208e+01   5.83116748e-01   1.00000000e+00   4.02591251e-04
22467.9009181264   3.16127766e+03   3.16227766e-04   4.58964208e+01   5.83116748e-01   1.00000000e+00   4.02591251e-04
22569.1719315976   3.16127766e+03   3.16227766e-04   4.58964208e+01   5.83116748e-01   1.00000000e+00   4.02591251e-04
22670.8994104149   3.16127766e+03   3.16227766e-04   4.58964208e+01   5.83116748e-01   1.00000000e+00   4.02591251e-04
22773.0854120339   3.16127766e+03   3.16227766e-04   4.58964208e+01   5.83116748e-01   1.00000000e+00   4.02591251e-04
22875.7320031839   3.16127766e+03   3.16227766e-04   4.58964208e+01   5.83116748e-01   1.00000000e+00   4.02591251e-04
22978.8412599097   3.16127766e+03   3.16227766e-04   4.58964208e+01   5.83116748e-01   1.00000000e+00   4.02591251e-04
23082.4152676136   3.16127766e+03   3.16227766e-04   4.58964208e+01   5.83116748e-01   1.00000000e+00   4.02591251e-04
23186.4561210975   3.16127766e+03   3.16227766e-04   4.58964208e+01   5.83116748e-01   1.00000000e+00   4.02591251e-04
23290.9659246054   3.16127766e+03   3.16227766e-04   4.58964208e+01   5.83116748e-01   1.00000000e+00   4.02591251e-04
23395.9467918659   3.16127766e+03   3.16227766e-04   4.58964208e+01   5.83116748e-01   1.00000000e+00   4.02591251e-04
23501.4008461349   3.16127766e+03   3.16227766e-04   4.58964208e+01   5.83116748e-01   1.00000000e+00   4.02591251e-04
23607.3302202385   3.16127766e+03   3.16227766e-04   4.58964208e+01   5.83116748e-01   1.00000000e+00   4.02591251e-04
23713.7370566165   3.16127766e+03   3.16227766e-04   4.58964208e+01   5.83116748e-01   1.00000000e+00   4.02591251e-04
23820.6235073653   3.16127766e+03   3.16227766e-04   4.58964208e+01   5.83116748e-01   1.00000000e+00   4.02591251e-04
23927.9917342813   3.16127766e+03   3.16227766e-04   4.58964208e+01   5.83116748e-01   1.00000000e+00   4.02591251e-04
24035.8439089055   3.16127766e+03   3.16227766e-04   4.58964208e+01   5.83116748e-01   1.00000000e+00   4.02591251e-04
24144.1822125664   3.16127766e+03   3.16227766e-04   4.58964208e+01   5.83116748e-01   1.00000000e+00   4.02591251e-04
24253.0088364245   3.16127766e+03   3.16227766e-04   4.58964208e+01   5.83116748e-01   1.00000000e+00   4.02591251e-04
24362.3259815169   3.16127766e+03   3.16227766e-04   4.58964208e+01   5.83116748e-01   1.00000000e+00   4.02591251e-04
24472.1358588017   3.16127766e+03   3.16227766e-04   4.58964208e+01   5.83116748e-01   1.00000000e+00   4.02591251e-04
24582.4406892019   3.16127766e+03   3.16227766e-04   4.58964208e+01   5.83116748e-01   1.00000000e+00   4.02591251e-04
24693.2427036519   3.16127766e+03   3.16227766e-04   4.58964208e+01   5.83116748e-01   1.00000000e+00   4.02591251e-04
24804.5441431411   3.16127766e+03   3.16227766e-04   4.58964208e+01   5.83116748e-01   1.00000000e+00   4.02591251e-04
24916.3472587601   3.16127766e+03   3.16227766e-04   4.58964208e+01   5.83116748e-01   1.00000000e+00   4.02591251e-04
25028.6543117460   3.16127766e+03   3.16227766e-04   4.58964208e+01   5.83116748e-01   1.00000000e+00   4.02591251e-04
25141.4675735281   3.16127766e+03   3.16227766e-04   4.58964208e+01   5.83116748e-01   1.00000000e+00   4.02591251e-04
25254.7893257738   3.16127766e+03   3.16227766e-04   4.58964208e+01   5.83116748e-01   1.00000000e+00   4.02591251e-04
25368.6218604347   3.16127766e+03   3.16227766e-04   4.58964208e+01   5.83116748e-01   1.00000000e+00   4.02591251e-04
25482.9674797934   3.16127766e+03   3.16227766e-04   4.58964208e+01   5.83116748e-01   1.00000000e+00   4.02591251e-04
25597.8284965095   3.16127766e+03   3.16227766e-04   4.58964208e+01   5.83116748e-01   1.00000000e+00   4.02591251e-04
25713.2072336665   3.16127766e+03   3.16227766e-04   4.58964208e+01   5.83116748e-01   1.00000000e+00   4.02591251e-04
25829.1060248191   3.16127766e+03   3.16227766e-04   4.58964208e+01   5.83116748e-01   1.00000000e+00   4.02591251e-04
25945.5272140401   3.16127766e+03   3.16227766e-04   4.58964208e+01   5.83116748e-01   1.00000000e+00   4.02591251e-04
26062.4731559679   3.16127766e+03   3.16227766e-04   4.58964208e+01   5.83116748e-01   1.00000000e+00   4.02591251e-04
26179.9462158539   3.16127766e+03   3.16227766e-04   4.58964208e+01   5.83116748e-01   1.00000000e+00   4.02591251e-04
26297.9487696111   3.16127766e+03   3.16227766e-04   4.58964208e+01   5.83116748e-01   1.00000000e+00   4.02591251e-04
26416.4832038609   3.16127766e+03   3.16227766e-04   4.58964208e+01   5.83116748e-01   1.00000000e+00   4.02591251e-04
26535.5519159825   3.16127766e+03   3.16227766e-04   4.58964208e+01   5.83116748e-01   1.00000000e+00   4.02591251e-04
26655.1573141611   3.16127766e+03   3.16227766e-04   4.58964208e+01   5.83116748e-01   1.00000000e+00   4.02591251e-04
26775.3018174360   3.16127766e+03   3.16227766e-04   4.58964208e+01   5.83116748e-01   1.00000000e+00   4.02591251e-04
26895.9878557504   3.16127766e+03   3.16227766e-04   4.58964208e+01   5.83116748e-01   1.00000000e+00   4.02591251e-04
27017.2178699999   3.16127766e+03   3.16227766e-04   4.58964208e+01   5.83116748e-01   1.00000000e+00   4.02591251e-04
27138.9943120821   3.16127766e+03   3.16227766e-04   4.58964208e+01   5.83116748e-01   1.00000000e+00   4.02591251e-04
27261.3196449464   3.16127766e+03   3.16227766e-04   4.58964208e+01   5.83116748e-01   1.00000000e+00   4.02591251e-04
27384.1963426436   3.16127766e+03   3.16227766e-04   4.58964208e+01   5.83116748e-01   1.00000000e+00   4.02591251e-04
27507.6268903756   3.16127766e+03   3.16227766e-04   4.58964208e+01   5.83116748e-01   1.00000000e+00   4.02591251e-04
27631.6137845463   3.16127766e+03   3.16227766e-04   4.58964208e+01   5.83116748e-01   1.00000000e+00   4.02591251e-04
27756.1595328119   3.16127766e+03   3.16227766e-04   4.58964208e+01   5.83116748e-01   1.00000000e+00   4.02591251e-04
27881.2666541313   3.16127766e+03   3.16227766e-04   4.58964208e+01   5.83116748e-01   1.00000000e+00   4.02591251e-04
28006.9376788172   3.16127766e+03   3.16227766e-04   4.58964208e+01   5.83116748e-01   1.00000000e+00   4.02591251e-04
28133.1751485877   3.16127766e+03   3.16227766e-04   4.58964208e+01   5.83116748e-01   1.00000000e+00   4.02591251e-04
28259.9816166170   3.16127766e+03   3.16227766e-04   4.58964208e+01   5.83116748e-01   1.00000000e+00   4.02591251e-04
28387.3596475875   3.16127766e+03   3.16227766e-04   4.58964208e+01   5.83116748e-01   1.00000000e+00   4.02591251e-04
28515.3118177416   3.16127766e+03   3.16227766e-04   4.58964208e+01   5.83116748e-01   1.00000000e+00   4.02591251e-04
28643.8407149338   3.16127766e+03   3.16227766e-04   4.58964208e+01   5.83116748e-01   1.00000000e+00   4.02591251e-04
28772.9489386828   3.16127766e+03   3.16227766e-04   4.58964208e+01   5.83116748e-01   1.00000000e+00   4.02591251e-04
28902.6391002244   3.16127766e+03   3.16227766e-04   4.58964208e+01   5.83116748e-01   1.00000000e+00   4.02591251e-04
29032.9138225645   3.16127766e+03   3.16227766e-04   4.58964208e+01   5.83116748e-01   1.00000000e+00   4.02591251e-04
29163.7757405312   3.16127766e+03   3.16227766e-04   4.58964208e+01   5.83116748e-01   1.00000000e+00   4.02591251e-04
29295.2275008292   3.16127766e+03   3.16227766e-04   4.58964208e+01   5.83116748e-01   1.00000000e+00   4.02591251e-04
29427.2717620928   3.16127766e+03   3.16227766e-04   4.58964208e+01   5.83116748e-01   1.00000000e+00   4.02591251e-04
29559.9111949396   3.16127766e+03   3.16227766e-04   4.58964208e+01   5.83116748e-01   1.00000000e+00   4.02591251e-04
29693.1484820247   3.16127766e+03   3.16227766e-04   4.58964208e+01   5.83116748e-01   1.00000000e+00   4.02591251e-04
29826.9863180951   3.16127766e+03   3.16227766e-04   4.58964208e+01   5.83116748e-01   1.00000000e+00   4.02591251e-04
29961.4274100436   3.16127766e+03   3.16227766e-04   4.58964208e+01   5.83116748e-01   1.00000000e+00   4.02591251e-04
30096.4744769643   3.16127766e+03   3.16227766e-04   4.58964208e+01   5.83116748e-01   1.00000000e+00   4.02591251e-04
30232.1302502072   3.16127766e+03   3.16227766e-04   4.58964208e+01   5.83116748e-01   1.00000000e+00   4.02591251e-04
30368.3974734332   3.16127766e+03   3.16227766e-04   4.58964208e+01   5.83116748e-01   1.00000000e+00   4.02591251e-04
30505.2789026702   3.16127766e+03   3.16227766e-04   4.58964208e+01   5.83116748e-01   1.00000000e+00   4.02591251e-04
30642.7773063685   3.16127766e+03   3.16227766e-04   4.58964208e+01   5.83116748e-01   1.00000000e+00   4.02591251e-04
30780.8954654567   3.16127766e+03   3.16227766e-04   4.58964208e+01   5.83116748e-01   1.00000000e+00   4.02591251e-04
30919.6361733980   3.16127766e+03   3.16227766e-04   4.58964208e+01   5.83116748e-01   1.00000000e+00   4.02591251e-04
31059.0022362469   3.16127766e+03   3.16227766e-04   4.58964208e+01   5.83116748e-01   1.00000000e+00   4.02591251e-04
31198.9964727060   3.16127766e+03   3.16227766e-04   4.58964208e+01   5.83116748e-01   1.00000000e+00   4.02591251e-04
31339.6217141821   3.16127766e+03   3.16227766e-04   4.58964208e+01   5.83116748e-01   1.00000000e+00   4.02591251e-04
31480.8808048449   3.16127766e+03   3.16227766e-04   4.58964208e+01   5.83116748e-01   1.00000000e+00   4.02591251e-04
31622.7766016838   3.16127766e+03   3.16227766e-04   4.58964208e+01   5.83116748e-01   1.00000000e+00   4.02591251e-04
31765.3119745650   3.16127766e+03   3.16227766e-04   4.58964208e+01   5.83116748e-01   1.00000000e+00   4.02591251e-04
31908.4898062910   3.16127766e+03   3.16227766e-04   4.58964208e+01   5.83116748e-01   1.00000000e+00   4.02591251e-04
32052.3129926578   3.16127766e+03   3.16227766e-04   4.58964208e+01   5.83116748e-01   1.00000000e+00   4.02591251e-04
32196.7844425137   3.16127766e+03   3.16227766e-04   4.58964208e+01   5.83116748e-01   1.00000000e+00   4.02591251e-04
32341.9070778185   3.16127766e+03   3.16227766e-04   4.58964208e+01   5.83116748e-01   1.00000000e+00   4.02591251e-04
32487.6838337023   3.16127766e+03   3.16227766e-04   4.58964208e+01   5.83116748e-01   1.00000000e+00   4.02591251e-04
32634.1176585246   3.16127766e+03   3.16227766e-04   4.58964208e+01   5.83116748e-01   1.00000000e+00   4.02591251e-04
32781.2115139345   3.16127766e+03   3.16227766e-04   4.58964208e+01   5.83116748e-01   1.00000000e+00   4.02591251e-04
32928.9683749305   3.16127766e+03   3.16227766e-04   4.58964208e+01   5.83116748e-01   1.00000000e+00   4.02591251e-04
33077.3912299199   3.16127766e+03   3.16227766e-04   4.58964208e+01   5.83116748e-01   1.00000000e+00   4.02591251e-04
33226.4830807805   3.16127766e+03   3.16227766e-04   4.58964208e+01   5.83116748e-01   1.00000000e+00   4.02591251e-04
33376.2469429203   3.16127766e+03   3.16227766e-04   4.58964208e+01   5.83116748e-01   1.00000000e+00   4.02591251e-04
33526.6858453390   3.16127766e+03   3.16227766e-04   4.58964208e+01   5.83116748e-01   1.00000000e+00   4.02591251e-04
33677.8028306888   3.16127766e+03   3.16227766e-04   4.58964208e+01   5.83116748e-01   1.00000000e+00   4.02591251e-04
33829.6009553367   3.16127766e+03   3.16227766e-04   4.58964208e+01   5.83116748e-01   1.00000000e+00   4.02591251e-04
33982.0832894256   3.16127766e+03   3.16227766e-04   4.58964208e+01   5.83116748e-01   1.00000000e+00   4.02591251e-04
34135.2529169364   3.16127766e+03   3.16227766e-04   4.58964208e+01   5.83116748e-01   1.00000000e+00   4.02591251e-04
34289.1129357512   3.16127766e+03   3.16227766e-04   4.58964208e+01   5.83116748e-01   1.00000000e+00   4.02591251e-04
34443.6664577152   3.16127766e+03   3.16227766e-04   4.58964208e+01   5.83116748e-01   1.00000000e+00   4.02591251e-04
34598.9166086993   3.16127766e+03   3.16227766e-04   4.58964208e+01   5.83116748e-01   1.00000000e+00   4.02591251e-04
34754.8665286644   3.16127766e+03   3.16227766e-04   4.58964208e+01   5.83116748e-01   1.00000000e+00   4.02591251e-04
34911.5193717244   3.16127766e+03   3.16227766e-04   4.58964208e+01   5.83116748e-01   1.00000000e+00   4.02591251e-04
35068.8783062095   3.16127766e+03   3.16227766e-04   4.58964208e+01   5.83116748e-01   1.00000000e+00   4.02591251e-04
35226.9465147309   3.16127766e+03   3.16227766e-04   4.58964208e+01   5.83116748e-01   1.00000000e+00   4.02591251e-04
35385.7271942454   3.16127766e+03   3.16227766e-04   4.58964208e+01   5.83116748e-01   1.00000000e+00   4.02591251e-04
35545.2235561188   3.16127766e+03   3.16227766e-04   4.58964208e+01   5.83116748e-01   1.00000000e+00   4.02591251e-04
35705.4388261925   3.16127766e+03   3.16227766e-04   4.58964208e+01   5.83116748e-01   1.00000000e+00   4.02591251e-04
35866.3762448477   3.16127766e+03   3.16227766e-04   4.58964208e+01   5.83116748e-01   1.00000000e+00   4.02591251e-04
36028.0390670708   3.16127766e+03   3.16227766e-04   4.58964208e+01   5.83116748e-01   1.00000000e+00   4.02591251e-04
36190.4305625200   3.16127766e+03   3.16227766e-04   4.58964208e+01   5.83116748e-01   1.00000000e+00   4.02591251e-04
36353.5540155912   3.16127766e+03   3.16227766e-04   4.58964208e+01   5.83116748e-01   1.00000000e+00   4.02591251e-04
36517.4127254837   3.16127766e+03   3.16227766e-04   4.58964208e+01   5.83116748e-01   1.00000000e+00   4.02591251e-04
36682.0100062680   3.16127766e+03   3.16227766e-04   4.58964208e+01   5.83116748e-01   1.00000000e+00   4.02591251e-04
36847.3491869520   3.16127766e+03   3.16227766e-04   4.58964208e+01   5.83116748e-01   1.00000000e+00   4.02591251e-04
37013.4336115491   3.16127766e+03   3.16227766e-04   4.58964208e+01   5.83116748e-01   1.00000000e+00   4.02591251e-04
37180.2666391447   3.16127766e+03   3.16227766e-04   4.58964208e+01   5.83116748e-01   1.00000000e+00   4.02591251e-04
37347.8516439653   3.16127766e+03   3.16227766e-04   4.58964208e+01   5.83116748e-01   1.00000000e+00   4.02591251e-04
37516.1920154464   3.16127766e+03   3.16227766e-04   4.58964208e+01   5.83116748e-01   1.00000000e+00   4.02591251e-04
37685.2911583003   3.16127766e+03   3.16227766e-04   4.58964208e+01   5.83116748e-01   1.00000000e+00   4.02591251e-04
37855.1524925862   3.16127766e+03   3.16227766e-04   4.58964208e+01   5.83116748e-01   1.00000000e+00   4.02591251e-04
38025.7794537786   3.16127766e+03   3.16227766e-04   4.58964208e+01   5.83116748e-01   1.00000000e+00   4.02591251e-04
38197.1754928366   3.16127766e+03   3.16227766e-04   4.58964208e+01   5.83116748e-01   1.00000000e+00   4.02591251e-04
38369.3440762744   3.16127766e+03   3.16227766e-04   4.58964208e+01   5.83116748e-01   1.00000000e+00   4.02591251e-04
38542.2886862310   3.16127766e+03   3.16227766e-04   4.58964208e+01   5.83116748e-01   1.00000000e+00   4.02591251e-04
38716.0128205405   3.16127766e+03   3.16227766e-04   4.58964208e+01   5.83116748e-01   1.00000000e+00   4.02591251e-04
38890.5199928031   3.16127766e+03   3.16227766e-04   4.58964208e+01   5.83116748e-01   1.00000000e+00   4.02591251e-04
39065.8137324562   3.16127766e+03   3.16227766e-04   4.58964208e+01   5.83116748e-01   1.00000000e+00   4.02591251e-04
39241.8975848453   3.16127766e+03   3.16227766e-04   4.58964208e+01   5.83116748e-01   1.00000000e+00   4.02591251e-04
39418.7751112965   3.16127766e+03   3.16227766e-04   4.58964208e+01   5.83116748e-01   1.00000000e+00   4.02591251e-04
39596.4498891879   3.16127766e+03   3.16227766e-04   4.58964208e+01   5.83116748e-01   1.00000000e+00   4.02591251e-04
39774.9255120220   3.16127766e+03   3.16227766e-04   4.58964208e+01   5.83116748e-01   1.00000000e+00   4.02591251e-04
39954.2055894988   3.16127766e+03   3.16227766e-04   4.58964208e+01   5.83116748e-01   1.00000000e+00   4.02591251e-04
40134.2937475884   3.16127766e+03   3.16227766e-04   4.58964208e+01   5.83116748e-01   1.00000000e+00   4.02591251e-04
40315.1936286044   3.16127766e+03   3.16227766e-04   4.58964208e+01   5.83116748e-01   1.00000000e+00   4.02591251e-04
40496.9088912776   3.16127766e+03   3.16227766e-04   4.58964208e+01   5.83116748e-01   1.00000000e+00   4.02591251e-04
40679.4432108303   3.16127766e+03   3.16227766e-04   4.58964208e+01   5.83116748e-01   1.00000000e+00   4.02591251e-04
40862.8002790504   3.16127766e+03   3.16227766e-04   4.58964208e+01   5.83116748e-01   1.00000000e+00   4.02591251e-04
41046.9838043654   3.16127766e+03   3.16227766e-04   4.58964208e+01   5.83116748e-01   1.00000000e+00   4.02591251e-04
41231.9975119186   3.16127766e+03   3.16227766e-04   4.58964208e+01   5.83116748e-01   1.00000000e+00   4.02591251e-04
41417.8451436440   3.16127766e+03   3.16227766e-04   4.58964208e+01   5.83116748e-01   1.00000000e+00   4.02591251e-04
41604.5304583413   3.16127766e+03   3.16227766e-04   4.58964208e+01   5.83116748e-01   1.00000000e+00   4.02591251e-04
41792.0572317529   3.16127766e+03   3.16227766e-04   4.58964208e+01   5.83116748e-01   1.00000000e+00   4.02591251e-04
41980.4292566398   3.16127766e+03   3.16227766e-04   4.58964208e+01   5.83116748e-01   1.00000000e+00   4.02591251e-04
42169.6503428581   3.16127766e+03   3.16227766e-04   4.58964208e+01   5.83116748e-01   1.00000000e+00   4.02591251e-04
42359.7243174367   3.16127766e+03   3.16227766e-04   4.58964208e+01   5.83116748e-01   1.00000000e+00   4.02591251e-04
42550.6550246541   3.16127766e+03   3.16227766e-04   4.58964208e+01   5.83116748e-01   1.00000000e+00   4.02591251e-04
42742.4463261161   3.16127766e+03   3.16227766e-04   4.58964208e+01   5.83116748e-01   1.00000000e+00   4.02591251e-04
42935.1021008347   3.16127766e+03   3.16227766e-04   4.58964208e+01   5.83116748e-01   1.00000000e+00   4.02591251e-04
43128.6262453058   3.16127766e+03   3.16227766e-04   4.58964208e+01   5.83116748e-01   1.00000000e+00   4.02591251e-04
43323.0226735879   3.16127766e+03   3.16227766e-04   4.58964208e+01   5.83116748e-01   1.00000000e+00   4.02591251e-04
43518.2953173821   3.16127766e+03   3.16227766e-04   4.58964208e+01   5.83116748e-01   1.00000000e+00   4.02591251e-04
43714.4481261109   3.16127766e+03   3.16227766e-04   4.58964208e+01   5.83116748e-01   1.00000000e+00   4.02591251e-04
43911.4850669980   3.16127766e+03   3.16227766e-04   4.58964208e+01   5.83116748e-01   1.00000000e+00   4.02591251e-04
44109.4101251493   3.16127766e+03   3.16227766e-04   4.58964208e+01   5.83116748e-01   1.00000000e+00   4.02591251e-04
44308.2273036330   3.16127766e+03   3.16227766e-04   4.58964208e+01   5.83116748e-01   1.00000000e+00   4.02591251e-04
44507.9406235599   3.16127766e+03   3.16227766e-04   4.58964208e+01   5.83116748e-01   1.00000000e+00   4.02591251e-04
44708.5541241662   3.16127766e+03   3.16227766e-04   4.58964208e+01   5.83116748e-01   1.00000000e+00   4.02591251e-04
44910.0718628941   3.16127766e+03   3.16227766e-04   4.58964208e+01   5.83116748e-01   1.00000000e+00   4.02591251e-04
45112.4979154744   3.16127766e+03   3.16227766e-04   4.58964208e+01   5.83116748e-01   1.00000000e+00   4.02591251e-04
45315.8363760081   3.16127766e+03   3.16227766e-04   4.58964208e+01   5.83116748e-01   1.00000000e+00   4.02591251e-04
45520.0913570503   3.16127766e+03   3.16227766e-04   4.58964208e+01   5.83116748e-01   1.00000000e+00   4.02591251e-04
45725.2669896931   3.16127766e+03   3.16227766e-04   4.58964208e+01   5.83116748e-01   1.00000000e+00   4.02591251e-04
45931.3674236481   3.16127766e+03   3.16227766e-04   4.58964208e+01   5.83116748e-01   1.00000000e+00   4.02591251e-04
46138.3968273320   3.16127766e+03   3.16227766e-04   4.58964208e+01   5.83116748e-01   1.00000000e+00   4.02591251e-04
46346.3593879498   3.16127766e+03   3.16227766e-04   4.58964208e+01   5.83116748e-01   1.00000000e+00   4.02591251e-04
46555.2593115795   3.16127766e+03   3.16227766e-04   4.58964208e+01   5.83116748e-01   1.00000000e+00   4.02591251e-04
46765.1008232577   3.16127766e+03   3.16227766e-04   4.58964208e+01   5.83116748e-01   1.00000000e+00   4.02591251e-04
46975.8881670649   3.16127766e+03   3.16227766e-04   4.58964208e+01   5.83116748e-01   1.00000000e+00   4.02591251e-04
47187.6256062107   3.16127766e+03   3.16227766e-04   4.58964208e+01   5.83116748e-01   1.00000000e+00   4.02591251e-04
47400.3174231210   3.16127766e+03   3.16227766e-04   4.58964208e+01   5.83116748e-01   1.00000000e+00   4.02591251e-04
47613.9679195243   3.16127766e+03   3.16227766e-04   4.58964208e+01   5.83116748e-01   1.00000000e+00   4.02591251e-04
47828.5814165378   3.16127766e+03   3.16227766e-04   4.58964208e+01   5.83116748e-01   1.00000000e+00   4.02591251e-04
48044.1622547563   3.16127766e+03   3.16227766e-04   4.58964208e+01   5.83116748e-01   1.00000000e+00   4.02591251e-04
48260.7147943391   3.16127766e+03   3.16227766e-04   4.58964208e+01   5.83116748e-01   1.00000000e+00   4.02591251e-04
48478.2434150979   3.16127766e+03   3.16227766e-04   4.58964208e+01   5.83116748e-01   1.00000000e+00   4.02591251e-04
48696.7525165862   3.16127766e+03   3.16227766e-04   4.58964208e+01   5.83116748e-01   1.00000000e+00   4.02591251e-04
48916.2465181878   3.16127766e+03   3.16227766e-04   4.58964208e+01   5.83116748e-01   1.00000000e+00   4.02591251e-04
49136.7298592065   3.16127766e+03   3.16227766e-04   4.58964208e+01   5.83116748e-01   1.00000000e+00   4.02591251e-04
49358.2069989550   3.16127766e+03   3.16227766e-04   4.58964208e+01   5.83116748e-01   1.00000000e+00   4.02591251e-04
49580.6824168464   3.16127766e+03   3.16227766e-04   4.58964208e+01   5.83116748e-01   1.00000000e+00   4.02591251e-04
49804.1606124841   3.16127766e+03   3.16227766e-04   4.58964208e+01   5.83116748e-01   1.00000000e+00   4.02591251e-04
50028.6461057522   3.16127766e+03   3.16227766e-04   4.58964208e+01   5.83116748e-01   1.00000000e+00   4.02591251e-04
50254.1434369084   3.16127766e+03   3.16227766e-04   4.58964208e+01   5.83116748e-01   1.00000000e+00   4.02591251e-04
50480.6571666747   3.16127766e+03   3.16227766e-04   4.58964208e+01   5.83116748e-01   1.00000000e+00   4.02591251e-04
50708.1918763295   3.16127766e+03   3.16227766e-04   4.58964208e+01   5.83116748e-01   1.00000000e+00   4.02591251e-04
50936.7521678012   3.16127766e+03   3.16227766e-04   4.58964208e+01   5.83116748e-01   1.00000000e+00   4.02591251e-04
51166.3426637609   3.16127766e+03   3.16227766e-04   4.58964208e+01   5.83116748e-01   1.00000000e+00   4.02591251e-04
51396.9680077150   3.16127766e+03   3.16227766e-04   4.58964208e+01   5.83116748e-01   1.00000000e+00   4.02591251e-04
51628.6328641007   3.16127766e+03   3.16227766e-04   4.58964208e+01   5.83116748e-01   1.00000000e+00   4.02591251e-04
51861.3419183793   3.16127766e+03   3.16227766e-04   4.58964208e+01   5.83116748e-01   1.00000000e+00   4.02591251e-04
52095.0998771306   3.16127766e+03   3.16227766e-04   4.58964208e+01   5.83116748e-01   1.00000000e+00   4.02591251e-04
52329.9114681493   3.16127766e+03   3.16227766e-04   4.58964208e+01   5.83116748e-01   1.00000000e+00   4.02591251e-04
52565.7814405402   3.16127766e+03   3.16227766e-04   4.58964208e+01   5.83116748e-01   1.00000000e+00   4.02591251e-04
52802.7145648131   3.16127766e+03   3.16227766e-04   4.58964208e+01   5.83116748e-01   1.00000000e+00   4.02591251e-04
53040.7156329811   3.16127766e+03   3.16227766e-04   4.58964208e+01   5.83116748e-01   1.00000000e+00   4.02591251e-04
53279.7894586564   3.16127766e+03   3.16227766e-04   4.58964208e+01   5.83116748e-01   1.00000000e+00   4.02591251e-04
53519.9408771476   3.16127766e+03   3.16227766e-04   4.58964208e+01   5.83116748e-01   1.00000000e+00   4.02591251e-04
53761.1747455581   3.16127766e+03   3.16227766e-04   4.58964208e+01   5.83116748e-01   1.00000000e+00   4.02591251e-04
54003.4959428841   3.16127766e+03   3.16227766e-04   4.58964208e+01   5.83116748e-01   1.00000000e+00   4.02591251e-04
54246.9093701132   3.16127766e+03   3.16227766e-04   4.58964208e+01   5.83116748e-01   1.00000000e+00   4.02591251e-04
54491.4199503231   3.16127766e+03   3.16227766e-04   4.58964208e+01   5.83116748e-01   1.00000000e+00   4.02591251e-04
54737.0326287820   3.16127766e+03   3.16227766e-04   4.58964208e+01   5.83116748e-01   1.00000000e+00   4.02591251e-04
54983.7523730484   3.16127766e+03   3.16227766e-04   4.58964208e+01   5.83116748e-01   1.00000000e+00   4.02591251e-04
55231.5841730709   3.16127766e+03   3.16227766e-04   4.58964208e+01   5.83116748e-01   1.00000000e+00   4.02591251e-04
55480.5330412899   3.16127766e+03   3.16227766e-04   4.58964208e+01   5.83116748e-01   1.00000000e+00   4.02591251e-04
55730.6040127388   3.16127766e+03   3.16227766e-04   4.58964208e+01   5.83116748e-01   1.00000000e+00   4.02591251e-04
55981.8021451454   3.16127766e+03   3.16227766e-04   4.58964208e+01   5.83116748e-01   1.00000000e+00   4.02591251e-04
56234.1325190347   3.16127766e+03   3.16227766e-04   4.58964208e+01   5.83116748e-01   1.00000000e+00   4.02591251e-04
56487.6002378319   3.16127766e+03   3.16227766e-04   4.58964208e+01   5.83116748e-01   1.00000000e+00   4.02591251e-04
56742.2104279642   3.16127766e+03   3.16227766e-04   4.58964208e+01   5.83116748e-01   1.00000000e+00   4.02591251e-04
56997.9682389663   3.16127766e+03   3.16227766e-04   4.58964208e+01   5.83116748e-01   1.00000000e+00   4.02591251e-04
57254.8788435838   3.16127766e+03   3.16227766e-04   4.58964208e+01   5.83116748e-01   1.00000000e+00   4.02591251e-04
57512.9474378769   3.16127766e+03   3.16227766e-04   4.58964208e+01   5.83116748e-01   1.00000000e+00   4.02591251e-04
57772.1792413271   3.16127766e+03   3.16227766e-04   4.58964208e+01   5.83116748e-01   1.00000000e+00   4.02591251e-04
58032.5794969420   3.16127766e+03   3.16227766e-04   4.58964208e+01   5.83116748e-01   1.00000000e+00   4.02591251e-04
58294.1534713607   3.16127766e+03   3.16227766e-04   4.58964208e+01   5.83116748e-01   1.00000000e+00   4.02591251e-04
58556.9064549616   3.16127766e+03   3.16227766e-04   4.58964208e+01   5.83116748e-01   1.00000000e+00   4.02591251e-04
58820.8437619687   3.16127766e+03   3.16227766e-04   4.58964208e+01   5.83116748e-01   1.00000000e+00   4.02591251e-04
59085.9707305587   3.16127766e+03   3.16227766e-04   4.58964208e+01   5.83116748e-01   1.00000000e+00   4.02591251e-04
59352.2927229697   3.16127766e+03   3.16227766e-04   4.58964208e+01   5.83116748e-01   1.00000000e+00   4.02591251e-04
59619.8151256096   3.16127766e+03   3.16227766e-04   4.58964208e+01   5.83116748e-01   1.00000000e+00   4.02591251e-04
59888.5433491646   3.16127766e+03   3.16227766e-04   4.58964208e+01   5.83116748e-01   1.00000000e+00   4.02591251e-04
60158.4828287083   3.16127766e+03   3.16227766e-04   4.58964208e+01   5.83116748e-01   1.00000000e+00   4.02591251e-04
60429.6390238131   3.16127766e+03   3.16227766e-04   4.58964208e+01   5.83116748e-01   1.00000000e+00   4.02591251e-04
60702.0174186592   3.16127766e+03   3.16227766e-04   4.58964208e+01   5.83116748e-01   1.00000000e+00   4.02591251e-04
60975.6235221458   3.16127766e+03   3.16227766e-04   4.58964208e+01   5.83116748e-01   1.00000000e+00   4.02591251e-04
61250.4628680030   3.16127766e+03   3.16227766e-04   4.58964208e+01   5.83116748e-01   1.00000000e+00   4.02591251e-04
61526.5410149037   3.16127766e+03   3.16227766e-04   4.58964208e+01   5.83116748e-01   1.00000000e+00   4.02591251e-04
61803.8635465749   3.16127766e+03   3.16227766e-04   4.58964208e+01   5.83116748e-01   1.00000000e+00   4.02591251e-04
62082.4360719124   3.16127766e+03   3.16227766e-04   4.58964208e+01   5.83116748e-01   1.00000000e+00   4.02591251e-04
62362.2642250930   3.16127766e+03   3.16227766e-04   4.58964208e+01   5.83116748e-01   1.00000000e+00   4.02591251e-04
62643.3536656885   3.16127766e+03   3.16227766e-04   4.58964208e+01   5.83116748e-01   1.00000000e+00   4.02591251e-04
62925.7100787808   3.16127766e+03   3.16227766e-04   4.58964208e+01   5.83116748e-01   1.00000000e+00   4.02591251e-04
63209.3391750767   3.16127766e+03   3.16227766e-04   4.58964208e+01   5.83116748e-01   1.00000000e+00   4.02591251e-04
63494.2466910225   3.16127766e+03   3.16227766e-04   4.58964208e+01   5.83116748e-01   1.00000000e+00   4.02591251e-04
63780.4383889216   3.16127766e+03   3.16227766e-04   4.58964208e+01   5.83116748e-01   1.00000000e+00   4.02591251e-04
64067.9200570499   3.16127766e+03   3.16227766e-04   4.58964208e+01   5.83116748e-01   1.00000000e+00   4.02591251e-04
64356.6975097728   3.16127766e+03   3.16227766e-04   4.58964208e+01   5.83116748e-01   1.00000000e+00   4.02591251e-04
64646.7765876635   3.16127766e+03   3.16227766e-04   4.58964208e+01   5.83116748e-01   1.00000000e+00   4.02591251e-04
64938.1631576211   3.16127766e+03   3.16227766e-04   4.58964208e+01   5.83116748e-01   1.00000000e+00   4.02591251e-04
65230.8631129882   3.16127766e+03   3.16227766e-04   4.58964208e+01   5.83116748e-01   1.00000000e+00   4.02591251e-04
65524.8823736713   3.16127766e+03   3.16227766e-04   4.58964208e+01   5.83116748e-01   1.00000000e+00   4.02591251e-04
65820.2268862602   3.16127766e+03   3.16227766e-04   4.58964208e+01   5.83116748e-01   1.00000000e+00   4.02591251e-04
66116.9026241481   3.16127766e+03   3.16227766e-04   4.58964208e+01   5.83116748e-01   1.00000000e+00   4.02591251e-04
66414.9155876519   3.16127766e+03   3.16227766e-04   4.58964208e+01   5.83116748e-01   1.00000000e+00   4.02591251e-04
66714.2718041347   3.16127766e+03   3.16227766e-04   4.58964208e+01   5.83116748e-01   1.00000000e+00   4.02591251e-04
67014.9773281274   3.16127766e+03   3.16227766e-04   4.58964208e+01   5.83116748e-01   1.00000000e+00   4.02591251e-04
67317.0382414497   3.16127766e+03   3.16227766e-04   4.58964208e+01   5.83116748e-01   1.00000000e+00   4.02591251e-04
67620.4606533354   3.16127766e+03   3.16227766e-04   4.58964208e+01   5.83116748e-01   1.00000000e+00   4.02591251e-04
67925.2507005547   3.16127766e+03   3.16227766e-04   4.58964208e+01   5.83116748e-01   1.00000000e+00   4.02591251e-04
68231.4145475377   3.16127766e+03   3.16227766e-04   4.58964208e+01   5.83116748e-01   1.00000000e+00   4.02591251e-04
68538.9583865006   3.16127766e+03   3.16227766e-04   4.58964208e+01   5.83116748e-01   1.00000000e+00   4.02591251e-04
68847.8884375702   3.16127766e+03   3.16227766e-04   4.58964208e+01   5.83116748e-01   1.00000000e+00   4.02591251e-04
69158.2109489088   3.16127766e+03   3.16227766e-04   4.58964208e+01   5.83116748e-01   1.00000000e+00   4.02591251e-04
69469.9321968425   3.16127766e+03   3.16227766e-04   4.58964208e+01   5.83116748e-01   1.00000000e+00   4.02591251e-04
69783.0584859866   3.16127766e+03   3.16227766e-04   4.58964208e+01   5.83116748e-01   1.00000000e+00   4.02591251e-04
70097.5961493733   3.16127766e+03   3.16227766e-04   4.58964208e+01   5.83116748e-01   1.00000000e+00   4.02591251e-04
70413.5515485807   3.16127766e+03   3.16227766e-04   4.58964208e+01   5.83116748e-01   1.00000000e+00   4.02591251e-04
70730.9310738607   3.16127766e+03   3.16227766e-04   4.58964208e+01   5.83116748e-01   1.00000000e+00   4.02591251e-04
71049.7411442678   3.16127766e+03   3.16227766e-04   4.58964208e+01   5.83116748e-01   1.00000000e+00   4.02591251e-04
71369.9882077902   3.16127766e+03   3.16227766e-04   4.58964208e+01   5.83116748e-01   1.00000000e+00   4.02591251e-04
71691.6787414793   3.16127766e+03   3.16227766e-04   4.58964208e+01   5.83116748e-01   1.00000000e+00   4.02591251e-04
72014.8192515812   3.16127766e+03   3.16227766e-04   4.58964208e+01   5.83116748e-01   1.00000000e+00   4.02591251e-04
72339.4162736673   3.16127766e+03   3.16227766e-04   4.58964208e+01   5.83116748e-01   1.00000000e+00   4.02591251e-04
72665.4763727679   3.16127766e+03   3.16227766e-04   4.58964208e+01   5.83116748e-01   1.00000000e+00   4.02591251e-04
72993.0061435041   3.16127766e+03   3.16227766e-04   4.58964208e+01   5.83116748e-01   1.00000000e+00   4.02591251e-04
73322.0122102210   3.16127766e+03   3.16227766e-04   4.58964208e+01   5.83116748e-01   1.00000000e+00   4.02591251e-04
73652.5012271226   3.16127766e+03   3.16227766e-04   4.58964208e+01   5.83116748e-01   1.00000000e+00   4.02591251e-04
73984.4798784056   3.16127766e+03   3.16227766e-04   4.58964208e+01   5.83116748e-01   1.00000000e+00   4.02591251e-04
74317.9548783945   3.16127766e+03   3.16227766e-04   4.58964208e+01   5.83116748e-01   1.00000000e+00   4.02591251e-04
74652.9329716780   3.16127766e+03   3.16227766e-04   4.58964208e+01   5.83116748e-01   1.00000000e+00   4.02591251e-04
74989.4209332455   3.16127766e+03   3.16227766e-04   4.58964208e+01   5.83116748e-01   1.00000000e+00   4.02591251e-04
75327.4255686228   3.16127766e+03   3.16227766e-04   4.58964208e+01   5.83116748e-01   1.00000000e+00   4.02591251e-04
75666.9537140114   3.16127766e+03   3.16227766e-04   4.58964208e+01   5.83116748e-01   1.00000000e+00   4.02591251e-04
76008.0122364262   3.16127766e+03   3.16227766e-04   4.58964208e+01   5.83116748e-01   1.00000000e+00   4.02591251e-04
76350.6080338333   3.16127766e+03   3.16227766e-04   4.58964208e+01   5.83116748e-01   1.00000000e+00   4.02591251e-04
76694.7480352914   3.16127766e+03   3.16227766e-04   4.58964208e+01   5.83116748e-01   1.00000000e+00   4.02591251e-04
77040.4392010909   3.16127766e+03   3.16227766e-04   4.58964208e+01   5.83116748e-01   1.00000000e+00   4.02591251e-04
77387.6885228939   3.16127766e+03   3.16227766e-04   4.58964208e+01   5.83116748e-01   1.00000000e+00   4.02591251e-04
77736.5030238774   3.16127766e+03   3.16227766e-04   4.58964208e+01   5.83116748e-01   1.00000000e+00   4.02591251e-04
78086.8897588743   3.16127766e+03   3.16227766e-04   4.58964208e+01   5.83116748e-01   1.00000000e+00   4.02591251e-04
78438.8558145155   3.16127766e+03   3.16227766e-04   4.58964208e+01   5.83116748e-01   1.00000000e+00   4.02591251e-04
78792.4083093747   3.16127766e+03   3.16227766e-04   4.58964208e+01   5.83116748e-01   1.00000000e+00   4.02591251e-04
79147.5543941113   3.16127766e+03   3.16227766e-04   4.58964208e+01   5.83116748e-01   1.00000000e+00   4.02591251e-04
79504.3012516157   3.16127766e+03   3.16227766e-04   4.58964208e+01   5.83116748e-01   1.00000000e+00   4.02591251e-04
79862.6560971531   3.16127766e+03   3.16227766e-04   4.58964208e+01   5.83116748e-01   1.00000000e+00   4.02591251e-04
80222.6261785118   3.16127766e+03   3.16227766e-04   4.58964208e+01   5.83116748e-01   1.00000000e+00   4.02591251e-04
80584.2187761481   3.16127766e+03   3.16227766e-04   4.58964208e+01   5.83116748e-01   1.00000000e+00   4.02591251e-04
80947.4412033334   3.16127766e+03   3.16227766e-04   4.58964208e+01   5.83116748e-01   1.00000000e+00   4.02591251e-04
81312.3008063034   3.16127766e+03   3.16227766e-04   4.58964208e+01   5.83116748e-01   1.00000000e+00   4.02591251e-04
81678.8049644061   3.16127766e+03   3.16227766e-04   4.58964208e+01   5.83116748e-01   1.00000000e+00   4.02591251e-04
82046.9610902498   3.16127766e+03   3.16227766e-04   4.58964208e+01   5.83116748e-01   1.00000000e+00   4.02591251e-04
82416.7766298551   3.16127766e+03   3.16227766e-04   4.58964208e+01   5.83116748e-01   1.00000000e+00   4.02591251e-04
82788.2590628048   3.16127766e+03   3.16227766e-04   4.58964208e+01   5.83116748e-01   1.00000000e+00   4.02591251e-04
83161.4159023935   3.16127766e+03   3.16227766e-04   4.58964208e+01   5.83116748e-01   1.00000000e+00   4.02591251e-04
83536.2546957824   3.16127766e+03   3.16227766e-04   4.58964208e+01   5.83116748e-01   1.00000000e+00   4.02591251e-04
83912.7830241500   3.16127766e+03   3.16227766e-04   4.58964208e+01   5.83116748e-01   1.00000000e+00   4.02591251e-04
84291.0085028454   3.16127766e+03   3.16227766e-04   4.58964208e+01   5.83116748e-01   1.00000000e+00   4.02591251e-04
84670.9387815437   3.16127766e+03   3.16227766e-04   4.58964208e+01   5.83116748e-01   1.00000000e+00   4.02591251e-04
85052.5815443996   3.16127766e+03   3.16227766e-04   4.58964208e+01   5.83116748e-01   1.00000000e+00   4.02591251e-04
85435.9445102025   3.16127766e+03   3.16227766e-04   4.58964208e+01   5.83116748e-01   1.00000000e+00   4.02591251e-04
85821.0354325339   3.16127766e+03   3.16227766e-04   4.58964208e+01   5.83116748e-01   1.00000000e+00   4.02591251e-04
86207.8620999237   3.16127766e+03   3.16227766e-04   4.58964208e+01   5.83116748e-01   1.00000000e+00   4.02591251e-04
86596.4323360064   3.16127766e+03   3.16227766e-04   4.58964208e+01   5.83116748e-01   1.00000000e+00   4.02591251e-04
86986.7539996816   3.16127766e+03   3.16227766e-04   4.58964208e+01   5.83116748e-01   1.00000000e+00   4.02591251e-04
87378.8349852714   3.16127766e+03   3.16227766e-04   4.58964208e+01   5.83116748e-01   1.00000000e+00   4.02591251e-04
87772.6832226808   3.16127766e+03   3.16227766e-04   4.58964208e+01   5.83116748e-01   1.00000000e+00   4.02591251e-04
88168.3066775569   3.16127766e+03   3.16227766e-04   4.58964208e+01   5.83116748e-01   1.00000000e+00   4.02591251e-04
88565.7133514517   3.16127766e+03   3.16227766e-04   4.58964208e+01   5.83116748e-01   1.00000000e+00   4.02591251e-04
88964.9112819832   3.16127766e+03   3.16227766e-04   4.58964208e+01   5.83116748e-01   1.00000000e+00   4.02591251e-04
89365.9085429970   3.16127766e+03   3.16227766e-04   4.58964208e+01   5.83116748e-01   1.00000000e+00   4.02591251e-04
89768.7132447311   3.16127766e+03   3.16227766e-04   4.58964208e+01   5.83116748e-01   1.00000000e+00   4.02591251e-04
90173.3335339798   3.16127766e+03   3.16227766e-04   4.58964208e+01   5.83116748e-01   1.00000000e+00   4.02591251e-04
90579.7775942564   3.16127766e+03   3.16227766e-04   4.58964208e+01   5.83116748e-01   1.00000000e+00   4.02591251e-04
90988.0536459619   3.16127766e+03   3.16227766e-04   4.58964208e+01   5.83116748e-01   1.00000000e+00   4.02591251e-04
91398.1699465490   3.16127766e+03   3.16227766e-04   4.58964208e+01   5.83116748e-01   1.00000000e+00   4.02591251e-04
91810.1347906893   3.16127766e+03   3.16227766e-04   4.58964208e+01   5.83116748e-01   1.00000000e+00   4.02591251e-04
92223.9565104421   3.16127766e+03   3.16227766e-04   4.58964208e+01   5.83116748e-01   1.00000000e+00   4.02591251e-04
92639.6434754226   3.16127766e+03   3.16227766e-04   4.58964208e+01   5.83116748e-01   1.00000000e+00   4.02591251e-04
93057.2040929698   3.16127766e+03   3.16227766e-04   4.58964208e+01   5.83116748e-01   1.00000000e+00   4.02591251e-04
93476.6468083185   3.16127766e+03   3.16227766e-04   4.58964208e+01   5.83116748e-01   1.00000000e+00   4.02591251e-04
93897.9801047696   3.16127766e+03   3.16227766e-04   4.58964208e+01   5.83116748e-01   1.00000000e+00   4.02591251e-04
94321.2125038599   3.16127766e+03   3.16227766e-04   4.58964208e+01   5.83116748e-01   1.00000000e+00   4.02591251e-04
94746.3525655373   3.16127766e+03   3.16227766e-04   4.58964208e+01   5.83116748e-01   1.00000000e+00   4.02591251e-04
95173.4088883321   3.16127766e+03   3.16227766e-04   4.58964208e+01   5.83116748e-01   1.00000000e+00   4.02591251e-04
95602.3901095307   3.16127766e+03   3.16227766e-04   4.58964208e+01   5.83116748e-01   1.00000000e+00   4.02591251e-04
96033.3049053514   3.16127766e+03   3.16227766e-04   4.58964208e+01   5.83116748e-01   1.00000000e+00   4.02591251e-04
96466.1619911196   3.16127766e+03   3.16227766e-04   4.58964208e+01   5.83116748e-01   1.00000000e+00   4.02591251e-04
96900.9701214438   3.16127766e+03   3.16227766e-04   4.58964208e+01   5.83116748e-01   1.00000000e+00   4.02591251e-04
97337.7380903918   3.16127766e+03   3.16227766e-04   4.58964208e+01   5.83116748e-01   1.00000000e+00   4.02591251e-04
97776.4747316706   3.16127766e+03   3.16227766e-04   4.58964208e+01   5.83116748e-01   1.00000000e+00   4.02591251e-04
98217.1889188037   3.16127766e+03   3.16227766e-04   4.58964208e+01   5.83116748e-01   1.00000000e+00   4.02591251e-04
98659.8895653100   3.16127766e+03   3.16227766e-04   4.58964208e+01   5.83116748e-01   1.00000000e+00   4.02591251e-04
99104.5856248858   3.16127766e+03   3.16227766e-04   4.58964208e+01   5.83116748e-01   1.00000000e+00   4.02591251e-04
99551.2860915850   3.16127766e+03   3.16227766e-04   4.58964208e+01   5.83116748e-01   1.00000000e+00   4.02591251e-04
